employee_id,name,title,email,username,location_id,deleted
1-0,Wayne Bergnaum,Senior,wayne.bergnaum@example.org,,1,false
1-1,Houston Reichel,Senior,reichel.houston@example.com,,1,false
1-2,Benjamin Homenick,"",homenick.benjamin@example.com,,1,false
1-3,Nena Ankunding,Senior,ankunding.nena@example.com,,1,false
1-4,Gaynelle Dickens,Senior,dickens_gaynelle@example.com,,1,false
1-5,Leroy Bergnaum,Senior,bergnaum.leroy@example.org,,1,false
1-6,Lady Littel,"",lady.littel@example.net,,1,false
1-7,Dalton Bins,"",bins_dalton@example.org,,1,false
1-8,Onie Ernser,Junior,onie_ernser@example.org,,1,false
1-9,Pattie Jacobson,Senior,pattie_jacobson@example.net,,1,false
2-0,Jody Stehr,"",stehr_jody@example.com,,2,false
2-1,Shon Satterfield,"",satterfield_shon@example.com,,2,false
2-2,Ignacio Greenholt,Senior,greenholt_ignacio@example.net,,2,false
2-3,Coy Jacobs,"",coy.jacobs@example.org,,2,false
2-4,Theo Haley,Senior,haley_theo@example.com,,2,false
2-5,Reinaldo Flatley,"",reinaldo.flatley@example.com,,2,false
2-6,Shannan Kemmer,Junior,kemmer.shannan@example.org,,2,false
2-7,Eduardo Medhurst,"",eduardo_medhurst@example.net,,2,false
2-8,Rheba Altenwerth,Senior,rheba.altenwerth@example.org,,2,false
2-9,Delinda Windler,Senior,delinda_windler@example.net,,2,false
3-0,Isaias Schmeler,Junior,isaias.schmeler@example.org,,3,false
3-1,Nicolas Kunze,Junior,kunze_nicolas@example.com,,3,false
3-2,Carlota Veum,Senior,carlota_veum@example.org,,3,false
3-3,Ozzie Swaniawski,Senior,swaniawski.ozzie@example.net,,3,false
3-4,Anisa Leannon,"",leannon.anisa@example.net,,3,false
3-5,Donald Shanahan,Junior,donald_shanahan@example.net,,3,false
3-6,Jerry Ebert,Junior,jerry_ebert@example.net,,3,false
3-7,Sung Adams,Senior,adams.sung@example.net,,3,false
3-8,Reena Boyle,"",reena_boyle@example.net,,3,false
3-9,Prince Hilll,Junior,prince_hilll@example.net,,3,false
