employee_id,name,title,email,username,location_id,deleted
1-0,Tamica Ernser,"",ernser.tamica@example.com,,1,false
1-1,Cristie Erdman,"",cristie_erdman@example.net,,1,false
1-2,Mozell Pacocha,Junior,mozell_pacocha@example.net,,1,false
1-3,Crystle Blanda,Senior,blanda_crystle@example.org,,1,false
1-4,Maple Abbott,"",maple.abbott@example.org,,1,false
1-5,Tyree Hansen,Senior,hansen_tyree@example.net,,1,false
1-6,Sherrell Yundt,Junior,sherrell_yundt@example.net,,1,false
1-7,Sidney Dibbert,Senior,sidney.dibbert@example.net,,1,false
1-8,Miguel Feil,"",feil.miguel@example.org,,1,false
1-9,Sanjuanita Schultz,Junior,sanjuanita.schultz@example.org,,1,false
2-0,Mendy Smitham,Junior,mendy_smitham@example.net,,2,false
2-1,Malik Brakus,"",brakus_malik@example.com,,2,false
2-2,Tim Terry,Junior,terry.tim@example.net,,2,false
2-3,Jamal Lueilwitz,Junior,lueilwitz_jamal@example.net,,2,false
2-4,Vasiliki Dare,Senior,dare_vasiliki@example.com,,2,false
2-5,Shani Willms,Senior,willms.shani@example.net,,2,false
2-6,Jacqueline Hodkiewicz,"",hodkiewicz_jacqueline@example.com,,2,false
2-7,Karren Bergnaum,"",bergnaum_karren@example.net,,2,false
2-8,Sheilah Muller,"",sheilah.muller@example.net,,2,false
2-9,Aubrey Tremblay,Senior,aubrey_tremblay@example.org,,2,false
3-0,Sandy Osinski,"",sandy_osinski@example.net,,3,false
3-1,Archie Spencer,Junior,archie_spencer@example.com,,3,false
3-2,Werner Mayert,Senior,werner_mayert@example.net,,3,false
3-3,Lon Rutherford,"",lon.rutherford@example.net,,3,false
3-4,Almeda Koelpin,"",almeda.koelpin@example.org,,3,false
3-5,Brady Larson,Junior,larson_brady@example.org,,3,false
3-6,Jen Rohan,"",rohan.jen@example.com,,3,false
3-7,Beryl Schneider,Junior,beryl.schneider@example.org,,3,false
3-8,Jack Hilll,Junior,jack.hilll@example.com,,3,false
3-9,Douglas Ebert,Junior,ebert.douglas@example.net,,3,false
