employee_id,name,title,email,username,location_id,deleted
12,Warner Green,Strategist,green_warner@example.org,,1,false
19,Eliseo Parisian,Coordinator,eliseo.parisian@example.org,,1,false
20,Reid Schamberger,Associate,reid_schamberger@example.com,,1,false
11,Russel Stiedemann,Architect,stiedemann_russel@example.org,,1,false
17,Ewa Connelly,Technician,ewa_connelly@example.org,,1,false
18,Rosendo West,Associate,rosendo.west@example.com,,1,false
14,Julius Dibbert,Facilitator,dibbert_julius@example.com,,1,false
15,Raymundo Sawayn,Consultant,raymundo.sawayn@example.org,,1,false
13,Cristy Schulist,Architect,cristy.schulist@example.com,,1,false
16,Loren Doyle,Director,doyle.loren@example.com,,1,false
27,Kathrine Murray,Assistant,murray_kathrine@example.net,,2,false
28,Rusty Rempel,Assistant,rusty.rempel@example.com,,2,false
24,Tracy Johns,Orchestrator,johns.tracy@example.com,,2,false
30,Bobby Considine,Agent,considine.bobby@example.org,,2,false
26,Renay McDermott,Administrator,renay_mcdermott@example.net,,2,false
21,Vinita Haag,Producer,vinita_haag@example.net,,2,false
29,German Stark,Assistant,stark.german@example.com,,2,false
25,Wyatt Marquardt,Facilitator,marquardt.wyatt@example.net,,2,false
22,Livia Kulas,Strategist,livia_kulas@example.net,,2,false
23,Rosaria Hahn,Supervisor,rosaria_hahn@example.net,,2,false
37,Elfreda Morar,Manager,morar_elfreda@example.org,,3,false
38,Carrol Brakus,Agent,carrol.brakus@example.org,,3,false
34,Lynn Pacocha,Coordinator,pacocha.lynn@example.org,,3,false
33,Eddy Gutkowski,Engineer,gutkowski_eddy@example.com,,3,false
40,Marine Doyle,Director,doyle.marine@example.org,,3,false
35,Donetta Lindgren,Officer,lindgren_donetta@example.net,,3,false
39,Reuben Hane,Facilitator,reuben_hane@example.net,,3,false
36,Roberto Cronin,Administrator,roberto.cronin@example.com,,3,false
31,Tarah Bogisich,Developer,tarah_bogisich@example.org,,3,false
32,Ashley Brakus,Associate,ashley_brakus@example.net,,3,false
