employee_id,name,title,email,username,location_id,deleted
11,Eliseo Marvin,Strategist,eliseo.marvin@example.org,,1,false
19,Trenton Yundt,Producer,trenton.yundt@example.org,,1,false
15,Scott Strosin,Consultant,strosin_scott@example.net,,1,false
16,Katy Orn,Strategist,katy.orn@example.net,,1,false
18,Melvin McDermott,Producer,melvin_mcdermott@example.org,,1,false
17,Lyndsay Haley,Producer,lyndsay_haley@example.net,,1,false
13,Cleveland McLaughlin,Supervisor,cleveland_mclaughlin@example.org,,1,false
14,Porter Ortiz,Producer,ortiz.porter@example.com,,1,false
20,Georgeanna Mante,Officer,georgeanna_mante@example.org,,1,false
12,Tamar Walter,Assistant,walter.tamar@example.org,,1,false
21,Kristyn Jaskolski,Technician,jaskolski.kristyn@example.net,,2,false
22,Margot Howe,Administrator,howe_margot@example.org,,2,false
24,Ray Jakubowski,Consultant,jakubowski_ray@example.org,,2,false
30,Christoper Goyette,Associate,goyette.christoper@example.com,,2,false
23,Denise Harris,Director,denise_harris@example.org,,2,false
29,Antony Greenfelder,Designer,greenfelder.antony@example.org,,2,false
27,Idella Hansen,Supervisor,hansen.idella@example.org,,2,false
26,Linnea Stamm,Officer,stamm_linnea@example.org,,2,false
25,Tracy Bernier,Executive,tracy.bernier@example.net,,2,false
28,Esmeralda Schinner,Supervisor,esmeralda.schinner@example.net,,2,false
35,Garland Pfeffer,Facilitator,pfeffer.garland@example.net,,3,false
34,Marcelo Franecki,Coordinator,marcelo_franecki@example.com,,3,false
38,Jarvis Mills,Executive,mills_jarvis@example.net,,3,false
31,Kirk Satterfield,Executive,kirk_satterfield@example.org,,3,false
33,Johnette King,Analyst,king_johnette@example.com,,3,false
40,Earle Rowe,Coordinator,rowe_earle@example.net,,3,false
39,Kaylee Ankunding,Director,ankunding.kaylee@example.org,,3,false
32,Hugh Hahn,Orchestrator,hugh_hahn@example.net,,3,false
36,Nelda Marks,Producer,nelda_marks@example.net,,3,false
37,Carol Wilderman,Liaison,carol.wilderman@example.com,,3,false
