employee_id,name,title,email,username,location_id,deleted
7,Beulah Prosacco,Planner,annette@example.org,,0,false
5,Gavin Fay,Strategist,courtney@example.com,,0,false
6,Lida Weimann,Director,zack_mcglynn@example.net,,0,false
8,Prof. Amber Jakubowski,Planner,garfield.kling@example.org,,0,false
4,Judson Koelpin II,Associate,zackary@example.com,,0,false
0,Alva Hammes,Strategist,genaro@example.org,,0,false
9,Mr. Hershel Boehm,Developer,jordon@example.org,,0,false
1,Tameka Cummerata,Liaison,irvin.spinka@example.com,,0,false
10,Gaynell Stracke LLD,Agent,gregory_mcdermott@example.net,,0,false
3,Msgr. Nettie Block,Executive,mario@example.net,,0,false
2,Mrs. Luci Champlin,Producer,vince@example.org,,0,false
18,Tanner Schultz,Specialist,forest_rippin@example.net,,1,false
16,Zulma Frami,Technician,ralph@example.org,,1,false
14,Kasi Carroll,Representative,meghann@example.net,,1,false
11,Hye Ortiz IV,Facilitator,wilford@example.org,,1,false
15,Mira Grimes,Architect,oren_osinski@example.com,,1,false
19,Gov. Steven Mitchell,Planner,luanna@example.com,,1,false
20,Rev. Leonard Grady,Representative,von@example.org,,1,false
13,Damaris Swaniawski Sr.,Facilitator,tameka@example.com,,1,false
17,Lenna Luettgen,Director,kristopher@example.com,,1,false
12,Vincenzo Bode,Planner,sheldon_kihn@example.org,,1,false
24,Tawana Stiedemann,Technician,charis@example.net,,2,false
23,Elwood Cronin,Producer,blair@example.net,,2,false
22,Lorena Blick,Representative,leontine@example.net,,2,false
28,Weston Wisozk DVM,Orchestrator,merlene@example.org,,2,false
29,Fae Gaylord,Supervisor,clayton.lynch@example.com,,2,false
25,Jacki Rau,Officer,rich_tremblay@example.com,,2,false
26,Dr. Brenton Bashirian,Architect,camila_paucek@example.com,,2,false
27,Lorenzo Mann,Architect,kathleen.boyle@example.org,,2,false
21,Octavio Buckridge,Administrator,jerrold@example.net,,2,false
30,Russell Jaskolski Jr.,Architect,roslyn_stark@example.org,,2,false
36,Mr. Jaye Torphy,Assistant,elbert@example.net,,3,false
38,Whitney Will,Agent,burton.cruickshank@example.net,,3,false
31,Lacy Johnson,Executive,kary.jacobs@example.org,,3,false
32,Samantha Mitchell DDS,Liaison,penelope_abshire@example.org,,3,false
33,Msgr. Patricia MacGyver,Officer,kendall_wilkinson@example.org,,3,false
39,Leslie Wintheiser,Agent,billie_wiza@example.net,,3,false
37,Gabriel Mertz,Administrator,ciera@example.net,,3,false
35,Isaias Turner CPA,Planner,duncan_altenwerth@example.org,,3,false
34,Ashton Larkin,Supervisor,lala.cormier@example.net,,3,false
40,Frank Huels,Administrator,brad_schowalter@example.com,,3,false
44,The Hon. Curtis Labadie,Producer,willis@example.net,,4,false
42,Monroe Smitham LLD,Representative,halina@example.net,,4,false
50,Jude Casper,Analyst,tammi.kuphal@example.com,,4,false
45,Stephaine Robel,Analyst,rogelio.rowe@example.net,,4,false
47,Mathilda Cremin IV,Engineer,carrol_reichel@example.com,,4,false
48,Gov. Leland Gibson,Administrator,trevor.klocko@example.com,,4,false
46,Clarita Schuster,Manager,sheree@example.org,,4,false
43,Fredric Baumbach,Agent,denita@example.net,,4,false
49,Jewel Kunde,Orchestrator,brenton@example.com,,4,false
41,Gregory Kunde,Agent,toi.brakus@example.net,,4,false
53,Daryl Sawayn,Representative,kyle@example.com,,5,false
58,Marcia Schumm,Administrator,kim@example.org,,5,false
60,Anibal Fahey,Manager,fumiko.monahan@example.com,,5,false
51,Tanya Jenkins DC,Strategist,dierdre_pacocha@example.org,,5,false
54,Annamae Jenkins,Officer,markita@example.com,,5,false
55,Leone Bednar,Administrator,angele@example.com,,5,false
52,Dion Gulgowski,Engineer,arie.halvorson@example.com,,5,false
56,Juan Raynor,Strategist,cherrie@example.net,,5,false
57,Berta Heaney,Specialist,joaquin.watsica@example.com,,5,false
59,Dione Osinski,Coordinator,andre@example.com,,5,false
61,Ira Lubowitz,Associate,jody.lowe@example.net,,6,false
66,Hilton Langosh,Assistant,amy.bergnaum@example.net,,6,false
62,Shaquita Reichel,Agent,travis@example.net,,6,false
68,Simon Murphy LLD,Architect,angie.nolan@example.com,,6,false
70,Eli Spencer,Assistant,wilbur.bogisich@example.net,,6,false
63,Hilary Brakus,Orchestrator,ollie@example.org,,6,false
67,Alvaro Morar Ret.,Liaison,tristan@example.net,,6,false
65,The Hon. Roseann Kunde,Manager,pa@example.org,,6,false
69,Rosario Reichel,Supervisor,khalilah_mante@example.org,,6,false
64,Marylouise Brown,Administrator,arnoldo_douglas@example.net,,6,false
73,Keneth Simonis,Designer,adelina_kling@example.org,,7,false
74,Daniel Reinger,Architect,rosendo.johns@example.org,,7,false
79,Prof. Jeanne O'Reilly,Director,camie@example.net,,7,false
78,Ellena Zieme,Designer,jeanetta_beatty@example.org,,7,false
77,Lawrence O'Kon,Coordinator,jamison.dickens@example.com,,7,false
76,Rev. Sibyl Hilpert,Manager,timothy_schumm@example.com,,7,false
80,Amb. Nicolle Heller,Engineer,garret@example.com,,7,false
71,Murray Brakus,Assistant,guy@example.org,,7,false
72,Harrison Rosenbaum,Designer,eusebia@example.net,,7,false
75,Lynetta Monahan,Designer,clair@example.net,,7,false
83,Harland Schuster,Agent,angelo_kovacek@example.net,,8,false
86,Julius Shanahan,Specialist,jamila_jacobson@example.org,,8,false
87,Mrs. Donya Klein,Planner,garrett@example.com,,8,false
89,Andrea Miller,Executive,ollie@example.org,,8,false
85,Gov. Marg Kihn,Producer,mellie.torphy@example.org,,8,false
82,Erwin Wisoky,Associate,donnette_stroman@example.org,,8,false
90,Samual Kuhic,Agent,noma_bartoletti@example.org,,8,false
81,Winford Howe Sr.,Facilitator,carola@example.net,,8,false
88,Deborah Rosenbaum Ret.,Developer,cathey.wisoky@example.com,,8,false
84,Elfriede Gleichner,Facilitator,breanna@example.net,,8,false
93,Mervin Huel,Manager,effie@example.org,,9,false
96,Shemika Tremblay IV,Representative,levi_koepp@example.org,,9,false
92,Marylyn Pagac,Consultant,leland_hegmann@example.com,,9,false
91,Kris Bergstrom,Administrator,joaquin.kessler@example.com,,9,false
98,Horacio Fadel,Supervisor,becki_jenkins@example.com,,9,false
99,Sari Hettinger,Assistant,damien@example.com,,9,false
97,Gov. Louie Effertz,Coordinator,man@example.com,,9,false
95,Mrs. Leana Sipes,Administrator,bok@example.net,,9,false
94,Dennis Koelpin,Executive,laure_gorczany@example.com,,9,false
