employee_id,name,title,email,username,location_id,deleted
1-0,Richie Lynch,Executive,richie_lynch@example.org,,1,false
1-1,Gaston Daniel,Manager,gaston_daniel@example.org,,1,false
1-2,Lorenzo Murphy,Supervisor,murphy.lorenzo@example.net,,1,false
1-3,Alejandra Padberg,Engineer,padberg_alejandra@example.net,,1,false
1-4,Don Pouros,Engineer,don.pouros@example.org,,1,false
1-5,Latonia Kessler,Liaison,kessler_latonia@example.net,,1,false
1-6,Shanta Jenkins,Officer,jenkins_shanta@example.com,,1,false
1-7,Harrison Konopelski,Producer,konopelski.harrison@example.org,,1,false
1-8,Roxanna Will,Engineer,will_roxanna@example.com,,1,false
1-9,Kellee Mohr,Officer,mohr_kellee@example.org,,1,false
2-0,Santos Gusikowski,Strategist,gusikowski.santos@example.com,,2,false
2-1,Queenie Green,Engineer,queenie_green@example.net,,2,false
2-2,Allegra Ledner,Architect,allegra_ledner@example.org,,2,false
2-3,Nellie Kunde,Technician,nellie.kunde@example.com,,2,false
2-4,Sydney Labadie,Analyst,labadie.sydney@example.org,,2,false
2-5,Dustin Bosco,Strategist,dustin_bosco@example.org,,2,false
2-6,Gavin O'Reilly,Developer,o.gavin.reilly@example.net,,2,false
2-7,Belkis Wehner,Specialist,wehner.belkis@example.com,,2,false
2-8,Cary Schultz,Architect,cary.schultz@example.com,,2,false
2-9,William Shields,Manager,shields.william@example.org,,2,false
3-0,Hisako Schuster,Supervisor,schuster.hisako@example.net,,3,false
3-1,Lovetta Schumm,Developer,schumm_lovetta@example.net,,3,false
3-2,Tomas Goyette,Developer,tomas.goyette@example.net,,3,false
3-3,Inell Goyette,Associate,inell_goyette@example.net,,3,false
3-4,Tracey Labadie,Planner,tracey.labadie@example.com,,3,false
3-5,Damian Ruecker,Engineer,ruecker_damian@example.net,,3,false
3-6,Jefferson Parker,Associate,parker_jefferson@example.com,,3,false
3-7,Owen Kerluke,Agent,kerluke_owen@example.com,,3,false
3-8,Holley Hartmann,Representative,holley_hartmann@example.net,,3,false
3-9,Eliza Howell,Agent,eliza.howell@example.net,,3,false
