employee_id,name,title,email,username,location_id,deleted
1-0,Charlsie Little,Facilitator,little_charlsie@example.org,,1,false
1-1,Rudolph Stoltenberg,Orchestrator,stoltenberg.rudolph@example.com,,1,false
1-2,Dione Torp,Orchestrator,dione_torp@example.org,,1,false
1-3,Hai Marquardt,Facilitator,marquardt.hai@example.net,,1,false
1-4,Harold Beahan,Manager,beahan_harold@example.org,,1,false
1-5,Lesley Kling,Specialist,lesley_kling@example.net,,1,false
1-6,Leonard Pollich,Coordinator,leonard.pollich@example.org,,1,false
1-7,Moshe Herman,Director,herman.moshe@example.net,,1,false
1-8,Lavern Satterfield,Officer,lavern.satterfield@example.org,,1,false
1-9,Stephaine Hahn,Coordinator,hahn_stephaine@example.com,,1,false
2-0,Ruthe Crona,Assistant,ruthe.crona@example.org,,2,false
2-1,Prince Quitzon,Director,prince.quitzon@example.net,,2,false
2-2,Quinton Hettinger,Agent,quinton.hettinger@example.org,,2,false
2-3,Kendrick Jacobi,Architect,jacobi_kendrick@example.org,,2,false
2-4,Kelly Kunze,Supervisor,kunze.kelly@example.org,,2,false
2-5,Booker Auer,Producer,booker_auer@example.org,,2,false
2-6,Kermit Ryan,Supervisor,ryan.kermit@example.com,,2,false
2-7,Norbert Bednar,Representative,norbert.bednar@example.com,,2,false
2-8,Tresa Klocko,Producer,klocko_tresa@example.com,,2,false
2-9,Dalton Frami,Coordinator,frami_dalton@example.org,,2,false
3-0,Dion Bayer,Consultant,bayer_dion@example.com,,3,false
3-1,Treena Walter,Developer,walter_treena@example.org,,3,false
3-2,Lesley Friesen,Assistant,lesley.friesen@example.org,,3,false
3-3,Keneth Boyer,Engineer,boyer.keneth@example.org,,3,false
3-4,Marco Mueller,Liaison,mueller_marco@example.org,,3,false
3-5,Larry Lebsack,Coordinator,larry.lebsack@example.org,,3,false
3-6,Devin Jacobson,Developer,devin_jacobson@example.org,,3,false
3-7,Cordie Wolf,Designer,wolf_cordie@example.com,,3,false
3-8,Carter Runolfsdottir,Representative,runolfsdottir.carter@example.com,,3,false
3-9,Vito Jacobi,Representative,jacobi_vito@example.net,,3,false
