employee_id,name,title,email,username,location_id,deleted
1-0,Jae Beahan,Representative,beahan_jae@example.com,,1,false
1-1,Kathline Jones,Officer,kathline.jones@example.com,,1,false
1-2,Shelli Oberbrunner,Officer,shelli.oberbrunner@example.com,,1,false
1-3,Carlie Hessel,Specialist,carlie.hessel@example.net,,1,false
1-4,Fabian Bruen,Specialist,fabian.bruen@example.net,,1,false
1-5,Christine Dach,Producer,dach_christine@example.org,,1,false
1-6,Ghislaine Berge,Engineer,ghislaine.berge@example.org,,1,false
1-7,Willy Shields,Manager,shields_willy@example.net,,1,false
1-8,Bebe Zulauf,Agent,bebe_zulauf@example.org,,1,false
1-9,Alline Ortiz,Officer,alline_ortiz@example.com,,1,false
2-0,Agustin Kessler,Officer,agustin_kessler@example.net,,2,false
2-1,Kandace Kuphal,Agent,kandace_kuphal@example.net,,2,false
2-2,Brady Considine,Director,brady.considine@example.org,,2,false
2-3,Issac Mueller,Orchestrator,issac_mueller@example.org,,2,false
2-4,Coy White,Manager,coy.white@example.net,,2,false
2-5,Angeles Jenkins,Supervisor,angeles.jenkins@example.org,,2,false
2-6,Bong Littel,Consultant,bong.littel@example.net,,2,false
2-7,Tara Murphy,Analyst,murphy_tara@example.org,,2,false
2-8,Ricky Hodkiewicz,Technician,ricky.hodkiewicz@example.org,,2,false
2-9,Nery Kassulke,Executive,nery_kassulke@example.org,,2,false
3-0,Desmond Kilback,Associate,kilback.desmond@example.com,,3,false
3-1,Derrick Muller,Consultant,derrick_muller@example.org,,3,false
3-2,Shalanda Homenick,Assistant,shalanda.homenick@example.com,,3,false
3-3,Elida Abbott,Associate,elida.abbott@example.com,,3,false
3-4,Humberto Larkin,Manager,larkin.humberto@example.com,,3,false
3-5,Ruben Jast,Assistant,jast_ruben@example.org,,3,false
3-6,Hanna Ledner,Director,ledner_hanna@example.net,,3,false
3-7,Irene Lemke,Agent,lemke_irene@example.org,,3,false
3-8,Jeff Schamberger,Agent,schamberger.jeff@example.net,,3,false
3-9,Robbie Glover,Associate,robbie_glover@example.com,,3,false
