employee_id,name,title,email,username,location_id,deleted
1-0,Jewell Wisoky,Supervisor,jewell.wisoky@example.net,,1,false
1-1,Fred Okuneva,Consultant,okuneva.fred@example.net,,1,false
1-2,Domitila Frami,Engineer,frami_domitila@example.net,,1,false
1-3,Annalee White,Developer,white.annalee@example.com,,1,false
1-4,Dann VonRueden,Analyst,vonrueden.dann@example.org,,1,false
1-5,Elyse Wolff,Representative,elyse.wolff@example.net,,1,false
1-6,Theo Wilkinson,Analyst,wilkinson.theo@example.org,,1,false
1-7,Dusti Pagac,Specialist,dusti_pagac@example.net,,1,false
1-8,Marty Nienow,Facilitator,nienow_marty@example.org,,1,false
1-9,Ima Ratke,Orchestrator,ratke.ima@example.org,,1,false
2-0,Michel Connelly,Technician,michel_connelly@example.net,,2,false
2-1,Darrin Gulgowski,Architect,gulgowski_darrin@example.org,,2,false
2-2,Delmar Prosacco,Consultant,delmar.prosacco@example.org,,2,false
2-3,Renaldo White,Director,white.renaldo@example.com,,2,false
2-4,Huey Wunsch,Liaison,huey.wunsch@example.net,,2,false
2-5,Stewart Lind,Coordinator,lind_stewart@example.org,,2,false
2-6,Reyna O'Conner,Officer,reyna.conner.o@example.net,,2,false
2-7,Tyler Lockman,Engineer,tyler_lockman@example.org,,2,false
2-8,Jay Mills,Administrator,jay.mills@example.org,,2,false
2-9,Aaron Braun,Analyst,aaron_braun@example.com,,2,false
3-0,Laraine Towne,Analyst,towne.laraine@example.net,,3,false
3-1,Luna Rau,Director,luna.rau@example.net,,3,false
3-2,Trenton Kirlin,Analyst,trenton_kirlin@example.com,,3,false
3-3,Shannon Gleichner,Facilitator,gleichner.shannon@example.com,,3,false
3-4,Milton Aufderhar,Developer,aufderhar.milton@example.org,,3,false
3-5,Sol Kuphal,Analyst,sol.kuphal@example.org,,3,false
3-6,Quyen Murphy,Engineer,quyen.murphy@example.com,,3,false
3-7,Florene Luettgen,Designer,luettgen.florene@example.org,,3,false
3-8,Kristopher Reilly,Technician,reilly.kristopher@example.org,,3,false
3-9,Francisco Bashirian,Liaison,bashirian.francisco@example.org,,3,false
