employee_id,name,title,email,username,location_id,deleted
1-0,Nestor Torphy,Director,torphy.nestor@example.org,,1,false
1-1,Harry Ledner,Director,harry.ledner@example.com,,1,false
1-2,Moises Cronin,Analyst,cronin.moises@example.net,,1,false
1-3,Magdalene Hoeger,Strategist,magdalene.hoeger@example.com,,1,false
1-4,Santos Harvey,Planner,harvey_santos@example.org,,1,false
1-5,Randell Larkin,Director,randell.larkin@example.net,,1,false
1-6,Lenard Pollich,Associate,lenard_pollich@example.net,,1,false
1-7,Earnest Volkman,Strategist,earnest.volkman@example.net,,1,false
1-8,Ebony Kuphal,Associate,kuphal.ebony@example.net,,1,false
1-9,Vasiliki Moen,Orchestrator,vasiliki.moen@example.org,,1,false
2-0,Van Doyle,Planner,doyle_van@example.com,,2,false
2-1,Lincoln Corwin,Officer,corwin.lincoln@example.net,,2,false
2-2,Ahmad Considine,Agent,considine_ahmad@example.org,,2,false
2-3,Erasmo King,Orchestrator,king.erasmo@example.com,,2,false
2-4,Joleen Gottlieb,Associate,joleen_gottlieb@example.net,,2,false
2-5,Alyssa Lowe,Associate,alyssa.lowe@example.com,,2,false
2-6,Darcel Pollich,Agent,darcel.pollich@example.net,,2,false
2-7,Trinh Ankunding,Producer,trinh.ankunding@example.com,,2,false
2-8,Chang Farrell,Analyst,chang_farrell@example.net,,2,false
2-9,Jutta Quitzon,Analyst,jutta.quitzon@example.com,,2,false
3-0,Natividad Crona,Officer,crona_natividad@example.net,,3,false
3-1,Stefany Morissette,Orchestrator,stefany_morissette@example.com,,3,false
3-2,Ligia Orn,Assistant,ligia_orn@example.net,,3,false
3-3,Mariette Grimes,Representative,grimes_mariette@example.net,,3,false
3-4,Carole Bradtke,Officer,carole_bradtke@example.net,,3,false
3-5,Melony Ullrich,Developer,melony.ullrich@example.net,,3,false
3-6,Sol Upton,Officer,sol.upton@example.org,,3,false
3-7,Rick Bernhard,Facilitator,rick_bernhard@example.net,,3,false
3-8,Jessia Satterfield,Engineer,jessia_satterfield@example.net,,3,false
3-9,Thanh Zieme,Agent,zieme_thanh@example.net,,3,false
