employee_id,name,title,email,username,location_id,deleted
8,Gov. Vertie Bayer,Planner,marilou.williamson@example.net,,0,false
2,Pat Wiza,Engineer,jason@example.com,,0,false
6,Heriberto Crooks I,Assistant,hisako@example.net,,0,false
10,Abdul Emmerich LLD,Analyst,mattie_homenick@example.net,,0,false
3,Destiny Dickinson,Director,veronique@example.net,,0,false
9,Thomas Marvin,Architect,hollis.goodwin@example.net,,0,false
4,Sandy Frami IV,Orchestrator,rossana@example.com,,0,false
1,Lakita Greenfelder DDS,Executive,oda_adams@example.net,,0,false
0,Tierra Thompson,Manager,belva.bechtelar@example.org,,0,false
5,Miss Emerson Hackett,Analyst,brendan_lemke@example.com,,0,false
7,Amb. Teressa Funk,Representative,arthur@example.net,,0,false
18,Juli Haley,Specialist,grady_fay@example.org,,1,false
16,Rene Block,Agent,donny@example.net,,1,false
13,Omar Ratke Sr.,Director,araceli_okeefe@example.org,,1,false
20,Raul Hansen,Developer,salley@example.com,,1,false
15,Arnulfo Gorczany,Designer,olen@example.com,,1,false
17,Hedy Murray,Representative,regena_cruickshank@example.org,,1,false
14,Morris Luettgen,Officer,timika@example.org,,1,false
19,Ahmad Kutch II,Officer,ramiro@example.net,,1,false
11,Nohemi Keeling Ret.,Manager,alanna@example.com,,1,false
12,Gerardo Miller,Strategist,sharilyn@example.com,,1,false
25,Domingo Ruecker,Specialist,antonio.weissnat@example.com,,2,false
29,Sen. Alison Kuvalis,Facilitator,marcos@example.net,,2,false
21,Gavin Kessler,Planner,lonnie.brown@example.net,,2,false
26,Maxima Swaniawski,Executive,dannielle_bartell@example.org,,2,false
23,Emelina Doyle,Representative,joel.wiza@example.com,,2,false
30,Britteny Gleason,Manager,coy@example.org,,2,false
24,Gil Jones,Supervisor,dick.reichel@example.com,,2,false
28,Ben Berge,Engineer,vina_price@example.org,,2,false
27,Denis Corwin,Executive,billy@example.net,,2,false
22,Ty Christiansen MD,Technician,jefferey_rowe@example.org,,2,false
36,Wilfred Streich,Designer,frederic@example.com,,3,false
38,Al Lesch,Technician,shena@example.net,,3,false
39,Royal Armstrong VM,Producer,micha.murphy@example.com,,3,false
37,Sharie Armstrong,Orchestrator,mickey.wilderman@example.org,,3,false
32,Amb. Krista Lang,Orchestrator,keren@example.com,,3,false
33,Mac Schmeler Ret.,Developer,telma@example.org,,3,false
34,Tuyet Monahan,Coordinator,devon@example.com,,3,false
35,Federico Wiegand,Architect,keitha@example.org,,3,false
31,Jessenia Tillman,Planner,jae.goyette@example.org,,3,false
40,Merle Bednar,Architect,paris@example.org,,3,false
46,Reinaldo Stehr,Consultant,clay@example.com,,4,false
48,Donita Cremin,Executive,phillip@example.org,,4,false
42,Jerrell Powlowski,Engineer,kenny@example.net,,4,false
44,Elmer Roberts DC,Representative,carita.oconnell@example.com,,4,false
41,Lenita Streich,Designer,emeline.welch@example.org,,4,false
47,Elisha Sawayn,Architect,ashley_parker@example.org,,4,false
49,Kyla Abshire,Associate,eduardo@example.net,,4,false
45,Leland Graham,Facilitator,merlin@example.org,,4,false
43,Katie Upton,Planner,johnathon_dooley@example.com,,4,false
50,Stewart White,Orchestrator,buford.friesen@example.com,,4,false
58,Mamie Terry,Specialist,lavenia@example.net,,5,false
51,Prof. Dorathy Wyman,Engineer,cyrus@example.net,,5,false
54,Marguerita Koepp,Manager,jamie_reynolds@example.net,,5,false
59,Rev. Tierra Casper,Executive,serina.gerlach@example.net,,5,false
57,Rosamond McKenzie,Specialist,thomas_parisian@example.org,,5,false
55,Hermine Kirlin,Supervisor,kimbra@example.net,,5,false
60,Brian Waters,Specialist,tam_mann@example.net,,5,false
56,Stephnie Cummings,Supervisor,trula.purdy@example.net,,5,false
52,Annemarie Gutkowski,Engineer,shara.bechtelar@example.com,,5,false
53,Delpha Harris LLD,Technician,meryl@example.com,,5,false
62,Lashonda Donnelly,Producer,sheilah_little@example.com,,6,false
68,Annita Feil,Executive,norma.murphy@example.net,,6,false
61,Stacy Pouros,Strategist,micah.rau@example.net,,6,false
64,Ms. Stewart Spinka,Planner,lionel@example.net,,6,false
66,Gov. Doyle Lemke,Manager,ross@example.org,,6,false
67,Jamar Jerde,Strategist,hanna@example.org,,6,false
65,Mr. Curtis Buckridge,Producer,dee@example.com,,6,false
70,Amb. Donald Durgan,Liaison,felipe_gutkowski@example.org,,6,false
63,Jewel Rutherford DC,Architect,haywood@example.org,,6,false
69,Claude Schaden IV,Associate,candida.hane@example.net,,6,false
76,Francine Doyle,Designer,marni.pollich@example.net,,7,false
80,Amb. Mohammad Schuppe,Representative,blaine@example.net,,7,false
78,Ellan Pouros,Technician,trinh@example.com,,7,false
74,Dona Harvey,Manager,lupita@example.org,,7,false
77,Gov. Deon Padberg,Manager,wade_kihn@example.com,,7,false
72,Hien Terry Esq.,Liaison,russ_altenwerth@example.org,,7,false
71,Miriam Franecki,Representative,theron@example.org,,7,false
75,Pres. Lizzie Berge,Agent,aracely@example.net,,7,false
79,Tiesha Smitham,Strategist,fiona@example.org,,7,false
73,Rep. Elvin Rippin,Representative,remona_walker@example.com,,7,false
86,Sen. Alphonse Bogisich,Facilitator,marva@example.net,,8,false
85,Philip Jacobi,Administrator,german@example.org,,8,false
82,Pres. Boyce Auer,Analyst,burton_graham@example.net,,8,false
84,Donna Ritchie,Assistant,alysha_bailey@example.com,,8,false
83,Sylvia Stehr,Officer,hana@example.org,,8,false
81,Sunday Wuckert IV,Architect,jenise_bartoletti@example.com,,8,false
88,Ronnie Macejkovic,Developer,renato.will@example.org,,8,false
87,Sam Batz,Director,addie_bartoletti@example.net,,8,false
90,Burma Runolfsdottir,Developer,gail.langosh@example.com,,8,false
89,Cortez Nitzsche Jr.,Facilitator,ethan@example.org,,8,false
91,Gino Welch,Agent,steven@example.org,,9,false
98,Sang Sanford,Coordinator,angila.ohara@example.net,,9,false
99,Forest Boehm,Liaison,jefferey.rutherford@example.com,,9,false
97,Jaimie Olson,Architect,anita@example.net,,9,false
94,Casimira Rippin,Coordinator,mel.schmitt@example.com,,9,false
95,Nena Graham,Director,crystal@example.org,,9,false
93,Luci Kuhic,Strategist,carrol_cremin@example.net,,9,false
96,Aleen Pollich MD,Analyst,marcelo@example.org,,9,false
92,Sen. Marietta Zboncak,Liaison,raeann.rempel@example.net,,9,false
