employee_id,name,title,email,username,location_id,deleted
10,Nereida Pollich,Coordinator,gus_weissnat@example.net,,0,false
1,Luann Glover,Assistant,jules.franecki@example.net,,0,false
4,Boyce Lubowitz,Representative,stacey@example.com,,0,false
5,Hipolito Hessel CPA,Coordinator,grady.rosenbaum@example.net,,0,false
2,Ester Emmerich III,Developer,amberly@example.net,,0,false
0,Msgr. Deirdre Murphy,Developer,debi.prosacco@example.com,,0,false
9,Rep. Christopher Bartell,Executive,sherika@example.com,,0,false
7,Lyndon Lowe,Associate,alvina_sanford@example.org,,0,false
3,Ivana Von,Director,bernetta@example.net,,0,false
6,Chet Denesik JD,Associate,xavier_lang@example.com,,0,false
8,Leesa Schimmel,Executive,hyman@example.org,,0,false
19,Glenn Klein II,Engineer,allyson.abernathy@example.net,,1,false
11,Roy Purdy,Executive,gaynell@example.net,,1,false
18,Nestor Simonis,Technician,sherly_emard@example.com,,1,false
20,Elinor Marvin,Officer,rusty@example.com,,1,false
16,Ronnie Kris,Orchestrator,candace@example.com,,1,false
12,Jacob Koss,Supervisor,beatris@example.com,,1,false
17,Carrol Mertz JD,Architect,otto.corkery@example.com,,1,false
13,The Hon. Shani Bode,Producer,antonietta@example.org,,1,false
15,Elbert Marks DO,Manager,amos.heathcote@example.org,,1,false
14,Alona Stark,Associate,broderick_marquardt@example.net,,1,false
24,Boris Stark MD,Supervisor,cordie@example.net,,2,false
26,Brenna Leffler JD,Specialist,shay@example.net,,2,false
29,Frederic Nikolaus,Technician,stuart@example.org,,2,false
27,Sen. Luanne Kemmer,Liaison,loriann.schuppe@example.net,,2,false
21,Kacey Anderson,Executive,kaycee.jakubowski@example.com,,2,false
28,Jeffry Veum,Director,dawne_towne@example.net,,2,false
30,Joel Beier,Representative,berna_bahringer@example.net,,2,false
25,Isidro Dare III,Supervisor,humberto@example.org,,2,false
22,Alexis Torp,Officer,howard.keeling@example.org,,2,false
23,Sen. Bryon Hoppe,Associate,milford@example.com,,2,false
37,Miss Sarah Turner,Officer,jada.beatty@example.com,,3,false
36,Ellis Howell JD,Designer,alissa_ward@example.org,,3,false
38,Roselyn Hoeger,Technician,blanche_boehm@example.net,,3,false
31,Roosevelt Mayer,Strategist,blanch.champlin@example.com,,3,false
32,Chong Beier MD,Designer,kayce_corkery@example.org,,3,false
39,Pres. Talitha Wiegand,Coordinator,ardath@example.net,,3,false
40,Columbus Walter,Strategist,gene.bahringer@example.com,,3,false
33,Dung Jerde DDS,Agent,olin@example.com,,3,false
35,Pattie Towne,Coordinator,gertrude_crist@example.org,,3,false
34,Mathew Bauch II,Architect,tennille.witting@example.net,,3,false
47,Lieselotte Cruickshank CPA,Designer,emery_spinka@example.com,,4,false
48,Lorriane Towne VM,Strategist,irene@example.net,,4,false
45,Gov. Robby Schuppe,Strategist,shelby@example.org,,4,false
42,Sen. Misty Walter,Officer,kendall.kihn@example.net,,4,false
49,Jody Gorczany,Facilitator,michelina.lesch@example.com,,4,false
43,Ardelia Schuppe,Representative,lorie@example.org,,4,false
50,Elenor Barton,Strategist,burl_bartell@example.net,,4,false
41,Thanh Beahan,Specialist,palmer_daugherty@example.org,,4,false
46,Mrs. Jacquelyne Rippin,Planner,britt_collier@example.net,,4,false
44,Ms. Margret Walker,Representative,cathey.hoppe@example.org,,4,false
56,Mario Rogahn,Producer,marg_king@example.net,,5,false
51,Stephany Wintheiser,Assistant,hoa@example.org,,5,false
54,Rev. Loni Hessel,Producer,daniel@example.net,,5,false
58,Mickie Conroy Jr.,Facilitator,rex@example.net,,5,false
60,Dominique Ryan,Analyst,demetrius_hilll@example.net,,5,false
57,Theo Schimmel,Executive,elinore_champlin@example.net,,5,false
52,James Stroman,Administrator,marisela_schuster@example.net,,5,false
59,Daron Streich,Executive,donetta@example.org,,5,false
53,The Hon. Williemae Watsica,Associate,norman_sauer@example.com,,5,false
55,Cedrick Willms,Designer,quincy.hayes@example.org,,5,false
65,Amberly Schuppe DC,Strategist,emanuel.spinka@example.net,,6,false
70,Geraldo Fahey,Producer,pandora@example.com,,6,false
64,Karie Hoeger,Orchestrator,marco@example.com,,6,false
69,Wilford O'Hara,Architect,arnold_lowe@example.net,,6,false
68,Bailey Rogahn,Coordinator,geoffrey@example.org,,6,false
61,Misha Bode IV,Analyst,earl.turcotte@example.com,,6,false
62,Karey Kulas VM,Technician,shawn@example.net,,6,false
63,Joyce Wiegand,Director,darwin@example.net,,6,false
66,Estella Mann,Manager,stanton.glover@example.com,,6,false
67,Carlyn Thompson,Planner,rickie@example.com,,6,false
72,Grady Ward,Technician,shawnee.ankunding@example.net,,7,false
75,Shantay Ratke,Director,leola.lang@example.org,,7,false
74,Charlena Fadel Ret.,Director,todd@example.com,,7,false
71,Rachele Botsford,Coordinator,cindi@example.net,,7,false
80,Glory Yost,Director,bethann@example.org,,7,false
78,Donte Jerde Sr.,Assistant,dillon@example.net,,7,false
77,Manie Schulist,Engineer,jackqueline@example.net,,7,false
79,Minh Hand,Orchestrator,jason_sporer@example.com,,7,false
76,Anthony Klein I,Facilitator,merle.hartmann@example.com,,7,false
73,Gov. Temika Buckridge,Planner,clyde@example.com,,7,false
81,Maximina Wunsch,Technician,oren@example.com,,8,false
84,Alexis Stiedemann PhD,Liaison,darren@example.org,,8,false
82,Elisa Kuvalis,Architect,sade@example.org,,8,false
83,Abbie Runte,Assistant,milan@example.net,,8,false
88,Mr. Arleen Auer,Architect,ching_kessler@example.net,,8,false
86,Carry Reilly,Supervisor,charmaine_koelpin@example.com,,8,false
85,Marnie Heaney,Architect,franklin.pfeffer@example.com,,8,false
87,Kristle Pagac DC,Specialist,ronald.fahey@example.org,,8,false
89,Gov. Timmy Waelchi,Analyst,kaila_simonis@example.org,,8,false
90,Daren Hermann,Designer,jude.mcdermott@example.net,,8,false
97,Lucius Crona,Producer,leonel_schmitt@example.net,,9,false
98,Troy Schaefer,Assistant,troy@example.com,,9,false
95,Ervin O'Hara,Director,colton@example.com,,9,false
99,Nita Dickinson,Planner,noe.kunde@example.com,,9,false
93,Gale Abshire,Specialist,madeleine.spencer@example.org,,9,false
91,Mervin Johnson DC,Representative,myriam@example.org,,9,false
94,Eddy Towne,Executive,bradley@example.net,,9,false
92,Calvin Kunze,Agent,mike_hills@example.org,,9,false
96,Edie Muller,Supervisor,harland@example.com,,9,false
