employee_id,name,title,email,username,location_id,deleted
1-0,Janey Collier,Supervisor,janey.collier@example.org,,1,false
1-1,Margret Klocko,Architect,margret_klocko@example.org,,1,false
1-2,Angelita Stoltenberg,Administrator,stoltenberg.angelita@example.net,,1,false
1-3,Roseanna Murphy,Developer,murphy_roseanna@example.com,,1,false
1-4,Arnoldo Wolf,Designer,arnoldo_wolf@example.org,,1,false
1-5,Phil Schneider,Technician,phil.schneider@example.com,,1,false
1-6,Dessie Daugherty,Designer,dessie_daugherty@example.org,,1,false
1-7,Jerry Jerde,Representative,jerde.jerry@example.com,,1,false
1-8,Randell Davis,Specialist,davis.randell@example.net,,1,false
1-9,Cody Dickinson,Engineer,cody.dickinson@example.com,,1,false
2-0,Michelina Johnson,Director,johnson_michelina@example.com,,2,false
2-1,Griselda Bernhard,Agent,bernhard_griselda@example.com,,2,false
2-2,Rachell Huel,Technician,rachell.huel@example.com,,2,false
2-3,Riley Cruickshank,Technician,cruickshank.riley@example.net,,2,false
2-4,Carmelo Cummings,Facilitator,cummings.carmelo@example.net,,2,false
2-5,Daniella Cummings,Liaison,daniella_cummings@example.org,,2,false
2-6,Myron Price,Officer,myron.price@example.net,,2,false
2-7,Wilda Keeling,Architect,keeling.wilda@example.org,,2,false
2-8,Arlyne Rutherford,Analyst,rutherford_arlyne@example.net,,2,false
2-9,Anibal Feeney,Planner,anibal.feeney@example.com,,2,false
3-0,Shayla Borer,Architect,shayla_borer@example.org,,3,false
3-1,Walton Nikolaus,Engineer,walton_nikolaus@example.net,,3,false
3-2,Miles Howell,Designer,howell.miles@example.com,,3,false
3-3,Janita Hagenes,Assistant,hagenes_janita@example.net,,3,false
3-4,Cathleen Cruickshank,Analyst,cathleen_cruickshank@example.org,,3,false
3-5,Daphne Wyman,Manager,wyman.daphne@example.com,,3,false
3-6,Jimmie Crona,Engineer,jimmie_crona@example.com,,3,false
3-7,Roxanne Bechtelar,Supervisor,roxanne.bechtelar@example.org,,3,false
3-8,Val Kuvalis,Representative,val.kuvalis@example.com,,3,false
3-9,Jacques Harvey,Engineer,jacques_harvey@example.com,,3,false
