employee_id,name,title,email,username,location_id,deleted
1-0,Edward Altenwerth,Manager,edward.altenwerth@example.com,,1,false
1-1,Rudolph Hilpert,Liaison,hilpert_rudolph@example.net,,1,false
1-2,Hilton Prohaska,Assistant,hilton_prohaska@example.net,,1,false
1-3,Bo Kuhn,Facilitator,bo.kuhn@example.org,,1,false
1-4,Rosalia Halvorson,Associate,rosalia.halvorson@example.org,,1,false
1-5,Reba Nicolas,Manager,nicolas_reba@example.com,,1,false
1-6,Wesley Russel,Planner,wesley_russel@example.net,,1,false
1-7,Lovie Dibbert,Designer,lovie_dibbert@example.org,,1,false
1-8,Van Johnston,Facilitator,van.johnston@example.com,,1,false
1-9,Ron Bednar,Representative,ron.bednar@example.org,,1,false
2-0,Orval Rempel,Assistant,orval.rempel@example.net,,2,false
2-1,Guillermo Bernhard,Assistant,guillermo_bernhard@example.org,,2,false
2-2,Renato Stroman,Supervisor,stroman_renato@example.com,,2,false
2-3,Thora Beer,Analyst,thora.beer@example.net,,2,false
2-4,Al Weissnat,Technician,al_weissnat@example.org,,2,false
2-5,Hershel Barton,Technician,barton_hershel@example.org,,2,false
2-6,Pansy Koelpin,Executive,koelpin_pansy@example.com,,2,false
2-7,Ignacia Johnson,Architect,johnson_ignacia@example.com,,2,false
2-8,Matt Rohan,Liaison,matt_rohan@example.org,,2,false
2-9,Karl Bernhard,Developer,karl_bernhard@example.com,,2,false
3-0,Rueben Abshire,Executive,rueben_abshire@example.net,,3,false
3-1,Darin Carter,Designer,darin.carter@example.com,,3,false
3-2,Wynell Gerhold,Orchestrator,wynell_gerhold@example.com,,3,false
3-3,Willis Stamm,Associate,willis_stamm@example.com,,3,false
3-4,Nicki Labadie,Consultant,labadie_nicki@example.org,,3,false
3-5,Cassondra Carroll,Liaison,cassondra.carroll@example.com,,3,false
3-6,Norbert Marvin,Engineer,norbert.marvin@example.com,,3,false
3-7,Christian Prohaska,Analyst,prohaska_christian@example.org,,3,false
3-8,Odilia Kirlin,Agent,odilia.kirlin@example.org,,3,false
3-9,Roselyn Strosin,Coordinator,roselyn_strosin@example.org,,3,false
