employee_id,name,title,email,username,location_id,deleted
1-0,Dexter Kuhic,Administrator,kuhic_dexter@example.com,,1,false
1-1,Emil Hammes,Associate,emil_hammes@example.net,,1,false
1-2,Grant Harris,Manager,harris_grant@example.com,,1,false
1-3,Dylan Hayes,Engineer,dylan_hayes@example.com,,1,false
1-4,Marcy Sipes,Orchestrator,sipes_marcy@example.com,,1,false
1-5,Robbie Ankunding,Planner,ankunding_robbie@example.org,,1,false
1-6,Annabell Jast,Director,jast_annabell@example.org,,1,false
1-7,Marco McGlynn,Planner,mcglynn.marco@example.com,,1,false
1-8,Beverlee Durgan,Supervisor,durgan_beverlee@example.com,,1,false
1-9,Nichole Purdy,Specialist,purdy.nichole@example.org,,1,false
2-0,Kathie Schiller,Technician,schiller_kathie@example.com,,2,false
2-1,Shelia Predovic,Coordinator,predovic_shelia@example.org,,2,false
2-2,Marshall Heathcote,Orchestrator,marshall_heathcote@example.net,,2,false
2-3,Sandra Kuphal,Executive,sandra_kuphal@example.com,,2,false
2-4,Wanetta Weissnat,Executive,wanetta_weissnat@example.net,,2,false
2-5,Adriana Cremin,Administrator,adriana_cremin@example.com,,2,false
2-6,Israel Vandervort,Facilitator,israel.vandervort@example.org,,2,false
2-7,Harley Schmitt,Representative,harley.schmitt@example.net,,2,false
2-8,Shirley Boehm,Director,boehm_shirley@example.net,,2,false
2-9,Otto Russel,Assistant,russel.otto@example.net,,2,false
3-0,Jerald Lubowitz,Strategist,lubowitz_jerald@example.com,,3,false
3-1,Jed Orn,Administrator,orn.jed@example.net,,3,false
3-2,Gilda Jerde,Officer,jerde.gilda@example.net,,3,false
3-3,Marlon Klocko,Associate,marlon.klocko@example.net,,3,false
3-4,Alfreda Terry,Consultant,terry_alfreda@example.net,,3,false
3-5,Hosea Blanda,Director,hosea_blanda@example.net,,3,false
3-6,Liana Johnson,Executive,liana_johnson@example.com,,3,false
3-7,Ezequiel Auer,Agent,auer.ezequiel@example.net,,3,false
3-8,Mariela Rath,Administrator,rath.mariela@example.net,,3,false
3-9,Zack Halvorson,Orchestrator,halvorson.zack@example.net,,3,false
