employee_id,name,title,email,username,location_id,deleted
1-0,Malorie Ernser,Junior,malorie_ernser@example.net,,1,false
1-1,Arthur Kozey,Junior,arthur_kozey@example.net,,1,false
1-2,Donald Lang,"",donald.lang@example.net,,1,false
1-3,Leonardo Aufderhar,"",leonardo.aufderhar@example.org,,1,false
1-4,Lynwood Cummings,Senior,lynwood_cummings@example.net,,1,false
1-5,Tobie Wisoky,Senior,wisoky_tobie@example.org,,1,false
1-6,Estela Monahan,Junior,monahan_estela@example.org,,1,false
1-7,Shakita Dietrich,Junior,dietrich.shakita@example.net,,1,false
1-8,Nakita Botsford,"",nakita.botsford@example.net,,1,false
1-9,Russ Bogan,"",russ_bogan@example.net,,1,false
2-0,Marquis Muller,Senior,muller.marquis@example.net,,2,false
2-1,Guadalupe Halvorson,Senior,guadalupe.halvorson@example.com,,2,false
2-2,Lazaro Weimann,Junior,weimann_lazaro@example.net,,2,false
2-3,Buena Larson,Junior,larson.buena@example.net,,2,false
2-4,Mauro Wisoky,Senior,mauro.wisoky@example.org,,2,false
2-5,Wilford McKenzie,Junior,mckenzie_wilford@example.com,,2,false
2-6,Margorie Nikolaus,Junior,margorie_nikolaus@example.org,,2,false
2-7,Heath Flatley,"",heath_flatley@example.net,,2,false
2-8,Tobias Parisian,"",parisian.tobias@example.org,,2,false
2-9,Randolph Spinka,Senior,randolph.spinka@example.com,,2,false
3-0,Valentine Rempel,Junior,valentine_rempel@example.com,,3,false
3-1,Daniel Hauck,Junior,hauck.daniel@example.net,,3,false
3-2,Alana Tillman,"",tillman.alana@example.com,,3,false
3-3,Dione Will,Senior,dione_will@example.org,,3,false
3-4,Lilliam Rippin,Junior,rippin_lilliam@example.org,,3,false
3-5,Nicol Swaniawski,Senior,nicol_swaniawski@example.net,,3,false
3-6,Hyman Rutherford,Junior,rutherford_hyman@example.com,,3,false
3-7,Ned Upton,Junior,ned_upton@example.net,,3,false
3-8,Teri Morar,"",morar.teri@example.net,,3,false
3-9,Roberto Hintz,Senior,roberto_hintz@example.org,,3,false
