employee_id,name,title,email,username,location_id,deleted
1-0,Ciara Feil,Junior,ciara.feil@example.com,,1,false
1-1,Leigha McCullough,Junior,mccullough_leigha@example.org,,1,false
1-2,Danette Pagac,"",danette_pagac@example.org,,1,false
1-3,Latanya Lehner,"",latanya_lehner@example.net,,1,false
1-4,Ida Crist,Senior,ida.crist@example.com,,1,false
1-5,Jordon Morissette,"",morissette.jordon@example.org,,1,false
1-6,Ezequiel Bauch,"",ezequiel.bauch@example.org,,1,false
1-7,Santiago Goodwin,Junior,goodwin_santiago@example.net,,1,false
1-8,Sha Lang,"",sha_lang@example.net,,1,false
1-9,Sharlene Powlowski,Senior,powlowski_sharlene@example.net,,1,false
2-0,Jennifer Farrell,"",farrell_jennifer@example.com,,2,false
2-1,Elliot Harris,Senior,harris.elliot@example.com,,2,false
2-2,Jodee Schroeder,"",schroeder.jodee@example.org,,2,false
2-3,Rudolph Braun,Junior,braun.rudolph@example.com,,2,false
2-4,Porter Daniel,Junior,porter_daniel@example.com,,2,false
2-5,Keesha Reinger,Senior,keesha.reinger@example.com,,2,false
2-6,Tessa Altenwerth,"",tessa.altenwerth@example.net,,2,false
2-7,Marisol Kulas,Junior,kulas_marisol@example.net,,2,false
2-8,Nadene Murray,Senior,nadene.murray@example.com,,2,false
2-9,Terrie Kshlerin,"",kshlerin.terrie@example.net,,2,false
3-0,Fritz Nikolaus,"",fritz_nikolaus@example.com,,3,false
3-1,Rufus Waelchi,"",waelchi_rufus@example.com,,3,false
3-2,Sung Nienow,"",nienow.sung@example.org,,3,false
3-3,Youlanda Witting,"",witting_youlanda@example.com,,3,false
3-4,Alonzo Heller,"",heller.alonzo@example.net,,3,false
3-5,Meta Lubowitz,"",meta.lubowitz@example.com,,3,false
3-6,Augustine Conroy,Senior,augustine_conroy@example.org,,3,false
3-7,Delores Johns,"",delores_johns@example.net,,3,false
3-8,Darrin Collier,"",collier_darrin@example.net,,3,false
3-9,Audria Casper,"",casper.audria@example.com,,3,false
