employee_id,name,title,email,username,location_id,deleted
1-0,Mila Crooks,Senior,crooks_mila@example.net,,1,false
1-1,Saturnina Johnston,Junior,johnston.saturnina@example.org,,1,false
1-2,Rozanne Christiansen,"",christiansen_rozanne@example.org,,1,false
1-3,Pura Nienow,Junior,nienow_pura@example.org,,1,false
1-4,Dagny Okuneva,Junior,okuneva.dagny@example.net,,1,false
1-5,Hilary Larson,Senior,hilary_larson@example.net,,1,false
1-6,Gerry Dach,"",dach.gerry@example.com,,1,false
1-7,Nikia Kshlerin,Junior,kshlerin.nikia@example.com,,1,false
1-8,Carisa Roob,Senior,carisa.roob@example.org,,1,false
1-9,Shad Kuphal,Senior,shad_kuphal@example.net,,1,false
2-0,Myles Dibbert,Senior,myles.dibbert@example.org,,2,false
2-1,Paulette Bogan,Junior,paulette.bogan@example.net,,2,false
2-2,Garland Willms,Senior,garland_willms@example.com,,2,false
2-3,Waltraud Morar,"",morar_waltraud@example.com,,2,false
2-4,Marianela Swift,Senior,swift_marianela@example.com,,2,false
2-5,Curtis Hane,"",curtis_hane@example.net,,2,false
2-6,Jule Johns,Senior,johns.jule@example.net,,2,false
2-7,Nereida Adams,Senior,nereida_adams@example.net,,2,false
2-8,Shela Mertz,"",shela_mertz@example.org,,2,false
2-9,Chung Skiles,"",chung_skiles@example.com,,2,false
3-0,Emmanuel Hoppe,Junior,hoppe.emmanuel@example.com,,3,false
3-1,Inocencia Gottlieb,Junior,inocencia_gottlieb@example.com,,3,false
3-2,Vaughn Berge,Senior,berge_vaughn@example.com,,3,false
3-3,Darron Sporer,"",darron_sporer@example.com,,3,false
3-4,Alvaro Botsford,Junior,alvaro.botsford@example.org,,3,false
3-5,Kip Barton,Senior,barton_kip@example.com,,3,false
3-6,Todd Ortiz,"",todd_ortiz@example.net,,3,false
3-7,Everett Ward,"",ward.everett@example.net,,3,false
3-8,Heriberto Green,Junior,heriberto_green@example.net,,3,false
3-9,Kendra Lind,Senior,kendra.lind@example.com,,3,false
