employee_id,name,title,email,username,location_id,deleted
1-0,Domenic Larkin,"",larkin_domenic@example.com,,1,false
1-1,Jeramy Abernathy,Junior,abernathy.jeramy@example.org,,1,false
1-2,Annabelle Lockman,Senior,lockman.annabelle@example.com,,1,false
1-3,Bobette Bosco,"",bosco.bobette@example.com,,1,false
1-4,Arcelia Wintheiser,"",arcelia.wintheiser@example.com,,1,false
1-5,Benton Thompson,"",thompson.benton@example.org,,1,false
1-6,Belle Prosacco,"",belle_prosacco@example.org,,1,false
1-7,Vickey Ward,Junior,ward_vickey@example.org,,1,false
1-8,Erin Beier,Junior,erin_beier@example.com,,1,false
1-9,Katharyn Ortiz,"",katharyn_ortiz@example.com,,1,false
2-0,Torri Halvorson,Senior,halvorson.torri@example.org,,2,false
2-1,Elmer Harber,Senior,elmer_harber@example.net,,2,false
2-2,Hubert Abshire,"",hubert_abshire@example.org,,2,false
2-3,Ambrose Abbott,"",abbott_ambrose@example.net,,2,false
2-4,Janae Jast,Junior,jast.janae@example.org,,2,false
2-5,Merri Langosh,Junior,langosh.merri@example.org,,2,false
2-6,Myrle Hoppe,Junior,hoppe_myrle@example.com,,2,false
2-7,Natisha Lakin,"",lakin_natisha@example.org,,2,false
2-8,Pearlene Waelchi,Junior,pearlene_waelchi@example.org,,2,false
2-9,Eryn Wuckert,"",eryn_wuckert@example.org,,2,false
3-0,Tommie Kohler,Senior,kohler_tommie@example.org,,3,false
3-1,Cleveland Gleichner,Senior,gleichner.cleveland@example.org,,3,false
3-2,Jammie Purdy,Senior,purdy.jammie@example.com,,3,false
3-3,Eloise Flatley,Senior,eloise.flatley@example.net,,3,false
3-4,Devon O'Connell,Junior,connell_o_devon@example.org,,3,false
3-5,Denae Kuhlman,Junior,kuhlman_denae@example.org,,3,false
3-6,Sid Volkman,Junior,sid.volkman@example.org,,3,false
3-7,Adella Hand,Junior,hand.adella@example.org,,3,false
3-8,Denver Leffler,Junior,leffler_denver@example.org,,3,false
3-9,Janette O'Keefe,"",o_keefe_janette@example.net,,3,false
