employee_id,name,title,email,username,location_id,deleted
1-0,Cherie Schaefer,Agent,schaefer.cherie@example.com,,1,false
1-1,Palmer Rath,Technician,rath.palmer@example.net,,1,false
1-2,Adolfo Schinner,Assistant,adolfo.schinner@example.com,,1,false
1-3,Jerald Tillman,Specialist,jerald_tillman@example.org,,1,false
1-4,Lorelei Cummerata,Executive,lorelei_cummerata@example.net,,1,false
1-5,Jessenia Schmeler,Strategist,jessenia_schmeler@example.net,,1,false
1-6,Eusebio Pouros,Agent,pouros_eusebio@example.org,,1,false
1-7,Coy Harvey,Executive,harvey.coy@example.org,,1,false
1-8,Refugio Veum,Orchestrator,refugio_veum@example.com,,1,false
1-9,Andreas Feest,Agent,andreas.feest@example.net,,1,false
2-0,Alisia Upton,Technician,alisia_upton@example.com,,2,false
2-1,Gillian Bradtke,Analyst,bradtke.gillian@example.net,,2,false
2-2,Werner Lockman,Strategist,lockman_werner@example.net,,2,false
2-3,Isiah Doyle,Associate,doyle.isiah@example.org,,2,false
2-4,Faith Wisozk,Supervisor,wisozk_faith@example.com,,2,false
2-5,Keeley Smitham,Strategist,smitham_keeley@example.com,,2,false
2-6,Robert Bogisich,Coordinator,robert_bogisich@example.net,,2,false
2-7,Mireya Satterfield,Director,mireya_satterfield@example.net,,2,false
2-8,Sanford Mohr,Technician,sanford_mohr@example.org,,2,false
2-9,Oswaldo Considine,Officer,oswaldo_considine@example.net,,2,false
3-0,Brice Hammes,Producer,hammes_brice@example.org,,3,false
3-1,Zoe Bashirian,Consultant,bashirian_zoe@example.org,,3,false
3-2,Jordon Dach,Executive,jordon.dach@example.net,,3,false
3-3,Luther O'Conner,Manager,conner.luther.o@example.com,,3,false
3-4,Magda Dooley,Officer,magda_dooley@example.net,,3,false
3-5,Christian Kling,Analyst,christian.kling@example.com,,3,false
3-6,Kevin King,Designer,king.kevin@example.org,,3,false
3-7,Judson Bernier,Planner,bernier_judson@example.com,,3,false
3-8,Johnson D'Amore,Administrator,johnson_amore_d@example.com,,3,false
3-9,Earle Herman,Supervisor,earle.herman@example.net,,3,false
