employee_id,name,title,email,username,location_id,deleted
14,Jackson Spinka,Officer,spinka_jackson@example.com,,1,false
19,Iesha Rice,Supervisor,iesha.rice@example.net,,1,false
16,Tracy Mitchell,Facilitator,mitchell_tracy@example.com,,1,false
20,Maurice Dibbert,Supervisor,dibbert.maurice@example.net,,1,false
15,Gino Klocko,Supervisor,klocko_gino@example.net,,1,false
12,Amie Luettgen,Assistant,amie_luettgen@example.net,,1,false
17,Walter Borer,Developer,walter_borer@example.net,,1,false
18,Kim McDermott,Developer,mcdermott.kim@example.org,,1,false
11,Ehtel Reynolds,Executive,ehtel_reynolds@example.com,,1,false
13,Santana O'Conner,Director,santana.o.conner@example.net,,1,false
22,Tyree Rice,Agent,rice.tyree@example.net,,2,false
21,Sonia Zemlak,Consultant,sonia_zemlak@example.com,,2,false
27,Vito Welch,Executive,vito_welch@example.org,,2,false
25,Elenor Cormier,Liaison,elenor.cormier@example.net,,2,false
23,Bob Romaguera,Producer,romaguera_bob@example.org,,2,false
29,Krystin Nikolaus,Analyst,krystin_nikolaus@example.net,,2,false
26,Jewel Kemmer,Analyst,jewel_kemmer@example.com,,2,false
28,Mack McGlynn,Manager,mack.mcglynn@example.net,,2,false
30,Clemente Volkman,Executive,clemente.volkman@example.com,,2,false
24,Kimiko Rohan,Engineer,rohan_kimiko@example.net,,2,false
37,Joe Smith,Officer,smith_joe@example.net,,3,false
40,Clint Hermann,Agent,hermann.clint@example.com,,3,false
35,Maxie Kuphal,Producer,maxie.kuphal@example.net,,3,false
34,Enoch Kuhlman,Manager,enoch_kuhlman@example.net,,3,false
33,Rudy Stanton,Agent,stanton.rudy@example.com,,3,false
39,Margarete Watsica,Agent,watsica_margarete@example.com,,3,false
38,Reggie Ortiz,Architect,ortiz_reggie@example.org,,3,false
36,Raymundo Kunde,Coordinator,kunde_raymundo@example.net,,3,false
32,Porter Wisoky,Specialist,porter.wisoky@example.net,,3,false
31,Leon Gutmann,Orchestrator,gutmann_leon@example.com,,3,false
