employee_id,name,title,email,username,location_id,deleted
1-0,Regan Rutherford,Junior,rutherford_regan@example.org,,1,false
1-1,Leon Lakin,Senior,lakin.leon@example.org,,1,false
1-2,Lettie Krajcik,Senior,lettie.krajcik@example.org,,1,false
1-3,Bryce Upton,"",bryce_upton@example.org,,1,false
1-4,Blaine Rosenbaum,Senior,rosenbaum.blaine@example.org,,1,false
1-5,Saundra McCullough,Junior,saundra.mccullough@example.org,,1,false
1-6,Houston Kutch,Junior,houston_kutch@example.com,,1,false
1-7,Dorthy Lowe,Junior,lowe_dorthy@example.com,,1,false
1-8,Maxwell Friesen,Junior,maxwell_friesen@example.net,,1,false
1-9,Eugenio Ortiz,Senior,ortiz.eugenio@example.org,,1,false
2-0,Maggie Schneider,"",schneider_maggie@example.com,,2,false
2-1,Winfred Goldner,Senior,winfred_goldner@example.com,,2,false
2-2,Jose Rau,Junior,jose.rau@example.net,,2,false
2-3,Alberta Pagac,"",pagac_alberta@example.com,,2,false
2-4,Sylvie Auer,Junior,sylvie.auer@example.net,,2,false
2-5,Grant Luettgen,"",luettgen.grant@example.net,,2,false
2-6,Savanna Nitzsche,Junior,nitzsche.savanna@example.com,,2,false
2-7,Mohammed Balistreri,"",mohammed.balistreri@example.org,,2,false
2-8,Nakisha Corwin,Junior,corwin_nakisha@example.com,,2,false
2-9,Perry Crist,Senior,perry_crist@example.com,,2,false
3-0,Rosemarie Wiegand,Senior,wiegand.rosemarie@example.org,,3,false
3-1,Sharda Olson,"",olson_sharda@example.net,,3,false
3-2,Ashanti Kovacek,"",kovacek_ashanti@example.net,,3,false
3-3,Marlana Cormier,Senior,marlana.cormier@example.com,,3,false
3-4,Asa Hettinger,Senior,asa_hettinger@example.net,,3,false
3-5,Anjelica Little,"",little.anjelica@example.org,,3,false
3-6,Kathie Lebsack,"",lebsack.kathie@example.org,,3,false
3-7,Jenine Nikolaus,Junior,nikolaus.jenine@example.net,,3,false
3-8,Concepcion Hayes,"",concepcion_hayes@example.com,,3,false
3-9,Carmon Abshire,Junior,carmon_abshire@example.net,,3,false
