employee_id,name,title,email,username,location_id,deleted
44,The Hon. Donald Hickle,Producer,earnest@example.net,,0,false
4,Charlette Stamm IV,Producer,grant@example.org,,0,false
8,Tom Willms DO,Engineer,lynn@example.com,,0,false
33,Yuki Rutherford,Officer,edward.cormier@example.com,,0,false
40,Samuel Ortiz,Specialist,aide.hickle@example.com,,1,false
50,Markus Dooley,Executive,pat_ledner@example.com,,1,false
2,Elvis Greenfelder,Supervisor,alina.lesch@example.com,,1,false
45,Crystle Russel,Orchestrator,terence_ledner@example.com,,1,false
21,Elida Treutel,Orchestrator,alexis@example.org,,1,false
16,Cheri Oberbrunner,Director,xenia@example.com,,2,false
1,Jessi Weissnat CPA,Planner,stanford@example.org,,2,false
31,Leon Koelpin,Planner,chasidy@example.net,,3,false
42,Mrs. Lanny Ward,Administrator,micheal@example.net,,3,false
19,Lavina Sporer PhD,Associate,melony_labadie@example.org,,3,false
28,Jan Hansen,Designer,ta@example.net,,3,false
15,Marion Mante,Associate,raeann_maggio@example.org,,3,false
27,Tanya Waelchi,Technician,reinaldo@example.org,,3,false
38,Joanie Bednar,Consultant,season@example.org,,3,false
49,Genaro Ebert,Engineer,alise@example.com,,3,false
35,Willian Lueilwitz,Technician,david@example.org,,3,false
36,Monte Simonis,Technician,cruz.nienow@example.net,,3,false
48,Mr. Micha Reilly,Strategist,don@example.org,,4,false
6,Liane Klocko,Consultant,kayce@example.net,,4,false
22,Gilberto Kertzmann,Associate,robbie.steuber@example.org,,4,false
39,Doreatha Metz,Officer,demetrius.wunsch@example.org,,5,false
37,Rev. Janene Cartwright,Associate,dallas.rath@example.org,,5,false
12,Stanton Spencer Sr.,Analyst,johnson@example.com,,5,false
23,Carmel Von,Director,lilia@example.net,,5,false
9,Maile Ondricka,Liaison,bryce@example.org,,5,false
13,Damien Toy,Producer,vanesa_fay@example.com,,6,false
32,Dion Rippin,Facilitator,jacquiline@example.com,,6,false
46,Antonietta Blick,Technician,franklyn_mraz@example.com,,6,false
47,Janay Terry,Orchestrator,judson@example.net,,6,false
7,Emerson Hessel DO,Associate,yuette@example.net,,6,false
20,Laverne Langosh,Strategist,ollie.vonrueden@example.org,,6,false
17,Lovie Wehner,Designer,roland@example.com,,7,false
24,Camila Stiedemann MD,Strategist,senaida.quigley@example.com,,7,false
29,Maren Dickinson,Consultant,susannah.lindgren@example.org,,7,false
34,Florance Wintheiser II,Technician,michell@example.org,,7,false
14,Dr. Jay Jacobs,Orchestrator,sandy@example.com,,7,false
43,Jefferey Champlin,Agent,susanna@example.net,,7,false
25,Pres. Frank Feest,Associate,adolfo_larson@example.org,,7,false
30,Royce Gulgowski,Technician,alvaro@example.org,,8,false
11,Alvina Bernhard DC,Administrator,abraham@example.org,,8,false
41,Amado Mohr,Assistant,curtis.crooks@example.com,,8,false
5,Mauro Funk Esq.,Producer,hong.mayer@example.com,,8,false
10,Ilana Littel,Coordinator,kandy@example.com,,8,false
3,Ashley Nicolas,Executive,gabriele_treutel@example.org,,8,false
18,Edward Ryan DO,Agent,michel_glover@example.com,,9,false
26,Kenneth Simonis,Analyst,darrel@example.com,,9,false
