employee_id,name,title,email,username,location_id,deleted
1-0,Carlton Casper,Analyst,carlton.casper@example.com,,1,false
1-1,Kiana D'Amore,Orchestrator,amore.kiana.d@example.net,,1,false
1-2,Ashely Klocko,Liaison,klocko_ashely@example.com,,1,false
1-3,Catrice Emmerich,Architect,emmerich.catrice@example.org,,1,false
1-4,Hugh Grimes,Strategist,hugh_grimes@example.com,,1,false
1-5,Brittni Borer,Developer,brittni_borer@example.org,,1,false
1-6,Aldo Koepp,Architect,koepp_aldo@example.com,,1,false
1-7,Roberta O'Kon,Orchestrator,roberta.kon.o@example.com,,1,false
1-8,Gerry Gerhold,Representative,gerry_gerhold@example.net,,1,false
1-9,Owen Denesik,Consultant,owen_denesik@example.org,,1,false
2-0,Mathew Gottlieb,Agent,gottlieb.mathew@example.net,,2,false
2-1,Taren Wunsch,Engineer,taren_wunsch@example.org,,2,false
2-2,Brigette Hilll,Orchestrator,brigette_hilll@example.org,,2,false
2-3,Darrin Pollich,Producer,pollich.darrin@example.org,,2,false
2-4,Nikia Rau,Consultant,rau.nikia@example.com,,2,false
2-5,Huey Bernhard,Technician,huey.bernhard@example.org,,2,false
2-6,Kitty Rodriguez,Executive,kitty.rodriguez@example.com,,2,false
2-7,Stacey Jones,Strategist,jones.stacey@example.com,,2,false
2-8,Chung Russel,Director,russel_chung@example.com,,2,false
2-9,Anitra Huels,Strategist,huels_anitra@example.net,,2,false
3-0,Israel Schneider,Planner,israel.schneider@example.org,,3,false
3-1,Shondra Bruen,Planner,shondra.bruen@example.org,,3,false
3-2,Lorrie Schumm,Liaison,lorrie_schumm@example.com,,3,false
3-3,Bethanie McCullough,Developer,bethanie_mccullough@example.org,,3,false
3-4,Bertram Jast,Representative,jast.bertram@example.com,,3,false
3-5,Brenna Leuschke,Administrator,brenna.leuschke@example.com,,3,false
3-6,Rowena Harber,Representative,harber.rowena@example.org,,3,false
3-7,Vickie Schmidt,Architect,vickie.schmidt@example.com,,3,false
3-8,Rebbeca Fay,Engineer,rebbeca_fay@example.org,,3,false
3-9,Darryl Nitzsche,Director,nitzsche.darryl@example.org,,3,false
