child_id,client_id,deleted,pet_name
2926,2926,false,Sparky
1037,1037,false,Shadow
166,166,false,Dakota
1569,1569,false,Lola
2764,2764,false,Cookie
1060,1060,false,Lola
1131,1131,false,Shadow
1678,1678,false,Missy
2128,2128,false,Ginger
2360,2360,false,Toby
1555,1555,false,Tank
271,271,false,Gracie
170,170,false,Chloe
734,734,false,Buddy
2330,2330,false,Lola
1265,1265,false,Casey
2486,2486,false,Diesel
2741,2741,false,Bear
1470,1470,false,Casey
2600,2600,false,Jake
899,899,false,Harley
1851,1851,false,Rocky
220,220,false,Sandy
2621,2621,false,Sophie
2119,2119,false,Lexi
1529,1529,false,Bandit
2908,2908,false,Pepper
1538,1538,false,Bandit
1102,1102,false,Rusty
1560,1560,false,Bear
2068,2068,false,Luna
2377,2377,false,Rocky
1975,1975,false,Harvey
1271,1271,false,Buster
2247,2247,false,Charlie
1911,1911,false,Sadie
825,825,false,Jack
1090,1090,false,Diesel
1023,1023,false,Lady
1070,1070,false,Diamond
1301,1301,false,Sandy
595,595,false,Jasper
2383,2383,false,Bo
93,93,false,Ruby
2261,2261,false,Sasha
1680,1680,false,Jack
1676,1676,false,Duke
2503,2503,false,Pepper
1995,1995,false,Harvey
2532,2532,false,Sammy
1019,1019,false,Snoopy
273,273,false,Mia
1746,1746,false,Gizmo
1752,1752,false,Annie
662,662,false,Snoopy
1395,1395,false,Sasha
2500,2500,false,Scooter
194,194,false,Lola
2847,2847,false,Patches
1828,1828,false,Molly
2002,2002,false,Chance
789,789,false,Honey
2012,2012,false,Cookie
1635,1635,false,Sparky
292,292,false,Diesel
2714,2714,false,Murphy
2070,2070,false,Bailey
202,202,false,Lexi
673,673,false,Murphy
2763,2763,false,Rascal
1822,1822,false,Jack
1946,1946,false,Ruby
1186,1186,false,Diesel
114,114,false,Mia
780,780,false,Roxy
137,137,false,Jack
2443,2443,false,Lucky
1861,1861,false,Baby
355,355,false,Pepper
195,195,false,Bo
1488,1488,false,Duke
965,965,false,Belle
320,320,false,Buster
136,136,false,Buster
2302,2302,false,Patches
922,922,false,Lilly
932,932,false,Luna
228,228,false,Maggie
2324,2324,false,Rex
99,99,false,Sparky
2373,2373,false,Blue
2109,2109,false,Oscar
665,665,false,Riley
1628,1628,false,Bo
1493,1493,false,Diesel
1557,1557,false,Lilly
519,519,false,Annie
1189,1189,false,Belle
1422,1422,false,Toby
1246,1246,false,Lilly
233,233,false,Jake
1463,1463,false,Chico
1886,1886,false,Abby
1808,1808,false,Lilly
1077,1077,false,Princess
2341,2341,false,Bruno
82,82,false,Dakota
1567,1567,false,Jack
349,349,false,Cocoa
1607,1607,false,Ruby
1766,1766,false,Misty
804,804,false,Shelby
2560,2560,false,Baby
868,868,false,Bear
703,703,false,Murphy
2023,2023,false,Baxter
1466,1466,false,Sasha
247,247,false,Chloe
2455,2455,false,Cookie
104,104,false,Ginger
1715,1715,false,Penny
1026,1026,false,Missy
2730,2730,false,Dakota
1547,1547,false,Roxie
2216,2216,false,Buddy
2750,2750,false,Roxie
1800,1800,false,Bear
2188,2188,false,Snoopy
3,3,false,Jake
410,410,false,Oreo
1250,1250,false,Oreo
2158,2158,false,Rascal
306,306,false,Oreo
2782,2782,false,Tyson
2001,2001,false,Shelby
44,44,false,Bruno
2333,2333,false,Dixie
1831,1831,false,Oscar
1083,1083,false,Rascal
1697,1697,false,Honey
1482,1482,false,Milo
1507,1507,false,Precious
2444,2444,false,Chloe
1311,1311,false,Peanut
660,660,false,Blue
539,539,false,Coco
2134,2134,false,Toby
158,158,false,Jake
2745,2745,false,Harley
1260,1260,false,Abby
1133,1133,false,Charlie
864,864,false,Lilly
740,740,false,Teddy
69,69,false,Casey
1698,1698,false,Molly
974,974,false,Max
270,270,false,Pepper
1113,1113,false,Marley
2008,2008,false,Gracie
799,799,false,Coco
898,898,false,Penny
264,264,false,Max
2846,2846,false,Mia
1980,1980,false,Maggie
145,145,false,Diamond
2583,2583,false,Jasper
2858,2858,false,Oscar
1176,1176,false,Sam
1890,1890,false,Honey
2823,2823,false,Spike
664,664,false,Tucker
2882,2882,false,Sparky
1641,1641,false,Bear
1153,1153,false,Taz
1330,1330,false,Bo
950,950,false,Harvey
2215,2215,false,Zoe
1275,1275,false,Baxter
1014,1014,false,Sadie
107,107,false,Patches
1454,1454,false,Blue
2316,2316,false,Angel
1347,1347,false,Sadie
833,833,false,Riley
2653,2653,false,Sophie
1499,1499,false,Scooter
509,509,false,Ruby
1601,1601,false,Sparky
2450,2450,false,Missy
2788,2788,false,Tucker
2662,2662,false,Bella
1126,1126,false,Duke
2278,2278,false,Sam
2641,2641,false,Tank
1335,1335,false,Sammy
2449,2449,false,Princess
2904,2904,false,Rascal
2409,2409,false,Tank
2462,2462,false,Baxter
336,336,false,Sugar
2554,2554,false,Marley
127,127,false,Sandy
403,403,false,Shelby
275,275,false,Roxy
2504,2504,false,Teddy
2168,2168,false,Gracie
485,485,false,Harley
162,162,false,Sugar
2390,2390,false,Sandy
520,520,false,Missy
1909,1909,false,Diesel
2812,2812,false,Cooper
1449,1449,false,Honey
393,393,false,Baxter
968,968,false,Buster
1391,1391,false,Cookie
2489,2489,false,Diamond
996,996,false,Spike
2456,2456,false,Ruby
2911,2911,false,Buddy
2712,2712,false,Rusty
191,191,false,Duke
690,690,false,Diamond
1540,1540,false,Toby
211,211,false,Murphy
1753,1753,false,Cody
94,94,false,Lucy
1003,1003,false,Honey
2335,2335,false,Princess
1694,1694,false,Shadow
407,407,false,Buddy
1965,1965,false,Sugar
2569,2569,false,Sadie
2697,2697,false,Lily
142,142,false,Snoopy
1196,1196,false,Scooter
2577,2577,false,Lexi
2729,2729,false,Baby
2362,2362,false,Ginger
2103,2103,false,Shadow
49,49,false,Oreo
1587,1587,false,Chance
2508,2508,false,Casey
223,223,false,Missy
2118,2118,false,Shelby
1639,1639,false,Bubba
2189,2189,false,Sam
1307,1307,false,Misty
2832,2832,false,Rocky
836,836,false,Harley
807,807,false,Luna
1200,1200,false,Zoe
2821,2821,false,Patches
1328,1328,false,Baby
323,323,false,Teddy
2003,2003,false,Annie
17,17,false,Molly
1461,1461,false,Daisy
2416,2416,false,Snickers
1847,1847,false,Cody
1283,1283,false,Diesel
2237,2237,false,Blue
1891,1891,false,Rocky
2140,2140,false,Lady
1281,1281,false,Gizmo
701,701,false,Sammy
1173,1173,false,Riley
2241,2241,false,Zeus
75,75,false,Rex
2257,2257,false,Buster
1406,1406,false,Belle
578,578,false,Lady
2814,2814,false,Cookie
1586,1586,false,Buddy
350,350,false,Tyson
2608,2608,false,Missy
2498,2498,false,Annie
693,693,false,Gracie
504,504,false,Max
2709,2709,false,Peanut
844,844,false,Murphy
2626,2626,false,Jake
2535,2535,false,Abby
374,374,false,Lexi
2471,2471,false,Charlie
2870,2870,false,Harley
259,259,false,Cocoa
2328,2328,false,Roxy
1969,1969,false,Princess
2174,2174,false,Lady
2809,2809,false,Peanut
1368,1368,false,Harvey
1514,1514,false,Baby
1944,1944,false,Cookie
1844,1844,false,Oscar
2376,2376,false,Brutus
2429,2429,false,Chloe
2534,2534,false,Molly
1878,1878,false,Cocoa
2380,2380,false,Baby
613,613,false,Sammy
1895,1895,false,Max
1839,1839,false,Misty
1154,1154,false,Peanut
2753,2753,false,Peanut
227,227,false,Cody
1135,1135,false,Penny
290,290,false,Milo
1469,1469,false,Milo
1312,1312,false,Snoopy
2146,2146,false,Lily
1446,1446,false,Jasper
2972,2972,false,Cooper
2407,2407,false,Sammy
1385,1385,false,Sparky
1856,1856,false,Rusty
1427,1427,false,Peanut
663,663,false,Taz
40,40,false,Sparky
1667,1667,false,Maggie
2755,2755,false,Rex
363,363,false,Precious
1108,1108,false,Sugar
125,125,false,Missy
56,56,false,Gizmo
1720,1720,false,Taz
1968,1968,false,Blue
110,110,false,Sandy
1117,1117,false,Lilly
2615,2615,false,Annie
2681,2681,false,Bella
2549,2549,false,Peanut
1001,1001,false,Baxter
1665,1665,false,Bear
1076,1076,false,Jake
784,784,false,Sugar
2853,2853,false,Sandy
2811,2811,false,Scooter
1759,1759,false,Tank
1115,1115,false,Bella
2801,2801,false,Sasha
2417,2417,false,Rosie
2959,2959,false,Baxter
555,555,false,Marley
712,712,false,Snickers
2120,2120,false,Buster
1217,1217,false,Roxie
747,747,false,Teddy
1435,1435,false,Precious
1247,1247,false,Penny
793,793,false,Sasha
1044,1044,false,Cooper
2192,2192,false,Coco
226,226,false,Buster
628,628,false,Sasha
2979,2979,false,Toby
291,291,false,Snickers
284,284,false,Toby
1408,1408,false,Baby
552,552,false,Sophie
1490,1490,false,Bear
2430,2430,false,Dixie
1373,1373,false,Roxy
2387,2387,false,Snoopy
1896,1896,false,Snickers
1710,1710,false,Lucky
1150,1150,false,Diesel
2087,2087,false,Honey
601,601,false,Dixie
756,756,false,Dakota
9,9,false,Cocoa
2568,2568,false,Bear
2642,2642,false,Chico
1888,1888,false,Marley
1695,1695,false,Max
1743,1743,false,Ruby
2009,2009,false,Snoopy
2473,2473,false,Sammy
2395,2395,false,Zoey
885,885,false,Cooper
2689,2689,false,Rex
2389,2389,false,Riley
2386,2386,false,Cookie
1656,1656,false,Taz
1215,1215,false,Teddy
21,21,false,Dakota
1212,1212,false,Dakota
4,4,false,Murphy
257,257,false,Brutus
1201,1201,false,Bubba
2116,2116,false,Lady
132,132,false,Oreo
2371,2371,false,Belle
1632,1632,false,Rascal
1593,1593,false,Chance
2289,2289,false,Snickers
482,482,false,Baxter
1769,1769,false,Buster
2770,2770,false,Baxter
2572,2572,false,Taz
414,414,false,Diesel
484,484,false,Princess
2693,2693,false,Ginger
935,935,false,Lily
2795,2795,false,Shadow
723,723,false,Sadie
2254,2254,false,Pepper
1174,1174,false,Lady
1492,1492,false,Milo
1234,1234,false,Patches
2687,2687,false,Toby
2153,2153,false,Pepper
2428,2428,false,Tyson
1554,1554,false,Shadow
880,880,false,Belle
556,556,false,Snoopy
2251,2251,false,Tyson
2250,2250,false,Lexi
2499,2499,false,Cooper
2000,2000,false,Lexi
327,327,false,Lady
682,682,false,Marley
948,948,false,Charlie
66,66,false,Rosie
151,151,false,Oscar
695,695,false,Bubba
2603,2603,false,Chance
409,409,false,Bear
574,574,false,Blue
2706,2706,false,Peanut
1495,1495,false,Ginger
390,390,false,Gizmo
2513,2513,false,Sadie
239,239,false,Lexi
1948,1948,false,Abby
1249,1249,false,Tucker
2132,2132,false,Bruno
2996,2996,false,Angel
1354,1354,false,Rascal
1063,1063,false,Shadow
2352,2352,false,Jake
370,370,false,Casey
58,58,false,Rocky
1088,1088,false,Marley
498,498,false,Baxter
843,843,false,Bubba
1165,1165,false,Scooter
368,368,false,Diesel
1807,1807,false,Taz
95,95,false,Sassy
244,244,false,Bandit
1485,1485,false,Snoopy
1951,1951,false,Rocky
2465,2465,false,Diesel
311,311,false,Rosie
2442,2442,false,Duke
1158,1158,false,Daisy
1812,1812,false,Chance
1112,1112,false,Penny
108,108,false,Harvey
1916,1916,false,Ginger
805,805,false,Rascal
1793,1793,false,Gizmo
1483,1483,false,Lilly
1320,1320,false,Sam
332,332,false,Jasper
2260,2260,false,Toby
2845,2845,false,Baxter
1387,1387,false,Oreo
1785,1785,false,Casey
1650,1650,false,Bella
1130,1130,false,Riley
1075,1075,false,Penny
1261,1261,false,Angel
2586,2586,false,Cooper
1500,1500,false,Sadie
667,667,false,Bruno
939,939,false,Sugar
272,272,false,Lady
1638,1638,false,Toby
1326,1326,false,Lucky
508,508,false,Shelby
297,297,false,Mia
358,358,false,Toby
1631,1631,false,Rusty
2644,2644,false,Lucy
1648,1648,false,Tank
2273,2273,false,Blue
990,990,false,Ginger
581,581,false,Belle
133,133,false,Sadie
1803,1803,false,Sadie
1867,1867,false,Sparky
2069,2069,false,Bandit
1357,1357,false,Milo
2635,2635,false,Diamond
2225,2225,false,Shadow
464,464,false,Bailey
1551,1551,false,Baby
230,230,false,Diamond
1010,1010,false,Sasha
528,528,false,Teddy
135,135,false,Coco
1782,1782,false,Zoe
2688,2688,false,Mia
2105,2105,false,Harvey
674,674,false,Chance
1574,1574,false,Sparky
2802,2802,false,Lexi
1453,1453,false,Dixie
2150,2150,false,Chloe
2980,2980,false,Dakota
352,352,false,Harvey
985,985,false,Bruno
1425,1425,false,Jasper
1818,1818,false,Diamond
1230,1230,false,Baby
2515,2515,false,Jasmine
439,439,false,Patches
2345,2345,false,Patches
1947,1947,false,Princess
2960,2960,false,Daisy
876,876,false,Roxie
98,98,false,Milo
1539,1539,false,Casey
691,691,false,Harley
912,912,false,Mia
1959,1959,false,Gizmo
2643,2643,false,Sadie
711,711,false,Daisy
2686,2686,false,Tank
1923,1923,false,Buddy
102,102,false,Sassy
388,388,false,Tyson
1428,1428,false,Cocoa
2038,2038,false,Shadow
1478,1478,false,Blue
1622,1622,false,Bear
1114,1114,false,Marley
229,229,false,Jasper
1438,1438,false,Zeus
672,672,false,Tyson
1316,1316,false,Riley
252,252,false,Maggie
68,68,false,Abby
1543,1543,false,Milo
215,215,false,Lucky
1211,1211,false,Rusty
1210,1210,false,Zoey
1672,1672,false,Bella
1297,1297,false,Gizmo
2367,2367,false,Princess
2466,2466,false,Dakota
2624,2624,false,Lucky
877,877,false,Charlie
2940,2940,false,Sam
2301,2301,false,Chico
1879,1879,false,Lucky
2657,2657,false,Bruno
1508,1508,false,Gizmo
795,795,false,Honey
1190,1190,false,Harley
2982,2982,false,Dixie
889,889,false,Peanut
1175,1175,false,Chloe
849,849,false,Rocky
597,597,false,Coco
1418,1418,false,Ginger
2084,2084,false,Lady
1523,1523,false,Sam
224,224,false,Roxie
1880,1880,false,Cookie
261,261,false,Marley
1609,1609,false,Lady
2950,2950,false,Dixie
369,369,false,Casey
991,991,false,Bailey
1657,1657,false,Bear
67,67,false,Zoey
1207,1207,false,Milo
1455,1455,false,Lola
360,360,false,Sadie
1520,1520,false,Bruno
1934,1934,false,Teddy
2758,2758,false,Sadie
1950,1950,false,Chico
1104,1104,false,Max
2667,2667,false,Misty
1583,1583,false,Blue
1737,1737,false,Ginger
2111,2111,false,Zoey
2974,2974,false,Peanut
236,236,false,Brutus
2172,2172,false,Zoey
219,219,false,Lady
2947,2947,false,Jake
2591,2591,false,Lilly
1623,1623,false,Spike
832,832,false,Abby
1451,1451,false,Oreo
1933,1933,false,Lola
245,245,false,Lady
933,933,false,Harley
817,817,false,Pepper
2265,2265,false,Dixie
1318,1318,false,Sassy
2694,2694,false,Chance
461,461,false,Bo
1013,1013,false,Rex
425,425,false,Buster
842,842,false,Harley
1789,1789,false,Patches
1942,1942,false,Riley
2453,2453,false,Sophie
1992,1992,false,Sadie
548,548,false,Tucker
401,401,false,Max
285,285,false,Lexi
2300,2300,false,Cocoa
1739,1739,false,Ginger
2966,2966,false,Cookie
1855,1855,false,Baxter
402,402,false,Max
1041,1041,false,Missy
2536,2536,false,Blue
1304,1304,false,Patches
529,529,false,Diamond
646,646,false,Charlie
2746,2746,false,Ginger
186,186,false,Tucker
1111,1111,false,Sasha
669,669,false,Bailey
1747,1747,false,Tucker
269,269,false,Maggie
2674,2674,false,Diamond
2306,2306,false,Ginger
1125,1125,false,Honey
2955,2955,false,Casey
2592,2592,false,Jasper
2859,2859,false,Riley
499,499,false,Sammy
1266,1266,false,Toby
456,456,false,Sadie
1830,1830,false,Lady
2835,2835,false,Harvey
2736,2736,false,Sugar
2595,2595,false,Gizmo
2831,2831,false,Cooper
1885,1885,false,Honey
218,218,false,Cookie
1343,1343,false,Mia
2547,2547,false,Scooter
731,731,false,Snoopy
2813,2813,false,Taz
287,287,false,Casey
1272,1272,false,Bandit
2160,2160,false,Lucy
1208,1208,false,Sophie
2470,2470,false,Patches
1610,1610,false,Bear
1043,1043,false,Harvey
626,626,false,Baxter
1772,1772,false,Bailey
1421,1421,false,Oreo
2527,2527,false,Mia
2368,2368,false,Max
2771,2771,false,Riley
559,559,false,Diesel
2348,2348,false,Lucky
1713,1713,false,Misty
128,128,false,Sasha
2520,2520,false,Diesel
293,293,false,Rocky
131,131,false,Patches
894,894,false,Zoe
2422,2422,false,Belle
2043,2043,false,Chico
1365,1365,false,Oscar
2938,2938,false,Gizmo
1820,1820,false,Gizmo
1486,1486,false,Annie
500,500,false,Tucker
2752,2752,false,Zoe
1052,1052,false,Daisy
949,949,false,Coco
1957,1957,false,Molly
1167,1167,false,Zeus
1329,1329,false,Roxie
1371,1371,false,Sugar
2323,2323,false,Princess
2977,2977,false,Toby
1624,1624,false,Penny
1236,1236,false,Luna
1964,1964,false,Diamond
1308,1308,false,Spike
2388,2388,false,Bo
809,809,false,Honey
998,998,false,Buster
1821,1821,false,Snoopy
2971,2971,false,Lady
2776,2776,false,Lucky
2093,2093,false,Buster
251,251,false,Jasmine
652,652,false,Max
117,117,false,Shelby
2217,2217,false,Jake
1817,1817,false,Sam
1400,1400,false,Chance
112,112,false,Tank
356,356,false,Sandy
2900,2900,false,Chico
1825,1825,false,Tucker
2107,2107,false,Oscar
1860,1860,false,Dixie
2775,2775,false,Daisy
697,697,false,Blue
2939,2939,false,Dixie
1811,1811,false,Oscar
2531,2531,false,Cocoa
359,359,false,Gizmo
2555,2555,false,Chloe
2934,2934,false,Riley
1286,1286,false,Coco
2937,2937,false,Sammy
1467,1467,false,Rusty
1541,1541,false,Charlie
397,397,false,Oreo
1248,1248,false,Lucky
1181,1181,false,Luna
837,837,false,Toby
757,757,false,Tucker
2396,2396,false,Sophie
1865,1865,false,Angel
106,106,false,Lady
2912,2912,false,Bear
2914,2914,false,Roxie
579,579,false,Tank
1142,1142,false,Baxter
900,900,false,Lilly
618,618,false,Riley
676,676,false,Tank
624,624,false,Gizmo
774,774,false,Chance
592,592,false,Jack
139,139,false,Sophie
942,942,false,Chico
861,861,false,Sasha
2825,2825,false,Taz
2701,2701,false,Gracie
199,199,false,Lucky
2751,2751,false,Bella
1602,1602,false,Peanut
119,119,false,Misty
547,547,false,Diamond
566,566,false,Angel
2671,2671,false,Gizmo
328,328,false,Snoopy
201,201,false,Jasmine
820,820,false,Lily
2245,2245,false,Harley
2565,2565,false,Diamond
237,237,false,Sam
330,330,false,Sparky
2819,2819,false,Lily
1521,1521,false,Jasmine
167,167,false,Diamond
1152,1152,false,Murphy
2905,2905,false,Oreo
1744,1744,false,Missy
2271,2271,false,Sasha
2524,2524,false,Oreo
944,944,false,Brutus
1841,1841,false,Peanut
1405,1405,false,Oreo
1169,1169,false,Lexi
2114,2114,false,Tyson
2605,2605,false,Maggie
446,446,false,Chance
2411,2411,false,Dakota
622,622,false,Charlie
1881,1881,false,Murphy
2976,2976,false,Casey
1170,1170,false,Penny
1336,1336,false,Tank
2283,2283,false,Bandit
391,391,false,Snickers
1627,1627,false,Scooter
447,447,false,Pepper
1302,1302,false,Charlie
2994,2994,false,Rex
1681,1681,false,Roxie
531,531,false,Belle
954,954,false,Honey
654,654,false,Lucky
705,705,false,Chico
2766,2766,false,Belle
1906,1906,false,Taz
1058,1058,false,Snickers
282,282,false,Cookie
2267,2267,false,Lucy
2308,2308,false,Molly
2704,2704,false,Peanut
2594,2594,false,Sassy
1604,1604,false,Gizmo
2231,2231,false,Maggie
1798,1798,false,Maggie
928,928,false,Lily
726,726,false,Milo
829,829,false,Lilly
2182,2182,false,Honey
1966,1966,false,Peanut
1294,1294,false,Cookie
781,781,false,Oscar
2384,2384,false,Bailey
1835,1835,false,Sparky
1426,1426,false,Teddy
1279,1279,false,Oscar
204,204,false,Sadie
2165,2165,false,Diesel
941,941,false,Brutus
2435,2435,false,Diesel
2593,2593,false,Toby
443,443,false,Diesel
2954,2954,false,Sugar
1457,1457,false,Cocoa
1749,1749,false,Blue
2967,2967,false,Tank
1476,1476,false,Chance
2211,2211,false,Jasper
198,198,false,Belle
1315,1315,false,Sandy
1874,1874,false,Sadie
884,884,false,Sammy
1920,1920,false,Jake
1872,1872,false,Bandit
2115,2115,false,Tyson
181,181,false,Zeus
924,924,false,Honey
2010,2010,false,Tank
966,966,false,Sandy
796,796,false,Lucy
856,856,false,Riley
522,522,false,Max
1511,1511,false,Misty
1350,1350,false,Bruno
2702,2702,false,Brutus
1626,1626,false,Gizmo
2740,2740,false,Jasper
810,810,false,Maggie
2213,2213,false,Sadie
238,238,false,Zoey
1382,1382,false,Gizmo
1295,1295,false,Spike
2713,2713,false,Pepper
2375,2375,false,Baxter
231,231,false,Patches
1531,1531,false,Lexi
2326,2326,false,Duke
1424,1424,false,Teddy
2907,2907,false,Rusty
2558,2558,false,Cooper
767,767,false,Annie
741,741,false,Diamond
1561,1561,false,Abby
696,696,false,Scooter
603,603,false,Rex
1124,1124,false,Lady
278,278,false,Rusty
1121,1121,false,Daisy
1386,1386,false,Misty
828,828,false,Tyson
266,266,false,Roxie
873,873,false,Toby
984,984,false,Riley
1857,1857,false,Sugar
806,806,false,Rosie
777,777,false,Mia
572,572,false,Sandy
1774,1774,false,Bandit
1728,1728,false,Teddy
1931,1931,false,Angel
681,681,false,Baby
1157,1157,false,Princess
1509,1509,false,Gracie
2400,2400,false,Belle
452,452,false,Sandy
802,802,false,Sasha
1629,1629,false,Diesel
2232,2232,false,Taz
422,422,false,Taz
1595,1595,false,Teddy
707,707,false,Riley
173,173,false,Zeus
479,479,false,Rex
927,927,false,Dixie
1224,1224,false,Cocoa
1231,1231,false,Princess
2005,2005,false,Zeus
1132,1132,false,Sparky
153,153,false,Shadow
2337,2337,false,Missy
2546,2546,false,Mia
209,209,false,Charlie
1015,1015,false,Milo
2517,2517,false,Charlie
1252,1252,false,Ginger
1141,1141,false,Pepper
904,904,false,Marley
450,450,false,Oscar
185,185,false,Bo
1892,1892,false,Bella
2791,2791,false,Pepper
2999,2999,false,Patches
2944,2944,false,Gizmo
2319,2319,false,Buster
2218,2218,false,Chance
1159,1159,false,Murphy
1162,1162,false,Sassy
2629,2629,false,Gracie
2051,2051,false,Casey
2942,2942,false,Patches
2588,2588,false,Abby
2325,2325,false,Annie
2538,2538,false,Brutus
2127,2127,false,Snoopy
1882,1882,false,Dixie
2851,2851,false,Jasmine
1776,1776,false,Penny
2178,2178,false,Sassy
854,854,false,Bailey
454,454,false,Rascal
2258,2258,false,Jasper
354,354,false,Tank
1221,1221,false,Scooter
1392,1392,false,Bailey
779,779,false,Sadie
2117,2117,false,Cooper
2307,2307,false,Sam
1040,1040,false,Zoe
1282,1282,false,Duke
1522,1522,false,Bubba
2774,2774,false,Missy
1566,1566,false,Oreo
432,432,false,Buster
60,60,false,Snickers
2356,2356,false,Lady
143,143,false,Sophie
466,466,false,Lily
536,536,false,Harley
1619,1619,false,Duke
988,988,false,Sugar
1519,1519,false,Bo
643,643,false,Milo
1171,1171,false,Bandit
2137,2137,false,Oscar
1008,1008,false,Maggie
1472,1472,false,Diesel
2654,2654,false,Peanut
1306,1306,false,Bo
1907,1907,false,Molly
2494,2494,false,Buster
2973,2973,false,Oscar
2129,2129,false,Princess
2065,2065,false,Roxie
2297,2297,false,Duke
1918,1918,false,Spike
1849,1849,false,Coco
2649,2649,false,Diesel
1116,1116,false,Teddy
2067,2067,false,Sandy
449,449,false,Bubba
543,543,false,Zeus
629,629,false,Molly
92,92,false,Zeus
1143,1143,false,Milo
699,699,false,Bailey
242,242,false,Gracie
1780,1780,false,Roxy
1276,1276,false,Pepper
1608,1608,false,Sam
2026,2026,false,Missy
2346,2346,false,Baxter
1420,1420,false,Dixie
631,631,false,Teddy
1474,1474,false,Zoey
2933,2933,false,Lucy
2885,2885,false,Riley
2652,2652,false,Shadow
335,335,false,Rocky
1055,1055,false,Peanut
2650,2650,false,Lady
694,694,false,Ruby
1598,1598,false,Roxy
123,123,false,Casey
765,765,false,Honey
2828,2828,false,Coco
1505,1505,false,Bo
2710,2710,false,Chloe
1683,1683,false,Patches
1705,1705,false,Sandy
2312,2312,false,Missy
1563,1563,false,Sophie
365,365,false,Daisy
1778,1778,false,Milo
1214,1214,false,Diamond
154,154,false,Jasmine
2919,2919,false,Angel
2310,2310,false,Sammy
787,787,false,Jasmine
2277,2277,false,Teddy
2841,2841,false,Gracie
1993,1993,false,Roxie
2898,2898,false,Snickers
2452,2452,false,Charlie
1827,1827,false,Duke
1597,1597,false,Coco
2154,2154,false,Diesel
1659,1659,false,Sassy
32,32,false,Bruno
1309,1309,false,Toby
1941,1941,false,Tucker
1996,1996,false,Roxie
2039,2039,false,Chico
506,506,false,Oreo
1719,1719,false,Cooper
2860,2860,false,Sammy
2062,2062,false,Luna
235,235,false,Ginger
2056,2056,false,Diesel
289,289,false,Gizmo
163,163,false,Rusty
1268,1268,false,Scooter
1147,1147,false,Toby
304,304,false,Teddy
749,749,false,Chloe
605,605,false,Sparky
2418,2418,false,Sophie
989,989,false,Gracie
2436,2436,false,Lexi
2787,2787,false,Snoopy
847,847,false,Zoey
1532,1532,false,Brutus
2990,2990,false,Tucker
2423,2423,false,Ginger
2993,2993,false,Roxy
475,475,false,Cocoa
2742,2742,false,Sassy
10,10,false,Zoey
383,383,false,Coco
2402,2402,false,Baby
2159,2159,false,Sugar
111,111,false,Snickers
1084,1084,false,Jasmine
1409,1409,false,Bear
1109,1109,false,Roxy
1873,1873,false,Precious
1842,1842,false,Taz
1464,1464,false,Rocky
222,222,false,Sadie
2410,2410,false,Luna
1862,1862,false,Cocoa
878,878,false,Misty
1269,1269,false,Taz
2081,2081,false,Lucky
1497,1497,false,Cooper
1502,1502,false,Oreo
2195,2195,false,Charlie
2762,2762,false,Murphy
2544,2544,false,Abby
1630,1630,false,Rusty
2512,2512,false,Harvey
2096,2096,false,Jasmine
883,883,false,Charlie
1528,1528,false,Jake
1953,1953,false,Patches
435,435,false,Sassy
2263,2263,false,Scooter
84,84,false,Molly
1617,1617,false,Marley
1702,1702,false,Sadie
2891,2891,false,Murphy
389,389,false,Oscar
161,161,false,Shelby
1651,1651,false,Coco
947,947,false,Sam
411,411,false,Cody
1826,1826,false,Rusty
2559,2559,false,Shadow
130,130,false,Lola
1955,1955,false,Rosie
2663,2663,false,Zoe
1784,1784,false,Diamond
1997,1997,false,Penny
2095,2095,false,Bruno
2379,2379,false,Marley
977,977,false,Cookie
692,692,false,Missy
1185,1185,false,Molly
507,507,false,Pepper
47,47,false,Harley
2040,2040,false,Jasper
1441,1441,false,Sugar
2920,2920,false,Jack
511,511,false,Harvey
2632,2632,false,Belle
61,61,false,Dixie
2027,2027,false,Chico
405,405,false,Lily
1742,1742,false,Patches
2467,2467,false,Zoe
1259,1259,false,Charlie
1062,1062,false,Coco
650,650,false,Ginger
2364,2364,false,Rascal
2796,2796,false,Molly
2606,2606,false,Milo
2098,2098,false,Dakota
1012,1012,false,Brutus
400,400,false,Penny
1640,1640,false,Gracie
2019,2019,false,Diamond
2126,2126,false,Tyson
1504,1504,false,Snoopy
1534,1534,false,Cookie
2303,2303,false,Sam
2284,2284,false,Tank
184,184,false,Oscar
834,834,false,Brutus
2506,2506,false,Luna
1526,1526,false,Roxie
2474,2474,false,Lucy
1939,1939,false,Missy
2537,2537,false,Daisy
2769,2769,false,Belle
2589,2589,false,Honey
2735,2735,false,Missy
1213,1213,false,Shadow
1734,1734,false,Misty
982,982,false,Tank
2187,2187,false,Belle
1229,1229,false,Bella
606,606,false,Marley
406,406,false,Zoey
1384,1384,false,Cocoa
2214,2214,false,Zoey
1205,1205,false,Marley
728,728,false,Bear
1819,1819,false,Dixie
911,911,false,Bo
2055,2055,false,Lilly
953,953,false,Belle
1363,1363,false,Snickers
1238,1238,false,Oreo
1048,1048,false,Sophie
596,596,false,Jack
2155,2155,false,Zoey
1378,1378,false,Jake
2078,2078,false,Harvey
150,150,false,Baxter
768,768,false,Abby
2895,2895,false,Murphy
322,322,false,Scooter
101,101,false,Zoey
2881,2881,false,Oreo
2230,2230,false,Lola
2698,2698,false,Mia
702,702,false,Angel
428,428,false,Chico
1285,1285,false,Annie
1018,1018,false,Lady
65,65,false,Cookie
1197,1197,false,Buddy
1937,1937,false,Gracie
923,923,false,Casey
1475,1475,false,Bandit
1971,1971,false,Sammy
1137,1137,false,Roxie
827,827,false,Brutus
2164,2164,false,Casey
2075,2075,false,Cocoa
1513,1513,false,Lola
1779,1779,false,Baby
2457,2457,false,Sassy
2893,2893,false,Harvey
2469,2469,false,Zoey
1366,1366,false,Sammy
2668,2668,false,Sandy
1356,1356,false,Honey
1430,1430,false,Bella
2660,2660,false,Sasha
1655,1655,false,Milo
2057,2057,false,Cocoa
2936,2936,false,Sasha
1447,1447,false,Lily
1871,1871,false,Rex
647,647,false,Blue
1071,1071,false,Marley
2052,2052,false,Cody
2961,2961,false,Daisy
2725,2725,false,Abby
1726,1726,false,Sammy
2359,2359,false,Bandit
2923,2923,false,Molly
2369,2369,false,Oreo
951,951,false,Zoey
627,627,false,Snoopy
952,952,false,Patches
1643,1643,false,Oscar
1456,1456,false,Mia
2738,2738,false,Lily
213,213,false,Max
212,212,false,Diesel
2866,2866,false,Spike
2143,2143,false,Bailey
2363,2363,false,Belle
1864,1864,false,Lilly
1661,1661,false,Snickers
1750,1750,false,Charlie
2197,2197,false,Murphy
1972,1972,false,Lucy
1921,1921,false,Milo
2097,2097,false,Duke
404,404,false,Chloe
1049,1049,false,Lucky
1225,1225,false,Lily
599,599,false,Taz
2929,2929,false,Snickers
2463,2463,false,Jake
1376,1376,false,Lilly
1917,1917,false,Patches
2817,2817,false,Lady
2344,2344,false,Bailey
1915,1915,false,Belle
1222,1222,false,Buddy
1034,1034,false,Bubba
2888,2888,false,Cookie
2604,2604,false,Baxter
945,945,false,Dakota
917,917,false,Lily
2492,2492,false,Teddy
1098,1098,false,Rusty
382,382,false,Oreo
1562,1562,false,Charlie
2073,2073,false,Coco
1588,1588,false,Roxy
2691,2691,false,Chance
725,725,false,Casey
769,769,false,Sadie
8,8,false,Sophie
2049,2049,false,Precious
2063,2063,false,Rosie
2167,2167,false,Peanut
1106,1106,false,Coco
2183,2183,false,Bubba
1401,1401,false,Annie
1479,1479,false,Sassy
1605,1605,false,Dakota
867,867,false,Diesel
1706,1706,false,Taz
1448,1448,false,Jasper
2863,2863,false,Chloe
2166,2166,false,Casey
761,761,false,Gizmo
1325,1325,false,Sugar
395,395,false,Oreo
1473,1473,false,Belle
983,983,false,Bandit
1099,1099,false,Annie
1919,1919,false,Scooter
1727,1727,false,Diesel
316,316,false,Taz
1591,1591,false,Diamond
956,956,false,Bubba
1267,1267,false,Precious
2138,2138,false,Gizmo
960,960,false,Molly
2274,2274,false,Jake
2957,2957,false,Maggie
1367,1367,false,Coco
2208,2208,false,Chloe
146,146,false,Sadie
2491,2491,false,Baxter
906,906,false,Lucky
2552,2552,false,Zeus
2256,2256,false,Rosie
496,496,false,Taz
887,887,false,Rocky
2366,2366,false,Luna
1814,1814,false,Sparky
1179,1179,false,Taz
2255,2255,false,Duke
2636,2636,false,Bailey
2339,2339,false,Cookie
1433,1433,false,Dixie
1903,1903,false,Zoey
717,717,false,Roxie
2321,2321,false,Dixie
2089,2089,false,Chance
2844,2844,false,Peanut
1338,1338,false,Jack
1351,1351,false,Diesel
1028,1028,false,Lilly
1069,1069,false,Jasper
1712,1712,false,Lilly
2439,2439,false,Taz
1730,1730,false,Cookie
625,625,false,Angel
2163,2163,false,Casey
964,964,false,Zeus
1527,1527,false,Misty
1067,1067,false,Coco
83,83,false,Sophie
722,722,false,Jasmine
1905,1905,false,Shelby
109,109,false,Daisy
713,713,false,Jake
616,616,false,Penny
2777,2777,false,Belle
516,516,false,Lily
2353,2353,false,Snickers
1299,1299,false,Zoe
2102,2102,false,Murphy
396,396,false,Jack
587,587,false,Snoopy
2748,2748,false,Precious
524,524,false,Tank
2991,2991,false,Luna
1660,1660,false,Milo
164,164,false,Penny
1263,1263,false,Bubba
2459,2459,false,Dixie
2867,2867,false,Jack
542,542,false,Sammy
2151,2151,false,Blue
1160,1160,false,Belle
1550,1550,false,Rocky
2173,2173,false,Missy
2541,2541,false,Cooper
74,74,false,Princess
1670,1670,false,Chloe
1585,1585,false,Sassy
1868,1868,false,Marley
190,190,false,Jake
1524,1524,false,Chloe
1397,1397,false,Tyson
2655,2655,false,Jasmine
2992,2992,false,Dakota
570,570,false,Brutus
967,967,false,Mia
283,283,false,Bo
2550,2550,false,Max
2619,2619,false,Spike
1935,1935,false,Lucy
1168,1168,false,Bandit
1767,1767,false,Ginger
477,477,false,Roxie
1982,1982,false,Oreo
205,205,false,Rascal
2404,2404,false,Bailey
2951,2951,false,Snoopy
714,714,false,Cooper
554,554,false,Ginger
2112,2112,false,Misty
2703,2703,false,Peanut
362,362,false,Shadow
2997,2997,false,Sassy
1724,1724,false,Bubba
538,538,false,Angel
1218,1218,false,Penny
1489,1489,false,Bailey
324,324,false,Oreo
88,88,false,Patches
571,571,false,Bruno
1005,1005,false,Chance
1708,1708,false,Dakota
1030,1030,false,Molly
1573,1573,false,Maggie
253,253,false,Murphy
2037,2037,false,Buster
473,473,false,Sugar
788,788,false,Charlie
1239,1239,false,Lily
1621,1621,false,Murphy
914,914,false,Sadie
286,286,false,Shelby
1791,1791,false,Coco
1649,1649,false,Rosie
2029,2029,false,Lola
800,800,false,Oscar
862,862,false,Bear
64,64,false,Ruby
937,937,false,Rosie
2190,2190,false,Abby
2816,2816,false,Jake
720,720,false,Daisy
1146,1146,false,Mia
2894,2894,false,Lola
345,345,false,Rocky
1738,1738,false,Murphy
2334,2334,false,Charlie
1414,1414,false,Tucker
372,372,false,Duke
615,615,false,Mia
2243,2243,false,Ginger
907,907,false,Sophie
1087,1087,false,Lucy
2634,2634,false,Belle
1127,1127,false,Zeus
1342,1342,false,Zoey
124,124,false,Snoopy
26,26,false,Maggie
1755,1755,false,Penny
42,42,false,Luna
483,483,false,Lily
80,80,false,Oreo
2181,2181,false,Bear
1530,1530,false,Murphy
431,431,false,Rocky
2085,2085,false,Penny
2677,2677,false,Toby
2202,2202,false,Ginger
45,45,false,Riley
1760,1760,false,Casey
640,640,false,Roxie
2623,2623,false,Murphy
801,801,false,Sammy
1398,1398,false,Rascal
2391,2391,false,Princess
2916,2916,false,Luna
2212,2212,false,Brutus
2461,2461,false,Coco
2228,2228,false,Buddy
2737,2737,false,Maggie
1417,1417,false,Toby
210,210,false,Lady
1899,1899,false,Cocoa
1773,1773,false,Riley
1375,1375,false,Milo
1924,1924,false,Casey
458,458,false,Dixie
455,455,false,Lily
2343,2343,false,Teddy
433,433,false,Maggie
549,549,false,Abby
19,19,false,Charlie
2529,2529,false,Roxy
2304,2304,false,Diesel
1568,1568,false,Patches
523,523,false,Tyson
2025,2025,false,Peanut
860,860,false,Lucy
2313,2313,false,Rex
2224,2224,false,Baxter
2590,2590,false,Blue
1296,1296,false,Tyson
1194,1194,false,Harvey
2205,2205,false,Buddy
540,540,false,Zoey
2405,2405,false,Bailey
2272,2272,false,Lily
2234,2234,false,Annie
865,865,false,Shadow
716,716,false,Bella
478,478,false,Buster
1930,1930,false,Scooter
708,708,false,Molly
2723,2723,false,Molly
1220,1220,false,Bruno
367,367,false,Baxter
2296,2296,false,Cookie
1333,1333,false,Gizmo
2077,2077,false,Bear
687,687,false,Shadow
2149,2149,false,Missy
1902,1902,false,Peanut
569,569,false,Harley
1439,1439,false,Lola
296,296,false,Spike
2015,2015,false,Angel
298,298,false,Shadow
2902,2902,false,Sasha
1799,1799,false,Pepper
686,686,false,Scooter
1017,1017,false,Pepper
1415,1415,false,Tank
881,881,false,Milo
819,819,false,Tyson
381,381,false,Peanut
2582,2582,false,Murphy
1038,1038,false,Tyson
2732,2732,false,Sugar
187,187,false,Spike
782,782,false,Princess
2935,2935,false,Gracie
2092,2092,false,Zoey
353,353,false,Marley
2700,2700,false,Cody
1987,1987,false,Diamond
1004,1004,false,Brutus
348,348,false,Peanut
986,986,false,Lady
2133,2133,false,Molly
1700,1700,false,Sugar
2761,2761,false,Luna
1184,1184,false,Shelby
1163,1163,false,Lexi
276,276,false,Honey
612,612,false,Shelby
442,442,false,Missy
1512,1512,false,Coco
2786,2786,false,Sasha
2628,2628,false,Patches
1432,1432,false,Murphy
503,503,false,Jasmine
2631,2631,false,Tyson
732,732,false,Charlie
1974,1974,false,Cooper
783,783,false,Cocoa
786,786,false,Shelby
300,300,false,Cocoa
750,750,false,Rocky
25,25,false,Honey
2948,2948,false,Ginger
260,260,false,Sasha
89,89,false,Tyson
2476,2476,false,Lucky
1107,1107,false,Cooper
2264,2264,false,Abby
563,563,false,Murphy
1578,1578,false,Dakota
1403,1403,false,Bo
1310,1310,false,Bruno
1093,1093,false,Baby
2060,2060,false,Cooper
2715,2715,false,Coco
715,715,false,Taz
1805,1805,false,Bruno
1290,1290,false,Lady
2883,2883,false,Casey
1036,1036,false,Roxy
1242,1242,false,Cody
2514,2514,false,Riley
1480,1480,false,Diesel
2941,2941,false,Marley
973,973,false,Chloe
1815,1815,false,Sadie
2838,2838,false,Brutus
1961,1961,false,Angel
419,419,false,Luna
1741,1741,false,Baby
770,770,false,Rosie
1991,1991,false,Sasha
1558,1558,false,Bubba
609,609,false,Missy
30,30,false,Shelby
2676,2676,false,Teddy
2191,2191,false,Gizmo
263,263,false,Molly
2906,2906,false,Mia
122,122,false,Misty
2259,2259,false,Bailey
1254,1254,false,Chance
585,585,false,Tank
2175,2175,false,Cocoa
1823,1823,false,Sophie
325,325,false,Cooper
2995,2995,false,Snoopy
1666,1666,false,Lady
1082,1082,false,Rex
192,192,false,Rosie
2669,2669,false,Max
1460,1460,false,Harvey
2587,2587,false,Chance
2985,2985,false,Lexi
2705,2705,false,Chance
1050,1050,false,Snoopy
1875,1875,false,Cooper
869,869,false,Diesel
1122,1122,false,Bruno
2987,2987,false,Sophie
2542,2542,false,Max
955,955,false,Tucker
1145,1145,false,Harley
1763,1763,false,Bandit
2557,2557,false,Jasmine
2235,2235,false,Daisy
2872,2872,false,Riley
79,79,false,Lady
2842,2842,false,Sandy
1399,1399,false,Chico
2196,2196,false,Diesel
2918,2918,false,Maggie
1703,1703,false,Blue
565,565,false,Cocoa
2342,2342,false,Casey
710,710,false,Roxie
1682,1682,false,Annie
773,773,false,Sadie
1545,1545,false,Gizmo
2648,2648,false,Jasmine
1319,1319,false,Baxter
2743,2743,false,Casey
1594,1594,false,Misty
1051,1051,false,Patches
1491,1491,false,Diesel
641,641,false,Roxie
689,689,false,Cocoa
1006,1006,false,Zeus
2398,2398,false,Gizmo
2488,2488,false,Gizmo
1416,1416,false,Taz
1838,1838,false,Sasha
2130,2130,false,Maggie
423,423,false,Dixie
1054,1054,false,Riley
1616,1616,false,Angel
812,812,false,Penny
1901,1901,false,Zoey
277,277,false,Taz
2804,2804,false,Harley
729,729,false,Diamond
1781,1781,false,Shadow
2279,2279,false,Chico
2185,2185,false,Ruby
72,72,false,Mia
1355,1355,false,Harvey
2406,2406,false,Angel
980,980,false,Penny
310,310,false,Tyson
2244,2244,false,Baxter
1166,1166,false,Riley
2864,2864,false,Lilly
309,309,false,Snoopy
2171,2171,false,Milo
586,586,false,Bella
2349,2349,false,Precious
704,704,false,Gracie
2523,2523,false,Brutus
1129,1129,false,Shelby
2434,2434,false,Lola
2262,2262,false,Bear
2451,2451,false,Bruno
2017,2017,false,Rascal
2332,2332,false,Harvey
946,946,false,Tank
1172,1172,false,Oscar
141,141,false,Rocky
221,221,false,Sassy
678,678,false,Bo
392,392,false,Bubba
1411,1411,false,Milo
2240,2240,false,Scooter
2199,2199,false,Spike
1914,1914,false,Rascal
346,346,false,Lily
666,666,false,Chico
97,97,false,Precious
2106,2106,false,Chance
1216,1216,false,Diamond
607,607,false,Buster
2355,2355,false,Murphy
594,594,false,Penny
1887,1887,false,Bailey
2378,2378,false,Lily
1777,1777,false,Gracie
2426,2426,false,Bear
31,31,false,Angel
318,318,false,Belle
2495,2495,false,Diamond
936,936,false,Cocoa
1762,1762,false,Buster
2896,2896,false,Roxie
1321,1321,false,Chico
2978,2978,false,Max
2981,2981,false,Oscar
1552,1552,false,Rex
377,377,false,Buster
2711,2711,false,Snoopy
2220,2220,false,Baxter
321,321,false,Bailey
2682,2682,false,Zoe
2401,2401,false,Rocky
1669,1669,false,Angel
1243,1243,false,Molly
1757,1757,false,Ginger
785,785,false,Toby
2886,2886,false,Ginger
2722,2722,false,Rex
1801,1801,false,Tucker
1410,1410,false,Baxter
1298,1298,false,Max
1606,1606,false,Roxie
2042,2042,false,Roxy
1303,1303,false,Buddy
2331,2331,false,Milo
1100,1100,false,Dixie
792,792,false,Tyson
2678,2678,false,Jack
2875,2875,false,Missy
2281,2281,false,Teddy
1729,1729,false,Oscar
501,501,false,Lady
1151,1151,false,Jake
1506,1506,false,Spike
434,434,false,Max
379,379,false,Jake
858,858,false,Milo
610,610,false,Bandit
642,642,false,Bella
41,41,false,Max
1042,1042,false,Shadow
2044,2044,false,Sophie
2032,2032,false,Daisy
2932,2932,false,Mia
1244,1244,false,Coco
1097,1097,false,Ruby
916,916,false,Sammy
2238,2238,false,Ginger
2483,2483,false,Bandit
874,874,false,Cocoa
115,115,false,Buster
418,418,false,Milo
1340,1340,false,Cody
808,808,false,Dixie
855,855,false,Mia
1768,1768,false,Bandit
1922,1922,false,Lucky
155,155,false,Baxter
1191,1191,false,Daisy
1273,1273,false,Jake
759,759,false,Sammy
2850,2850,false,Ginger
1233,1233,false,Spike
2152,2152,false,Sammy
497,497,false,Lucky
2852,2852,false,Sparky
294,294,false,Buddy
2780,2780,false,Zoe
814,814,false,Daisy
969,969,false,Rusty
2170,2170,false,Annie
1314,1314,false,Penny
1716,1716,false,Buddy
2661,2661,false,Blue
2545,2545,false,Maggie
2599,2599,false,Blue
1707,1707,false,Misty
2563,2563,false,Peanut
1341,1341,false,Jake
2198,2198,false,Sparky
1691,1691,false,Milo
1589,1589,false,Rascal
1599,1599,false,Zeus
1954,1954,false,Jasper
2270,2270,false,Tyson
2646,2646,false,Sadie
2445,2445,false,Taz
1161,1161,false,Ruby
302,302,false,Misty
840,840,false,Abby
688,688,false,Bubba
386,386,false,Chance
2708,2708,false,Coco
2502,2502,false,Angel
2315,2315,false,Coco
2612,2612,false,Chance
724,724,false,Molly
2878,2878,false,Dixie
2184,2184,false,Jake
1118,1118,false,Pepper
1535,1535,false,Riley
957,957,false,Coco
2720,2720,false,Diamond
2925,2925,false,Jake
1068,1068,false,Princess
2177,2177,false,Lilly
471,471,false,Murphy
1072,1072,false,Sugar
2772,2772,false,Cooper
2597,2597,false,Annie
1029,1029,false,Snoopy
2437,2437,false,Sassy
2493,2493,false,Snickers
1671,1671,false,Cooper
1870,1870,false,Chance
2142,2142,false,Jake
2616,2616,false,Cody
1688,1688,false,Diamond
11,11,false,Bruno
274,274,false,Sammy
2551,2551,false,Lilly
2340,2340,false,Oscar
138,138,false,Sasha
583,583,false,Chloe
2314,2314,false,Luna
2543,2543,false,Murphy
2447,2447,false,Chance
1140,1140,false,Gracie
614,614,false,Toby
709,709,false,Sassy
1938,1938,false,Jasmine
197,197,false,Lola
727,727,false,Rex
1372,1372,false,Abby
742,742,false,Sam
2754,2754,false,Duke
415,415,false,Chico
1377,1377,false,Bruno
1089,1089,false,Peanut
576,576,false,Sparky
160,160,false,Cooper
2291,2291,false,Teddy
1736,1736,false,Dakota
679,679,false,Luna
2862,2862,false,Luna
249,249,false,Spike
1065,1065,false,Bruno
2305,2305,false,Baby
2327,2327,false,Tucker
295,295,false,Oreo
1913,1913,false,Sophie
604,604,false,Bo
2035,2035,false,Cooper
518,518,false,Peanut
2956,2956,false,Lola
2082,2082,false,Maggie
1110,1110,false,Sam
2059,2059,false,Rex
1647,1647,false,Jasper
265,265,false,Belle
1792,1792,false,Diamond
620,620,false,Snickers
476,476,false,Bruno
1002,1002,false,Bandit
182,182,false,Sasha
1468,1468,false,Lexi
993,993,false,Roxie
818,818,false,Rascal
1711,1711,false,Bear
2408,2408,false,Chance
2441,2441,false,Gracie
2478,2478,false,Tyson
1219,1219,false,Max
2897,2897,false,Diesel
2288,2288,false,Luna
2874,2874,false,Rusty
1618,1618,false,Tyson
872,872,false,Lucy
171,171,false,Bear
700,700,false,Cocoa
588,588,false,Baxter
1240,1240,false,Jasmine
2421,2421,false,Casey
1898,1898,false,Cooper
1883,1883,false,Roxy
2986,2986,false,Zoe
668,668,false,Diamond
248,248,false,Gracie
2553,2553,false,Diamond
2556,2556,false,Lexi
1658,1658,false,Riley
1074,1074,false,Dakota
315,315,false,Cocoa
1270,1270,false,Sophie
1009,1009,false,Lucky
1926,1926,false,Lady
250,250,false,Jake
149,149,false,Mia
1714,1714,false,Tucker
1458,1458,false,Dixie
426,426,false,Bruno
1007,1007,false,Spike
1404,1404,false,Bear
2617,2617,false,Buddy
2800,2800,false,Lola
1334,1334,false,Zeus
39,39,false,Lexi
2074,2074,false,Jasper
2827,2827,false,Lilly
2673,2673,false,Riley
1796,1796,false,Bo
1080,1080,false,Abby
1515,1515,false,Chico
2640,2640,false,Lily
480,480,false,Tank
1339,1339,false,Cooper
1816,1816,false,Tucker
2924,2924,false,Teddy
978,978,false,Teddy
2633,2633,false,Lady
871,871,false,Tyson
2427,2427,false,Spike
2361,2361,false,Harvey
2983,2983,false,Chico
2892,2892,false,Duke
1253,1253,false,Precious
1994,1994,false,Dixie
562,562,false,Annie
15,15,false,Dixie
78,78,false,Ruby
1854,1854,false,Lola
823,823,false,Patches
2206,2206,false,Brutus
424,424,false,Bubba
1300,1300,false,Lily
2013,2013,false,Oreo
2899,2899,false,Daisy
2826,2826,false,Rusty
1580,1580,false,Rex
492,492,false,Buddy
2030,2030,false,Chico
1353,1353,false,Cody
2083,2083,false,Diamond
2123,2123,false,Roxy
2576,2576,false,Cody
651,651,false,Cody
2420,2420,false,Lily
232,232,false,Oreo
913,913,false,Buddy
1876,1876,false,Sparky
1999,1999,false,Sadie
2022,2022,false,Harvey
413,413,false,Sandy
534,534,false,Ruby
1981,1981,false,Ginger
2497,2497,false,Lola
441,441,false,Peanut
846,846,false,Shadow
2510,2510,false,Roxy
1809,1809,false,Gizmo
2058,2058,false,Jake
1735,1735,false,Roxy
1056,1056,false,Harvey
2609,2609,false,Cody
1045,1045,false,Diesel
73,73,false,Jasper
1813,1813,false,Harley
2625,2625,false,Bailey
1198,1198,false,Lola
895,895,false,Tank
2496,2496,false,Snickers
2856,2856,false,Roxy
1571,1571,false,Annie
1960,1960,false,Dixie
2963,2963,false,Duke
2724,2724,false,Teddy
2252,2252,false,Chance
1646,1646,false,Annie
1613,1613,false,Murphy
1653,1653,false,Brutus
255,255,false,Max
2958,2958,false,Penny
2124,2124,false,Molly
1956,1956,false,Baby
2028,2028,false,Buddy
698,698,false,Oscar
1195,1195,false,Lily
1033,1033,false,Lilly
2988,2988,false,Bailey
342,342,false,Gizmo
921,921,false,Scooter
2879,2879,false,Rascal
1949,1949,false,Misty
2080,2080,false,Bo
657,657,false,Gracie
196,196,false,Jake
193,193,false,Misty
1850,1850,false,Rex
670,670,false,Sophie
2219,2219,false,Penny
2511,2511,false,Lucky
268,268,false,Ginger
2656,2656,false,Jasper
207,207,false,Rocky
2843,2843,false,Bubba
1348,1348,false,Princess
1245,1245,false,Chance
2645,2645,false,Lily
2573,2573,false,Milo
1237,1237,false,Sophie
1255,1255,false,Lucy
1848,1848,false,Sandy
841,841,false,Sandy
256,256,false,Rocky
1925,1925,false,Teddy
659,659,false,Blue
341,341,false,Sparky
486,486,false,Jasmine
1696,1696,false,Bo
169,169,false,Mia
1542,1542,false,Daisy
1317,1317,false,Marley
2091,2091,false,Molly
147,147,false,Gracie
468,468,false,Gracie
1011,1011,false,Sandy
743,743,false,Bo
2820,2820,false,Lucky
474,474,false,Sugar
831,831,false,Ruby
