child_id,client_id,deleted,pet_name
985,985,false,Gizmo
1423,1423,false,Rex
583,583,false,Diamond
1642,1642,false,Snoopy
700,700,false,Blue
707,707,false,Rusty
416,416,false,Sophie
696,696,false,Zoey
1296,1296,false,Roxie
1116,1116,false,Marley
1354,1354,false,Lilly
1204,1204,false,Cody
1648,1648,false,Lilly
1969,1969,false,Charlie
1428,1428,false,Riley
485,485,false,Jasmine
1632,1632,false,Jake
88,88,false,Lexi
1566,1566,false,Roxie
279,279,false,Lucky
1591,1591,false,Riley
1137,1137,false,Rusty
1461,1461,false,Bubba
760,760,false,Luna
943,943,false,Teddy
1382,1382,false,Belle
1809,1809,false,Chico
1708,1708,false,Duke
1078,1078,false,Sparky
1090,1090,false,Diamond
1577,1577,false,Blue
508,508,false,Diamond
1903,1903,false,Sugar
1064,1064,false,Zoey
585,585,false,Princess
233,233,false,Dixie
1675,1675,false,Patches
1722,1722,false,Bruno
888,888,false,Bruno
1066,1066,false,Oreo
1906,1906,false,Chico
1630,1630,false,Rocky
1108,1108,false,Peanut
1357,1357,false,Taz
1838,1838,false,Tyson
1720,1720,false,Jack
808,808,false,Gizmo
387,387,false,Princess
727,727,false,Coco
1036,1036,false,Annie
1563,1563,false,Jasper
342,342,false,Precious
1866,1866,false,Marley
448,448,false,Misty
1067,1067,false,Jasmine
276,276,false,Abby
1481,1481,false,Maggie
39,39,false,Pepper
1372,1372,false,Jake
1018,1018,false,Zeus
669,669,false,Chance
606,606,false,Penny
1768,1768,false,Chance
1527,1527,false,Penny
1013,1013,false,Tank
829,829,false,Snickers
57,57,false,Lola
252,252,false,Zoey
1003,1003,false,Rex
564,564,false,Oreo
548,548,false,Gracie
1967,1967,false,Lexi
208,208,false,Zeus
646,646,false,Rascal
1898,1898,false,Marley
1119,1119,false,Lucky
757,757,false,Shelby
715,715,false,Cooper
1818,1818,false,Snoopy
163,163,false,Rocky
1782,1782,false,Bruno
1437,1437,false,Tank
1001,1001,false,Spike
813,813,false,Bella
1131,1131,false,Riley
184,184,false,Rascal
235,235,false,Scooter
1374,1374,false,Lola
545,545,false,Harley
52,52,false,Baxter
206,206,false,Bear
855,855,false,Lady
301,301,false,Cody
1070,1070,false,Lady
972,972,false,Sophie
225,225,false,Casey
883,883,false,Oreo
1295,1295,false,Baby
128,128,false,Tucker
541,541,false,Dixie
1647,1647,false,Angel
290,290,false,Roxy
1098,1098,false,Teddy
514,514,false,Pepper
1633,1633,false,Sassy
420,420,false,Duke
1767,1767,false,Cookie
1956,1956,false,Daisy
319,319,false,Casey
1801,1801,false,Lucy
872,872,false,Lucy
1617,1617,false,Charlie
877,877,false,Sam
580,580,false,Rocky
1685,1685,false,Duke
98,98,false,Rascal
1452,1452,false,Diesel
1568,1568,false,Oreo
1432,1432,false,Pepper
1283,1283,false,Shelby
853,853,false,Harvey
1641,1641,false,Riley
1733,1733,false,Sammy
180,180,false,Cocoa
748,748,false,Tucker
1651,1651,false,Bandit
1376,1376,false,Baby
1353,1353,false,Marley
974,974,false,Luna
1227,1227,false,Misty
1598,1598,false,Roxy
354,354,false,Gizmo
500,500,false,Snoopy
1072,1072,false,Zeus
1165,1165,false,Buddy
1799,1799,false,Sparky
1607,1607,false,Taz
1107,1107,false,Diesel
1034,1034,false,Scooter
616,616,false,Sophie
1019,1019,false,Bear
414,414,false,Misty
1997,1997,false,Annie
1855,1855,false,Pepper
602,602,false,Diamond
992,992,false,Lucky
933,933,false,Sadie
1359,1359,false,Ginger
31,31,false,Brutus
751,751,false,Dakota
1440,1440,false,Princess
68,68,false,Rocky
1843,1843,false,Jake
1758,1758,false,Max
1087,1087,false,Molly
1471,1471,false,Bo
270,270,false,Scooter
150,150,false,Coco
1634,1634,false,Princess
338,338,false,Rascal
780,780,false,Harley
983,983,false,Sugar
78,78,false,Sam
863,863,false,Annie
1386,1386,false,Zoe
1747,1747,false,Max
2003,2003,false,Bo
188,188,false,Bandit
1635,1635,false,Sandy
1114,1114,false,Bo
1871,1871,false,Sadie
1421,1421,false,Daisy
502,502,false,Belle
223,223,false,Lucy
2001,2001,false,Tucker
907,907,false,Angel
1239,1239,false,Bruno
1659,1659,false,Oreo
1395,1395,false,Cooper
1824,1824,false,Zoey
624,624,false,Harley
1051,1051,false,Jasmine
1978,1978,false,Tucker
917,917,false,Patches
1918,1918,false,Cookie
44,44,false,Luna
1220,1220,false,Teddy
1902,1902,false,Misty
198,198,false,Penny
272,272,false,Casey
1636,1636,false,Belle
1592,1592,false,Brutus
1741,1741,false,Dixie
227,227,false,Daisy
1161,1161,false,Snickers
1748,1748,false,Brutus
849,849,false,Rascal
773,773,false,Bear
908,908,false,Diamond
1337,1337,false,Harvey
1933,1933,false,Cooper
810,810,false,Ginger
887,887,false,Buddy
1463,1463,false,Roxie
1742,1742,false,Gracie
1484,1484,false,Angel
902,902,false,Cooper
1373,1373,false,Max
1416,1416,false,Peanut
1603,1603,false,Cody
861,861,false,Rascal
934,934,false,Jack
1113,1113,false,Bella
692,692,false,Zoe
1243,1243,false,Zeus
411,411,false,Baxter
142,142,false,Diamond
1250,1250,false,Charlie
661,661,false,Baby
1861,1861,false,Baby
1916,1916,false,Peanut
1407,1407,false,Buster
386,386,false,Tyson
1132,1132,false,Bo
17,17,false,Cookie
73,73,false,Bruno
721,721,false,Misty
250,250,false,Sadie
1489,1489,false,Bear
1760,1760,false,Precious
1308,1308,false,Teddy
1756,1756,false,Lilly
182,182,false,Sasha
1342,1342,false,Buddy
1880,1880,false,Sam
1479,1479,false,Brutus
989,989,false,Jack
433,433,false,Ginger
1889,1889,false,Ginger
1128,1128,false,Bandit
1970,1970,false,Chloe
1149,1149,false,Cookie
1585,1585,false,Baxter
286,286,false,Sassy
1073,1073,false,Snoopy
619,619,false,Bubba
1450,1450,false,Bruno
733,733,false,Sugar
1575,1575,false,Taz
1525,1525,false,Chance
399,399,false,Tank
1691,1691,false,Bo
28,28,false,Buddy
820,820,false,Gracie
2009,2009,false,Charlie
814,814,false,Diamond
1366,1366,false,Sparky
1170,1170,false,Misty
716,716,false,Coco
455,455,false,Annie
767,767,false,Roxy
575,575,false,Snoopy
1222,1222,false,Jack
681,681,false,Sasha
1865,1865,false,Buddy
1048,1048,false,Bubba
862,862,false,Blue
699,699,false,Tank
570,570,false,Cody
631,631,false,Tyson
996,996,false,Tyson
1679,1679,false,Duke
76,76,false,Rascal
1252,1252,false,Sassy
186,186,false,Max
1309,1309,false,Sasha
932,932,false,Daisy
1963,1963,false,Lexi
770,770,false,Bruno
954,954,false,Rusty
169,169,false,Sadie
698,698,false,Rusty
1234,1234,false,Lexi
280,280,false,Lilly
472,472,false,Max
1025,1025,false,Daisy
314,314,false,Buddy
836,836,false,Bruno
1197,1197,false,Lola
494,494,false,Rex
1947,1947,false,Bear
1998,1998,false,Murphy
1135,1135,false,Sassy
106,106,false,Cocoa
1668,1668,false,Rusty
639,639,false,Bear
244,244,false,Bo
151,151,false,Precious
362,362,false,Honey
1709,1709,false,Lexi
1201,1201,false,Blue
322,322,false,Jasmine
1829,1829,false,Rex
1207,1207,false,Bella
740,740,false,Cocoa
1075,1075,false,Honey
1192,1192,false,Teddy
1717,1717,false,Lola
1877,1877,false,Bo
1363,1363,false,Lola
1130,1130,false,Charlie
1237,1237,false,Milo
900,900,false,Bandit
1730,1730,false,Jake
120,120,false,Sadie
984,984,false,Rex
1406,1406,false,Bella
490,490,false,Tank
1638,1638,false,Abby
293,293,false,Dixie
1232,1232,false,Abby
635,635,false,Diamond
334,334,false,Maggie
1274,1274,false,Lucky
625,625,false,Chico
1605,1605,false,Sandy
214,214,false,Baby
1007,1007,false,Pepper
172,172,false,Bailey
1000,1000,false,Annie
69,69,false,Roxy
816,816,false,Rocky
1221,1221,false,Cody
347,347,false,Abby
1564,1564,false,Zoey
891,891,false,Ruby
1798,1798,false,Dakota
1509,1509,false,Chance
534,534,false,Cooper
1502,1502,false,Ruby
1166,1166,false,Luna
236,236,false,Lilly
1817,1817,false,Harvey
1186,1186,false,Riley
857,857,false,Diesel
641,641,false,Oreo
677,677,false,Belle
1523,1523,false,Murphy
1944,1944,false,Missy
1821,1821,false,Tucker
402,402,false,Sasha
805,805,false,Diesel
918,918,false,Brutus
1694,1694,false,Snoopy
1212,1212,false,Lexi
1992,1992,false,Angel
1721,1721,false,Misty
1183,1183,false,Patches
1759,1759,false,Zoey
741,741,false,Jake
419,419,false,Pepper
1188,1188,false,Cooper
1200,1200,false,Zeus
1235,1235,false,Snickers
1208,1208,false,Sadie
1935,1935,false,Ginger
775,775,false,Baxter
743,743,false,Riley
873,873,false,Bailey
263,263,false,Sandy
560,560,false,Lucky
2006,2006,false,Blue
10,10,false,Ruby
1613,1613,false,Sassy
1030,1030,false,Sasha
143,143,false,Buddy
1465,1465,false,Sandy
1655,1655,false,Shadow
1968,1968,false,Jasper
395,395,false,Tank
62,62,false,Teddy
483,483,false,Mia
58,58,false,Ruby
1270,1270,false,Bella
750,750,false,Tucker
858,858,false,Harley
1545,1545,false,Gracie
1827,1827,false,Duke
20,20,false,Abby
607,607,false,Casey
945,945,false,Luna
274,274,false,Harvey
109,109,false,Tucker
401,401,false,Marley
562,562,false,Murphy
1586,1586,false,Dakota
886,886,false,Rusty
1919,1919,false,Jasper
1044,1044,false,Milo
1466,1466,false,Snoopy
1056,1056,false,Zoey
544,544,false,Lily
136,136,false,Teddy
1397,1397,false,Snickers
867,867,false,Zeus
1514,1514,false,Angel
1878,1878,false,Tyson
1990,1990,false,Zeus
667,667,false,Casey
1582,1582,false,Oreo
154,154,false,Peanut
1086,1086,false,Sandy
1595,1595,false,Molly
598,598,false,Lola
1241,1241,false,Marley
1205,1205,false,Precious
1665,1665,false,Rascal
1610,1610,false,Maggie
1752,1752,false,Dixie
522,522,false,Roxy
123,123,false,Pepper
256,256,false,Blue
140,140,false,Oscar
32,32,false,Roxy
209,209,false,Belle
407,407,false,Missy
1940,1940,false,Bruno
1644,1644,false,Gizmo
444,444,false,Diamond
1185,1185,false,Cody
840,840,false,Penny
826,826,false,Rocky
1572,1572,false,Pepper
608,608,false,Chloe
978,978,false,Max
702,702,false,Oscar
183,183,false,Angel
1393,1393,false,Dakota
1196,1196,false,Rusty
1891,1891,false,Ginger
1417,1417,false,Riley
852,852,false,Patches
1405,1405,false,Peanut
1820,1820,false,Bear
1298,1298,false,Lucy
1391,1391,false,Honey
1022,1022,false,Sophie
540,540,false,Brutus
1698,1698,false,Chloe
378,378,false,Molly
392,392,false,Gizmo
11,11,false,Rusty
856,856,false,Dakota
1384,1384,false,Shadow
1255,1255,false,Belle
1211,1211,false,Charlie
1438,1438,false,Abby
266,266,false,Angel
957,957,false,Belle
1757,1757,false,Oscar
330,330,false,Buster
1895,1895,false,Milo
1728,1728,false,Oscar
923,923,false,Rosie
157,157,false,Patches
221,221,false,Shelby
941,941,false,Zeus
1616,1616,false,Spike
1014,1014,false,Marley
695,695,false,Toby
1411,1411,false,Dakota
332,332,false,Taz
1556,1556,false,Cookie
1420,1420,false,Bear
909,909,false,Jasper
315,315,false,Rosie
1615,1615,false,Brutus
1176,1176,false,Murphy
1494,1494,false,Sam
1609,1609,false,Annie
1695,1695,false,Belle
800,800,false,Rocky
846,846,false,Lady
1738,1738,false,Penny
518,518,false,Buster
1631,1631,false,Jasper
1175,1175,false,Sasha
1710,1710,false,Patches
1581,1581,false,Bear
587,587,false,Bandit
1317,1317,false,Sandy
1851,1851,false,Rusty
1914,1914,false,Bruno
105,105,false,Taz
327,327,false,Annie
648,648,false,Annie
1965,1965,false,Angel
1209,1209,false,Cody
1180,1180,false,Belle
64,64,false,Gizmo
823,823,false,Lexi
1487,1487,false,Rascal
979,979,false,Sam
1897,1897,false,Ruby
1526,1526,false,Lilly
413,413,false,Mia
752,752,false,Riley
511,511,false,Taz
145,145,false,Chloe
1076,1076,false,Milo
1508,1508,false,Jack
1921,1921,false,Sammy
1398,1398,false,Molly
215,215,false,Shadow
34,34,false,Bubba
1378,1378,false,Ruby
1794,1794,false,Harvey
1800,1800,false,Duke
138,138,false,Dixie
466,466,false,Lucky
1123,1123,false,Ginger
49,49,false,Marley
588,588,false,Riley
316,316,false,Jack
1863,1863,false,Lola
1427,1427,false,Scooter
975,975,false,Oreo
351,351,false,Tucker
1068,1068,false,Shelby
712,712,false,Ginger
536,536,false,Zoe
516,516,false,Zeus
86,86,false,Baxter
42,42,false,Rocky
202,202,false,Blue
1027,1027,false,Penny
358,358,false,Lily
366,366,false,Dakota
1583,1583,false,Lola
969,969,false,Rex
1896,1896,false,Lily
1339,1339,false,Lexi
1922,1922,false,Milo
460,460,false,Cookie
165,165,false,Buddy
2,2,false,Angel
1825,1825,false,Abby
682,682,false,Zoey
927,927,false,Bubba
638,638,false,Princess
512,512,false,Chico
1311,1311,false,Peanut
703,703,false,Bailey
1723,1723,false,Rex
1390,1390,false,Rex
1512,1512,false,Chico
4,4,false,Missy
18,18,false,Cookie
1112,1112,false,Patches
451,451,false,Oscar
1955,1955,false,Baby
1265,1265,false,Bailey
1280,1280,false,Bo
1594,1594,false,Milo
1246,1246,false,Honey
1238,1238,false,Zoe
843,843,false,Lucy
247,247,false,Toby
1167,1167,false,Cocoa
1057,1057,false,Harley
1362,1362,false,Molly
1099,1099,false,Tyson
1287,1287,false,Charlie
1830,1830,false,Toby
1233,1233,false,Duke
672,672,false,Sandy
2000,2000,false,Rascal
1729,1729,false,Riley
1973,1973,false,Taz
1286,1286,false,Riley
1190,1190,false,Oreo
296,296,false,Rosie
1409,1409,false,Diesel
513,513,false,Roxy
1340,1340,false,Penny
245,245,false,Zeus
33,33,false,Oscar
720,720,false,Cody
603,603,false,Gizmo
260,260,false,Shelby
1822,1822,false,Harvey
1060,1060,false,Mia
615,615,false,Sandy
1248,1248,false,Diamond
1714,1714,false,Chance
1622,1622,false,Diamond
913,913,false,Snickers
898,898,false,Sasha
152,152,false,Jake
461,461,false,Daisy
1971,1971,false,Roxy
374,374,false,Bear
1516,1516,false,Diamond
675,675,false,Precious
115,115,false,Oreo
1612,1612,false,Harvey
210,210,false,Rex
1826,1826,false,Tucker
759,759,false,Mia
1689,1689,false,Missy
878,878,false,Baby
1136,1136,false,Chico
1103,1103,false,Bella
1125,1125,false,Sandy
199,199,false,Sasha
629,629,false,Casey
668,668,false,Gizmo
1430,1430,false,Ruby
1574,1574,false,Sandy
1,1,false,Zeus
1312,1312,false,Bailey
1080,1080,false,Sugar
43,43,false,Diesel
1555,1555,false,Oscar
1537,1537,false,Lexi
971,971,false,Princess
1520,1520,false,Gracie
876,876,false,Pepper
946,946,false,Sammy
1352,1352,false,Sandy
1544,1544,false,Misty
1939,1939,false,Lily
610,610,false,Sasha
2005,2005,false,Sparky
1926,1926,false,Sugar
1284,1284,false,Misty
1601,1601,false,Max
542,542,false,Roxie
1777,1777,false,Oreo
526,526,false,Buddy
1441,1441,false,Murphy
664,664,false,Casey
612,612,false,Bo
781,781,false,Cody
1318,1318,false,Rocky
977,977,false,Chance
504,504,false,Harvey
1126,1126,false,Missy
1138,1138,false,Missy
381,381,false,Dakota
914,914,false,Cocoa
1513,1513,false,Cody
1787,1787,false,Bailey
126,126,false,Dixie
925,925,false,Murphy
1823,1823,false,Marley
1472,1472,false,Riley
1727,1727,false,Max
1210,1210,false,Peanut
82,82,false,Zeus
586,586,false,Roxy
722,722,false,Oscar
1474,1474,false,Murphy
684,684,false,Buddy
477,477,false,Chloe
566,566,false,Coco
1952,1952,false,Buddy
815,815,false,Buster
777,777,false,Jake
1890,1890,false,Gracie
1643,1643,false,Harvey
779,779,false,Harley
1267,1267,false,Brutus
1333,1333,false,Sophie
1932,1932,false,Baxter
956,956,false,Chance
931,931,false,Sammy
1142,1142,false,Dakota
299,299,false,Spike
1258,1258,false,Shadow
1511,1511,false,Peanut
1960,1960,false,Chance
1394,1394,false,Ruby
1024,1024,false,Zoe
880,880,false,Gizmo
1037,1037,false,Charlie
926,926,false,Sadie
1735,1735,false,Jasmine
1365,1365,false,Precious
1271,1271,false,Gizmo
543,543,false,Maggie
595,595,false,Lola
505,505,false,Sasha
54,54,false,Diamond
1017,1017,false,Rascal
1415,1415,false,Lucky
705,705,false,Dakota
1319,1319,false,Roxy
1860,1860,false,Bruno
390,390,false,Jack
1927,1927,false,Missy
369,369,false,Chance
982,982,false,Chance
1371,1371,false,Marley
265,265,false,Cocoa
1915,1915,false,Sassy
12,12,false,Lola
1924,1924,false,Oscar
1995,1995,false,Lily
710,710,false,Charlie
868,868,false,Roxie
1434,1434,false,Tyson
1515,1515,false,Lexi
576,576,false,Sparky
916,916,false,Riley
92,92,false,Blue
1368,1368,false,Bella
1456,1456,false,Lily
111,111,false,Spike
1576,1576,false,Buddy
1408,1408,false,Shelby
657,657,false,Honey
1276,1276,false,Chloe
1734,1734,false,Harley
1059,1059,false,Lola
1193,1193,false,Diamond
650,650,false,Bandit
1839,1839,false,Rascal
1172,1172,false,Teddy
173,173,false,Rascal
1401,1401,false,Angel
1900,1900,false,Ruby
1301,1301,false,Snickers
1687,1687,false,Milo
1453,1453,false,Honey
1010,1010,false,Casey
860,860,false,Cooper
1857,1857,false,Cookie
292,292,false,Cody
953,953,false,Lady
865,865,false,Sandy
406,406,false,Spike
1247,1247,false,Penny
988,988,false,Sandy
634,634,false,Rascal
1653,1653,false,Jack
553,553,false,Chloe
1608,1608,false,Pepper
1951,1951,false,Shadow
515,515,false,Coco
1724,1724,false,Brutus
1504,1504,false,Cody
1436,1436,false,Roxy
1069,1069,false,Tucker
1791,1791,false,Snickers
350,350,false,Maggie
1784,1784,false,Snoopy
317,317,false,Max
1982,1982,false,Roxie
464,464,false,Roxy
1324,1324,false,Diamond
122,122,false,Roxy
1231,1231,false,Scooter
345,345,false,Missy
1828,1828,false,Missy
676,676,false,Lily
678,678,false,Luna
739,739,false,Marley
1092,1092,false,Ruby
435,435,false,Rocky
763,763,false,Bandit
465,465,false,Max
1737,1737,false,Casey
1451,1451,false,Gizmo
1618,1618,false,Lexi
1147,1147,false,Jack
1224,1224,false,Dakota
874,874,false,Sugar
1907,1907,false,Max
96,96,false,Zoey
1972,1972,false,Shadow
1587,1587,false,Penny
467,467,false,Snoopy
429,429,false,Duke
1115,1115,false,Chloe
187,187,false,Riley
1182,1182,false,Buddy
368,368,false,Lady
1993,1993,false,Tyson
1686,1686,false,Princess
1347,1347,false,Cody
783,783,false,Taz
734,734,false,Misty
61,61,false,Coco
498,498,false,Cody
1697,1697,false,Sparky
1251,1251,false,Princess
1242,1242,false,Milo
1300,1300,false,Bruno
1802,1802,false,Toby
591,591,false,Rosie
747,747,false,Baby
554,554,false,Rusty
1459,1459,false,Patches
353,353,false,Jack
1925,1925,false,Daisy
450,450,false,Sassy
1050,1050,false,Honey
1460,1460,false,Diamond
1684,1684,false,Lilly
139,139,false,Tank
1505,1505,false,Riley
1874,1874,false,Missy
1084,1084,false,Gracie
1986,1986,false,Cocoa
213,213,false,Gracie
577,577,false,Teddy
190,190,false,Sandy
380,380,false,Riley
663,663,false,Annie
796,796,false,Rocky
535,535,false,Sasha
1040,1040,false,Abby
1475,1475,false,Chloe
376,376,false,Sasha
1640,1640,false,Jake
1749,1749,false,Milo
1348,1348,false,Bubba
1535,1535,false,Lady
1780,1780,false,Zoe
673,673,false,Cocoa
1344,1344,false,Buddy
312,312,false,Chance
1909,1909,false,Penny
297,297,false,Luna
174,174,false,Charlie
1899,1899,false,Murphy
611,611,false,Molly
1047,1047,false,Roxie
1879,1879,false,Rusty
632,632,false,Sophie
7,7,false,Scooter
1994,1994,false,Buddy
1043,1043,false,Patches
736,736,false,Milo
1334,1334,false,Harvey
203,203,false,Bubba
1404,1404,false,Luna
753,753,false,Jasmine
950,950,false,Ruby
1278,1278,false,Lucky
1320,1320,false,Taz
303,303,false,Patches
50,50,false,Sammy
1191,1191,false,Ginger
1335,1335,false,Snoopy
1293,1293,false,Zoey
798,798,false,Diesel
1533,1533,false,Tyson
1268,1268,false,Ruby
1499,1499,false,Roxy
1263,1263,false,Baxter
427,427,false,Sophie
1532,1532,false,Sophie
1833,1833,false,Sassy
156,156,false,Casey
1539,1539,false,Bo
1667,1667,false,Rocky
711,711,false,Molly
1493,1493,false,Precious
807,807,false,Roxy
730,730,false,Shadow
851,851,false,Missy
384,384,false,Snickers
719,719,false,Charlie
394,394,false,Bruno
1929,1929,false,Lilly
1814,1814,false,Rusty
1486,1486,false,Daisy
848,848,false,Chance
457,457,false,Jasmine
654,654,false,Teddy
547,547,false,Brutus
491,491,false,Lexi
1100,1100,false,Ruby
1884,1884,false,Diamond
1841,1841,false,Zoe
1260,1260,false,Cooper
837,837,false,Chico
2004,2004,false,Sasha
65,65,false,Mia
1848,1848,false,Bubba
795,795,false,Precious
84,84,false,Snickers
1528,1528,false,Marley
1071,1071,false,Missy
179,179,false,Scooter
1562,1562,false,Snickers
1923,1923,false,Tank
614,614,false,Cookie
961,961,false,Baby
257,257,false,Bandit
732,732,false,Jasmine
480,480,false,Cookie
579,579,false,Jack
765,765,false,Rascal
240,240,false,Rosie
735,735,false,Oscar
890,890,false,Toby
1862,1862,false,Sandy
794,794,false,Sassy
1106,1106,false,Pepper
869,869,false,Mia
1964,1964,false,Rocky
597,597,false,Bo
1198,1198,false,Gizmo
1433,1433,false,Casey
782,782,false,Rascal
248,248,false,Jake
1776,1776,false,Princess
955,955,false,Toby
1213,1213,false,Bubba
1358,1358,false,Oreo
475,475,false,Cooper
1380,1380,false,Maggie
1711,1711,false,Sassy
81,81,false,Milo
967,967,false,Coco
1554,1554,false,Bailey
762,762,false,Oreo
1181,1181,false,Baxter
812,812,false,Snoopy
1936,1936,false,Gracie
1928,1928,false,Bailey
14,14,false,Charlie
1888,1888,false,Gizmo
329,329,false,Buddy
72,72,false,Shadow
1692,1692,false,Chloe
825,825,false,Bandit
1096,1096,false,Tank
2007,2007,false,Sophie
903,903,false,Marley
278,278,false,Mia
1649,1649,false,Misty
1552,1552,false,Bear
1148,1148,false,Sasha
1462,1462,false,Casey
1957,1957,false,Marley
604,604,false,Snoopy
125,125,false,Tyson
1164,1164,false,Duke
994,994,false,Teddy
838,838,false,Zeus
1177,1177,false,Rex
772,772,false,Rex
1444,1444,false,Lucky
1442,1442,false,Lucy
1379,1379,false,Rascal
630,630,false,Diesel
1561,1561,false,Jasper
470,470,false,Sasha
238,238,false,Dixie
1858,1858,false,Scooter
1999,1999,false,Maggie
216,216,false,Shelby
660,660,false,Chloe
191,191,false,Lucky
885,885,false,Patches
193,193,false,Cody
90,90,false,Pepper
1985,1985,false,Cocoa
904,904,false,Bandit
113,113,false,Buddy
1168,1168,false,Tank
1202,1202,false,Sandy
41,41,false,Lucy
1139,1139,false,Ginger
833,833,false,Roxy
1082,1082,false,Tucker
361,361,false,Maggie
1558,1558,false,Zoey
1580,1580,false,Rusty
1743,1743,false,Cooper
1840,1840,false,Luna
1331,1331,false,Chance
1847,1847,false,Bailey
627,627,false,Zoe
771,771,false,Tucker
801,801,false,Honey
268,268,false,Sam
987,987,false,Lily
1429,1429,false,Chloe
1602,1602,false,Sophie
1033,1033,false,Rascal
617,617,false,Precious
443,443,false,Precious
133,133,false,Lucky
161,161,false,Annie
1146,1146,false,Tyson
870,870,false,Marley
1259,1259,false,Roxy
1599,1599,false,Ginger
486,486,false,Sassy
112,112,false,Gizmo
1485,1485,false,Tank
520,520,false,Missy
396,396,false,Patches
1102,1102,false,Brutus
1144,1144,false,Oreo
895,895,false,Buddy
1261,1261,false,Bubba
1868,1868,false,Buddy
474,474,false,Mia
642,642,false,Belle
405,405,false,Brutus
1402,1402,false,Sadie
935,935,false,Oreo
130,130,false,Sadie
1948,1948,false,Cooper
674,674,false,Max
1285,1285,false,Abby
1766,1766,false,Pepper
1930,1930,false,Tucker
1282,1282,false,Brutus
388,388,false,Snickers
1008,1008,false,Chloe
1383,1383,false,Cooper
1253,1253,false,Jasper
1624,1624,false,Buddy
385,385,false,Baby
1706,1706,false,Roxie
383,383,false,Jasmine
726,726,false,Precious
697,697,false,Shadow
224,224,false,Coco
428,428,false,Sam
708,708,false,Luna
371,371,false,Milo
463,463,false,Rosie
658,658,false,Cookie
1979,1979,false,Honey
993,993,false,Penny
1245,1245,false,Angel
79,79,false,Sandy
119,119,false,Annie
1214,1214,false,Snickers
572,572,false,Maggie
40,40,false,Brutus
239,239,false,Pepper
519,519,false,Jasper
499,499,false,Chloe
558,558,false,Oreo
688,688,false,Annie
787,787,false,Annie
789,789,false,Rocky
947,947,false,Harvey
509,509,false,Rosie
1852,1852,false,Teddy
440,440,false,Rocky
1560,1560,false,Marley
1682,1682,false,Jake
1498,1498,false,Milo
1521,1521,false,Zoey
821,821,false,Snoopy
567,567,false,Gracie
1779,1779,false,Honey
495,495,false,Sassy
818,818,false,Brutus
1867,1867,false,Buster
549,549,false,Buddy
1662,1662,false,Harvey
333,333,false,Buddy
320,320,false,Teddy
313,313,false,Daisy
1124,1124,false,Buster
1713,1713,false,Precious
1573,1573,false,Sassy
243,243,false,Bear
1012,1012,false,Cooper
1325,1325,false,Zoe
1790,1790,false,Roxie
565,565,false,Dakota
1346,1346,false,Spike
889,889,false,Gracie
1134,1134,false,Diesel
1454,1454,false,Shelby
1503,1503,false,Harvey
1111,1111,false,Lucky
656,656,false,Snoopy
1873,1873,false,Ginger
1712,1712,false,Princess
999,999,false,Belle
1660,1660,false,Lucy
1349,1349,false,Bella
1853,1853,false,Shelby
758,758,false,Riley
59,59,false,Diamond
75,75,false,Taz
539,539,false,Teddy
1702,1702,false,Sammy
1041,1041,false,Honey
1905,1905,false,Lucy
418,418,false,Bandit
976,976,false,Honey
834,834,false,Diesel
1726,1726,false,Coco
1746,1746,false,Oscar
282,282,false,Misty
1023,1023,false,Bruno
1845,1845,false,Princess
830,830,false,Gizmo
968,968,false,Cocoa
1934,1934,false,Spike
1305,1305,false,Shadow
1095,1095,false,Cookie
56,56,false,Casey
924,924,false,Lola
311,311,false,Angel
439,439,false,Missy
127,127,false,Max
1052,1052,false,Max
1806,1806,false,Maggie
1468,1468,false,Lady
556,556,false,Pepper
1793,1793,false,Sandy
195,195,false,Belle
1457,1457,false,Buster
866,866,false,Roxy
1304,1304,false,Patches
321,321,false,Maggie
1699,1699,false,Dixie
46,46,false,Cocoa
1892,1892,false,Shadow
397,397,false,Jack
754,754,false,Baxter
1652,1652,false,Lola
1169,1169,false,Buddy
894,894,false,Ginger
1565,1565,false,Sammy
337,337,false,Sandy
970,970,false,Scooter
425,425,false,Lexi
525,525,false,Lola
1750,1750,false,Bruno
1015,1015,false,Lucy
269,269,false,Cooper
1443,1443,false,Precious
1832,1832,false,Lola
1810,1810,false,Rocky
1477,1477,false,Missy
578,578,false,Tucker
1846,1846,false,Duke
295,295,false,Jasmine
1557,1557,false,Angel
255,255,false,Duke
1677,1677,false,Gracie
1983,1983,false,Tank
1908,1908,false,Bella
178,178,false,Cooper
1158,1158,false,Bella
1338,1338,false,Duke
1178,1178,false,Chloe
1506,1506,false,Gracie
1876,1876,false,Lilly
442,442,false,Tucker
118,118,false,Dixie
484,484,false,Harley
1299,1299,false,Chance
454,454,false,Jasmine
89,89,false,Penny
786,786,false,Belle
901,901,false,Molly
766,766,false,Angel
1882,1882,false,Misty
1289,1289,false,Abby
1522,1522,false,Gizmo
690,690,false,Harvey
1077,1077,false,Blue
1959,1959,false,Sadie
1958,1958,false,Misty
1217,1217,false,Abby
1336,1336,false,Duke
27,27,false,Rascal
1088,1088,false,Coco
1079,1079,false,Jasper
1355,1355,false,Lilly
1671,1671,false,Chloe
738,738,false,Zoey
939,939,false,Sadie
234,234,false,Ginger
1314,1314,false,Bo
1083,1083,false,Bandit
1171,1171,false,Bandit
651,651,false,Brutus
694,694,false,Misty
1542,1542,false,Roxy
557,557,false,Max
403,403,false,Mia
1377,1377,false,Sasha
1281,1281,false,Tyson
693,693,false,Sparky
237,237,false,Roxie
318,318,false,Diesel
764,764,false,Princess
1385,1385,false,Chance
1989,1989,false,Zoey
289,289,false,Rosie
552,552,false,Blue
921,921,false,Sassy
915,915,false,Riley
83,83,false,Lady
962,962,false,Jasper
1306,1306,false,Jack
391,391,false,Roxy
232,232,false,Milo
986,986,false,Chance
555,555,false,Lucy
1467,1467,false,Roxy
645,645,false,Riley
1302,1302,false,Lily
8,8,false,Daisy
811,811,false,Lucy
249,249,false,Angel
85,85,false,Sadie
965,965,false,Tyson
1751,1751,false,Sam
1303,1303,false,Sassy
101,101,false,Lucky
626,626,false,Lucky
409,409,false,Sophie
352,352,false,Oreo
307,307,false,Diesel
424,424,false,Bella
527,527,false,Toby
1815,1815,false,Dakota
530,530,false,Jake
1449,1449,false,Roxy
929,929,false,Blue
1367,1367,false,Harley
87,87,false,Dakota
167,167,false,Gracie
302,302,false,Penny
1143,1143,false,Pepper
1396,1396,false,Rocky
717,717,false,Murphy
273,273,false,Casey
19,19,false,Tank
431,431,false,Dakota
194,194,false,Taz
469,469,false,Casey
1819,1819,false,Pepper
310,310,false,Ruby
633,633,false,Zoe
531,531,false,Lily
204,204,false,Sam
1174,1174,false,Buddy
277,277,false,Lady
1020,1020,false,Bruno
613,613,false,Rex
605,605,false,Sam
24,24,false,Roxie
468,468,false,Chloe
995,995,false,Roxie
620,620,false,Honey
1195,1195,false,Lucy
375,375,false,Rocky
9,9,false,Pepper
1249,1249,false,Lucky
135,135,false,Abby
850,850,false,Sasha
212,212,false,Harvey
864,864,false,Precious
636,636,false,Sophie
936,936,false,Annie
1343,1343,false,Roxy
67,67,false,Lexi
1496,1496,false,Rex
790,790,false,Precious
706,706,false,Lily
827,827,false,Zoe
1980,1980,false,Honey
3,3,false,Sam
1476,1476,false,Oscar
1804,1804,false,Ruby
652,652,false,Misty
644,644,false,Roxy
912,912,false,Mia
1470,1470,false,Rusty
200,200,false,Misty
822,822,false,Cookie
1162,1162,false,Belle
1141,1141,false,Charlie
48,48,false,Harvey
768,768,false,Lucky
437,437,false,Sandy
341,341,false,Riley
1893,1893,false,Blue
1053,1053,false,Bear
1446,1446,false,Tank
93,93,false,Sassy
1058,1058,false,Shelby
1315,1315,false,Daisy
1904,1904,false,Lola
1739,1739,false,Pepper
1065,1065,false,Mia
1578,1578,false,Murphy
1151,1151,false,Rusty
51,51,false,Tank
1439,1439,false,Pepper
582,582,false,Zoey
725,725,false,Rosie
1288,1288,false,Bella
1375,1375,false,Jake
148,148,false,Bubba
497,497,false,Honey
623,623,false,Sparky
1341,1341,false,Roxie
1431,1431,false,Diesel
937,937,false,Tyson
1085,1085,false,Jake
1547,1547,false,Rosie
1392,1392,false,Rocky
1913,1913,false,Bella
761,761,false,Jake
1153,1153,false,Gizmo
400,400,false,Sassy
421,421,false,Daisy
1121,1121,false,Oscar
1272,1272,false,Lucy
264,264,false,Penny
1184,1184,false,Missy
1614,1614,false,Rosie
275,275,false,Baxter
398,398,false,Baxter
593,593,false,Max
532,532,false,Max
755,755,false,Rusty
1345,1345,false,Tank
1350,1350,false,Duke
819,819,false,Marley
1705,1705,false,Tank
432,432,false,Scooter
1816,1816,false,Sadie
110,110,false,Ruby
1661,1661,false,Peanut
1081,1081,false,Duke
1016,1016,false,Annie
744,744,false,Lola
487,487,false,Zoey
226,226,false,Sam
36,36,false,Bandit
1885,1885,false,Rascal
1061,1061,false,Dakota
1062,1062,false,Harley
379,379,false,Maggie
679,679,false,Oreo
584,584,false,Sophie
1032,1032,false,Duke
1570,1570,false,Oreo
841,841,false,Casey
1946,1946,false,Abby
1110,1110,false,Sassy
229,229,false,Ginger
164,164,false,Molly
404,404,false,Ginger
305,305,false,Abby
1029,1029,false,Tank
26,26,false,Molly
211,211,false,Lilly
1869,1869,false,Bear
1831,1831,false,Luna
97,97,false,Snoopy
769,769,false,Oscar
1194,1194,false,Lucy
1625,1625,false,Tyson
304,304,false,Maggie
47,47,false,Patches
267,267,false,Dakota
1122,1122,false,Pepper
792,792,false,Chloe
997,997,false,Lady
1680,1680,false,Jasmine
1654,1654,false,Chico
1370,1370,false,Cocoa
271,271,false,Brutus
1244,1244,false,Ruby
30,30,false,Buster
529,529,false,Precious
1091,1091,false,Sassy
1422,1422,false,Gizmo
285,285,false,Missy
1786,1786,false,Zoey
1004,1004,false,Pepper
510,510,false,Lily
1464,1464,false,Duke
309,309,false,Cooper
1005,1005,false,Lucy
1962,1962,false,Roxie
1715,1715,false,Rascal
55,55,false,Bailey
1497,1497,false,Penny
1323,1323,false,Riley
609,609,false,Scooter
23,23,false,Dakota
1414,1414,false,Cookie
1118,1118,false,Sparky
1254,1254,false,Bo
241,241,false,Buddy
5,5,false,Tucker
496,496,false,Annie
845,845,false,Angel
1772,1772,false,Lily
438,438,false,Luna
791,791,false,Sugar
417,417,false,Jake
691,691,false,Murphy
594,594,false,Chloe
1548,1548,false,Brutus
1277,1277,false,Cody
1425,1425,false,Riley
1550,1550,false,Molly
599,599,false,Sam
1807,1807,false,Bella
724,724,false,Buddy
1031,1031,false,Rosie
1769,1769,false,Sugar
1549,1549,false,Bailey
346,346,false,Mia
503,503,false,Rusty
1049,1049,false,Bruno
1219,1219,false,Coco
423,423,false,Maggie
1218,1218,false,Roxy
859,859,false,Shelby
1788,1788,false,Zeus
742,742,false,Teddy
1145,1145,false,Bailey
680,680,false,Precious
1257,1257,false,Sammy
373,373,false,Rocky
171,171,false,Bandit
1551,1551,false,Marley
1670,1670,false,Annie
1328,1328,false,Lexi
1093,1093,false,Missy
71,71,false,Annie
1626,1626,false,Bailey
382,382,false,Jasmine
1388,1388,false,Sugar
1663,1663,false,Zoe
1683,1683,false,Buddy
219,219,false,Lexi
1765,1765,false,Sassy
1273,1273,false,Peanut
1403,1403,false,Max
749,749,false,Abby
589,589,false,Sammy
1883,1883,false,Shelby
16,16,false,Dixie
882,882,false,Dixie
1042,1042,false,Rex
1950,1950,false,Roxie
372,372,false,Baby
655,655,false,Toby
1910,1910,false,Bubba
1330,1330,false,Maggie
108,108,false,Angel
571,571,false,Ginger
323,323,false,Patches
893,893,false,Oreo
1703,1703,false,Rosie
1316,1316,false,Taz
436,436,false,Bubba
1600,1600,false,Spike
326,326,false,Peanut
176,176,false,Cody
349,349,false,Buster
665,665,false,Bailey
1991,1991,false,Angel
1133,1133,false,Bruno
116,116,false,Oscar
363,363,false,Taz
1596,1596,false,Charlie
689,689,false,Precious
446,446,false,Ginger
737,737,false,Bubba
839,839,false,Lucy
1976,1976,false,Peanut
618,618,false,Taz
192,192,false,Chloe
166,166,false,Shadow
1646,1646,false,Sadie
896,896,false,Murphy
1399,1399,false,Cooper
1063,1063,false,Milo
287,287,false,Oscar
102,102,false,Shelby
1127,1127,false,Sophie
701,701,false,Bailey
928,928,false,Missy
1754,1754,false,Sammy
1811,1811,false,Bubba
1886,1886,false,Sasha
246,246,false,Missy
1117,1117,false,Dakota
551,551,false,Milo
1850,1850,false,Chance
114,114,false,Sugar
784,784,false,Roxie
37,37,false,Cody
160,160,false,Diamond
1294,1294,false,Patches
201,201,false,Buddy
1645,1645,false,Cooper
1046,1046,false,Sasha
1269,1269,false,Taz
217,217,false,Zoey
1307,1307,false,Bear
622,622,false,Shadow
523,523,false,Dakota
828,828,false,Spike
709,709,false,Toby
731,731,false,Dakota
1326,1326,false,Bubba
729,729,false,Lily
1199,1199,false,Cocoa
1448,1448,false,Precious
1639,1639,false,Toby
1225,1225,false,Snoopy
1805,1805,false,Angel
453,453,false,Bailey
1604,1604,false,Pepper
38,38,false,Sadie
683,683,false,Zoe
1778,1778,false,Murphy
1351,1351,false,Oreo
1369,1369,false,Oscar
1101,1101,false,Harvey
806,806,false,Tucker
1039,1039,false,Gizmo
196,196,false,Missy
328,328,false,Tank
1917,1917,false,Zeus
1507,1507,false,Maggie
449,449,false,Snickers
1482,1482,false,Cocoa
1783,1783,false,Abby
1745,1745,false,Missy
1770,1770,false,Baxter
77,77,false,Chico
370,370,false,Luna
1844,1844,false,Milo
1842,1842,false,Baby
1704,1704,false,Coco
149,149,false,Roxie
1627,1627,false,Precious
344,344,false,Bella
533,533,false,Buddy
569,569,false,Rascal
357,357,false,Peanut
1541,1541,false,Oscar
653,653,false,Cocoa
478,478,false,Sugar
892,892,false,Honey
1666,1666,false,Missy
441,441,false,Annie
714,714,false,Gracie
259,259,false,Buddy
910,910,false,Buddy
1104,1104,false,Rocky
942,942,false,Honey
1483,1483,false,Duke
308,308,false,Riley
339,339,false,Rocky
1590,1590,false,Snickers
1264,1264,false,Chance
254,254,false,Jack
251,251,false,Lady
1762,1762,false,Oscar
331,331,false,Oreo
1673,1673,false,Chloe
91,91,false,Jack
1381,1381,false,Jake
774,774,false,Blue
1256,1256,false,Taz
15,15,false,Brutus
1707,1707,false,Chloe
288,288,false,Casey
546,546,false,Taz
1567,1567,false,Lady
1173,1173,false,Bubba
1021,1021,false,Spike
788,788,false,Riley
1569,1569,false,Sandy
1781,1781,false,Patches
170,170,false,Lola
1157,1157,false,Roxy
537,537,false,Lilly
824,824,false,Diamond
1228,1228,false,Honey
817,817,false,Taz
1223,1223,false,Roxy
746,746,false,Buster
189,189,false,Maggie
550,550,false,Murphy
905,905,false,Sasha
1761,1761,false,Zeus
1740,1740,false,Riley
1035,1035,false,Diamond
1859,1859,false,Princess
1792,1792,false,Luna
1006,1006,false,Sandy
718,718,false,Max
1975,1975,false,Princess
1875,1875,false,Bubba
1912,1912,false,Penny
1154,1154,false,Scooter
1266,1266,false,Bailey
1310,1310,false,Belle
430,430,false,Oreo
1977,1977,false,Harley
1480,1480,false,Annie
1389,1389,false,Sasha
294,294,false,Precious
1129,1129,false,Lexi
489,489,false,Rex
22,22,false,Maggie
559,559,false,Shadow
1492,1492,false,Casey
1719,1719,false,Misty
1534,1534,false,Brutus
197,197,false,Riley
359,359,false,Cocoa
1045,1045,false,Bear
228,228,false,Sandy
412,412,false,Mia
377,377,false,Lola
482,482,false,Penny
1629,1629,false,Dakota
1996,1996,false,Oscar
1696,1696,false,Baxter
298,298,false,Roxie
1543,1543,false,Lucy
253,253,false,Ruby
1966,1966,false,Jack
1623,1623,false,Rusty
1588,1588,false,Penny
1536,1536,false,Casey
922,922,false,Bubba
452,452,false,Cocoa
1674,1674,false,Sugar
831,831,false,Bella
1901,1901,false,Precious
1812,1812,false,Rascal
1753,1753,false,Lexi
1519,1519,false,Bubba
1938,1938,false,Shadow
671,671,false,Lilly
568,568,false,Max
563,563,false,Sammy
476,476,false,Murphy
1813,1813,false,Buster
129,129,false,Cooper
393,393,false,Rosie
930,930,false,Bruno
66,66,false,Cooper
434,434,false,Baxter
1881,1881,false,Rusty
649,649,false,Bella
1026,1026,false,Lily
745,745,false,Riley
283,283,false,Shadow
685,685,false,Gracie
666,666,false,Tyson
1495,1495,false,Chloe
1872,1872,false,Pepper
1206,1206,false,Jasmine
1501,1501,false,Bella
1435,1435,false,Tyson
262,262,false,Bella
1074,1074,false,Angel
99,99,false,Bo
53,53,false,Ruby
1774,1774,false,Missy
601,601,false,Baby
1011,1011,false,Tyson
1834,1834,false,Lola
25,25,false,Murphy
793,793,false,Dakota
799,799,false,Sasha
230,230,false,Lady
1637,1637,false,Rosie
447,447,false,Jasper
1400,1400,false,Baxter
643,643,false,Scooter
492,492,false,Angel
906,906,false,Oreo
960,960,false,Diamond
1931,1931,false,Chloe
364,364,false,Angel
175,175,false,Cody
1619,1619,false,Snickers
74,74,false,Bella
2010,2010,false,Lady
124,124,false,Rascal
991,991,false,Maggie
1945,1945,false,Murphy
959,959,false,Sadie
1870,1870,false,Sammy
1028,1028,false,Tucker
365,365,false,Sugar
1002,1002,false,Cookie
501,501,false,Tyson
261,261,false,Angel
521,521,false,Roxie
1419,1419,false,Rosie
177,177,false,Cody
1669,1669,false,Blue
596,596,false,Bo
1361,1361,false,Diamond
1681,1681,false,Cooper
1864,1864,false,Penny
1156,1156,false,Sandy
1579,1579,false,Belle
538,538,false,Cookie
1949,1949,false,Marley
1155,1155,false,Gizmo
300,300,false,Baby
408,408,false,Bandit
1856,1856,false,Harley
1530,1530,false,Scooter
1179,1179,false,Taz
1275,1275,false,Abby
21,21,false,Marley
1150,1150,false,Cocoa
70,70,false,Rex
1657,1657,false,Sophie
1226,1226,false,Sugar
1796,1796,false,Annie
1920,1920,false,Teddy
158,158,false,Jack
324,324,false,Penny
964,964,false,Molly
1854,1854,false,Precious
1410,1410,false,Lily
1038,1038,false,Lola
1215,1215,false,Pepper
1943,1943,false,Chance
528,528,false,Sparky
445,445,false,Zeus
144,144,false,Oscar
471,471,false,Roxie
162,162,false,Gracie
1538,1538,false,Lexi
1105,1105,false,Chance
422,422,false,Honey
185,185,false,Jasper
335,335,false,Chance
835,835,false,Ginger
60,60,false,Rascal
1009,1009,false,Molly
704,704,false,Chloe
1531,1531,false,Sasha
1356,1356,false,Tyson
803,803,false,Baxter
218,218,false,Toby
879,879,false,Bailey
940,940,false,Ginger
348,348,false,Harvey
1664,1664,false,Charlie
153,153,false,Gizmo
159,159,false,Sparky
1954,1954,false,Milo
473,473,false,Tyson
1744,1744,false,Chloe
1529,1529,false,Bear
1911,1911,false,Cocoa
1803,1803,false,Sammy
990,990,false,Teddy
1589,1589,false,Roxie
581,581,false,Dixie
242,242,false,Roxy
1732,1732,false,Shadow
168,168,false,Duke
100,100,false,Jasmine
592,592,false,Cocoa
1656,1656,false,Max
637,637,false,Max
1445,1445,false,Maggie
899,899,false,Marley
121,121,false,Belle
1094,1094,false,Marley
1120,1120,false,Duke
1984,1984,false,Charlie
1488,1488,false,Bella
573,573,false,Shadow
137,137,false,Gracie
920,920,false,Rusty
1321,1321,false,Chico
1597,1597,false,Chance
340,340,false,Gracie
325,325,false,Rosie
1055,1055,false,Buster
561,561,false,Belle
107,107,false,Molly
949,949,false,Scooter
854,854,false,Toby
662,662,false,Buster
1894,1894,false,Missy
132,132,false,Tucker
1559,1559,false,Bandit
1364,1364,false,Rosie
1216,1216,false,Gracie
1540,1540,false,Princess
134,134,false,Lucy
713,713,false,Roxy
103,103,false,Roxie
1981,1981,false,Tank
966,966,false,Harvey
1763,1763,false,Baxter
951,951,false,Rascal
628,628,false,Buddy
980,980,false,Jack
1469,1469,false,Jake
462,462,false,Sassy
181,181,false,Buster
1700,1700,false,Scooter
1688,1688,false,Taz
881,881,false,Toby
141,141,false,Oscar
1229,1229,false,Peanut
1775,1775,false,Cody
785,785,false,Roxie
1187,1187,false,Sugar
356,356,false,Cocoa
1292,1292,false,Cody
1262,1262,false,Bandit
479,479,false,Maggie
1546,1546,false,Cookie
1412,1412,false,Spike
973,973,false,Roxy
1518,1518,false,Harvey
1458,1458,false,Dixie
231,231,false,Maggie
590,590,false,Ginger
1676,1676,false,Bo
35,35,false,Baby
1240,1240,false,Dixie
1849,1849,false,Diamond
1764,1764,false,Lily
1413,1413,false,Jake
1524,1524,false,Zeus
1163,1163,false,Zeus
1887,1887,false,Chloe
1771,1771,false,Pepper
1789,1789,false,Oscar
1672,1672,false,Precious
410,410,false,Dixie
1701,1701,false,Lily
1961,1961,false,Toby
117,117,false,Milo
458,458,false,Honey
981,981,false,Riley
1418,1418,false,Sassy
1297,1297,false,Scooter
1773,1773,false,Coco
1584,1584,false,Harley
1836,1836,false,Belle
1731,1731,false,Harley
1279,1279,false,Bella
640,640,false,Jake
1650,1650,false,Honey
1937,1937,false,Tucker
336,336,false,Rex
1455,1455,false,Casey
1291,1291,false,Lexi
1808,1808,false,Bella
205,205,false,Patches
1716,1716,false,Rocky
797,797,false,Lily
80,80,false,Rascal
1089,1089,false,Gracie
367,367,false,Luna
1620,1620,false,Lady
621,621,false,Sasha
1054,1054,false,Murphy
6,6,false,Riley
1478,1478,false,Taz
1473,1473,false,Max
1690,1690,false,Molly
1510,1510,false,Cooper
1491,1491,false,Bo
1941,1941,false,Honey
524,524,false,Murphy
1725,1725,false,Charlie
306,306,false,Baby
155,155,false,Max
647,647,false,Lady
507,507,false,Bear
2008,2008,false,Lily
802,802,false,Bubba
1795,1795,false,Zeus
1189,1189,false,Roxy
1593,1593,false,Annie
517,517,false,Casey
938,938,false,Abby
94,94,false,Baxter
1755,1755,false,Abby
1693,1693,false,Patches
506,506,false,Brutus
1490,1490,false,Snickers
95,95,false,Blue
1571,1571,false,Teddy
281,281,false,Lady
481,481,false,Tyson
723,723,false,Buddy
426,426,false,Chance
600,600,false,Buster
63,63,false,Sugar
284,284,false,Toby
1290,1290,false,Sasha
804,804,false,Rascal
1159,1159,false,Tyson
1322,1322,false,Cooper
919,919,false,Sophie
355,355,false,Lilly
884,884,false,Angel
574,574,false,Ruby
670,670,false,Angel
1236,1236,false,Jake
29,29,false,Honey
1360,1360,false,Sophie
389,389,false,Mia
944,944,false,Dixie
343,343,false,Chance
1658,1658,false,Diesel
360,360,false,Sparky
1097,1097,false,Honey
1332,1332,false,Sophie
1313,1313,false,Chance
1553,1553,false,Brutus
1611,1611,false,Spike
1424,1424,false,Charlie
146,146,false,Zoey
958,958,false,Sam
998,998,false,Snoopy
842,842,false,Cocoa
1329,1329,false,Belle
875,875,false,Tucker
2002,2002,false,Zeus
1678,1678,false,Bella
1621,1621,false,Tank
1500,1500,false,Cocoa
1974,1974,false,Rusty
13,13,false,Spike
459,459,false,Missy
1447,1447,false,Charlie
756,756,false,Lucy
1837,1837,false,Luna
1953,1953,false,Gracie
1628,1628,false,Snoopy
728,728,false,Roxie
1152,1152,false,Tank
809,809,false,Dixie
131,131,false,Cooper
1988,1988,false,Angel
1327,1327,false,Baxter
778,778,false,Sammy
1835,1835,false,Tank
1203,1203,false,Zoe
963,963,false,Riley
659,659,false,Shelby
687,687,false,Sandy
207,207,false,Lucy
220,220,false,Peanut
1785,1785,false,Rex
1517,1517,false,Rosie
415,415,false,Charlie
948,948,false,Jasper
1797,1797,false,Diesel
871,871,false,Roxie
1718,1718,false,Ruby
1736,1736,false,Ginger
258,258,false,Jasmine
104,104,false,Honey
1140,1140,false,Lady
147,147,false,Jack
844,844,false,Shadow
1426,1426,false,Bruno
1230,1230,false,Molly
832,832,false,Bailey
686,686,false,Duke
45,45,false,Rex
1109,1109,false,Jasper
847,847,false,Chloe
493,493,false,Murphy
911,911,false,Dixie
1987,1987,false,Casey
291,291,false,Bubba
