child_id,client_id,deleted,pet_name
1856,1856,false,Baby
1743,1743,false,Murphy
1767,1767,false,Ruby
1970,1970,false,Buddy
772,772,false,Harley
563,563,false,Pepper
651,651,false,Bo
876,876,false,Sasha
1953,1953,false,Dixie
1932,1932,false,Patches
1750,1750,false,Rusty
1163,1163,false,Murphy
134,134,false,Peanut
1348,1348,false,Casey
359,359,false,Sasha
946,946,false,Sugar
2010,2010,false,Daisy
279,279,false,Precious
1304,1304,false,Zoey
135,135,false,Annie
841,841,false,Oreo
237,237,false,Blue
292,292,false,Ruby
689,689,false,Zoey
1120,1120,false,Cookie
843,843,false,Sandy
1331,1331,false,Zoe
952,952,false,Blue
1972,1972,false,Shadow
1480,1480,false,Ginger
1665,1665,false,Baby
1011,1011,false,Lucky
524,524,false,Dixie
1998,1998,false,Jack
1814,1814,false,Honey
423,423,false,Dixie
1563,1563,false,Penny
1512,1512,false,Luna
1511,1511,false,Luna
921,921,false,Belle
496,496,false,Peanut
474,474,false,Cocoa
1604,1604,false,Honey
1782,1782,false,Harvey
972,972,false,Cocoa
30,30,false,Lily
140,140,false,Sugar
1712,1712,false,Milo
1544,1544,false,Sparky
337,337,false,Bailey
1000,1000,false,Duke
1705,1705,false,Peanut
859,859,false,Sugar
663,663,false,Shadow
569,569,false,Lexi
1077,1077,false,Shelby
1676,1676,false,Casey
782,782,false,Dakota
840,840,false,Jasmine
1891,1891,false,Chance
315,315,false,Annie
133,133,false,Chico
1370,1370,false,Oreo
770,770,false,Coco
103,103,false,Max
1086,1086,false,Pepper
1888,1888,false,Cocoa
763,763,false,Bailey
1008,1008,false,Brutus
640,640,false,Cooper
382,382,false,Zoe
636,636,false,Mia
1907,1907,false,Bandit
41,41,false,Gizmo
664,664,false,Teddy
985,985,false,Lucky
95,95,false,Chloe
960,960,false,Taz
393,393,false,Marley
1556,1556,false,Belle
1062,1062,false,Sparky
101,101,false,Scooter
673,673,false,Rusty
1351,1351,false,Lilly
50,50,false,Teddy
120,120,false,Lucy
1859,1859,false,Zoey
526,526,false,Dakota
1256,1256,false,Scooter
1009,1009,false,Sophie
1925,1925,false,Bella
1458,1458,false,Jack
1539,1539,false,Sassy
1887,1887,false,Zoe
634,634,false,Patches
560,560,false,Lexi
1537,1537,false,Tucker
1964,1964,false,Tucker
1870,1870,false,Belle
1829,1829,false,Scooter
1210,1210,false,Jasper
1003,1003,false,Jake
319,319,false,Maggie
1297,1297,false,Molly
1151,1151,false,Sparky
1702,1702,false,Cody
390,390,false,Cocoa
592,592,false,Cocoa
1666,1666,false,Sam
1179,1179,false,Shadow
878,878,false,Princess
909,909,false,Zoey
169,169,false,Baxter
1863,1863,false,Snoopy
941,941,false,Brutus
1269,1269,false,Cookie
61,61,false,Harley
1603,1603,false,Lady
442,442,false,Sam
582,582,false,Dixie
170,170,false,Jake
370,370,false,Abby
1984,1984,false,Honey
383,383,false,Max
1683,1683,false,Coco
59,59,false,Mia
1590,1590,false,Sadie
143,143,false,Blue
1656,1656,false,Jasmine
568,568,false,Teddy
1293,1293,false,Zoe
94,94,false,Harley
1547,1547,false,Teddy
1651,1651,false,Rusty
1711,1711,false,Shadow
918,918,false,Scooter
614,614,false,Oreo
668,668,false,Roxie
699,699,false,Tyson
949,949,false,Sandy
715,715,false,Tyson
1280,1280,false,Annie
413,413,false,Oscar
990,990,false,Riley
1173,1173,false,Lexi
1597,1597,false,Blue
1866,1866,false,Shadow
1069,1069,false,Snoopy
853,853,false,Sandy
1238,1238,false,Lexi
807,807,false,Rex
532,532,false,Shelby
1506,1506,false,Ginger
1285,1285,false,Roxy
893,893,false,Charlie
1082,1082,false,Precious
1194,1194,false,Honey
695,695,false,Rex
579,579,false,Teddy
1952,1952,false,Gracie
833,833,false,Missy
244,244,false,Lucy
1681,1681,false,Oreo
1915,1915,false,Toby
361,361,false,Diamond
913,913,false,Diamond
558,558,false,Shadow
432,432,false,Penny
1620,1620,false,Lucky
236,236,false,Harley
1417,1417,false,Cocoa
251,251,false,Bo
903,903,false,Rocky
836,836,false,Rusty
293,293,false,Spike
1715,1715,false,Lola
1320,1320,false,Lola
1617,1617,false,Rusty
201,201,false,Princess
1336,1336,false,Precious
692,692,false,Cody
1789,1789,false,Bo
1732,1732,false,Tyson
1763,1763,false,Cocoa
271,271,false,Honey
1190,1190,false,Max
1517,1517,false,Diesel
356,356,false,Rosie
1644,1644,false,Blue
375,375,false,Sugar
615,615,false,Milo
19,19,false,Daisy
228,228,false,Zeus
1384,1384,false,Lucy
1761,1761,false,Snoopy
776,776,false,Princess
1852,1852,false,Maggie
1448,1448,false,Teddy
172,172,false,Chance
113,113,false,Charlie
619,619,false,Cocoa
1296,1296,false,Spike
1050,1050,false,Penny
753,753,false,Milo
409,409,false,Gizmo
688,688,false,Annie
819,819,false,Lexi
915,915,false,Lucy
1335,1335,false,Penny
1281,1281,false,Abby
1407,1407,false,Zoey
518,518,false,Lady
355,355,false,Luna
1753,1753,false,Tank
1245,1245,false,Abby
176,176,false,Rusty
439,439,false,Sandy
374,374,false,Jasper
1409,1409,false,Cody
27,27,false,Tyson
879,879,false,Cookie
927,927,false,Cooper
9,9,false,Oscar
357,357,false,Jack
633,633,false,Missy
1812,1812,false,Cookie
617,617,false,Honey
96,96,false,Sassy
603,603,false,Oreo
307,307,false,Murphy
303,303,false,Rosie
1589,1589,false,Roxy
178,178,false,Blue
1587,1587,false,Belle
479,479,false,Zeus
196,196,false,Bailey
139,139,false,Tyson
522,522,false,Sophie
1566,1566,false,Luna
1227,1227,false,Peanut
1183,1183,false,Murphy
957,957,false,Tucker
1234,1234,false,Ginger
1875,1875,false,Diamond
1845,1845,false,Daisy
205,205,false,Casey
1302,1302,false,Mia
721,721,false,Snickers
37,37,false,Zoey
743,743,false,Taz
42,42,false,Snoopy
491,491,false,Oreo
971,971,false,Brutus
1262,1262,false,Ginger
254,254,false,Teddy
373,373,false,Jasmine
1494,1494,false,Sugar
525,525,false,Lucky
1155,1155,false,Gracie
153,153,false,Zoe
565,565,false,Sandy
1192,1192,false,Baby
787,787,false,Sam
783,783,false,Honey
1015,1015,false,Lexi
806,806,false,Jasper
1993,1993,false,Lola
1259,1259,false,Baxter
256,256,false,Casey
696,696,false,Rascal
1422,1422,false,Marley
1567,1567,false,Bailey
1569,1569,false,Sadie
1532,1532,false,Bo
671,671,false,Rocky
1851,1851,false,Sam
440,440,false,Cody
1450,1450,false,Tyson
587,587,false,Peanut
719,719,false,Angel
951,951,false,Cookie
556,556,false,Maggie
449,449,false,Sparky
155,155,false,Cooper
1780,1780,false,Sugar
977,977,false,Lucky
246,246,false,Roxy
1609,1609,false,Harvey
1558,1558,false,Angel
768,768,false,Oreo
1235,1235,false,Lola
1047,1047,false,Abby
512,512,false,Snoopy
1470,1470,false,Bruno
302,302,false,Marley
128,128,false,Bubba
907,907,false,Riley
767,767,false,Snoopy
822,822,false,Precious
396,396,false,Misty
250,250,false,Shadow
1200,1200,false,Gracie
731,731,false,Coco
129,129,false,Annie
190,190,false,Pepper
1317,1317,false,Sparky
1172,1172,false,Blue
1638,1638,false,Max
273,273,false,Scooter
1591,1591,false,Oreo
1198,1198,false,Chico
1175,1175,false,Diamond
940,940,false,Lola
1559,1559,false,Patches
1142,1142,false,Rascal
438,438,false,Jake
208,208,false,Sugar
183,183,false,Abby
55,55,false,Missy
1205,1205,false,Sam
1413,1413,false,Roxy
984,984,false,Jack
145,145,false,Cooper
1298,1298,false,Cookie
508,508,false,Missy
1270,1270,false,Missy
1526,1526,false,Sassy
1390,1390,false,Cooper
284,284,false,Bailey
796,796,false,Bruno
450,450,false,Chance
17,17,false,Murphy
1694,1694,false,Lexi
1941,1941,false,Tank
1898,1898,false,Shadow
885,885,false,Murphy
1546,1546,false,Lexi
1169,1169,false,Peanut
1722,1722,false,Missy
136,136,false,Chico
1341,1341,false,Marley
1843,1843,false,Honey
1924,1924,false,Princess
944,944,false,Tank
880,880,false,Abby
1668,1668,false,Misty
1833,1833,false,Cody
332,332,false,Jasmine
2,2,false,Dixie
1085,1085,false,Shadow
1432,1432,false,Shelby
1636,1636,false,Lucy
779,779,false,Snoopy
1311,1311,false,Mia
1865,1865,false,Jake
1394,1394,false,Princess
78,78,false,Harley
1154,1154,false,Zoey
1053,1053,false,Gracie
1041,1041,false,Peanut
1267,1267,false,Harley
1325,1325,false,Sam
1723,1723,false,Ginger
1145,1145,false,Marley
1530,1530,false,Sandy
1073,1073,false,Sophie
621,621,false,Harley
1861,1861,false,Gracie
1096,1096,false,Casey
1001,1001,false,Buddy
420,420,false,Lexi
152,152,false,Scooter
89,89,false,Chloe
647,647,false,Blue
1696,1696,false,Oreo
939,939,false,Molly
1645,1645,false,Daisy
443,443,false,Buddy
1949,1949,false,Lilly
1784,1784,false,Sasha
1180,1180,false,Sadie
1528,1528,false,Bear
1374,1374,false,Oreo
1714,1714,false,Bear
1485,1485,false,Bear
1148,1148,false,Precious
791,791,false,Roxy
1126,1126,false,Zoe
1372,1372,false,Honey
213,213,false,Gizmo
1322,1322,false,Rosie
1726,1726,false,Bandit
1403,1403,false,Cookie
483,483,false,Belle
1105,1105,false,Peanut
725,725,false,Zoey
1919,1919,false,Rascal
639,639,false,Ruby
1946,1946,false,Lexi
29,29,false,Marley
1452,1452,false,Bailey
674,674,false,Chance
318,318,false,Jasper
1152,1152,false,Buddy
1892,1892,false,Honey
1354,1354,false,Cookie
945,945,false,Maggie
1284,1284,false,Sophie
1858,1858,false,Pepper
1048,1048,false,Rosie
591,591,false,Sasha
778,778,false,Riley
792,792,false,Ruby
815,815,false,Sassy
104,104,false,Cocoa
1454,1454,false,Zoe
1772,1772,false,Blue
1725,1725,false,Harvey
330,330,false,Bear
21,21,false,Teddy
517,517,false,Cocoa
981,981,false,Diesel
1150,1150,false,Molly
788,788,false,Sadie
620,620,false,Jasper
1125,1125,false,Shelby
1428,1428,false,Taz
149,149,false,Cooper
86,86,false,Angel
1542,1542,false,Missy
404,404,false,Jasmine
38,38,false,Snickers
1564,1564,false,Bruno
1068,1068,false,Diamond
1310,1310,false,Snickers
1355,1355,false,Milo
1624,1624,false,Harvey
46,46,false,Snoopy
1824,1824,false,Max
670,670,false,Chico
401,401,false,Rocky
1956,1956,false,Lucy
826,826,false,Roxie
1831,1831,false,Cookie
1054,1054,false,Casey
1426,1426,false,Tucker
1572,1572,false,Lola
1137,1137,false,Taz
510,510,false,Sassy
1323,1323,false,Sammy
1434,1434,false,Baby
1261,1261,false,Zoey
1736,1736,false,Coco
1023,1023,false,Peanut
182,182,false,Cooper
1876,1876,false,Marley
1791,1791,false,Molly
1718,1718,false,Jasper
1457,1457,false,Bo
141,141,false,Lexi
528,528,false,Scooter
471,471,false,Charlie
1514,1514,false,Sandy
967,967,false,Angel
245,245,false,Sam
300,300,false,Lilly
1343,1343,false,Chico
883,883,false,Rusty
1171,1171,false,Sparky
455,455,false,Chloe
1820,1820,false,Casey
76,76,false,Teddy
1075,1075,false,Bandit
1614,1614,false,Sandy
445,445,false,Patches
1021,1021,false,Penny
13,13,false,Blue
1109,1109,false,Diesel
509,509,false,Annie
1560,1560,false,Rex
1507,1507,false,Lady
548,548,false,Casey
1734,1734,false,Snickers
1402,1402,false,Bruno
549,549,false,Zoey
835,835,false,Dakota
920,920,false,Luna
448,448,false,Spike
1877,1877,false,Sandy
906,906,false,Roxie
1545,1545,false,Oscar
896,896,false,Sandy
1685,1685,false,Princess
637,637,false,Ginger
1688,1688,false,Cooper
1983,1983,false,Honey
31,31,false,Diamond
1195,1195,false,Luna
1520,1520,false,Murphy
1292,1292,false,Lily
419,419,false,Charlie
2001,2001,false,Patches
1129,1129,false,Lady
1332,1332,false,Precious
484,484,false,Misty
81,81,false,Cookie
999,999,false,Zoey
1922,1922,false,Jake
1437,1437,false,Gracie
310,310,false,Gizmo
106,106,false,Sophie
917,917,false,Duke
422,422,false,Bella
1703,1703,false,Zoe
1251,1251,false,Luna
1097,1097,false,Brutus
1144,1144,false,Jasper
351,351,false,Molly
698,698,false,Annie
1130,1130,false,Buddy
209,209,false,Missy
181,181,false,Diesel
1206,1206,false,Sasha
287,287,false,Murphy
1253,1253,false,Scooter
881,881,false,Sparky
127,127,false,Sammy
679,679,false,Bubba
327,327,false,Marley
773,773,false,Precious
1093,1093,false,Sandy
480,480,false,Precious
590,590,false,Peanut
924,924,false,Mia
1921,1921,false,Bailey
1492,1492,false,Chance
68,68,false,Bear
586,586,false,Rex
1857,1857,false,Rusty
1118,1118,false,Lilly
1499,1499,false,Harley
1337,1337,false,Lola
1986,1986,false,Roxie
241,241,false,Sadie
740,740,false,Roxie
890,890,false,Sassy
578,578,false,Jack
380,380,false,Baxter
630,630,false,Zeus
39,39,false,Bubba
1197,1197,false,Buster
376,376,false,Chance
1447,1447,false,Penny
1288,1288,false,Sophie
224,224,false,Baby
1146,1146,false,Tank
1113,1113,false,Patches
1389,1389,false,Max
1388,1388,false,Sparky
462,462,false,Teddy
265,265,false,Harley
1378,1378,false,Lilly
1092,1092,false,Belle
505,505,false,Baby
1516,1516,false,Jasmine
1439,1439,false,Chance
194,194,false,Sam
341,341,false,Sugar
411,411,false,Toby
1187,1187,false,Dakota
1890,1890,false,Harvey
697,697,false,Harvey
1847,1847,false,Sugar
195,195,false,Harvey
1579,1579,false,Misty
1910,1910,false,Ginger
1759,1759,false,Diesel
1960,1960,false,Princess
123,123,false,Sophie
346,346,false,Roxie
1737,1737,false,Rascal
1362,1362,false,Lily
531,531,false,Molly
964,964,false,Dixie
1673,1673,false,Abby
655,655,false,Dixie
937,937,false,Rocky
1760,1760,false,Jasmine
286,286,false,Jake
1058,1058,false,Misty
240,240,false,Molly
1518,1518,false,Riley
1263,1263,false,Bubba
1007,1007,false,Pepper
1937,1937,false,Scooter
336,336,false,Diesel
1971,1971,false,Bruno
802,802,false,Annie
539,539,false,Ginger
184,184,false,Rascal
436,436,false,Lexi
552,552,false,Taz
857,857,false,Sophie
908,908,false,Spike
1164,1164,false,Maggie
609,609,false,Ruby
281,281,false,Ginger
358,358,false,Bandit
555,555,false,Murphy
98,98,false,Maggie
454,454,false,Lola
457,457,false,Bailey
943,943,false,Bruno
459,459,false,Mia
75,75,false,Teddy
1472,1472,false,Casey
585,585,false,Lucy
1248,1248,false,Teddy
331,331,false,Annie
1594,1594,false,Oreo
1783,1783,false,Cocoa
1274,1274,false,Harvey
752,752,false,Precious
92,92,false,Dixie
1744,1744,false,Duke
188,188,false,Pepper
1978,1978,false,Lucky
87,87,false,Cody
1523,1523,false,Roxy
368,368,false,Bailey
557,557,false,Tucker
1950,1950,false,Mia
1264,1264,false,Buster
1226,1226,false,Princess
489,489,false,Ginger
850,850,false,Bruno
1393,1393,false,Bo
1882,1882,false,Tank
214,214,false,Tyson
1326,1326,false,Mia
1038,1038,false,Missy
1167,1167,false,Angel
703,703,false,Dixie
441,441,false,Dakota
911,911,false,Tyson
866,866,false,Sophie
1801,1801,false,Lexi
203,203,false,Rocky
1306,1306,false,Bailey
1,1,false,Chance
562,562,false,Oscar
1339,1339,false,Angel
863,863,false,Rascal
290,290,false,Chloe
1329,1329,false,Lilly
1602,1602,false,Bo
1191,1191,false,Patches
754,754,false,Marley
1131,1131,false,Rocky
1202,1202,false,Marley
622,622,false,Snoopy
204,204,false,Chloe
1255,1255,false,Oreo
1315,1315,false,Baby
116,116,false,Misty
1990,1990,false,Murphy
1903,1903,false,Gracie
808,808,false,Tucker
1751,1751,false,Gracie
1143,1143,false,Peanut
1816,1816,false,Cocoa
1850,1850,false,Gracie
1568,1568,false,Buster
938,938,false,Chloe
461,461,false,Sophie
1132,1132,false,Tank
1215,1215,false,Jake
314,314,false,Rocky
1502,1502,false,Harley
1834,1834,false,Chance
1632,1632,false,Rocky
65,65,false,Sparky
1344,1344,false,Max
1303,1303,false,Roxie
102,102,false,Lucy
1672,1672,false,Marley
1103,1103,false,Chloe
1184,1184,false,Bruno
261,261,false,Mia
1538,1538,false,Jasmine
1541,1541,false,Sandy
926,926,false,Mia
289,289,false,Sadie
1615,1615,false,Pepper
296,296,false,Jake
1837,1837,false,Chico
686,686,false,Precious
470,470,false,Tucker
1913,1913,false,Lexi
632,632,false,Blue
1790,1790,false,Zeus
1806,1806,false,Tucker
537,537,false,Dakota
898,898,false,Diesel
233,233,false,Chloe
809,809,false,Snickers
727,727,false,Roxy
1147,1147,false,Luna
1424,1424,false,Cookie
1633,1633,false,Buster
1740,1740,false,Pepper
1141,1141,false,Buddy
2004,2004,false,Shadow
1762,1762,false,Scooter
1975,1975,false,Lady
1608,1608,false,Sadie
786,786,false,Dakota
428,428,false,Peanut
1886,1886,false,Abby
1064,1064,false,Bella
1153,1153,false,Baby
1765,1765,false,Riley
757,757,false,Lexi
385,385,false,Sassy
1415,1415,false,Buddy
1247,1247,false,Harvey
74,74,false,Milo
511,511,false,Jake
631,631,false,Baby
657,657,false,Diesel
2003,2003,false,Ruby
642,642,false,Oscar
870,870,false,Pepper
262,262,false,Duke
1874,1874,false,Zoey
1605,1605,false,Snoopy
1420,1420,false,Teddy
73,73,false,Blue
738,738,false,Rusty
344,344,false,Dakota
1101,1101,false,Casey
1316,1316,false,Jasper
708,708,false,Gracie
193,193,false,Rex
1880,1880,false,Lady
1754,1754,false,Jasmine
110,110,false,Jasmine
1561,1561,false,Harley
1231,1231,false,Princess
464,464,false,Rocky
83,83,false,Sadie
747,747,false,Chico
486,486,false,Missy
500,500,false,Angel
267,267,false,Milo
1846,1846,false,Diamond
260,260,false,Cookie
1674,1674,false,Shelby
1217,1217,false,Brutus
1065,1065,false,Mia
1165,1165,false,Pepper
7,7,false,Sammy
1982,1982,false,Bandit
1356,1356,false,Oreo
1404,1404,false,Sam
1695,1695,false,Toby
1159,1159,false,Bear
1483,1483,false,Cooper
638,638,false,Oreo
1954,1954,false,Jake
352,352,false,Shelby
282,282,false,Mia
1678,1678,false,Sammy
416,416,false,Oscar
226,226,false,Buster
862,862,false,Casey
199,199,false,Diamond
745,745,false,Pepper
1864,1864,false,Chico
487,487,false,Oreo
1757,1757,false,Milo
1161,1161,false,Snickers
115,115,false,Bo
142,142,false,Bella
1414,1414,false,Dakota
1593,1593,false,Rex
1682,1682,false,Toby
1319,1319,false,Buster
1822,1822,false,Jasper
1626,1626,false,Sam
1057,1057,false,Pepper
354,354,false,Bubba
1717,1717,false,Abby
1004,1004,false,Harley
658,658,false,Max
680,680,false,Harley
268,268,false,Missy
157,157,false,Bruno
542,542,false,Rex
1045,1045,false,Bailey
329,329,false,Misty
45,45,false,Sandy
813,813,false,Abby
1024,1024,false,Buddy
93,93,false,Sam
175,175,false,Rascal
1699,1699,false,Rex
1061,1061,false,Max
1017,1017,false,Harvey
1353,1353,false,Tyson
953,953,false,Daisy
88,88,false,Snickers
1333,1333,false,Scooter
742,742,false,Belle
575,575,false,Max
1623,1623,false,Precious
540,540,false,Maggie
1186,1186,false,Taz
932,932,false,Spike
239,239,false,Cody
1798,1798,false,Shadow
1709,1709,false,Cooper
1469,1469,false,Oscar
173,173,false,Toby
146,146,false,Bubba
1088,1088,false,Patches
536,536,false,Zeus
1174,1174,false,Rex
864,864,false,Bo
1465,1465,false,Annie
872,872,false,Dakota
1989,1989,false,Honey
1994,1994,false,Marley
125,125,false,Riley
1478,1478,false,Bruno
1515,1515,false,Chico
248,248,false,Gracie
111,111,false,Harvey
1308,1308,false,Diamond
1647,1647,false,Sandy
1774,1774,false,Annie
1548,1548,false,Chance
1433,1433,false,Harvey
867,867,false,Cody
570,570,false,Roxie
1900,1900,false,Tank
63,63,false,Rex
1438,1438,false,Penny
1289,1289,false,Snickers
1033,1033,false,Baby
492,492,false,Lexi
1345,1345,false,Marley
1324,1324,false,Charlie
1070,1070,false,Ginger
219,219,false,Misty
1044,1044,false,Rusty
1100,1100,false,Lexi
26,26,false,Lilly
1352,1352,false,Bear
1817,1817,false,Cookie
1010,1010,false,Murphy
1802,1802,false,Oscar
56,56,false,Mia
798,798,false,Jack
1747,1747,false,Blue
722,722,false,Abby
838,838,false,Ruby
856,856,false,Dakota
583,583,false,Zoe
266,266,false,Penny
1961,1961,false,Teddy
305,305,false,Murphy
52,52,false,Marley
360,360,false,Taz
1309,1309,false,Ginger
684,684,false,Precious
1967,1967,false,Pepper
515,515,false,Teddy
1089,1089,false,Molly
312,312,false,Toby
1881,1881,false,Harvey
846,846,false,Charlie
1963,1963,false,Bruno
1906,1906,false,Dakota
481,481,false,Patches
513,513,false,Annie
825,825,false,Sparky
387,387,false,Lilly
1229,1229,false,Penny
11,11,false,Sam
473,473,false,Roxy
618,618,false,Bo
381,381,false,Milo
1810,1810,false,Jasmine
1652,1652,false,Bo
371,371,false,Pepper
1838,1838,false,Gracie
1201,1201,false,Duke
295,295,false,Roxie
1275,1275,false,Oscar
1116,1116,false,Sugar
1836,1836,false,Toby
1716,1716,false,Lucy
452,452,false,Bruno
1500,1500,false,Angel
82,82,false,Dakota
897,897,false,Murphy
1307,1307,false,Roxy
1663,1663,false,Rascal
1423,1423,false,Bear
1692,1692,false,Honey
1968,1968,false,Cocoa
1748,1748,false,Jack
929,929,false,Peanut
765,765,false,Shadow
434,434,false,Oreo
121,121,false,Blue
414,414,false,Dakota
112,112,false,Chloe
198,198,false,Chloe
477,477,false,Toby
378,378,false,Rex
412,412,false,Lola
1749,1749,false,Coco
1807,1807,false,Coco
1401,1401,false,Scooter
1030,1030,false,Marley
1327,1327,false,Cody
258,258,false,Daisy
364,364,false,Jack
1574,1574,false,Rocky
616,616,false,Chance
710,710,false,Belle
1028,1028,false,Riley
1042,1042,false,Abby
1459,1459,false,Chance
1119,1119,false,Chloe
186,186,false,Chloe
1873,1873,false,Harvey
316,316,false,Marley
1461,1461,false,Baby
665,665,false,Charlie
797,797,false,Sandy
1555,1555,false,Teddy
852,852,false,Oreo
5,5,false,Ruby
185,185,false,Bear
28,28,false,Sugar
922,922,false,Tucker
535,535,false,Belle
1349,1349,false,Sassy
16,16,false,Riley
629,629,false,Coco
1055,1055,false,Rusty
1639,1639,false,Lucy
1584,1584,false,Blue
1578,1578,false,Dixie
1491,1491,false,Charlie
700,700,false,Lucky
227,227,false,Riley
269,269,false,Precious
1897,1897,false,Ruby
1176,1176,false,Roxy
1788,1788,false,Mia
860,860,false,Molly
43,43,false,Cooper
734,734,false,Daisy
1177,1177,false,Angel
1879,1879,false,Cocoa
965,965,false,Bella
507,507,false,Dakota
1347,1347,false,Sadie
656,656,false,Roxie
737,737,false,Baxter
1792,1792,false,Roxie
1080,1080,false,Maggie
1286,1286,false,Oscar
547,547,false,Oreo
1479,1479,false,Bailey
1025,1025,false,Snoopy
1657,1657,false,Roxy
514,514,false,Peanut
297,297,false,Luna
1997,1997,false,Max
90,90,false,Snickers
377,377,false,Toby
839,839,false,Bo
1809,1809,false,Lexi
392,392,false,Shelby
1894,1894,false,Rosie
701,701,false,Precious
397,397,false,Spike
1397,1397,false,Zoey
705,705,false,Milo
1550,1550,false,Bruno
1955,1955,false,Lucy
353,353,false,Shadow
238,238,false,Jack
685,685,false,Toby
1752,1752,false,Lexi
229,229,false,Missy
1451,1451,false,Ruby
966,966,false,Honey
304,304,false,Rosie
1670,1670,false,Luna
648,648,false,Penny
1313,1313,false,Bubba
1684,1684,false,Harvey
1084,1084,false,Sassy
764,764,false,Misty
1727,1727,false,Misty
150,150,false,Mia
962,962,false,Tank
533,533,false,Oreo
998,998,false,Rex
882,882,false,Jake
253,253,false,Sam
1203,1203,false,Daisy
868,868,false,Maggie
523,523,false,Daisy
1706,1706,false,Taz
678,678,false,Cody
1889,1889,false,Buddy
1106,1106,false,Baby
478,478,false,Molly
601,601,false,Riley
654,654,false,Tucker
732,732,false,Diesel
645,645,false,Cocoa
1222,1222,false,Bailey
1430,1430,false,Ginger
1979,1979,false,Jasper
874,874,false,Snoopy
1573,1573,false,Luna
230,230,false,Chance
610,610,false,Sophie
691,691,false,Lucy
216,216,false,Rex
109,109,false,Molly
1600,1600,false,Coco
1775,1775,false,Duke
720,720,false,Molly
1631,1631,false,Belle
567,567,false,Oscar
1400,1400,false,Lucky
1800,1800,false,Chloe
24,24,false,Brutus
891,891,false,Abby
974,974,false,Bruno
726,726,false,Angel
1944,1944,false,Diesel
1650,1650,false,Buster
1680,1680,false,Casey
1795,1795,false,Jack
1110,1110,false,Ginger
1853,1853,false,Rascal
1598,1598,false,Sadie
51,51,false,Ruby
889,889,false,Shelby
466,466,false,Jasper
1664,1664,false,Mia
1773,1773,false,Penny
1016,1016,false,Pepper
596,596,false,Bo
488,488,false,Lily
144,144,false,Daisy
1576,1576,false,Oreo
682,682,false,Blue
1755,1755,false,Coco
1211,1211,false,Lilly
1785,1785,false,Cody
108,108,false,Snoopy
733,733,false,Shelby
431,431,false,Sasha
1934,1934,false,Dakota
1509,1509,false,Ruby
406,406,false,Diesel
259,259,false,Daisy
766,766,false,Rex
1156,1156,false,Dixie
1661,1661,false,Diesel
1464,1464,false,Sparky
430,430,false,Belle
1958,1958,false,Diamond
1395,1395,false,Dakota
458,458,false,Casey
1266,1266,false,Ruby
1977,1977,false,Bruno
1358,1358,false,Cooper
384,384,false,Zoe
1835,1835,false,Bailey
1268,1268,false,Charlie
1032,1032,false,Snoopy
892,892,false,Sam
758,758,false,Bo
163,163,false,Chloe
1905,1905,false,Lexi
942,942,false,Sadie
1505,1505,false,Chloe
122,122,false,Precious
982,982,false,Bubba
1867,1867,false,Teddy
988,988,false,Max
728,728,false,Baxter
519,519,false,Lily
324,324,false,Shadow
502,502,false,Lily
1521,1521,false,Bo
493,493,false,Zeus
613,613,false,Zoe
1189,1189,false,Sugar
649,649,false,Patches
1243,1243,false,Murphy
1305,1305,false,Penny
168,168,false,Rex
1697,1697,false,Chico
584,584,false,Max
124,124,false,Oreo
858,858,false,Zoey
1885,1885,false,Sugar
1927,1927,false,Charlie
581,581,false,Snoopy
340,340,false,Roxie
363,363,false,Honey
1570,1570,false,Max
1610,1610,false,Dakota
1468,1468,false,Ginger
608,608,false,Spike
1385,1385,false,Zeus
1193,1193,false,Penny
1957,1957,false,Cookie
1294,1294,false,Rusty
1704,1704,false,Molly
277,277,false,Riley
322,322,false,Baxter
1649,1649,false,Baby
1367,1367,false,Bandit
44,44,false,Tank
538,538,false,Marley
1278,1278,false,Blue
683,683,false,Maggie
1786,1786,false,Sammy
429,429,false,Dakota
1808,1808,false,Annie
554,554,false,Daisy
1076,1076,false,Snickers
855,855,false,Murphy
1462,1462,false,Roxie
1034,1034,false,Diesel
421,421,false,Lucy
1427,1427,false,Duke
1299,1299,false,Patches
1411,1411,false,Baxter
25,25,false,Bella
1540,1540,false,Chico
1380,1380,false,Blue
1677,1677,false,Scooter
1013,1013,false,Brutus
1272,1272,false,Diamond
993,993,false,Chico
197,197,false,Molly
1382,1382,false,Honey
235,235,false,Daisy
650,650,false,Rascal
402,402,false,Jake
1366,1366,false,Lily
1233,1233,false,Diamond
84,84,false,Lexi
161,161,false,Lily
275,275,false,Bo
1340,1340,false,Shelby
1902,1902,false,Honey
276,276,false,Max
900,900,false,Lily
760,760,false,Bella
735,735,false,Dixie
1980,1980,false,Lucky
1995,1995,false,Annie
672,672,false,Casey
800,800,false,Penny
677,677,false,Chico
1440,1440,false,Buster
10,10,false,Cody
1710,1710,false,Cocoa
624,624,false,Coco
1914,1914,false,Gracie
919,919,false,Charlie
1087,1087,false,Precious
1724,1724,false,Rocky
1777,1777,false,Harley
400,400,false,Sandy
1369,1369,false,Gizmo
643,643,false,Lucy
1519,1519,false,Charlie
1379,1379,false,Rosie
816,816,false,Bella
40,40,false,Diesel
15,15,false,Taz
751,751,false,Lola
1648,1648,false,Oscar
57,57,false,Lola
1249,1249,false,Dixie
818,818,false,Belle
978,978,false,Sasha
333,333,false,Charlie
156,156,false,Abby
47,47,false,Lexi
1592,1592,false,Bo
1739,1739,false,Molly
521,521,false,Zoe
1654,1654,false,Shadow
597,597,false,Harvey
994,994,false,Charlie
1445,1445,false,Maggie
369,369,false,Bandit
1182,1182,false,Angel
398,398,false,Scooter
1962,1962,false,Zoe
166,166,false,Cookie
1232,1232,false,Rex
627,627,false,Coco
987,987,false,Zoey
1653,1653,false,Blue
1031,1031,false,Brutus
611,611,false,Pepper
991,991,false,Gracie
1224,1224,false,Pepper
817,817,false,Bella
1552,1552,false,Abby
606,606,false,Princess
427,427,false,Lucky
418,418,false,Sadie
207,207,false,Lily
1582,1582,false,Sugar
1756,1756,false,Oscar
1580,1580,false,Peanut
154,154,false,Toby
342,342,false,Molly
1489,1489,false,Cody
1112,1112,false,Gizmo
1529,1529,false,Ginger
827,827,false,Sandy
1258,1258,false,Lucky
1230,1230,false,Sammy
1170,1170,false,Cooper
1842,1842,false,Bubba
1627,1627,false,Bubba
1811,1811,false,Misty
1498,1498,false,Sugar
1713,1713,false,Coco
180,180,false,Cody
812,812,false,Sandy
1698,1698,false,Sasha
323,323,false,Buster
1043,1043,false,Casey
20,20,false,Bubba
349,349,false,Buddy
1904,1904,false,Tyson
1825,1825,false,Rascal
77,77,false,Lilly
14,14,false,Gizmo
529,529,false,Oscar
851,851,false,Coco
865,865,false,Sammy
399,399,false,Honey
543,543,false,Murphy
746,746,false,Angel
4,4,false,Bella
1496,1496,false,Tyson
904,904,false,Blue
736,736,false,Lucky
574,574,false,Roxie
232,232,false,Toby
996,996,false,Bubba
847,847,false,Marley
520,520,false,Sophie
995,995,false,Zeus
1026,1026,false,Spike
561,561,false,Sugar
1463,1463,false,Bubba
278,278,false,Chico
1373,1373,false,Spike
1122,1122,false,Jasper
1273,1273,false,Toby
989,989,false,Bailey
1607,1607,false,Ruby
1991,1991,false,Marley
476,476,false,Harley
1909,1909,false,Sammy
546,546,false,Teddy
873,873,false,Daisy
1406,1406,false,Sparky
795,795,false,Buster
1104,1104,false,Misty
594,594,false,Annie
1081,1081,false,Penny
321,321,false,Oscar
1819,1819,false,Tyson
564,564,false,Scooter
1731,1731,false,Spike
1912,1912,false,Misty
350,350,false,Tank
1209,1209,false,Angel
1346,1346,false,Annie
2002,2002,false,Sammy
70,70,false,Pepper
580,580,false,Missy
501,501,false,Jake
1839,1839,false,Roxie
1412,1412,false,Sammy
1361,1361,false,Lexi
559,559,false,Tank
1738,1738,false,Scooter
963,963,false,Rusty
2008,2008,false,Mia
1391,1391,false,Annie
71,71,false,Chance
497,497,false,Baby
274,274,false,Lilly
641,641,false,Oscar
12,12,false,Chloe
503,503,false,Shadow
1634,1634,false,Marley
1779,1779,false,Missy
1441,1441,false,Sam
1613,1613,false,Abby
1242,1242,false,Rascal
750,750,false,Blue
1660,1660,false,Missy
1002,1002,false,Jasper
1314,1314,false,Cocoa
541,541,false,Baby
1965,1965,false,Sandy
931,931,false,Abby
317,317,false,Sammy
1136,1136,false,Murphy
48,48,false,Cody
1277,1277,false,Shadow
1959,1959,false,Patches
100,100,false,Snickers
997,997,false,Shelby
407,407,false,Jack
1386,1386,false,Patches
1781,1781,false,Roxie
1134,1134,false,Duke
60,60,false,Tucker
1669,1669,false,Gizmo
1037,1037,false,Shelby
1720,1720,false,Duke
79,79,false,Misty
498,498,false,Bailey
769,769,false,Diamond
1295,1295,false,Baxter
756,756,false,Bear
1629,1629,false,Princess
167,167,false,Angel
707,707,false,Coco
970,970,false,Sophie
1797,1797,false,Patches
794,794,false,Harvey
1588,1588,false,Charlie
405,405,false,Snoopy
211,211,false,Bruno
1976,1976,false,Spike
1453,1453,false,Lucy
936,936,false,Bubba
623,623,false,Patches
1240,1240,false,Sasha
527,527,false,Sophie
1095,1095,false,Snickers
1133,1133,false,Sasha
1690,1690,false,Missy
704,704,false,Bella
980,980,false,Diesel
1221,1221,false,Rusty
1893,1893,false,Charlie
1616,1616,false,Gizmo
709,709,false,Peanut
326,326,false,Sadie
1872,1872,false,Jasper
1746,1746,false,Marley
1357,1357,false,Dakota
1216,1216,false,Teddy
662,662,false,Riley
1027,1027,false,Sammy
1868,1868,false,Mia
1508,1508,false,Shadow
1063,1063,false,Belle
986,986,false,Angel
1630,1630,false,Maggie
1246,1246,false,Zoey
635,635,false,Cocoa
676,676,false,Brutus
1583,1583,false,Bubba
223,223,false,Lily
1770,1770,false,Milo
325,325,false,Bo
212,212,false,Jack
379,379,false,Bo
1328,1328,false,Rex
1899,1899,false,Molly
62,62,false,Sasha
1595,1595,false,Annie
1707,1707,false,Belle
1728,1728,false,Marley
588,588,false,Honey
494,494,false,Chance
391,391,false,Bruno
749,749,false,Sugar
923,923,false,Riley
72,72,false,Tyson
1418,1418,false,Shelby
1758,1758,false,Jasper
1554,1554,false,Bubba
1067,1067,false,Shadow
249,249,false,Peanut
1625,1625,false,Buster
1551,1551,false,Lola
468,468,false,Belle
1577,1577,false,Milo
338,338,false,Sugar
1619,1619,false,Angel
2007,2007,false,Rascal
834,834,false,Jasmine
105,105,false,Lola
1510,1510,false,Rusty
706,706,false,Roxy
659,659,false,Dixie
1575,1575,false,Misty
53,53,false,Snickers
1735,1735,false,Ginger
595,595,false,Murphy
1700,1700,false,Ginger
1840,1840,false,Sammy
1803,1803,false,Coco
1637,1637,false,Abby
1985,1985,false,Precious
1108,1108,false,Lexi
1981,1981,false,Charlie
1896,1896,false,Baxter
97,97,false,Angel
1318,1318,false,Gracie
762,762,false,Shadow
832,832,false,Rocky
417,417,false,Princess
1495,1495,false,Scooter
1571,1571,false,Riley
1908,1908,false,Bella
1860,1860,false,Lily
424,424,false,Shelby
1667,1667,false,Bruno
1969,1969,false,Bruno
192,192,false,Murphy
221,221,false,Misty
1364,1364,false,Luna
1376,1376,false,Belle
1051,1051,false,Milo
1185,1185,false,Marley
1622,1622,false,Bella
1220,1220,false,Shadow
625,625,false,Zoe
1398,1398,false,Tank
1199,1199,false,Abby
842,842,false,Rascal
151,151,false,Oscar
1334,1334,false,Shelby
811,811,false,Zeus
1049,1049,false,Diamond
174,174,false,Bandit
1474,1474,false,Cooper
828,828,false,Diesel
576,576,false,Rocky
475,475,false,Bandit
1844,1844,false,Tucker
1821,1821,false,Baby
1330,1330,false,Cooper
372,372,false,Chloe
1942,1942,false,Sparky
138,138,false,Sparky
1162,1162,false,Sadie
328,328,false,Spike
869,869,false,Coco
1935,1935,false,Bailey
1549,1549,false,Gizmo
66,66,false,Maggie
3,3,false,Chance
1239,1239,false,Oreo
1823,1823,false,Honey
1745,1745,false,Patches
1830,1830,false,Cocoa
91,91,false,Jasmine
1929,1929,false,Sandy
1730,1730,false,Brutus
1504,1504,false,Charlie
1473,1473,false,Snoopy
1947,1947,false,Jack
1079,1079,false,Snoopy
954,954,false,Rosie
887,887,false,Patches
717,717,false,Abby
687,687,false,Gizmo
675,675,false,Gracie
901,901,false,Roxy
339,339,false,Buddy
347,347,false,Rusty
848,848,false,Mia
956,956,false,Cookie
814,814,false,Honey
1117,1117,false,Cocoa
1535,1535,false,Abby
1408,1408,false,Princess
49,49,false,Penny
1446,1446,false,Toby
126,126,false,Marley
119,119,false,Molly
1127,1127,false,Lucky
1160,1160,false,Angel
1252,1252,false,Snoopy
571,571,false,Dakota
1497,1497,false,Sammy
1207,1207,false,Charlie
451,451,false,Belle
1140,1140,false,Lucky
1071,1071,false,Buddy
1429,1429,false,Zoey
1213,1213,false,Lily
1072,1072,false,Misty
460,460,false,Ginger
1276,1276,false,Diamond
723,723,false,Teddy
801,801,false,Maggie
739,739,false,Lilly
388,388,false,Sadie
499,499,false,Abby
463,463,false,Riley
1456,1456,false,Gracie
1742,1742,false,Baxter
1794,1794,false,Tucker
681,681,false,Coco
935,935,false,Dakota
1482,1482,false,Duke
1254,1254,false,Harvey
1425,1425,false,Buddy
854,854,false,Cookie
804,804,false,Ruby
490,490,false,Bandit
1553,1553,false,Charlie
85,85,false,Sparky
1477,1477,false,Milo
1236,1236,false,Sasha
599,599,false,Casey
58,58,false,Blue
1099,1099,false,Tank
1257,1257,false,Bubba
8,8,false,Belle
830,830,false,Molly
117,117,false,Tank
602,602,false,Buddy
1090,1090,false,Sparky
147,147,false,Sammy
604,604,false,Coco
1805,1805,false,Misty
495,495,false,Bear
777,777,false,Sammy
1107,1107,false,Riley
1675,1675,false,Sadie
1525,1525,false,Gracie
803,803,false,Harley
1244,1244,false,Luna
1721,1721,false,Mia
969,969,false,Oscar
1283,1283,false,Teddy
206,206,false,Toby
1923,1923,false,Lady
593,593,false,Sammy
661,661,false,Missy
775,775,false,Gizmo
1383,1383,false,Rocky
516,516,false,Rascal
348,348,false,Lexi
159,159,false,Sadie
1487,1487,false,Tucker
252,252,false,Shelby
1628,1628,false,Daisy
1818,1818,false,Peanut
283,283,false,Shelby
1733,1733,false,Dixie
894,894,false,Jack
54,54,false,Bailey
210,210,false,Marley
1006,1006,false,Baby
1643,1643,false,Sugar
23,23,false,Abby
761,761,false,Penny
1940,1940,false,Charlie
1338,1338,false,Chloe
345,345,false,Toby
1225,1225,false,Dixie
1974,1974,false,Harley
667,667,false,Lucky
824,824,false,Tank
1768,1768,false,Angel
820,820,false,Max
1066,1066,false,Murphy
605,605,false,Angel
1659,1659,false,Princess
1312,1312,false,Tank
467,467,false,Zoe
264,264,false,Rusty
771,771,false,Max
718,718,false,Precious
132,132,false,Lexi
793,793,false,Missy
1841,1841,false,Riley
148,148,false,Jake
730,730,false,Sassy
1999,1999,false,Baxter
694,694,false,Molly
928,928,false,Maggie
335,335,false,Bo
1291,1291,false,Lilly
612,612,false,Dixie
485,485,false,Annie
1223,1223,false,Princess
1493,1493,false,Bubba
1646,1646,false,Harley
1271,1271,false,Scooter
243,243,false,Ruby
1878,1878,false,Ruby
1640,1640,false,Rex
179,179,false,Peanut
1102,1102,false,Harvey
1237,1237,false,Lily
1123,1123,false,Honey
844,844,false,Bailey
1920,1920,false,Coco
107,107,false,Bubba
902,902,false,Gracie
285,285,false,Sasha
1621,1621,false,Dakota
1059,1059,false,Penny
566,566,false,Milo
222,222,false,Ruby
1212,1212,false,Jasmine
589,589,false,Coco
1543,1543,false,Lucy
1565,1565,false,Tyson
18,18,false,Rocky
1679,1679,false,Casey
1287,1287,false,Rusty
64,64,false,Tucker
1827,1827,false,Sasha
1945,1945,false,Max
1056,1056,false,Honey
1635,1635,false,Shadow
837,837,false,Jake
1481,1481,false,Spike
217,217,false,Patches
1771,1771,false,Gizmo
1074,1074,false,Roxie
1135,1135,false,Bruno
1466,1466,false,Jasmine
1606,1606,false,Jack
1911,1911,false,Molly
1282,1282,false,Rusty
263,263,false,Mia
1769,1769,false,Harley
1443,1443,false,Taz
99,99,false,Molly
465,465,false,Oreo
433,433,false,Sandy
1196,1196,false,Bo
1936,1936,false,Buddy
1884,1884,false,Honey
453,453,false,Duke
1708,1708,false,Diamond
1815,1815,false,Sparky
1691,1691,false,Teddy
218,218,false,Luna
469,469,false,Sammy
456,456,false,Marley
1832,1832,false,Blue
1655,1655,false,Lucky
1586,1586,false,Dakota
425,425,false,Buster
1862,1862,false,Cookie
1475,1475,false,Shadow
1973,1973,false,Bandit
1996,1996,false,Ruby
1279,1279,false,Lilly
1671,1671,false,Ginger
669,669,false,Rusty
1149,1149,false,Riley
1938,1938,false,Tank
1719,1719,false,Oreo
1534,1534,false,Murphy
983,983,false,Abby
1460,1460,false,Tank
1121,1121,false,Sammy
1513,1513,false,Cooper
1662,1662,false,Brutus
1599,1599,false,Taz
979,979,false,Jasper
1793,1793,false,Chloe
1741,1741,false,Bandit
446,446,false,Lexi
1138,1138,false,Rex
729,729,false,Tank
1939,1939,false,Precious
545,545,false,Rascal
975,975,false,Sugar
118,118,false,Casey
829,829,false,Gracie
905,905,false,Diamond
551,551,false,Cookie
1585,1585,false,Snickers
367,367,false,Belle
1365,1365,false,Murphy
1854,1854,false,Jasper
821,821,false,Charlie
301,301,false,Sugar
784,784,false,Rocky
1014,1014,false,Precious
191,191,false,Abby
131,131,false,Sparky
724,724,false,Buster
1455,1455,false,Gizmo
1410,1410,false,Annie
255,255,false,Shelby
220,220,false,Sparky
1018,1018,false,Lilly
914,914,false,Precious
1060,1060,false,Chance
755,755,false,Rocky
1988,1988,false,Harvey
257,257,false,Misty
1265,1265,false,Bear
1476,1476,false,Diesel
1618,1618,false,Angel
389,389,false,Sophie
1029,1029,false,Cocoa
1368,1368,false,Sammy
534,534,false,Cookie
1214,1214,false,Annie
1869,1869,false,Bubba
202,202,false,Baby
435,435,false,Sandy
875,875,false,Bruno
810,810,false,Shadow
530,530,false,Sparky
968,968,false,Lily
1377,1377,false,Baby
394,394,false,Penny
1371,1371,false,Toby
1363,1363,false,Penny
1693,1693,false,Roxie
1375,1375,false,Zoey
1250,1250,false,Tucker
1916,1916,false,Belle
1701,1701,false,Jasper
1449,1449,false,Tank
1813,1813,false,Pepper
1533,1533,false,Spike
925,925,false,Coco
1484,1484,false,Jack
992,992,false,Chloe
1419,1419,false,Milo
247,247,false,Ginger
912,912,false,Rex
6,6,false,Tucker
1442,1442,false,Lilly
1596,1596,false,Peanut
805,805,false,Charlie
288,288,false,Pepper
1115,1115,false,Pepper
270,270,false,Cody
408,408,false,Bailey
1826,1826,false,Zoey
177,177,false,Sadie
653,653,false,Bella
1158,1158,false,Baby
1435,1435,false,Mia
660,660,false,Baby
1855,1855,false,Sadie
482,482,false,Dixie
231,231,false,Sparky
544,544,false,Oscar
845,845,false,Coco
713,713,false,Rosie
2005,2005,false,Snoopy
1052,1052,false,Rex
365,365,false,Cocoa
714,714,false,Rocky
1901,1901,false,Princess
1436,1436,false,Patches
215,215,false,Cocoa
895,895,false,Gizmo
2006,2006,false,Belle
950,950,false,Jasper
780,780,false,Misty
1114,1114,false,Zoey
948,948,false,Dakota
298,298,false,Oreo
1490,1490,false,Dakota
36,36,false,Rosie
1416,1416,false,Cooper
1883,1883,false,Missy
626,626,false,Rusty
748,748,false,Tyson
759,759,false,Misty
598,598,false,Charlie
1350,1350,false,Sadie
1020,1020,false,Maggie
1035,1035,false,Zoey
1444,1444,false,Marley
1166,1166,false,Spike
366,366,false,Roxy
550,550,false,Baxter
1241,1241,false,Lucy
690,690,false,Zoey
1926,1926,false,Sammy
785,785,false,Scooter
34,34,false,Bubba
1157,1157,false,Luna
652,652,false,Teddy
702,702,false,Sadie
973,973,false,Missy
1098,1098,false,Tank
607,607,false,Pepper
1486,1486,false,Lady
426,426,false,Belle
1557,1557,false,Lucky
69,69,false,Casey
1951,1951,false,Diamond
790,790,false,Lucky
311,311,false,Shelby
849,849,false,Teddy
1078,1078,false,Teddy
1687,1687,false,Oreo
1918,1918,false,Oreo
1522,1522,false,Tank
884,884,false,Rex
1527,1527,false,Roxie
744,744,false,Spike
187,187,false,Jasper
644,644,false,Tucker
666,666,false,Max
291,291,false,Missy
242,242,false,Harley
1536,1536,false,Cookie
1471,1471,false,Missy
1966,1966,false,Cooper
320,320,false,Rosie
877,877,false,Teddy
32,32,false,Jake
1828,1828,false,Bear
472,472,false,Sophie
35,35,false,Sparky
959,959,false,Penny
1218,1218,false,Cocoa
280,280,false,Zoe
444,444,false,Murphy
1601,1601,false,Lexi
137,137,false,Ruby
114,114,false,Dixie
1776,1776,false,Roxy
1124,1124,false,Jake
799,799,false,Bo
80,80,false,Buster
1467,1467,false,Zoey
958,958,false,Diamond
711,711,false,Sugar
646,646,false,Lucy
1208,1208,false,Tyson
313,313,false,Buster
164,164,false,Ginger
573,573,false,Spike
22,22,false,Shadow
1421,1421,false,Bailey
437,437,false,Daisy
504,504,false,Patches
165,165,false,Maggie
1917,1917,false,Pepper
1948,1948,false,Tyson
386,386,false,Rocky
1562,1562,false,Sparky
1501,1501,false,Sandy
200,200,false,Gizmo
1046,1046,false,Zoe
1168,1168,false,Daisy
130,130,false,Chloe
1019,1019,false,Sparky
910,910,false,Oscar
1778,1778,false,Penny
1849,1849,false,Bella
1219,1219,false,Oreo
976,976,false,Lily
789,789,false,Angel
947,947,false,Bear
886,886,false,Ruby
67,67,false,Gizmo
871,871,false,Luna
1524,1524,false,Shelby
1933,1933,false,Rascal
1321,1321,false,Sasha
1181,1181,false,Duke
334,334,false,Maggie
934,934,false,Honey
1260,1260,false,Honey
1036,1036,false,Sophie
1111,1111,false,Sammy
1992,1992,false,Rosie
158,158,false,Luna
1943,1943,false,Blue
831,831,false,Charlie
961,961,false,Max
225,225,false,Chico
160,160,false,Sophie
1300,1300,false,Lucky
1871,1871,false,Zoe
955,955,false,Toby
1488,1488,false,Shadow
1139,1139,false,Harvey
1204,1204,false,Princess
1612,1612,false,Riley
1228,1228,false,Toby
343,343,false,Oreo
716,716,false,Bailey
1531,1531,false,Bruno
1360,1360,false,Rusty
272,272,false,Daisy
1796,1796,false,Bubba
1729,1729,false,Lilly
171,171,false,Lady
294,294,false,Duke
1012,1012,false,Bo
1931,1931,false,Maggie
1766,1766,false,Abby
1094,1094,false,Tucker
1387,1387,false,Sparky
1178,1178,false,Sparky
403,403,false,Annie
888,888,false,Snoopy
628,628,false,Harley
781,781,false,Ruby
299,299,false,Luna
1022,1022,false,Luna
572,572,false,Brutus
410,410,false,Blue
162,162,false,Angel
1642,1642,false,Gracie
506,506,false,Lilly
1930,1930,false,Coco
1611,1611,false,Toby
823,823,false,Sadie
1764,1764,false,Cookie
362,362,false,Chico
306,306,false,Annie
1359,1359,false,Buddy
1689,1689,false,Buddy
2009,2009,false,Lexi
1342,1342,false,Riley
600,600,false,Belle
309,309,false,Maggie
774,774,false,Sasha
930,930,false,Cookie
33,33,false,Princess
1503,1503,false,Gracie
1787,1787,false,Lady
1290,1290,false,Rex
1928,1928,false,Harley
1083,1083,false,Mia
1895,1895,false,Coco
1804,1804,false,Dakota
861,861,false,Snoopy
395,395,false,Peanut
933,933,false,Abby
577,577,false,Jasmine
693,693,false,Gracie
1301,1301,false,Annie
1431,1431,false,Duke
1641,1641,false,Gracie
1848,1848,false,Precious
1392,1392,false,Honey
415,415,false,Roxie
741,741,false,Annie
1188,1188,false,Sophie
899,899,false,Lola
1799,1799,false,Sam
1396,1396,false,Zeus
308,308,false,Milo
1040,1040,false,Toby
1581,1581,false,Abby
712,712,false,Ginger
2000,2000,false,Murphy
189,189,false,Jake
1128,1128,false,Baxter
1039,1039,false,Misty
553,553,false,Jack
1686,1686,false,Sam
