child_id,client_id,deleted,pet_name
356,356,false,Ginger
1890,1890,false,Charlie
1409,1409,false,Mia
164,164,false,Sassy
903,903,false,Cocoa
825,825,false,Rosie
867,867,false,Jasmine
1835,1835,false,Bo
735,735,false,Angel
48,48,false,Abby
1788,1788,false,Shadow
1798,1798,false,Bo
1239,1239,false,Dakota
136,136,false,Sandy
548,548,false,Snickers
1112,1112,false,Bella
1342,1342,false,Sugar
198,198,false,Daisy
1483,1483,false,Bear
386,386,false,Oscar
662,662,false,Jasper
304,304,false,Lucky
1002,1002,false,Shadow
616,616,false,Duke
758,758,false,Rex
337,337,false,Diamond
1554,1554,false,Belle
1058,1058,false,Bailey
651,651,false,Max
1724,1724,false,Molly
1041,1041,false,Sassy
1305,1305,false,Brutus
908,908,false,Ruby
769,769,false,Zeus
984,984,false,Shadow
678,678,false,Shadow
369,369,false,Misty
459,459,false,Jake
105,105,false,Sugar
111,111,false,Sassy
1574,1574,false,Mia
384,384,false,Lucy
210,210,false,Teddy
981,981,false,Diesel
520,520,false,Molly
1166,1166,false,Daisy
452,452,false,Buster
586,586,false,Marley
1511,1511,false,Tank
1153,1153,false,Sadie
1,1,false,Shelby
239,239,false,Sophie
870,870,false,Abby
786,786,false,Molly
181,181,false,Mia
600,600,false,Sandy
1157,1157,false,Lucky
1936,1936,false,Buster
1325,1325,false,Toby
555,555,false,Murphy
333,333,false,Bubba
1502,1502,false,Patches
2003,2003,false,Bandit
510,510,false,Abby
1627,1627,false,Molly
1108,1108,false,Sadie
1497,1497,false,Teddy
501,501,false,Princess
496,496,false,Harley
46,46,false,Jack
1601,1601,false,Casey
281,281,false,Taz
224,224,false,Buddy
27,27,false,Snickers
1920,1920,false,Angel
1014,1014,false,Baxter
605,605,false,Tyson
1411,1411,false,Lucky
1848,1848,false,Molly
1063,1063,false,Abby
1804,1804,false,Baby
1564,1564,false,Lucky
37,37,false,Sugar
1138,1138,false,Gracie
1504,1504,false,Gracie
1984,1984,false,Cocoa
1530,1530,false,Diesel
441,441,false,Ginger
1017,1017,false,Jack
1213,1213,false,Shelby
1519,1519,false,Spike
466,466,false,Baby
1772,1772,false,Lily
1264,1264,false,Roxy
167,167,false,Lola
572,572,false,Marley
780,780,false,Missy
1145,1145,false,Bella
554,554,false,Blue
1476,1476,false,Bear
1317,1317,false,Jasper
596,596,false,Lola
52,52,false,Sassy
1433,1433,false,Honey
318,318,false,Penny
1039,1039,false,Angel
585,585,false,Belle
1825,1825,false,Bailey
206,206,false,Angel
649,649,false,Luna
1986,1986,false,Lola
1127,1127,false,Bruno
338,338,false,Zeus
1319,1319,false,Annie
1913,1913,false,Lucky
1762,1762,false,Baby
1340,1340,false,Rascal
367,367,false,Jack
1459,1459,false,Annie
1836,1836,false,Bruno
609,609,false,Toby
1548,1548,false,Honey
339,339,false,Gizmo
1684,1684,false,Rex
639,639,false,Patches
1971,1971,false,Jack
1651,1651,false,Sasha
191,191,false,Milo
2001,2001,false,Baxter
1312,1312,false,Lilly
227,227,false,Princess
140,140,false,Coco
1951,1951,false,Oscar
442,442,false,Pepper
934,934,false,Lily
1870,1870,false,Mia
1527,1527,false,Chloe
770,770,false,Maggie
152,152,false,Spike
84,84,false,Cocoa
1862,1862,false,Murphy
1205,1205,false,Jasmine
516,516,false,Patches
392,392,false,Bandit
1044,1044,false,Oscar
685,685,false,Cookie
1020,1020,false,Snickers
1580,1580,false,Dakota
515,515,false,Snoopy
1426,1426,false,Chico
231,231,false,Cody
1355,1355,false,Penny
447,447,false,Angel
1515,1515,false,Bailey
537,537,false,Sophie
1118,1118,false,Harvey
1876,1876,false,Dakota
1919,1919,false,Sparky
1655,1655,false,Bandit
1470,1470,false,Casey
1552,1552,false,Rusty
497,497,false,Rusty
805,805,false,Daisy
1499,1499,false,Milo
28,28,false,Lucky
183,183,false,Buster
986,986,false,Duke
1125,1125,false,Precious
274,274,false,Spike
1333,1333,false,Roxie
1042,1042,false,Harvey
1577,1577,false,Missy
1437,1437,false,Zeus
929,929,false,Daisy
1081,1081,false,Sammy
1279,1279,false,Rascal
701,701,false,Zoey
615,615,false,Honey
1338,1338,false,Tucker
1802,1802,false,Taz
1616,1616,false,Precious
753,753,false,Angel
303,303,false,Peanut
63,63,false,Marley
794,794,false,Sassy
838,838,false,Riley
1190,1190,false,Misty
526,526,false,Oreo
763,763,false,Bear
1933,1933,false,Roxie
1313,1313,false,Lucy
1666,1666,false,Lilly
1943,1943,false,Precious
832,832,false,Baby
1818,1818,false,Cody
1972,1972,false,Sammy
964,964,false,Sam
1192,1192,false,Chico
824,824,false,Jack
806,806,false,Sam
1454,1454,false,Diamond
467,467,false,Rusty
71,71,false,Lexi
1302,1302,false,Cooper
1154,1154,false,Snickers
116,116,false,Angel
1025,1025,false,Buster
123,123,false,Patches
260,260,false,Zeus
1623,1623,false,Gizmo
1664,1664,false,Coco
706,706,false,Taz
1473,1473,false,Spike
1022,1022,false,Max
438,438,false,Sasha
652,652,false,Sammy
1384,1384,false,Baby
999,999,false,Bubba
978,978,false,Bailey
287,287,false,Jasper
1232,1232,false,Peanut
344,344,false,Belle
13,13,false,Lady
1427,1427,false,Rascal
284,284,false,Jasper
1328,1328,false,Maggie
358,358,false,Rex
1492,1492,false,Buddy
49,49,false,Snickers
1625,1625,false,Bear
153,153,false,Shadow
1533,1533,false,Tank
1432,1432,false,Roxy
1339,1339,false,Princess
228,228,false,Bo
1352,1352,false,Zoey
347,347,false,Luna
252,252,false,Charlie
1169,1169,false,Tank
1466,1466,false,Zeus
277,277,false,Princess
1425,1425,false,Shelby
1036,1036,false,Rusty
363,363,false,Zoey
508,508,false,Bailey
213,213,false,Zeus
185,185,false,Bailey
759,759,false,Bandit
610,610,false,Lucky
419,419,false,Bubba
1954,1954,false,Honey
474,474,false,Bella
85,85,false,Mia
513,513,false,Duke
253,253,false,Tucker
811,811,false,Ginger
463,463,false,Cooper
992,992,false,Tank
368,368,false,Murphy
1956,1956,false,Jasmine
406,406,false,Dixie
1348,1348,false,Patches
1799,1799,false,Luna
919,919,false,Lily
731,731,false,Tank
135,135,false,Peanut
1358,1358,false,Oreo
1611,1611,false,Sassy
489,489,false,Jack
324,324,false,Lucy
667,667,false,Lilly
1304,1304,false,Sandy
1449,1449,false,Sassy
1639,1639,false,Lady
1834,1834,false,Baby
47,47,false,Marley
1942,1942,false,Gizmo
965,965,false,Pepper
1503,1503,false,Rex
604,604,false,Toby
1571,1571,false,Princess
261,261,false,Sparky
1626,1626,false,Precious
660,660,false,Snickers
1398,1398,false,Snoopy
1446,1446,false,Dixie
922,922,false,Chance
808,808,false,Diesel
573,573,false,Ruby
1203,1203,false,Dakota
1763,1763,false,Molly
875,875,false,Patches
1491,1491,false,Ginger
411,411,false,Ginger
1553,1553,false,Baby
1866,1866,false,Patches
1109,1109,false,Jack
24,24,false,Duke
830,830,false,Bruno
45,45,false,Riley
374,374,false,Rex
179,179,false,Sammy
1713,1713,false,Angel
1732,1732,false,Princess
53,53,false,Shelby
1206,1206,false,Rusty
626,626,false,Sadie
159,159,false,Daisy
1930,1930,false,Diamond
1860,1860,false,Jasmine
855,855,false,Abby
1003,1003,false,Molly
1970,1970,false,Rocky
413,413,false,Blue
1852,1852,false,Roxy
1181,1181,false,Patches
819,819,false,Lilly
390,390,false,Coco
1222,1222,false,Marley
129,129,false,Ruby
1037,1037,false,Jasper
1669,1669,false,Baby
882,882,false,Rosie
1828,1828,false,Sassy
630,630,false,Tank
180,180,false,Snoopy
1868,1868,false,Sophie
542,542,false,Coco
1557,1557,false,Buster
1048,1048,false,Daisy
1636,1636,false,Lola
1210,1210,false,Lily
176,176,false,Sasha
172,172,false,Penny
620,620,false,Sandy
275,275,false,Cooper
954,954,false,Tyson
1249,1249,false,Tyson
1244,1244,false,Diamond
195,195,false,Shelby
141,141,false,Oreo
1375,1375,false,Cocoa
1038,1038,false,Spike
1517,1517,false,Sammy
143,143,false,Baby
462,462,false,Duke
190,190,false,Taz
271,271,false,Missy
1847,1847,false,Baby
970,970,false,Pepper
480,480,false,Sammy
1795,1795,false,Marley
1800,1800,false,Zeus
918,918,false,Baxter
1267,1267,false,Mia
1749,1749,false,Harley
296,296,false,Shadow
1547,1547,false,Honey
1790,1790,false,Jasper
1315,1315,false,Baxter
534,534,false,Sam
1388,1388,false,Zoey
1758,1758,false,Dixie
418,418,false,Lily
1787,1787,false,Angel
1136,1136,false,Luna
1393,1393,false,Baby
813,813,false,Bo
1207,1207,false,Oscar
818,818,false,Lilly
1219,1219,false,Pepper
1159,1159,false,Roxy
117,117,false,Brutus
693,693,false,Princess
364,364,false,Chance
935,935,false,Dakota
1808,1808,false,Bo
740,740,false,Murphy
192,192,false,Lexi
1803,1803,false,Jasper
1816,1816,false,Sam
1220,1220,false,Ruby
34,34,false,Lola
170,170,false,Daisy
54,54,false,Marley
583,583,false,Cookie
72,72,false,Gracie
165,165,false,Dixie
1647,1647,false,Brutus
1235,1235,false,Snickers
1944,1944,false,Bruno
454,454,false,Rex
267,267,false,Zoey
1723,1723,false,Cookie
75,75,false,Shelby
522,522,false,Lily
1083,1083,false,Sophie
957,957,false,Patches
848,848,false,Gracie
1370,1370,false,Milo
960,960,false,Murphy
1794,1794,false,Harley
718,718,false,Cody
1844,1844,false,Dakota
933,933,false,Missy
1927,1927,false,Lola
1811,1811,false,Luna
792,792,false,Rosie
1923,1923,false,Spike
1027,1027,false,Cookie
1931,1931,false,Baby
1316,1316,false,Precious
1806,1806,false,Sugar
1156,1156,false,Tank
1980,1980,false,Milo
991,991,false,Snickers
1399,1399,false,Daisy
1594,1594,false,Brutus
729,729,false,Milo
1139,1139,false,Casey
696,696,false,Luna
221,221,false,Harley
291,291,false,Diamond
682,682,false,Daisy
854,854,false,Dakota
1298,1298,false,Sugar
1451,1451,false,Annie
32,32,false,Bear
276,276,false,Bruno
1163,1163,false,Sugar
1484,1484,false,Mia
319,319,false,Zoey
1671,1671,false,Buddy
796,796,false,Baxter
940,940,false,Harley
809,809,false,Murphy
1633,1633,false,Scooter
465,465,false,Pepper
789,789,false,Marley
1367,1367,false,Brutus
674,674,false,Zoe
1624,1624,false,Chance
1907,1907,false,Duke
1646,1646,false,Cookie
1225,1225,false,Mia
579,579,false,Lilly
1401,1401,false,Roxie
1276,1276,false,Bo
491,491,false,Daisy
634,634,false,Coco
1290,1290,false,Abby
1422,1422,false,Bandit
1783,1783,false,Pepper
128,128,false,Honey
987,987,false,Riley
1085,1085,false,Cocoa
967,967,false,Penny
1696,1696,false,Riley
381,381,false,Cookie
328,328,false,Cooper
1371,1371,false,Bo
268,268,false,Honey
1748,1748,false,Snoopy
68,68,false,Teddy
1140,1140,false,Max
629,629,false,Sugar
791,791,false,Sasha
83,83,false,Rex
1330,1330,false,Murphy
1482,1482,false,Bailey
1706,1706,false,Ruby
1323,1323,false,Duke
538,538,false,Scooter
1447,1447,false,Rusty
1158,1158,false,Sam
1901,1901,false,Pepper
1467,1467,false,Sam
262,262,false,Harley
440,440,false,Rusty
1259,1259,false,Missy
1849,1849,false,Sadie
1318,1318,false,Jasmine
732,732,false,Jake
382,382,false,Daisy
734,734,false,Bruno
1396,1396,false,Zoey
1281,1281,false,Bruno
1191,1191,false,Tyson
704,704,false,Tucker
398,398,false,Jack
746,746,false,Gizmo
1012,1012,false,Sassy
963,963,false,Baby
431,431,false,Taz
810,810,false,Sandy
518,518,false,Luna
1976,1976,false,Annie
640,640,false,Dixie
817,817,false,Bear
1368,1368,false,Rocky
1820,1820,false,Rex
816,816,false,Bandit
379,379,false,Ginger
161,161,false,Zoey
1988,1988,false,Sassy
11,11,false,Tucker
911,911,false,Duke
912,912,false,Tucker
823,823,false,Brutus
862,862,false,Rosie
778,778,false,Ruby
1086,1086,false,Lily
1212,1212,false,Molly
669,669,false,Lilly
1898,1898,false,Chico
1965,1965,false,Pepper
1773,1773,false,Snickers
1939,1939,false,Gizmo
1734,1734,false,Precious
133,133,false,Shadow
588,588,false,Max
1770,1770,false,Snoopy
1576,1576,false,Baxter
1001,1001,false,Baby
927,927,false,Jasper
1658,1658,false,Peanut
1731,1731,false,Marley
103,103,false,Zeus
1262,1262,false,Bubba
1948,1948,false,Tyson
977,977,false,Lady
1377,1377,false,Rusty
223,223,false,Abby
1214,1214,false,Molly
1612,1612,false,Bailey
1997,1997,false,Lucy
1673,1673,false,Lily
1769,1769,false,Oscar
1073,1073,false,Spike
177,177,false,Coco
1362,1362,false,Bella
787,787,false,Lilly
451,451,false,Chloe
1032,1032,false,Daisy
736,736,false,Lily
1603,1603,false,Bandit
1994,1994,false,Zeus
1989,1989,false,Sassy
835,835,false,Gizmo
1540,1540,false,Zoey
1390,1390,false,Oscar
567,567,false,Lucy
665,665,false,Zoey
391,391,false,Sandy
625,625,false,Rocky
1236,1236,false,Max
1282,1282,false,Sparky
641,641,false,Lola
1882,1882,false,Blue
896,896,false,Zoey
334,334,false,Snoopy
400,400,false,Bella
50,50,false,Rascal
856,856,false,Jake
551,551,false,Charlie
1005,1005,false,Roxie
1347,1347,false,Princess
74,74,false,Harley
1662,1662,false,Lexi
1351,1351,false,Diamond
619,619,false,Buster
1545,1545,false,Pepper
1602,1602,false,Roxie
1200,1200,false,Cody
1730,1730,false,Princess
1846,1846,false,Lola
692,692,false,Milo
31,31,false,Chance
1143,1143,false,Lexi
1064,1064,false,Cocoa
1018,1018,false,Diesel
1563,1563,false,Jake
990,990,false,Jake
1815,1815,false,Ruby
1151,1151,false,Lexi
106,106,false,Jack
906,906,false,Sophie
1650,1650,false,Zeus
1977,1977,false,Maggie
240,240,false,Tank
1456,1456,false,Jasmine
217,217,false,Diesel
1485,1485,false,Belle
1738,1738,false,Bear
874,874,false,Sasha
294,294,false,Bandit
174,174,false,Chance
458,458,false,Chance
1968,1968,false,Duke
1707,1707,false,Buddy
1859,1859,false,Maggie
1498,1498,false,Rosie
928,928,false,Cocoa
1523,1523,false,Roxie
1720,1720,false,Zoey
126,126,false,Marley
1869,1869,false,Ruby
1854,1854,false,Gracie
492,492,false,Sammy
1715,1715,false,Sassy
120,120,false,Penny
1961,1961,false,Roxie
930,930,false,Dakota
137,137,false,Angel
151,151,false,Rex
1364,1364,false,Tank
1740,1740,false,Zoey
124,124,false,Diesel
1938,1938,false,Lilly
1292,1292,false,Coco
666,666,false,Sandy
635,635,false,Sophie
1188,1188,false,Bandit
436,436,false,Tucker
1468,1468,false,Coco
479,479,false,Blue
1284,1284,false,Bubba
552,552,false,Princess
1091,1091,false,Charlie
130,130,false,Jasmine
1439,1439,false,Blue
428,428,false,Roxy
1335,1335,false,Diamond
1417,1417,false,Luna
1029,1029,false,Rex
1429,1429,false,Lexi
2002,2002,false,Teddy
314,314,false,Roxie
920,920,false,Diamond
697,697,false,Lucy
1117,1117,false,Misty
744,744,false,Cooper
500,500,false,Shelby
1514,1514,false,Snickers
592,592,false,Dixie
1104,1104,false,Angel
1168,1168,false,Charlie
8,8,false,Belle
1458,1458,false,Roxie
1094,1094,false,Chico
1985,1985,false,Casey
149,149,false,Ruby
1618,1618,false,Ginger
743,743,false,Lucy
1975,1975,false,Gizmo
1405,1405,false,Marley
972,972,false,Sammy
565,565,false,Sandy
1955,1955,false,Peanut
39,39,false,Rusty
265,265,false,Bear
1056,1056,false,Tank
307,307,false,Sam
993,993,false,Cody
1842,1842,false,Cocoa
211,211,false,Luna
715,715,false,Peanut
6,6,false,Jake
880,880,false,Tucker
1376,1376,false,Tyson
1233,1233,false,Daisy
577,577,false,Pepper
483,483,false,Dakota
389,389,false,Sammy
1266,1266,false,Chico
1695,1695,false,Patches
826,826,false,Chance
1875,1875,false,Bear
895,895,false,Jack
777,777,false,Gizmo
1619,1619,false,Diamond
559,559,false,Penny
156,156,false,Jake
1661,1661,false,Gracie
134,134,false,Buddy
1932,1932,false,Gizmo
891,891,false,Annie
373,373,false,Sophie
915,915,false,Ruby
1568,1568,false,Harley
482,482,false,Bruno
1271,1271,false,Diesel
939,939,false,Abby
15,15,false,Dakota
238,238,false,Murphy
1135,1135,false,Sparky
1537,1537,false,Snoopy
1500,1500,false,Taz
793,793,false,Diesel
168,168,false,Scooter
1175,1175,false,Cody
713,713,false,Gizmo
845,845,false,Misty
1949,1949,false,Bruno
1609,1609,false,Precious
70,70,false,Lucy
234,234,false,Sadie
1541,1541,false,Gracie
346,346,false,Bailey
197,197,false,Gizmo
1092,1092,false,Cody
1389,1389,false,Molly
317,317,false,Daisy
1917,1917,false,Max
772,772,false,Chico
907,907,false,Maggie
1071,1071,false,Harley
248,248,false,Marley
1992,1992,false,Brutus
464,464,false,Bella
127,127,false,Sassy
1952,1952,false,Tyson
22,22,false,Sadie
1887,1887,false,Sasha
1164,1164,false,Honey
1745,1745,false,Jake
404,404,false,Peanut
1202,1202,false,Mia
1572,1572,false,Rascal
1126,1126,false,Luna
728,728,false,Maggie
1194,1194,false,Brutus
504,504,false,Rocky
1506,1506,false,Duke
995,995,false,Harley
647,647,false,Blue
712,712,false,Spike
1719,1719,false,Bubba
1562,1562,false,Coco
1095,1095,false,Rascal
1341,1341,false,Diamond
1438,1438,false,Tucker
1089,1089,false,Harley
315,315,false,Riley
1026,1026,false,Charlie
1520,1520,false,Oscar
523,523,false,Shadow
568,568,false,Teddy
737,737,false,Rusty
306,306,false,Spike
719,719,false,Gracie
4,4,false,Bubba
549,549,false,Zoe
434,434,false,Tank
1486,1486,false,Milo
1722,1722,false,Murphy
355,355,false,Rascal
245,245,false,Oreo
861,861,false,Luna
1853,1853,false,Milo
396,396,false,Max
988,988,false,Lexi
998,998,false,Teddy
976,976,false,Ruby
412,412,false,Lola
204,204,false,Tyson
925,925,false,Belle
1900,1900,false,Penny
1657,1657,false,Daisy
1891,1891,false,Tank
399,399,false,Ginger
1606,1606,false,Lola
646,646,false,Bandit
653,653,false,Snoopy
439,439,false,Oscar
1435,1435,false,Princess
1754,1754,false,Oreo
1751,1751,false,Snoopy
1826,1826,false,Rusty
1410,1410,false,Casey
1652,1652,false,Chico
893,893,false,Bandit
1123,1123,false,Lucy
894,894,false,Rusty
1321,1321,false,Honey
1918,1918,false,Cookie
86,86,false,Spike
807,807,false,Teddy
423,423,false,Zoey
774,774,false,Oscar
1172,1172,false,Sugar
1452,1452,false,Bear
1260,1260,false,Lucky
1699,1699,false,Buddy
1752,1752,false,Toby
1403,1403,false,Marley
1945,1945,false,Cookie
598,598,false,Rex
282,282,false,Jake
1000,1000,false,Jasper
1597,1597,false,Lucy
1261,1261,false,Jake
795,795,false,Taz
931,931,false,Oreo
354,354,false,Lily
529,529,false,Jasmine
827,827,false,Teddy
1445,1445,false,Baxter
393,393,false,Sasha
486,486,false,Buddy
1697,1697,false,Lily
429,429,false,Rosie
850,850,false,Tucker
377,377,false,Abby
768,768,false,Chloe
485,485,false,Brutus
1837,1837,false,Pepper
1395,1395,false,Milo
1663,1663,false,Bear
1397,1397,false,Duke
705,705,false,Harvey
109,109,false,Lucy
1248,1248,false,Luna
1084,1084,false,Teddy
597,597,false,Cody
1040,1040,false,Dixie
698,698,false,Sammy
545,545,false,Roxie
1230,1230,false,Harley
829,829,false,Spike
1174,1174,false,Lucy
742,742,false,Milo
426,426,false,Cooper
1781,1781,false,Jasper
1496,1496,false,Zoe
397,397,false,Lexi
892,892,false,Bruno
102,102,false,Bear
831,831,false,Sadie
1573,1573,false,Chance
1678,1678,false,Gizmo
1311,1311,false,Buddy
1889,1889,false,Misty
853,853,false,Belle
290,290,false,Roxy
1830,1830,false,Lily
1406,1406,false,Max
362,362,false,Tucker
1121,1121,false,Roxie
1560,1560,false,Cookie
785,785,false,Chloe
1149,1149,false,Lucky
468,468,false,Sassy
1660,1660,false,Jake
1588,1588,false,Lilly
702,702,false,Rex
1753,1753,false,Charlie
1217,1217,false,Ruby
1231,1231,false,Gizmo
146,146,false,Bo
1829,1829,false,Maggie
857,857,false,Bubba
1689,1689,false,Pepper
1912,1912,false,Roxy
1982,1982,false,Oreo
1670,1670,false,Bear
218,218,false,Gizmo
308,308,false,Annie
840,840,false,Missy
357,357,false,Rusty
937,937,false,Blue
1701,1701,false,Jasper
1841,1841,false,Bubba
1908,1908,false,Diesel
1741,1741,false,Lucy
1469,1469,false,Jake
1076,1076,false,Lucy
1628,1628,false,Mia
225,225,false,Daisy
1914,1914,false,Dakota
1922,1922,false,Bandit
1240,1240,false,Coco
681,681,false,Cookie
1702,1702,false,Buddy
533,533,false,Jasper
1218,1218,false,Molly
1289,1289,false,Lady
1789,1789,false,Bear
89,89,false,Cody
989,989,false,Toby
560,560,false,Sammy
1087,1087,false,Jasper
289,289,false,Bo
943,943,false,Luna
1215,1215,false,Scooter
1865,1865,false,Rusty
326,326,false,Bubba
802,802,false,Sammy
58,58,false,Sasha
584,584,false,Brutus
1350,1350,false,Belle
730,730,false,Lola
1366,1366,false,Cooper
1337,1337,false,Rascal
913,913,false,Bubba
1550,1550,false,Shadow
1873,1873,false,Duke
1489,1489,false,Toby
189,189,false,Baxter
1600,1600,false,Baby
1079,1079,false,Snickers
288,288,false,Buster
327,327,false,Bo
1883,1883,false,Tyson
99,99,false,Chloe
93,93,false,Patches
1867,1867,false,Charlie
1642,1642,false,Harvey
1329,1329,false,Jake
1888,1888,false,Princess
946,946,false,Princess
1896,1896,false,Rex
540,540,false,Jack
1643,1643,false,Shadow
866,866,false,Zoe
1565,1565,false,Oscar
590,590,false,Baby
1173,1173,false,Sugar
750,750,false,Sassy
953,953,false,Roxy
1238,1238,false,Snickers
714,714,false,Sugar
1693,1693,false,Zoe
215,215,false,Peanut
207,207,false,Riley
243,243,false,Patches
1307,1307,false,Sassy
481,481,false,Sparky
1275,1275,false,Dakota
41,41,false,Jake
725,725,false,Harley
1357,1357,false,Peanut
1672,1672,false,Riley
92,92,false,Lily
788,788,false,Bella
2007,2007,false,Lexi
1308,1308,false,Duke
499,499,false,Brutus
160,160,false,Lady
1257,1257,false,Zoey
470,470,false,Bubba
676,676,false,Angel
96,96,false,Bailey
1843,1843,false,Daisy
1216,1216,false,Precious
1448,1448,false,Princess
242,242,false,Pepper
1278,1278,false,Toby
1297,1297,false,Ginger
1814,1814,false,Sparky
1634,1634,false,Harvey
17,17,false,Rocky
1464,1464,false,Brutus
650,650,false,Gizmo
1801,1801,false,Jasmine
1608,1608,false,Rascal
1607,1607,false,Bailey
1929,1929,false,Casey
1516,1516,false,Brutus
1824,1824,false,Annie
235,235,false,Max
1052,1052,false,Sam
994,994,false,Lady
543,543,false,Sasha
427,427,false,Tank
1059,1059,false,Luna
201,201,false,Angel
897,897,false,Bo
755,755,false,Roxy
414,414,false,Roxy
684,684,false,Blue
1415,1415,false,Sam
868,868,false,Murphy
1947,1947,false,Gracie
171,171,false,Lucky
1593,1593,false,Gracie
773,773,false,Dixie
797,797,false,Bear
956,956,false,Milo
1046,1046,false,Sassy
142,142,false,Jasmine
846,846,false,Riley
455,455,false,Dakota
1209,1209,false,Pepper
10,10,false,Bear
163,163,false,Bruno
1179,1179,false,Harley
312,312,false,Chance
765,765,false,Patches
885,885,false,Maggie
1656,1656,false,Sadie
1479,1479,false,Rascal
1638,1638,false,Dixie
958,958,false,Marley
1987,1987,false,Lucky
1111,1111,false,Bear
449,449,false,Harley
722,722,false,Precious
1911,1911,false,Riley
425,425,false,Bubba
212,212,false,Sugar
703,703,false,Taz
247,247,false,Penny
154,154,false,Princess
388,388,false,Max
408,408,false,Roxy
2010,2010,false,Snoopy
18,18,false,Harley
979,979,false,Missy
1061,1061,false,Lily
815,815,false,Murphy
783,783,false,Max
1694,1694,false,Abby
76,76,false,Chloe
1134,1134,false,Misty
1280,1280,false,Shelby
1902,1902,false,Snoopy
507,507,false,Luna
1524,1524,false,Gizmo
311,311,false,Dixie
1443,1443,false,Chloe
1167,1167,false,Ruby
1969,1969,false,Zeus
1578,1578,false,Cody
1137,1137,false,Princess
1455,1455,false,Cooper
858,858,false,Daisy
450,450,false,Penny
580,580,false,Rascal
1950,1950,false,Daisy
764,764,false,Jack
724,724,false,Rusty
113,113,false,Spike
1097,1097,false,Bruno
1742,1742,false,Gizmo
613,613,false,Cooper
506,506,false,Gizmo
836,836,false,Rocky
1015,1015,false,Rosie
883,883,false,Sasha
1544,1544,false,Roxy
1378,1378,false,Daisy
1359,1359,false,Chico
1472,1472,false,Baby
898,898,false,Patches
754,754,false,Sadie
360,360,false,Murphy
310,310,false,Riley
688,688,false,Tucker
1227,1227,false,Toby
527,527,false,Murphy
733,733,false,Rusty
417,417,false,Buster
435,435,false,Snoopy
353,353,false,Sammy
1293,1293,false,Ginger
1130,1130,false,Rusty
1665,1665,false,Sammy
631,631,false,Luna
1295,1295,false,Sasha
1065,1065,false,Marley
1654,1654,false,Lexi
1107,1107,false,Lady
2009,2009,false,Princess
1744,1744,false,Baby
672,672,false,Dakota
1254,1254,false,Bruno
1007,1007,false,Casey
273,273,false,Diesel
699,699,false,Mia
1680,1680,false,Chico
387,387,false,Diamond
1604,1604,false,Lady
186,186,false,Buddy
1251,1251,false,Harley
821,821,false,Sasha
1785,1785,false,Lady
361,361,false,Sammy
457,457,false,Rex
82,82,false,Baby
1155,1155,false,Bandit
799,799,false,Zoe
1775,1775,false,Lola
1743,1743,false,Sammy
21,21,false,Ginger
1879,1879,false,Baxter
948,948,false,Lucy
1507,1507,false,Zeus
100,100,false,Baxter
1407,1407,false,Sammy
1532,1532,false,Tucker
402,402,false,Taz
131,131,false,Sasha
420,420,false,Murphy
1522,1522,false,Bandit
1416,1416,false,Ginger
1487,1487,false,Cooper
1631,1631,false,Buddy
1211,1211,false,Tyson
2,2,false,Roxy
1412,1412,false,Belle
1558,1558,false,Milo
1793,1793,false,Mia
1586,1586,false,Milo
921,921,false,Maggie
1495,1495,false,Zeus
936,936,false,Abby
844,844,false,Charlie
1009,1009,false,Chloe
535,535,false,Marley
1959,1959,false,Rascal
77,77,false,Rascal
1958,1958,false,Rusty
1346,1346,false,Buster
475,475,false,Annie
539,539,false,Penny
1306,1306,false,Ginger
1074,1074,false,Bandit
132,132,false,Shelby
1928,1928,false,Lexi
157,157,false,Diesel
19,19,false,Duke
352,352,false,Chloe
944,944,false,Charlie
1177,1177,false,Duke
1957,1957,false,Lexi
1821,1821,false,Diamond
760,760,false,Molly
1176,1176,false,Zeus
700,700,false,Snickers
229,229,false,Milo
950,950,false,Chico
1204,1204,false,Rex
1653,1653,false,Lady
1679,1679,false,Scooter
1791,1791,false,Coco
1373,1373,false,Pepper
645,645,false,Maggie
1055,1055,false,Cocoa
864,864,false,Abby
860,860,false,Buster
1905,1905,false,Jake
1575,1575,false,Jake
380,380,false,Precious
553,553,false,Gizmo
878,878,false,Bear
1247,1247,false,Lily
941,941,false,Snoopy
1501,1501,false,Belle
982,982,false,Brutus
1998,1998,false,Sugar
889,889,false,Gizmo
659,659,false,Precious
138,138,false,Ruby
541,541,false,Snickers
1030,1030,false,Patches
1518,1518,false,Sasha
349,349,false,Maggie
370,370,false,Sadie
1440,1440,false,Shadow
1201,1201,false,Chance
1195,1195,false,Lexi
1851,1851,false,Harvey
118,118,false,Toby
837,837,false,Cooper
578,578,false,Patches
1542,1542,false,Mia
316,316,false,Roxie
55,55,false,Lola
493,493,false,Sasha
547,547,false,Dixie
1899,1899,false,Riley
322,322,false,Abby
1006,1006,false,Oreo
1345,1345,false,Buster
484,484,false,Gracie
87,87,false,Tank
673,673,false,Murphy
158,158,false,Coco
1246,1246,false,Sophie
194,194,false,Chance
1077,1077,false,Roxy
1310,1310,false,Dakota
679,679,false,Bo
94,94,false,Coco
1716,1716,false,Spike
1460,1460,false,Sophie
119,119,false,Sammy
66,66,false,Jasmine
1538,1538,false,Misty
655,655,false,Pepper
57,57,false,Gracie
1385,1385,false,Diamond
623,623,false,Lucky
1871,1871,false,Missy
258,258,false,Murphy
1480,1480,false,Bo
917,917,false,Shelby
544,544,false,Penny
900,900,false,Lucy
1142,1142,false,Oreo
1116,1116,false,Riley
1075,1075,false,Rosie
471,471,false,Chloe
283,283,false,Princess
1566,1566,false,Murphy
1441,1441,false,Missy
1941,1941,false,Snoopy
852,852,false,Coco
887,887,false,Bailey
521,521,false,Bailey
1093,1093,false,Buster
144,144,false,Diesel
1010,1010,false,Rascal
1349,1349,false,Mia
1444,1444,false,Buster
1234,1234,false,Tyson
671,671,false,Teddy
1141,1141,false,Luna
1101,1101,false,Cooper
1008,1008,false,Maggie
1585,1585,false,Rocky
1960,1960,false,Sadie
1442,1442,false,Cookie
581,581,false,Tank
614,614,false,Lexi
23,23,false,Marley
169,169,false,Cooper
1765,1765,false,Lexi
1786,1786,false,Missy
97,97,false,Taz
60,60,false,Bruno
1536,1536,false,Harvey
1287,1287,false,Rosie
259,259,false,Riley
1881,1881,false,Murphy
1539,1539,false,Lucy
923,923,false,Ginger
1269,1269,false,Belle
1620,1620,false,Chico
1813,1813,false,Rex
524,524,false,Murphy
644,644,false,Precious
1543,1543,false,Rocky
350,350,false,Princess
1925,1925,false,Pepper
1122,1122,false,Lucy
122,122,false,Bella
1567,1567,false,Daisy
1529,1529,false,Gizmo
329,329,false,Ginger
1513,1513,false,Roxie
564,564,false,Sasha
902,902,false,Sophie
606,606,false,Tucker
1221,1221,false,Marley
1677,1677,false,Bubba
372,372,false,Shadow
1505,1505,false,Riley
1258,1258,false,Sassy
1521,1521,false,Sophie
711,711,false,Chico
1856,1856,false,Rocky
1704,1704,false,Scooter
1434,1434,false,Abby
200,200,false,Sam
305,305,false,Diamond
1245,1245,false,Molly
1739,1739,false,Rusty
1648,1648,false,Diesel
1229,1229,false,Cooper
942,942,false,Patches
1551,1551,false,Diamond
366,366,false,Snickers
884,884,false,Bailey
980,980,false,Oreo
877,877,false,Bubba
771,771,false,Zoe
40,40,false,Taz
1733,1733,false,Chloe
1759,1759,false,Blue
1991,1991,false,Daisy
1288,1288,false,Diamond
1659,1659,false,Duke
1509,1509,false,Luna
175,175,false,Misty
1363,1363,false,Tucker
416,416,false,Charlie
1605,1605,false,Charlie
1324,1324,false,Tucker
395,395,false,Sassy
558,558,false,Rosie
1309,1309,false,Shelby
256,256,false,Roxie
1621,1621,false,Gracie
968,968,false,Bear
1711,1711,false,Jasper
1909,1909,false,Marley
803,803,false,Lucy
800,800,false,Roxie
1223,1223,false,Rascal
1360,1360,false,Snickers
203,203,false,Sammy
472,472,false,Annie
323,323,false,Casey
1590,1590,false,Buddy
64,64,false,Roxy
251,251,false,Murphy
707,707,false,Harvey
1595,1595,false,Tank
1035,1035,false,Roxy
1354,1354,false,Bruno
1050,1050,false,Bruno
1877,1877,false,Annie
1953,1953,false,Lily
375,375,false,Lola
776,776,false,Maggie
320,320,false,Sparky
1493,1493,false,Rocky
1096,1096,false,Daisy
1124,1124,false,Tank
1171,1171,false,Coco
1768,1768,false,Cooper
1535,1535,false,Rascal
1617,1617,false,Sadie
985,985,false,Cooper
1746,1746,false,Diesel
1721,1721,false,Coco
961,961,false,Maggie
1750,1750,false,Gizmo
531,531,false,Tank
1133,1133,false,Honey
1784,1784,false,Spike
1150,1150,false,Sasha
1481,1481,false,Rosie
325,325,false,Missy
376,376,false,Sammy
687,687,false,Buddy
1792,1792,false,Cody
1114,1114,false,Pepper
983,983,false,Harley
1999,1999,false,Princess
278,278,false,Lola
1838,1838,false,Sugar
1726,1726,false,Zeus
81,81,false,Belle
1903,1903,false,Gracie
1833,1833,false,Peanut
1755,1755,false,Roxie
309,309,false,Murphy
216,216,false,Tucker
717,717,false,Patches
495,495,false,Lucy
1737,1737,false,Rex
747,747,false,Peanut
121,121,false,Cooper
2008,2008,false,Chance
33,33,false,Marley
1615,1615,false,Lilly
1682,1682,false,Scooter
1120,1120,false,Charlie
924,924,false,Luna
1582,1582,false,Jasmine
1767,1767,false,Buster
292,292,false,Blue
187,187,false,Diesel
599,599,false,Molly
1809,1809,false,Pepper
691,691,false,Abby
1060,1060,false,Bruno
443,443,false,Zeus
888,888,false,Sassy
1268,1268,false,Oreo
546,546,false,Sammy
469,469,false,Zoey
150,150,false,Missy
2000,2000,false,Cocoa
1069,1069,false,Gizmo
255,255,false,Scooter
1356,1356,false,Oscar
1327,1327,false,Annie
1062,1062,false,Teddy
343,343,false,Shelby
285,285,false,Patches
1296,1296,false,Zeus
1252,1252,false,Roxie
951,951,false,Lola
1776,1776,false,Teddy
237,237,false,Sugar
1494,1494,false,Dixie
1512,1512,false,Chico
1132,1132,false,Sassy
1386,1386,false,Gracie
5,5,false,Gizmo
1845,1845,false,Baby
107,107,false,Chloe
1105,1105,false,Patches
1996,1996,false,Casey
1812,1812,false,Teddy
300,300,false,Jasper
250,250,false,Sasha
591,591,false,Brutus
1712,1712,false,Taz
1080,1080,false,Jake
1644,1644,false,Brutus
766,766,false,Jasper
716,716,false,Cocoa
1727,1727,false,Harvey
432,432,false,Buster
1301,1301,false,Lily
1570,1570,false,Tank
503,503,false,Taz
658,658,false,Sassy
675,675,false,Baby
952,952,false,Max
51,51,false,Tucker
589,589,false,Belle
1962,1962,false,Max
1021,1021,false,Brutus
959,959,false,Patches
1864,1864,false,Teddy
7,7,false,Chico
745,745,false,Roxy
751,751,false,Shadow
1250,1250,false,Casey
1861,1861,false,Rascal
1685,1685,false,Rosie
656,656,false,Dakota
415,415,false,Taz
612,612,false,Baby
444,444,false,Mia
1974,1974,false,Misty
1886,1886,false,Oreo
509,509,false,Buddy
839,839,false,Murphy
1053,1053,false,Roxy
1584,1584,false,Chance
1780,1780,false,Bella
1857,1857,false,Lily
502,502,false,Diesel
1926,1926,false,Precious
762,762,false,Cody
38,38,false,Lily
1596,1596,false,Penny
1197,1197,false,Daisy
1461,1461,false,Zoe
1110,1110,false,Princess
1728,1728,false,Blue
166,166,false,Murphy
1161,1161,false,Chance
1592,1592,false,Oreo
1263,1263,false,Angel
461,461,false,Lady
571,571,false,Zoe
162,162,false,Shelby
44,44,false,Precious
1004,1004,false,Princess
487,487,false,Cody
1897,1897,false,Bella
1294,1294,false,Bo
26,26,false,Blue
214,214,false,Bubba
910,910,false,Mia
182,182,false,Riley
1478,1478,false,Dixie
98,98,false,Gracie
1681,1681,false,Tucker
14,14,false,Tucker
1797,1797,false,Bella
1147,1147,false,Rusty
1182,1182,false,Sasha
841,841,false,Chloe
680,680,false,Lucy
643,643,false,Ginger
833,833,false,Abby
313,313,false,Rascal
1966,1966,false,Sammy
477,477,false,Max
1463,1463,false,Dakota
433,433,false,Sasha
748,748,false,Shelby
1874,1874,false,Sam
1049,1049,false,Snickers
125,125,false,Riley
618,618,false,Rex
628,628,false,Honey
1272,1272,false,Gizmo
916,916,false,Lucky
1090,1090,false,Oscar
865,865,false,Rex
1850,1850,false,Ruby
1549,1549,false,Blue
114,114,false,Honey
1129,1129,false,Chloe
351,351,false,Sadie
767,767,false,Lady
494,494,false,Pepper
1462,1462,false,Maggie
410,410,false,Dixie
1043,1043,false,Patches
80,80,false,Sassy
299,299,false,Jake
1981,1981,false,Cooper
1421,1421,false,Chloe
779,779,false,Patches
1983,1983,false,Tyson
642,642,false,Gracie
1488,1488,false,Murphy
595,595,false,Lilly
473,473,false,Oreo
1718,1718,false,Jasper
302,302,false,Lily
1581,1581,false,Buster
1526,1526,false,Misty
155,155,false,Zoe
1924,1924,false,Lily
199,199,false,Brutus
587,587,false,Pepper
1180,1180,false,Rascal
30,30,false,Sasha
1277,1277,false,Taz
575,575,false,Peanut
859,859,false,Riley
790,790,false,Buddy
1508,1508,false,Princess
1885,1885,false,Jasper
104,104,false,Blue
1640,1640,false,Sammy
664,664,false,Roxy
1676,1676,false,Zeus
1635,1635,false,Missy
1810,1810,false,Misty
1817,1817,false,Oreo
1978,1978,false,Lexi
1822,1822,false,Ruby
1300,1300,false,Dixie
505,505,false,Rascal
88,88,false,Bubba
1404,1404,false,Lilly
1916,1916,false,Dakota
1322,1322,false,Sam
566,566,false,Baby
147,147,false,Pepper
1840,1840,false,Dakota
668,668,false,Oscar
1291,1291,false,Chance
446,446,false,Tucker
219,219,false,Rex
1365,1365,false,Cooper
488,488,false,Diesel
29,29,false,Sassy
1066,1066,false,Murphy
1855,1855,false,Zoe
209,209,false,Jack
901,901,false,Maggie
632,632,false,Sammy
1555,1555,false,Patches
879,879,false,Shelby
1963,1963,false,Lola
1910,1910,false,Brutus
761,761,false,Rex
437,437,false,Jasper
110,110,false,Honey
570,570,false,Duke
1391,1391,false,Precious
59,59,false,Belle
1285,1285,false,Roxy
1708,1708,false,Lola
1374,1374,false,Penny
873,873,false,Penny
723,723,false,Bo
1326,1326,false,Baby
627,627,false,Lilly
648,648,false,Diesel
601,601,false,Harley
270,270,false,Honey
1872,1872,false,Chance
112,112,false,Abby
661,661,false,Scooter
975,975,false,Missy
872,872,false,Oscar
1556,1556,false,Gracie
1777,1777,false,Maggie
574,574,false,Coco
557,557,false,Rocky
782,782,false,Sasha
683,683,false,Shelby
445,445,false,Harvey
1895,1895,false,Lexi
528,528,false,Max
1766,1766,false,Diesel
78,78,false,Jasper
945,945,false,Pepper
269,269,false,Brutus
550,550,false,Peanut
530,530,false,Sasha
576,576,false,Blue
1934,1934,false,Sparky
720,720,false,Duke
1736,1736,false,Gizmo
178,178,false,Roxy
1336,1336,false,Misty
173,173,false,Tyson
1528,1528,false,Tank
56,56,false,Max
249,249,false,Bruno
1457,1457,false,Snoopy
752,752,false,Snoopy
1160,1160,false,Charlie
394,394,false,Roxie
1779,1779,false,Oscar
749,749,false,Rosie
1475,1475,false,Pepper
812,812,false,Blue
1893,1893,false,Casey
695,695,false,Zoey
1937,1937,false,Maggie
1115,1115,false,Daisy
869,869,false,Sadie
804,804,false,Jasper
1072,1072,false,Ruby
636,636,false,Buster
1255,1255,false,Bear
1649,1649,false,Blue
1241,1241,false,Tyson
1387,1387,false,Oreo
1413,1413,false,Bruno
1253,1253,false,Precious
955,955,false,Toby
881,881,false,Diamond
36,36,false,Precious
2004,2004,false,Bubba
280,280,false,Precious
69,69,false,Bailey
1031,1031,false,Riley
709,709,false,Spike
335,335,false,Rosie
1915,1915,false,Cocoa
1424,1424,false,Mia
1884,1884,false,Lily
1940,1940,false,Bruno
1183,1183,false,Chloe
1372,1372,false,Snickers
108,108,false,Sandy
1878,1878,false,Chance
1614,1614,false,Bandit
405,405,false,Belle
12,12,false,Milo
1880,1880,false,Penny
298,298,false,Scooter
1686,1686,false,Jasmine
582,582,false,Zoe
16,16,false,Blue
1725,1725,false,Penny
871,871,false,Bo
1256,1256,false,Precious
1344,1344,false,Bailey
1632,1632,false,Daisy
1827,1827,false,Bear
65,65,false,Sparky
1199,1199,false,Angel
926,926,false,Bruno
1198,1198,false,Sparky
563,563,false,Abby
222,222,false,Princess
1771,1771,false,Tank
73,73,false,Taz
1402,1402,false,Belle
383,383,false,Cody
263,263,false,Precious
67,67,false,Rusty
686,686,false,Diamond
42,42,false,Taz
828,828,false,Bo
1569,1569,false,Scooter
421,421,false,Sophie
1674,1674,false,Harvey
1343,1343,false,Pepper
886,886,false,Cocoa
633,633,false,Roxy
1224,1224,false,Tank
205,205,false,Rusty
1559,1559,false,Casey
1314,1314,false,Snoopy
1054,1054,false,Belle
1331,1331,false,Coco
603,603,false,Lucy
301,301,false,Belle
1283,1283,false,Angel
1113,1113,false,Pepper
1243,1243,false,Milo
1067,1067,false,Bandit
478,478,false,Honey
1858,1858,false,Lilly
694,694,false,Oreo
1683,1683,false,Sasha
241,241,false,Ruby
1131,1131,false,Penny
430,430,false,Snickers
1964,1964,false,Rascal
184,184,false,Dixie
784,784,false,Rosie
1379,1379,false,Pepper
1688,1688,false,Lucky
971,971,false,Rusty
1979,1979,false,Sammy
849,849,false,Charlie
1973,1973,false,Lilly
1392,1392,false,Diamond
1705,1705,false,Shelby
1237,1237,false,Molly
1710,1710,false,Cookie
654,654,false,Precious
1423,1423,false,Belle
1703,1703,false,Bailey
385,385,false,Scooter
246,246,false,Luna
1471,1471,false,Sandy
909,909,false,Belle
1561,1561,false,Patches
1299,1299,false,Blue
890,890,false,Sparky
1863,1863,false,Tank
1334,1334,false,Casey
1361,1361,false,Lola
1047,1047,false,Rascal
617,617,false,Oscar
1436,1436,false,Duke
401,401,false,Sparky
25,25,false,Chico
1534,1534,false,Taz
1320,1320,false,Lexi
638,638,false,Molly
561,561,false,Penny
336,336,false,Lucky
1332,1332,false,Belle
460,460,false,Chico
1629,1629,false,Rocky
1274,1274,false,Scooter
407,407,false,Rusty
145,145,false,Oscar
1024,1024,false,Dixie
905,905,false,Tank
371,371,false,Gizmo
842,842,false,Chico
1747,1747,false,Buster
332,332,false,Bubba
79,79,false,Ginger
562,562,false,Patches
331,331,false,Casey
876,876,false,Peanut
622,622,false,Casey
997,997,false,Cody
1265,1265,false,Bandit
1993,1993,false,Lucy
1189,1189,false,Oreo
1016,1016,false,Honey
756,756,false,Sammy
244,244,false,Chico
847,847,false,Murphy
1242,1242,false,Bear
1995,1995,false,Sugar
448,448,false,Belle
1598,1598,false,Zoe
512,512,false,Harvey
514,514,false,Tyson
1583,1583,false,Tank
1709,1709,false,Belle
1474,1474,false,Luna
1700,1700,false,Shadow
1757,1757,false,Bear
690,690,false,Tyson
257,257,false,Baxter
1070,1070,false,Rocky
511,511,false,Bella
1165,1165,false,Snoopy
899,899,false,Snickers
1057,1057,false,Diamond
1610,1610,false,Oreo
1690,1690,false,Tank
226,226,false,Sadie
781,781,false,Max
1144,1144,false,Baby
1418,1418,false,Bella
1383,1383,false,Gracie
947,947,false,Jasmine
1935,1935,false,Dixie
453,453,false,Roxie
1692,1692,false,Harley
1717,1717,false,Bailey
1613,1613,false,Luna
594,594,false,Baby
365,365,false,Precious
1622,1622,false,Dixie
1756,1756,false,Chico
738,738,false,Penny
62,62,false,Jack
340,340,false,Coco
775,775,false,Sassy
1667,1667,false,Sassy
1098,1098,false,Gizmo
345,345,false,Annie
757,757,false,Milo
677,677,false,Roxie
932,932,false,Lucky
1028,1028,false,Coco
1431,1431,false,Luna
95,95,false,Marley
20,20,false,Taz
1023,1023,false,Rusty
1589,1589,false,Belle
264,264,false,Taz
1394,1394,false,Sadie
708,708,false,Bailey
498,498,false,Lola
851,851,false,Bear
378,378,false,Tyson
843,843,false,Tucker
456,456,false,Penny
1892,1892,false,Baxter
330,330,false,Misty
607,607,false,Baby
193,193,false,Dakota
820,820,false,Cocoa
208,208,false,Gracie
710,710,false,Blue
1819,1819,false,Zoey
1013,1013,false,Cookie
2006,2006,false,Cookie
556,556,false,Max
1102,1102,false,Max
1735,1735,false,Jasper
1760,1760,false,Ruby
726,726,false,Missy
621,621,false,Tank
1691,1691,false,Ginger
1185,1185,false,Annie
1208,1208,false,Cocoa
1546,1546,false,Lucy
35,35,false,Oreo
1078,1078,false,Oreo
1106,1106,false,Gizmo
297,297,false,Rocky
624,624,false,Zoey
1645,1645,false,Mia
43,43,false,Zoe
1774,1774,false,Roxy
532,532,false,Sam
1419,1419,false,Jasmine
1034,1034,false,Buster
1761,1761,false,Shelby
1465,1465,false,Misty
1381,1381,false,Jasmine
1477,1477,false,Sandy
148,148,false,Sasha
1805,1805,false,Baby
1531,1531,false,Rascal
1226,1226,false,Jasper
1453,1453,false,Precious
1729,1729,false,Duke
863,863,false,Belle
1778,1778,false,Sam
1100,1100,false,Gracie
1807,1807,false,Sassy
1831,1831,false,Scooter
1946,1946,false,Maggie
822,822,false,Sadie
1630,1630,false,Bandit
476,476,false,Daisy
969,969,false,Blue
1823,1823,false,Princess
1353,1353,false,Lola
801,801,false,Sandy
220,220,false,Baby
611,611,false,Princess
490,490,false,Oscar
519,519,false,Chance
1675,1675,false,Rascal
202,202,false,Sugar
321,321,false,Penny
798,798,false,Lola
342,342,false,Diamond
1170,1170,false,Milo
727,727,false,Sugar
593,593,false,Belle
1178,1178,false,Sammy
1420,1420,false,Lilly
293,293,false,Sadie
569,569,false,Bo
1408,1408,false,Murphy
295,295,false,Bandit
949,949,false,Patches
938,938,false,Diamond
233,233,false,Lilly
1303,1303,false,Daisy
279,279,false,Duke
1187,1187,false,Tank
1184,1184,false,Murphy
1270,1270,false,Rosie
1068,1068,false,Baby
230,230,false,Tucker
525,525,false,Milo
721,721,false,Jack
1128,1128,false,Abby
1668,1668,false,Snoopy
1082,1082,false,Cooper
1490,1490,false,Harley
1687,1687,false,Molly
1228,1228,false,Gizmo
1369,1369,false,Rosie
637,637,false,Sassy
1510,1510,false,Bandit
834,834,false,Sugar
1414,1414,false,Zoe
904,904,false,Coco
1637,1637,false,Bo
196,196,false,Shadow
1525,1525,false,Roxy
1832,1832,false,Lady
424,424,false,Bandit
1796,1796,false,Zoe
1051,1051,false,Zoey
1430,1430,false,Snoopy
1273,1273,false,Spike
663,663,false,Sophie
2005,2005,false,Rex
1904,1904,false,Maggie
272,272,false,Shadow
188,188,false,Bailey
1088,1088,false,Bear
1033,1033,false,Diesel
1196,1196,false,Mia
1450,1450,false,Baby
286,286,false,Peanut
966,966,false,Sugar
608,608,false,Maggie
1591,1591,false,Lady
814,814,false,Lady
232,232,false,Angel
90,90,false,Penny
996,996,false,Spike
741,741,false,Teddy
236,236,false,Tank
1839,1839,false,Bruno
1967,1967,false,Spike
1193,1193,false,Spike
1099,1099,false,Patches
1380,1380,false,Honey
1119,1119,false,Harvey
91,91,false,Misty
914,914,false,Roxy
1146,1146,false,Misty
689,689,false,Rosie
1764,1764,false,Jasper
139,139,false,Snickers
1587,1587,false,Brutus
517,517,false,Diesel
670,670,false,Sugar
101,101,false,Tank
1103,1103,false,Rocky
422,422,false,Abby
115,115,false,Shadow
1599,1599,false,Sandy
1186,1186,false,Rosie
1906,1906,false,Chloe
1641,1641,false,Coco
962,962,false,Teddy
1400,1400,false,Bella
973,973,false,Sasha
1148,1148,false,Zoe
1045,1045,false,Sammy
3,3,false,Max
1579,1579,false,Sugar
1990,1990,false,Cocoa
61,61,false,Dixie
739,739,false,Bella
1286,1286,false,Daisy
657,657,false,Bailey
1011,1011,false,Dakota
974,974,false,Pepper
1428,1428,false,Bear
602,602,false,Jack
1894,1894,false,Rosie
409,409,false,Abby
1019,1019,false,Jasper
1698,1698,false,Rex
1162,1162,false,Coco
403,403,false,Sasha
266,266,false,Dakota
1152,1152,false,Rosie
