child_id,client_id,deleted,pet_name
128,128,false,Chance
317,317,false,Rex
1435,1435,false,Tyson
3,3,false,Lucky
1510,1510,false,Marley
851,851,false,Harley
1341,1341,false,Lucy
446,446,false,Rascal
668,668,false,Bear
526,526,false,Honey
1260,1260,false,Bruno
1377,1377,false,Baby
1087,1087,false,Chance
1243,1243,false,Bo
1716,1716,false,Lexi
1385,1385,false,Snoopy
464,464,false,Casey
1482,1482,false,Tyson
1559,1559,false,Lucky
1845,1845,false,Ginger
934,934,false,Cody
1172,1172,false,Milo
1018,1018,false,Cody
962,962,false,Chloe
1438,1438,false,Rosie
31,31,false,Taz
689,689,false,Bruno
425,425,false,Rusty
1637,1637,false,Marley
1228,1228,false,Cookie
923,923,false,Molly
227,227,false,Jasper
67,67,false,Jasper
1316,1316,false,Charlie
1874,1874,false,Zeus
646,646,false,Cocoa
1600,1600,false,Rex
1926,1926,false,Bella
1806,1806,false,Sammy
943,943,false,Lucky
488,488,false,Lexi
1516,1516,false,Sparky
1842,1842,false,Marley
642,642,false,Sandy
124,124,false,Buster
954,954,false,Shadow
835,835,false,Baxter
1759,1759,false,Buster
599,599,false,Sasha
1906,1906,false,Sasha
1480,1480,false,Lexi
1752,1752,false,Honey
1226,1226,false,Brutus
664,664,false,Tyson
1876,1876,false,Tyson
1106,1106,false,Ruby
790,790,false,Spike
1330,1330,false,Baby
796,796,false,Luna
1218,1218,false,Honey
103,103,false,Patches
1468,1468,false,Marley
136,136,false,Bella
1439,1439,false,Rusty
135,135,false,Pepper
1490,1490,false,Bandit
1624,1624,false,Duke
867,867,false,Dixie
104,104,false,Sammy
1960,1960,false,Annie
1313,1313,false,Sasha
1485,1485,false,Spike
756,756,false,Shadow
304,304,false,Lilly
1102,1102,false,Casey
1750,1750,false,Shelby
1430,1430,false,Chico
240,240,false,Cooper
441,441,false,Chico
41,41,false,Sugar
1368,1368,false,Duke
580,580,false,Ruby
673,673,false,Bruno
182,182,false,Mia
704,704,false,Blue
687,687,false,Sugar
838,838,false,Snoopy
1581,1581,false,Toby
1003,1003,false,Teddy
1660,1660,false,Sam
449,449,false,Toby
1990,1990,false,Daisy
800,800,false,Bear
1078,1078,false,Abby
1934,1934,false,Sugar
1037,1037,false,Gizmo
973,973,false,Diesel
589,589,false,Sammy
1672,1672,false,Ginger
720,720,false,Diamond
1287,1287,false,Zeus
889,889,false,Lilly
1690,1690,false,Honey
169,169,false,Belle
1299,1299,false,Misty
1790,1790,false,Brutus
619,619,false,Blue
1269,1269,false,Ginger
629,629,false,Tyson
955,955,false,Lily
1404,1404,false,Tyson
1371,1371,false,Mia
1674,1674,false,Spike
1930,1930,false,Shadow
42,42,false,Mia
117,117,false,Roxy
1093,1093,false,Cocoa
1112,1112,false,Molly
1443,1443,false,Pepper
170,170,false,Blue
210,210,false,Missy
299,299,false,Baxter
1110,1110,false,Cookie
1221,1221,false,Bruno
1309,1309,false,Missy
1263,1263,false,Sasha
1868,1868,false,Buddy
465,465,false,Harley
4,4,false,Gizmo
935,935,false,Rex
627,627,false,Toby
1126,1126,false,Dakota
492,492,false,Sammy
950,950,false,Misty
1125,1125,false,Max
1628,1628,false,Chance
888,888,false,Jack
852,852,false,Diesel
1238,1238,false,Tucker
1633,1633,false,Jake
1721,1721,false,Missy
120,120,false,Taz
64,64,false,Max
478,478,false,Toby
1888,1888,false,Rex
1017,1017,false,Zoe
1758,1758,false,Lexi
372,372,false,Lilly
141,141,false,Snoopy
694,694,false,Molly
818,818,false,Charlie
1077,1077,false,Maggie
885,885,false,Toby
757,757,false,Baby
1118,1118,false,Max
685,685,false,Jack
532,532,false,Bella
1622,1622,false,Rex
316,316,false,Cocoa
738,738,false,Sammy
510,510,false,Peanut
1517,1517,false,Lily
34,34,false,Snoopy
736,736,false,Jake
558,558,false,Shadow
156,156,false,Coco
744,744,false,Precious
305,305,false,Zeus
1237,1237,false,Chloe
913,913,false,Belle
388,388,false,Molly
84,84,false,Luna
1327,1327,false,Annie
784,784,false,Precious
533,533,false,Bailey
298,298,false,Sasha
930,930,false,Annie
1927,1927,false,Baxter
1015,1015,false,Harley
1811,1811,false,Jasper
947,947,false,Chance
341,341,false,Bailey
1281,1281,false,Tyson
1203,1203,false,Blue
901,901,false,Cooper
1175,1175,false,Scooter
1853,1853,false,Rusty
1837,1837,false,Angel
1650,1650,false,Honey
1869,1869,false,Rex
344,344,false,Jasper
1353,1353,false,Teddy
918,918,false,Lexi
1113,1113,false,Snoopy
590,590,false,Toby
262,262,false,Pepper
609,609,false,Lexi
43,43,false,Ruby
152,152,false,Rusty
1863,1863,false,Duke
93,93,false,Gizmo
873,873,false,Rusty
1902,1902,false,Cookie
1489,1489,false,Jake
1886,1886,false,Rex
1958,1958,false,Rascal
462,462,false,Roxy
1911,1911,false,Peanut
688,688,false,Shelby
1895,1895,false,Shadow
996,996,false,Shadow
976,976,false,Taz
50,50,false,Sasha
1978,1978,false,Jasmine
1350,1350,false,Zeus
1425,1425,false,Snoopy
371,371,false,Toby
1824,1824,false,Lilly
1618,1618,false,Zeus
660,660,false,Sassy
296,296,false,Chance
232,232,false,Oreo
1389,1389,false,Luna
364,364,false,Buddy
666,666,false,Bear
1397,1397,false,Pepper
1265,1265,false,Cooper
1867,1867,false,Sugar
586,586,false,Harvey
1739,1739,false,Chloe
1881,1881,false,Cooper
1067,1067,false,Oscar
162,162,false,Lady
79,79,false,Peanut
1828,1828,false,Tucker
87,87,false,Rosie
1943,1943,false,Daisy
972,972,false,Chance
324,324,false,Mia
1529,1529,false,Lilly
201,201,false,Bailey
402,402,false,Cooper
766,766,false,Buster
365,365,false,Luna
979,979,false,Roxie
1972,1972,false,Buster
1515,1515,false,Max
475,475,false,Zoe
551,551,false,Riley
245,245,false,Abby
1258,1258,false,Rascal
997,997,false,Sassy
286,286,false,Diamond
951,951,false,Tyson
1871,1871,false,Mia
260,260,false,Jasper
946,946,false,Teddy
1239,1239,false,Maggie
1722,1722,false,Shelby
118,118,false,Ruby
1732,1732,false,Belle
1740,1740,false,Abby
1060,1060,false,Precious
254,254,false,Snickers
387,387,false,Misty
713,713,false,Duke
731,731,false,Spike
1817,1817,false,Gizmo
789,789,false,Bo
272,272,false,Jasper
1474,1474,false,Chance
428,428,false,Oreo
786,786,false,Coco
989,989,false,Pepper
654,654,false,Cooper
2003,2003,false,Daisy
1155,1155,false,Cocoa
1903,1903,false,Bruno
506,506,false,Patches
398,398,false,Coco
1801,1801,false,Annie
1453,1453,false,Harley
963,963,false,Sandy
337,337,false,Cody
1705,1705,false,Honey
91,91,false,Ruby
1640,1640,false,Chico
1019,1019,false,Zoey
1583,1583,false,Zoey
614,614,false,Ginger
1838,1838,false,Harvey
1527,1527,false,Precious
1851,1851,false,Riley
636,636,false,Riley
1393,1393,false,Lucky
1400,1400,false,Toby
1948,1948,false,Jake
1046,1046,false,Taz
566,566,false,Casey
843,843,false,Shelby
1502,1502,false,Abby
626,626,false,Taz
787,787,false,Cody
1623,1623,false,Bella
1910,1910,false,Lucy
1993,1993,false,Rusty
1048,1048,false,Lilly
1165,1165,false,Sam
1540,1540,false,Riley
1423,1423,false,Daisy
147,147,false,Roxy
503,503,false,Harley
1945,1945,false,Sadie
534,534,false,Jake
1412,1412,false,Roxie
1766,1766,false,Cocoa
1204,1204,false,Belle
1369,1369,false,Duke
1024,1024,false,Misty
941,941,false,Buddy
1176,1176,false,Mia
403,403,false,Sasha
863,863,false,Sam
641,641,false,Cooper
1491,1491,false,Sasha
803,803,false,Lola
886,886,false,Tyson
608,608,false,Sandy
242,242,false,Buddy
1887,1887,false,Zeus
1651,1651,false,Peanut
1376,1376,false,Lexi
1635,1635,false,Jack
1555,1555,false,Jack
1846,1846,false,Honey
460,460,false,Daisy
1418,1418,false,Roxie
1701,1701,false,Buster
498,498,false,Honey
1719,1719,false,Blue
1704,1704,false,Murphy
659,659,false,Zoey
877,877,false,Murphy
326,326,false,Jasper
394,394,false,Roxy
75,75,false,Lady
1594,1594,false,Sam
1056,1056,false,Molly
2004,2004,false,Chance
1162,1162,false,Max
1785,1785,false,Tyson
612,612,false,Annie
1741,1741,false,Shelby
865,865,false,Honey
742,742,false,Cookie
381,381,false,Annie
280,280,false,Precious
903,903,false,Brutus
557,557,false,Jake
459,459,false,Princess
1340,1340,false,Zoe
1819,1819,false,Murphy
196,196,false,Lily
1578,1578,false,Jasper
1999,1999,false,Rex
1996,1996,false,Sasha
17,17,false,Lola
1878,1878,false,Bruno
1998,1998,false,Lady
1317,1317,false,Chance
593,593,false,Lexi
211,211,false,Charlie
559,559,false,Dakota
30,30,false,Harley
293,293,false,Tyson
66,66,false,Lucy
1603,1603,false,Lily
724,724,false,Pepper
1212,1212,false,Cody
1057,1057,false,Toby
302,302,false,Harley
252,252,false,Rusty
1587,1587,false,Bailey
1143,1143,false,Luna
189,189,false,Dakota
1976,1976,false,Jack
1227,1227,false,Daisy
605,605,false,Lily
419,419,false,Abby
991,991,false,Snoopy
783,783,false,Molly
258,258,false,Tank
351,351,false,Coco
1894,1894,false,Angel
681,681,false,Daisy
1815,1815,false,Precious
1500,1500,false,Peanut
236,236,false,Zoey
1009,1009,false,Casey
1569,1569,false,Ginger
92,92,false,Sam
1707,1707,false,Buster
1266,1266,false,Blue
315,315,false,Honey
927,927,false,Oscar
1553,1553,false,Sam
193,193,false,Cooper
799,799,false,Zoey
754,754,false,Milo
1552,1552,false,Roxy
961,961,false,Zoe
1213,1213,false,Lexi
1717,1717,false,Scooter
793,793,false,Diesel
777,777,false,Mia
1279,1279,false,Harley
1255,1255,false,Tucker
1616,1616,false,Max
69,69,false,Diesel
1312,1312,false,Daisy
1612,1612,false,Annie
770,770,false,Casey
833,833,false,Blue
422,422,false,Zoey
869,869,false,Riley
484,484,false,Rascal
82,82,false,Rascal
1912,1912,false,Milo
862,862,false,Lily
483,483,false,Charlie
715,715,false,Luna
1523,1523,false,Dakota
677,677,false,Zoe
801,801,false,Sophie
726,726,false,Tucker
414,414,false,Lady
644,644,false,Baxter
1104,1104,false,Bo
320,320,false,Taz
486,486,false,Baxter
491,491,false,Sassy
868,868,false,Bailey
909,909,false,Honey
1608,1608,false,Roxy
230,230,false,Belle
384,384,false,Princess
107,107,false,Sugar
804,804,false,Sadie
819,819,false,Lucky
574,574,false,Angel
415,415,false,Bear
1191,1191,false,Lucy
1557,1557,false,Peanut
160,160,false,Gizmo
21,21,false,Taz
1161,1161,false,Shelby
1108,1108,false,Lucy
1834,1834,false,Roxie
1506,1506,false,Jake
809,809,false,Jasmine
502,502,false,Cocoa
711,711,false,Honey
284,284,false,Charlie
151,151,false,Charlie
1543,1543,false,Dixie
1789,1789,false,Peanut
1549,1549,false,Tyson
1458,1458,false,Cookie
1,1,false,Baxter
1109,1109,false,Lucy
1364,1364,false,Riley
1607,1607,false,Tucker
1384,1384,false,Sophie
578,578,false,Diesel
663,663,false,Lola
581,581,false,Cody
1180,1180,false,Lucky
1586,1586,false,Sassy
15,15,false,Sasha
624,624,false,Chance
172,172,false,Riley
670,670,false,Gizmo
858,858,false,Spike
1791,1791,false,Max
500,500,false,Lexi
937,937,false,Zoey
207,207,false,Cody
842,842,false,Jack
1233,1233,false,Gizmo
1858,1858,false,Rex
361,361,false,Bandit
949,949,false,Rascal
1023,1023,false,Gracie
164,164,false,Sasha
1712,1712,false,Cocoa
424,424,false,Oscar
1812,1812,false,Riley
1986,1986,false,Zoey
1413,1413,false,Princess
1305,1305,false,Bo
1076,1076,false,Sadie
146,146,false,Harley
1646,1646,false,Princess
693,693,false,Rusty
494,494,false,Roxie
893,893,false,Sadie
565,565,false,Jack
495,495,false,Bear
1169,1169,false,Sparky
1908,1908,false,Chico
1630,1630,false,Bailey
504,504,false,Lexi
1677,1677,false,Sugar
837,837,false,Harvey
517,517,false,Max
395,395,false,Sassy
621,621,false,Belle
181,181,false,Jasper
1793,1793,false,Bandit
978,978,false,Lily
1524,1524,false,Murphy
917,917,false,Bruno
1949,1949,false,Pepper
345,345,false,Tank
870,870,false,Lily
1135,1135,false,Peanut
1533,1533,false,Maggie
1139,1139,false,Bo
1150,1150,false,Penny
1454,1454,false,Bandit
737,737,false,Teddy
125,125,false,Shelby
450,450,false,Murphy
1117,1117,false,Lily
617,617,false,Jack
749,749,false,Missy
846,846,false,Sandy
1520,1520,false,Diesel
775,775,false,Scooter
244,244,false,Taz
200,200,false,Baxter
752,752,false,Jack
343,343,false,Riley
812,812,false,Rex
1550,1550,false,Sugar
1870,1870,false,Lola
1261,1261,false,Misty
148,148,false,Penny
44,44,false,Snoopy
1905,1905,false,Honey
1422,1422,false,Harvey
458,458,false,Maggie
275,275,false,Ruby
1914,1914,false,Rascal
1544,1544,false,Lola
358,358,false,Maggie
1970,1970,false,Honey
1270,1270,false,Misty
1528,1528,false,Buster
1264,1264,false,Diamond
680,680,false,Gracie
288,288,false,Snickers
1729,1729,false,Lilly
931,931,false,Missy
443,443,false,Sassy
390,390,false,Patches
1676,1676,false,Roxy
830,830,false,Charlie
936,936,false,Sugar
436,436,false,Sassy
1146,1146,false,Charlie
1038,1038,false,Harvey
651,651,false,Zeus
967,967,false,Shelby
908,908,false,Sassy
1314,1314,false,Scooter
1547,1547,false,Misty
538,538,false,Rascal
753,753,false,Sasha
1936,1936,false,Shadow
1298,1298,false,Shadow
1288,1288,false,Bella
129,129,false,Belle
1081,1081,false,Gizmo
1985,1985,false,Mia
1882,1882,false,Maggie
1655,1655,false,Dakota
70,70,false,Lady
1115,1115,false,Marley
406,406,false,Milo
247,247,false,Lucky
113,113,false,Sparky
269,269,false,Duke
980,980,false,Maggie
1035,1035,false,Rocky
175,175,false,Pepper
1765,1765,false,Sam
1047,1047,false,Luna
430,430,false,Missy
1992,1992,false,Cookie
1522,1522,false,Taz
1967,1967,false,Bailey
518,518,false,Sugar
705,705,false,Cocoa
106,106,false,Belle
1695,1695,false,Peanut
1711,1711,false,Dakota
1947,1947,false,Bella
1310,1310,false,Ginger
1206,1206,false,Ginger
1735,1735,false,Coco
325,325,false,Zeus
1922,1922,false,Jasper
1097,1097,false,Annie
1748,1748,false,Brutus
1292,1292,false,Lady
529,529,false,Cocoa
1694,1694,false,Zoey
1053,1053,false,Lola
1419,1419,false,Sugar
1236,1236,false,Princess
1022,1022,false,Max
489,489,false,Ginger
567,567,false,Rascal
1450,1450,false,Princess
1592,1592,false,Tucker
349,349,false,Jack
1059,1059,false,Luna
1461,1461,false,Riley
1961,1961,false,Sassy
906,906,false,Bandit
1873,1873,false,Dakota
294,294,false,Bandit
735,735,false,Sadie
1872,1872,false,Diamond
1659,1659,false,Zoe
22,22,false,Milo
421,421,false,Maggie
267,267,false,Harvey
1100,1100,false,Dakota
1944,1944,false,Misty
1653,1653,false,Riley
1001,1001,false,Daisy
1920,1920,false,Buster
347,347,false,Sadie
1359,1359,false,Bo
672,672,false,Gracie
1016,1016,false,Sugar
1044,1044,false,Sassy
1994,1994,false,Scooter
150,150,false,Tyson
1328,1328,false,Pepper
585,585,false,Maggie
1149,1149,false,Misty
57,57,false,Tank
71,71,false,Roxie
983,983,false,Sammy
762,762,false,Casey
301,301,false,Princess
1211,1211,false,Cookie
880,880,false,Cody
1217,1217,false,Cookie
1029,1029,false,Luna
1452,1452,false,Oscar
1669,1669,false,Shadow
1804,1804,false,Bandit
1760,1760,false,Tank
630,630,false,Buster
985,985,false,Brutus
1284,1284,false,Jack
552,552,false,Roxy
249,249,false,Cody
300,300,false,Ruby
1200,1200,false,Peanut
1889,1889,false,Brutus
2005,2005,false,Bella
1892,1892,false,Cocoa
811,811,false,Taz
447,447,false,Cookie
130,130,false,Rosie
437,437,false,Rusty
1728,1728,false,Toby
1772,1772,false,Bubba
1318,1318,false,Brutus
1763,1763,false,Bruno
912,912,false,Brutus
604,604,false,Sparky
1363,1363,false,Precious
721,721,false,Mia
331,331,false,Sasha
1904,1904,false,Charlie
1062,1062,false,Spike
1850,1850,false,Dixie
81,81,false,Roxie
155,155,false,Chance
982,982,false,Riley
1105,1105,false,Lilly
1843,1843,false,Abby
1584,1584,false,Bandit
988,988,false,Harley
1360,1360,false,Pepper
108,108,false,Bubba
1193,1193,false,Jasmine
1440,1440,false,Sammy
1671,1671,false,Bubba
1002,1002,false,Ginger
427,427,false,Spike
658,658,false,Snoopy
588,588,false,Harvey
1291,1291,false,Harvey
734,734,false,Rocky
1319,1319,false,Lola
1839,1839,false,Lexi
1170,1170,false,Bailey
1004,1004,false,Bubba
12,12,false,Scooter
919,919,false,Lilly
229,229,false,Rascal
1747,1747,false,Toby
220,220,false,Bruno
519,519,false,Snoopy
1595,1595,false,Chloe
52,52,false,Bailey
953,953,false,Zoey
468,468,false,Jack
357,357,false,Shelby
501,501,false,Bella
1417,1417,false,Riley
1619,1619,false,Daisy
887,887,false,Charlie
1743,1743,false,Oscar
823,823,false,Zoe
1560,1560,false,Chico
1689,1689,false,Roxy
1476,1476,false,Misty
109,109,false,Brutus
778,778,false,Honey
35,35,false,Charlie
412,412,false,Peanut
592,592,false,Dixie
1096,1096,false,Scooter
1941,1941,false,Precious
964,964,false,Oscar
813,813,false,Honey
676,676,false,Toby
2008,2008,false,Shelby
1403,1403,false,Annie
1931,1931,false,Buddy
1939,1939,false,Dixie
860,860,false,Angel
792,792,false,Oreo
915,915,false,Rusty
1207,1207,false,Bear
1433,1433,false,Riley
725,725,false,Bailey
1401,1401,false,Pepper
1860,1860,false,Roxie
1119,1119,false,Annie
48,48,false,Taz
509,509,false,Buddy
1088,1088,false,Jasper
1381,1381,false,Rex
1700,1700,false,Rosie
1831,1831,false,Diamond
251,251,false,Murphy
111,111,false,Jasmine
1818,1818,false,Baby
876,876,false,Cody
1693,1693,false,Misty
1757,1757,false,Teddy
74,74,false,Misty
1582,1582,false,Gracie
1558,1558,false,Lilly
674,674,false,Chico
1300,1300,false,Taz
1167,1167,false,Cody
1601,1601,false,Tucker
88,88,false,Patches
1267,1267,false,Lilly
306,306,false,Chance
1082,1082,false,Lucky
278,278,false,Zoe
1457,1457,false,Duke
1372,1372,false,Princess
1647,1647,false,Jack
905,905,false,Ginger
1066,1066,false,Lexi
994,994,false,Dakota
1185,1185,false,Casey
1816,1816,false,Peanut
393,393,false,Tank
1783,1783,false,Penny
204,204,false,Coco
203,203,false,Gizmo
1424,1424,false,Jake
435,435,false,Sadie
1049,1049,false,Sophie
820,820,false,Rascal
1224,1224,false,Rascal
671,671,false,Ruby
1086,1086,false,Sparky
1084,1084,false,Bandit
1609,1609,false,Milo
282,282,false,Honey
1984,1984,false,Bruno
1290,1290,false,Oscar
171,171,false,Baby
836,836,false,Jack
1691,1691,false,Chance
122,122,false,Belle
1856,1856,false,Mia
1465,1465,false,Shadow
1907,1907,false,Abby
564,564,false,Ginger
582,582,false,Marley
78,78,false,Spike
1467,1467,false,Jasper
522,522,false,Max
622,622,false,Spike
46,46,false,Charlie
1244,1244,false,Cookie
1706,1706,false,Snickers
1736,1736,false,Lucky
739,739,false,Lola
1803,1803,false,Casey
603,603,false,Marley
1394,1394,false,Sadie
1982,1982,false,Bailey
1857,1857,false,Sam
1273,1273,false,Roxie
956,956,false,Cody
1210,1210,false,Baxter
795,795,false,Penny
1615,1615,false,Zoe
1883,1883,false,Taz
1629,1629,false,Gizmo
1833,1833,false,Shelby
847,847,false,Sophie
1395,1395,false,Penny
717,717,false,Chico
327,327,false,Brutus
33,33,false,Sadie
36,36,false,Misty
58,58,false,Tucker
657,657,false,Scooter
1390,1390,false,Jake
652,652,false,Sandy
38,38,false,Belle
174,174,false,Max
1136,1136,false,Bailey
987,987,false,Coco
1720,1720,false,Scooter
1734,1734,false,Murphy
1006,1006,false,Toby
1163,1163,false,Taz
191,191,false,Cooper
287,287,false,Dixie
945,945,false,Rex
892,892,false,Sophie
728,728,false,Sassy
1942,1942,false,Penny
998,998,false,Maggie
353,353,false,Bear
149,149,false,Belle
97,97,false,Tyson
669,669,false,Marley
958,958,false,Coco
132,132,false,Lola
595,595,false,Diamond
910,910,false,Cocoa
1940,1940,false,Tank
1621,1621,false,Chloe
1173,1173,false,Honey
456,456,false,Angel
1951,1951,false,Ruby
924,924,false,Princess
1899,1899,false,Coco
1496,1496,false,Buster
455,455,false,Diamond
933,933,false,Princess
56,56,false,Patches
1617,1617,false,Baxter
14,14,false,Cooper
647,647,false,Cookie
1764,1764,false,Bubba
264,264,false,Jasmine
1742,1742,false,Jake
1498,1498,false,Mia
185,185,false,Oreo
1963,1963,false,Luna
199,199,false,Belle
1302,1302,false,Tucker
180,180,false,Cookie
1158,1158,false,Molly
816,816,false,Jasper
1668,1668,false,Duke
223,223,false,Toby
273,273,false,Lilly
1786,1786,false,Annie
248,248,false,Tucker
1956,1956,false,Cookie
1472,1472,false,Roxie
479,479,false,Dakota
1965,1965,false,Lucky
875,875,false,Baby
1127,1127,false,Cooper
1652,1652,false,Buddy
1530,1530,false,Sasha
259,259,false,Sam
1120,1120,false,Sandy
716,716,false,Ginger
2001,2001,false,Dakota
1383,1383,false,Buddy
1358,1358,false,Zeus
810,810,false,Jack
760,760,false,Milo
140,140,false,Belle
965,965,false,Ginger
570,570,false,Jack
1897,1897,false,Snickers
1521,1521,false,Toby
718,718,false,Duke
277,277,false,Buster
1202,1202,false,Sparky
1342,1342,false,Chloe
283,283,false,Gracie
776,776,false,Sam
572,572,false,Dakota
1293,1293,false,Blue
1561,1561,false,Dakota
521,521,false,Buddy
511,511,false,Cooper
1241,1241,false,Baby
490,490,false,Bear
1050,1050,false,Mia
696,696,false,Lexi
1042,1042,false,Roxy
45,45,false,Diesel
1844,1844,false,Jasper
1196,1196,false,Chloe
1208,1208,false,Bella
911,911,false,Bella
250,250,false,Sparky
968,968,false,Lilly
499,499,false,Bruno
530,530,false,Lexi
1810,1810,false,Snickers
9,9,false,Dakota
409,409,false,Shelby
265,265,false,Sammy
543,543,false,Sandy
1189,1189,false,Jasper
1268,1268,false,Angel
649,649,false,Cody
1799,1799,false,Max
607,607,false,Scooter
1436,1436,false,Pepper
1642,1642,false,Toby
2010,2010,false,Oscar
216,216,false,Lily
645,645,false,Marley
77,77,false,Duke
383,383,false,Lilly
1753,1753,false,Sam
1426,1426,false,Tyson
1338,1338,false,Bailey
882,882,false,Zeus
55,55,false,Buster
1347,1347,false,Rocky
457,457,false,Gracie
831,831,false,Jasmine
600,600,false,Toby
212,212,false,Angel
1432,1432,false,Rosie
1885,1885,false,Rosie
1987,1987,false,Brutus
583,583,false,Lady
1535,1535,false,Ruby
1071,1071,false,Lilly
322,322,false,Spike
1699,1699,false,Zoe
878,878,false,Murphy
1761,1761,false,Roxie
730,730,false,Annie
1272,1272,false,Tyson
1548,1548,false,Lucky
751,751,false,Bo
163,163,false,Zeus
29,29,false,Bandit
922,922,false,Gizmo
20,20,false,Daisy
308,308,false,Scooter
1141,1141,false,Ruby
102,102,false,Bear
709,709,false,Bella
1107,1107,false,Harvey
797,797,false,Shelby
1570,1570,false,Bailey
834,834,false,Molly
1483,1483,false,Bandit
554,554,false,Missy
268,268,false,Bruno
423,423,false,Riley
1890,1890,false,Rocky
2007,2007,false,Roxy
311,311,false,Lucky
1632,1632,false,Snoopy
1954,1954,false,Sasha
1391,1391,false,Lucky
1186,1186,false,Lucy
205,205,false,Casey
1973,1973,false,Chico
706,706,false,Jake
134,134,false,Shelby
1039,1039,false,Tucker
426,426,false,Precious
1000,1000,false,Ginger
1487,1487,false,Tyson
1421,1421,false,Cocoa
1566,1566,false,Sophie
1355,1355,false,Peanut
187,187,false,Rascal
1040,1040,false,Tank
1070,1070,false,Buster
178,178,false,Duke
1562,1562,false,Murphy
999,999,false,Casey
1251,1251,false,Teddy
1064,1064,false,Buster
1464,1464,false,Bear
531,531,false,Sasha
722,722,false,Rex
295,295,false,Spike
318,318,false,Bruno
380,380,false,Penny
1387,1387,false,Lucky
1532,1532,false,Sam
560,560,false,Patches
821,821,false,Blue
1147,1147,false,Cody
1028,1028,false,Dakota
1297,1297,false,Casey
1702,1702,false,Zoe
1025,1025,false,Sparky
667,667,false,Cody
1114,1114,false,Bandit
366,366,false,Rocky
1101,1101,false,Teddy
1362,1362,false,Shelby
186,186,false,Sandy
1513,1513,false,Charlie
781,781,false,Chloe
1946,1946,false,Marley
618,618,false,Snickers
675,675,false,Dakota
623,623,false,Ginger
176,176,false,Ginger
1875,1875,false,Sophie
328,328,false,Diesel
54,54,false,Sophie
1131,1131,false,Baby
606,606,false,Tank
1220,1220,false,Jasmine
970,970,false,Maggie
904,904,false,Lady
856,856,false,Ginger
1715,1715,false,Oscar
1041,1041,false,Rex
1249,1249,false,Marley
1449,1449,false,Jasper
1219,1219,false,Teddy
418,418,false,Brutus
1916,1916,false,Sparky
634,634,false,Taz
1240,1240,false,Snickers
1405,1405,false,Bubba
541,541,false,Angel
1504,1504,false,Snoopy
1708,1708,false,Maggie
1493,1493,false,Marley
884,884,false,Misty
96,96,false,Milo
5,5,false,Bo
444,444,false,Peanut
1959,1959,false,Lexi
1183,1183,false,Bandit
1687,1687,false,Max
253,253,false,Rusty
215,215,false,Jake
420,420,false,Bo
1411,1411,false,Ginger
1602,1602,false,Blue
1032,1032,false,Bandit
1460,1460,false,Peanut
840,840,false,Rocky
661,661,false,Sasha
60,60,false,Casey
594,594,false,Jasmine
1499,1499,false,Bailey
1326,1326,false,Princess
1923,1923,false,Snoopy
610,610,false,Tank
1198,1198,false,Milo
584,584,false,Abby
289,289,false,Misty
1171,1171,false,Spike
166,166,false,Zoey
292,292,false,Sandy
336,336,false,Rex
822,822,false,Oscar
743,743,false,Roxy
940,940,false,Misty
1073,1073,false,Sandy
487,487,false,Shadow
747,747,false,Zoe
890,890,false,Cody
411,411,false,Lily
1751,1751,false,Coco
571,571,false,Jack
1473,1473,false,Bruno
1731,1731,false,Buddy
1137,1137,false,Shadow
445,445,false,Taz
1776,1776,false,Mia
1901,1901,false,Tyson
363,363,false,Oreo
1477,1477,false,Spike
827,827,false,Lexi
732,732,false,Baby
1013,1013,false,Missy
1030,1030,false,Rosie
948,948,false,Charlie
161,161,false,Shadow
1275,1275,false,Snickers
1825,1825,false,Diesel
382,382,false,Gracie
1225,1225,false,Cooper
1997,1997,false,Daisy
602,602,false,Bailey
1503,1503,false,Peanut
1563,1563,false,Baby
1055,1055,false,Lucky
1781,1781,false,Maggie
1688,1688,false,Bear
195,195,false,Pepper
238,238,false,Luna
114,114,false,Jake
1782,1782,false,Bruno
340,340,false,Honey
1160,1160,false,Brutus
352,352,false,Dakota
68,68,false,Gizmo
1775,1775,false,Max
990,990,false,Murphy
389,389,false,Scooter
741,741,false,Luna
767,767,false,Rosie
1788,1788,false,Lucy
368,368,false,Sammy
1230,1230,false,Roxie
1832,1832,false,Rascal
1431,1431,false,Sophie
1336,1336,false,Lucky
1575,1575,false,Roxy
1644,1644,false,Lilly
719,719,false,Mia
1682,1682,false,Bailey
702,702,false,Taz
1201,1201,false,Sammy
853,853,false,Marley
883,883,false,Bella
168,168,false,Lilly
524,524,false,Milo
1724,1724,false,Blue
514,514,false,Dixie
1153,1153,false,Duke
563,563,false,Zoey
759,759,false,Rosie
1337,1337,false,Coco
611,611,false,Marley
61,61,false,Snickers
1168,1168,false,Max
119,119,false,Teddy
850,850,false,Bear
1345,1345,false,Lexi
1829,1829,false,Bella
133,133,false,Baby
914,914,false,Belle
335,335,false,Bear
1952,1952,false,Sophie
2000,2000,false,Cocoa
764,764,false,Murphy
355,355,false,Ginger
370,370,false,Lucky
11,11,false,Cocoa
712,712,false,Cooper
329,329,false,Annie
1138,1138,false,Gracie
1459,1459,false,Bear
1778,1778,false,Lucky
548,548,false,Sam
1643,1643,false,Misty
1445,1445,false,Buddy
377,377,false,Cody
65,65,false,Tucker
1308,1308,false,Jasper
1145,1145,false,Roxy
1913,1913,false,Sparky
1538,1538,false,Penny
434,434,false,Dakota
550,550,false,Ruby
188,188,false,Rosie
1814,1814,false,Shelby
208,208,false,Lily
579,579,false,Baxter
1303,1303,false,Harley
373,373,false,Rusty
1451,1451,false,Honey
697,697,false,Penny
653,653,false,Shadow
90,90,false,Bailey
1509,1509,false,Bruno
1964,1964,false,Sam
1466,1466,false,Mia
1140,1140,false,Sandy
700,700,false,Cooper
740,740,false,Zoey
127,127,false,Maggie
1599,1599,false,Cookie
802,802,false,Sugar
729,729,false,Sam
2009,2009,false,Mia
520,520,false,Tank
173,173,false,Max
1733,1733,false,Bella
957,957,false,Harley
544,544,false,Sadie
1925,1925,false,Bailey
1252,1252,false,Harley
1932,1932,false,Patches
975,975,false,Jake
866,866,false,Bo
1744,1744,false,Casey
1174,1174,false,Jack
1259,1259,false,Bubba
1235,1235,false,Chico
1151,1151,false,Milo
1325,1325,false,Lexi
1250,1250,false,Bandit
1714,1714,false,Buddy
1519,1519,false,Toby
239,239,false,Shelby
703,703,false,Diamond
1917,1917,false,Cooper
1554,1554,false,Lily
7,7,false,Tucker
1685,1685,false,Baxter
814,814,false,Ginger
805,805,false,Lilly
1283,1283,false,Sammy
404,404,false,Coco
1209,1209,false,Charlie
1192,1192,false,Honey
224,224,false,Roxy
591,591,false,Lucky
1011,1011,false,Bandit
1463,1463,false,Buddy
62,62,false,Buster
597,597,false,Rex
598,598,false,Luna
829,829,false,Snickers
1410,1410,false,Ruby
1274,1274,false,Spike
105,105,false,Cocoa
1589,1589,false,Sassy
848,848,false,Misty
1329,1329,false,Tucker
1991,1991,false,Bandit
1673,1673,false,Baxter
1007,1007,false,Scooter
1190,1190,false,Pepper
1657,1657,false,Lucky
1052,1052,false,Oreo
1388,1388,false,Harley
1063,1063,false,Lexi
1654,1654,false,Lilly
808,808,false,Chico
539,539,false,Baxter
312,312,false,Luna
1045,1045,false,Sammy
1884,1884,false,Luna
153,153,false,Lexi
1415,1415,false,Marley
960,960,false,Lilly
1590,1590,false,Sammy
772,772,false,Rusty
745,745,false,Gracie
1726,1726,false,Cocoa
1074,1074,false,Charlie
167,167,false,Milo
1352,1352,false,Cody
1542,1542,false,Sammy
453,453,false,Sammy
620,620,false,Shadow
40,40,false,Molly
515,515,false,Chico
413,413,false,Sammy
47,47,false,Pepper
101,101,false,Pepper
1767,1767,false,Shelby
1123,1123,false,Diesel
266,266,false,Misty
1414,1414,false,Sammy
1531,1531,false,Zeus
121,121,false,Murphy
1068,1068,false,Taz
939,939,false,Zoe
1392,1392,false,Max
313,313,false,Sandy
1813,1813,false,Diamond
628,628,false,Rosie
256,256,false,Teddy
1257,1257,false,Duke
142,142,false,Chico
1935,1935,false,Toby
748,748,false,Sugar
1344,1344,false,Bailey
512,512,false,Scooter
690,690,false,Rex
839,839,false,Roxie
6,6,false,Duke
1427,1427,false,Rascal
222,222,false,Blue
112,112,false,Toby
1020,1020,false,Toby
920,920,false,Dakota
367,367,false,Lexi
309,309,false,Jack
1756,1756,false,Cody
1321,1321,false,Sandy
1075,1075,false,Roxie
714,714,false,Sammy
727,727,false,Cocoa
1979,1979,false,Diamond
1512,1512,false,Bubba
1604,1604,false,Sugar
1666,1666,false,Angel
1361,1361,false,Snickers
165,165,false,Baxter
285,285,false,Milo
1737,1737,false,Snickers
72,72,false,Luna
271,271,false,Harley
1665,1665,false,Chloe
1495,1495,false,Jasmine
874,874,false,Bailey
1596,1596,false,Harley
944,944,false,Annie
469,469,false,Sophie
773,773,false,Sophie
1675,1675,false,Sadie
1286,1286,false,Cody
1271,1271,false,Gracie
547,547,false,Sassy
261,261,false,Cody
771,771,false,Mia
1335,1335,false,Blue
1166,1166,false,Lily
798,798,false,Lady
1128,1128,false,Lexi
540,540,false,Jake
1234,1234,false,Ruby
1408,1408,false,Snickers
761,761,false,Dixie
1580,1580,false,Sugar
861,861,false,Bear
1697,1697,false,Sophie
1928,1928,false,Milo
257,257,false,Ruby
826,826,false,Jasmine
1710,1710,false,Bandit
1800,1800,false,Ruby
1514,1514,false,Rusty
1826,1826,false,Misty
1470,1470,false,Patches
1080,1080,false,Mia
1593,1593,false,Gracie
1848,1848,false,Bella
1664,1664,false,Jasper
1178,1178,false,Sassy
1745,1745,false,Sam
932,932,false,Rascal
221,221,false,Harvey
480,480,false,Coco
354,354,false,Coco
110,110,false,Rocky
859,859,false,Zoe
407,407,false,Jack
916,916,false,Snoopy
1333,1333,false,Bo
432,432,false,Cocoa
85,85,false,Patches
1962,1962,false,Annie
94,94,false,Luna
1830,1830,false,Pepper
1692,1692,false,Bandit
686,686,false,Lola
375,375,false,Rosie
899,899,false,Dixie
1841,1841,false,Sassy
1645,1645,false,Mia
95,95,false,Rosie
1216,1216,false,Sparky
1968,1968,false,Baby
1565,1565,false,Tucker
18,18,false,Jasmine
656,656,false,Dixie
508,508,false,Duke
470,470,false,Annie
1061,1061,false,Cookie
1995,1995,false,Zeus
25,25,false,Bruno
307,307,false,Chico
51,51,false,Honey
1511,1511,false,Princess
452,452,false,Ginger
710,710,false,Sophie
23,23,false,Jake
635,635,false,Bella
348,348,false,Sassy
1323,1323,false,Diesel
1929,1929,false,Jake
683,683,false,Misty
1859,1859,false,Bo
39,39,false,Mia
1670,1670,false,Dakota
1378,1378,false,Tank
379,379,false,Toby
1975,1975,false,Gizmo
1407,1407,false,Jack
682,682,false,Patches
1382,1382,false,Roxy
1296,1296,false,Honey
528,528,false,Zeus
1144,1144,false,Rosie
1611,1611,false,Riley
73,73,false,Lucky
226,226,false,Chance
815,815,false,Max
780,780,false,Blue
401,401,false,Abby
198,198,false,Sandy
1771,1771,false,Sadie
1567,1567,false,Chance
765,765,false,Jake
655,655,false,Peanut
442,442,false,Precious
1448,1448,false,Bear
723,723,false,Spike
334,334,false,Honey
219,219,false,Honey
817,817,false,Annie
576,576,false,Oscar
537,537,false,Brutus
1277,1277,false,Baby
433,433,false,Patches
1606,1606,false,Precious
303,303,false,Bo
1983,1983,false,Shelby
1938,1938,false,Max
601,601,false,Lucy
37,37,false,Oscar
556,556,false,Tank
648,648,false,Sadie
131,131,false,Honey
828,828,false,Missy
898,898,false,Pepper
1416,1416,false,Sophie
1497,1497,false,Sassy
218,218,false,Tank
891,891,false,Baby
1434,1434,false,Peanut
807,807,false,Lilly
1373,1373,false,Bubba
1005,1005,false,Precious
779,779,false,Penny
1398,1398,false,Ruby
1658,1658,false,Sadie
1649,1649,false,Diamond
213,213,false,Sophie
1698,1698,false,Buster
1534,1534,false,Bubba
896,896,false,Spike
1880,1880,false,Charlie
1231,1231,false,Oscar
1574,1574,false,Sandy
1855,1855,false,Blue
1215,1215,false,Bandit
1921,1921,false,Princess
1478,1478,false,Murphy
392,392,false,Lilly
561,561,false,Princess
405,405,false,Blue
966,966,false,Casey
391,391,false,Mia
1324,1324,false,Shadow
1639,1639,false,Shadow
1836,1836,false,Lady
374,374,false,Bo
100,100,false,Bo
1012,1012,false,Cocoa
1981,1981,false,Penny
1597,1597,false,Sammy
1725,1725,false,Sammy
1214,1214,false,Cookie
1014,1014,false,Missy
1242,1242,false,Diamond
1399,1399,false,Lucy
485,485,false,Tyson
1794,1794,false,Cooper
360,360,false,Lily
115,115,false,Lola
89,89,false,Blue
417,417,false,Lucy
143,143,false,Rex
1505,1505,false,Cooper
1396,1396,false,Mia
1508,1508,false,Jake
217,217,false,Oreo
513,513,false,Abby
1686,1686,false,Angel
1122,1122,false,Zeus
179,179,false,Gizmo
1374,1374,false,Sasha
194,194,false,Belle
1933,1933,false,Sophie
824,824,false,Snoopy
1807,1807,false,Molly
206,206,false,Sasha
929,929,false,Max
1154,1154,false,Rex
270,270,false,Diesel
699,699,false,Annie
1428,1428,false,Coco
1576,1576,false,Missy
1551,1551,false,Diamond
1188,1188,false,Toby
1636,1636,false,Mia
1568,1568,false,Brutus
1254,1254,false,Lilly
1792,1792,false,Chloe
1546,1546,false,Rosie
1031,1031,false,Lucy
145,145,false,Peanut
473,473,false,Tank
902,902,false,Sam
1900,1900,false,Oreo
1349,1349,false,Rosie
291,291,false,Sophie
1696,1696,false,Casey
1285,1285,false,Rusty
474,474,false,Maggie
974,974,false,Dakota
1713,1713,false,Max
237,237,false,Casey
26,26,false,Sugar
10,10,false,Sasha
1429,1429,false,Roxie
1289,1289,false,Duke
1492,1492,false,Cooper
507,507,false,Dakota
698,698,false,Jake
1320,1320,false,Casey
746,746,false,Cocoa
1199,1199,false,Bailey
1142,1142,false,Belle
1847,1847,false,Bruno
1094,1094,false,Milo
339,339,false,Shelby
209,209,false,Lola
1796,1796,false,Penny
1861,1861,false,Sparky
1780,1780,false,Blue
1446,1446,false,Tyson
1222,1222,false,Misty
330,330,false,Molly
1525,1525,false,Sam
1937,1937,false,Tank
263,263,false,Jasmine
1111,1111,false,Lola
1537,1537,false,Bo
332,332,false,Buddy
625,625,false,Shelby
1773,1773,false,Lucy
1247,1247,false,Bruno
1134,1134,false,Jack
1307,1307,false,Jasmine
631,631,false,Zeus
214,214,false,Riley
1526,1526,false,Luna
755,755,false,Zeus
1351,1351,false,Annie
1784,1784,false,Missy
1058,1058,false,Abby
1663,1663,false,Molly
346,346,false,Sophie
1331,1331,false,Zoey
1099,1099,false,Snoopy
1808,1808,false,Bear
1613,1613,false,Bella
1034,1034,false,Abby
1893,1893,false,Brutus
429,429,false,Jasper
16,16,false,Taz
1865,1865,false,Buster
1010,1010,false,Rascal
632,632,false,Annie
575,575,false,Sparky
310,310,false,Baby
1083,1083,false,Pepper
472,472,false,Jasper
235,235,false,Sandy
1187,1187,false,Penny
1054,1054,false,Sophie
416,416,false,Bruno
1957,1957,false,Rex
1969,1969,false,Bear
1486,1486,false,Tucker
1245,1245,false,Zoey
638,638,false,Lady
1950,1950,false,Cody
159,159,false,Harvey
535,535,false,Ruby
1680,1680,false,Tucker
785,785,false,Patches
1746,1746,false,Chico
1840,1840,false,Jake
481,481,false,Rocky
708,708,false,Bruno
1891,1891,false,Sadie
1356,1356,false,Shelby
1051,1051,false,Rex
525,525,false,Casey
471,471,false,Lola
234,234,false,Riley
545,545,false,Taz
183,183,false,Tank
1966,1966,false,Honey
640,640,false,Cody
154,154,false,Buddy
1346,1346,false,Teddy
1246,1246,false,Daisy
1718,1718,false,Sophie
1625,1625,false,Dixie
615,615,false,Bandit
116,116,false,Sophie
1380,1380,false,Pepper
1442,1442,false,Rusty
1835,1835,false,Marley
2,2,false,Gizmo
1159,1159,false,Lola
981,981,false,Shadow
1564,1564,false,Baby
1026,1026,false,Ginger
1541,1541,false,Missy
701,701,false,Teddy
1456,1456,false,Annie
477,477,false,Brutus
643,643,false,Angel
774,774,false,Gizmo
871,871,false,Maggie
1479,1479,false,Lucky
1974,1974,false,Daisy
1684,1684,false,Rocky
562,562,false,Scooter
1232,1232,false,Teddy
921,921,false,Sasha
1877,1877,false,Snoopy
1577,1577,false,Belle
1918,1918,false,Dixie
1507,1507,false,Pepper
1406,1406,false,Oscar
1579,1579,false,Jasper
1798,1798,false,Snoopy
126,126,false,Lady
59,59,false,Diesel
1638,1638,false,Marley
900,900,false,Sparky
763,763,false,Casey
28,28,false,Sadie
1915,1915,false,Lexi
1820,1820,false,Roxie
362,362,false,Teddy
139,139,false,Diesel
855,855,false,Gizmo
1703,1703,false,Sophie
907,907,false,Lola
1471,1471,false,Abby
1444,1444,false,Cookie
849,849,false,Cody
832,832,false,Penny
1977,1977,false,Lilly
879,879,false,Misty
1295,1295,false,Honey
1179,1179,false,Rex
1679,1679,false,Buster
448,448,false,Murphy
707,707,false,Annie
13,13,false,Molly
1205,1205,false,Zoey
1588,1588,false,Zoey
1386,1386,false,Jake
1475,1475,false,Cocoa
1683,1683,false,Patches
1626,1626,false,Diamond
1148,1148,false,Rex
1823,1823,false,Dixie
49,49,false,Lexi
1749,1749,false,Bear
369,369,false,Murphy
505,505,false,Mia
1481,1481,false,Luna
241,241,false,Cody
1181,1181,false,Lucky
1571,1571,false,Harvey
410,410,false,Bailey
440,440,false,Snoopy
1194,1194,false,Cocoa
678,678,false,Rex
144,144,false,Jake
971,971,false,Ruby
1787,1787,false,Bruno
1262,1262,false,Ruby
408,408,false,Buddy
897,897,false,Buddy
461,461,false,Gizmo
1802,1802,false,Jasper
1008,1008,false,Bruno
1730,1730,false,Lexi
733,733,false,Missy
1447,1447,false,Marley
1229,1229,false,Cooper
19,19,false,Roxie
864,864,false,Rosie
1091,1091,false,Angel
24,24,false,Peanut
385,385,false,Zeus
197,197,false,Bruno
1762,1762,false,Sasha
137,137,false,Sandy
1821,1821,false,Toby
995,995,false,Bruno
1280,1280,false,Baby
942,942,false,Sammy
1709,1709,false,Lexi
1777,1777,false,Bear
1598,1598,false,Lilly
691,691,false,Lola
938,938,false,Princess
692,692,false,Casey
1033,1033,false,Lexi
1755,1755,false,Lola
1184,1184,false,Lily
1253,1253,false,Dakota
274,274,false,Bo
926,926,false,Snoopy
1501,1501,false,Chloe
993,993,false,Lily
1085,1085,false,Chloe
27,27,false,Bruno
1315,1315,false,Bubba
493,493,false,Sam
1723,1723,false,Bandit
1332,1332,false,Diesel
662,662,false,Misty
577,577,false,Misty
1282,1282,false,Peanut
376,376,false,Rosie
99,99,false,Gracie
1627,1627,false,Murphy
1462,1462,false,Bo
496,496,false,Rusty
439,439,false,Bella
359,359,false,Angel
523,523,false,Bandit
969,969,false,Bo
386,386,false,Sasha
616,616,false,Bailey
276,276,false,Penny
1662,1662,false,Sasha
1852,1852,false,Bailey
546,546,false,Sammy
854,854,false,Harvey
1518,1518,false,Lilly
1090,1090,false,Taz
321,321,false,Taz
768,768,false,Taz
1065,1065,false,Shadow
228,228,false,Sadie
1779,1779,false,Sammy
665,665,false,Ginger
1681,1681,false,Sparky
1133,1133,false,Dixie
225,225,false,Ginger
1177,1177,false,Bella
1129,1129,false,Molly
984,984,false,Sammy
1634,1634,false,Snickers
255,255,false,Tucker
438,438,false,Harvey
1866,1866,false,Jake
192,192,false,Pepper
841,841,false,Cooper
1610,1610,false,Bear
825,825,false,Tank
319,319,false,Bear
782,782,false,Ruby
1103,1103,false,Sadie
1301,1301,false,Bella
281,281,false,Max
243,243,false,Scooter
476,476,false,Zeus
1157,1157,false,Shelby
1539,1539,false,Ginger
342,342,false,Baxter
1130,1130,false,Rex
791,791,false,Peanut
952,952,false,Annie
1769,1769,false,Jake
650,650,false,Princess
553,553,false,Marley
454,454,false,Rocky
1370,1370,false,Bandit
1334,1334,false,Baby
758,758,false,Bruno
1573,1573,false,Blue
400,400,false,Brutus
396,396,false,Riley
1989,1989,false,Roxy
928,928,false,Jake
1354,1354,false,Sparky
1195,1195,false,Duke
1069,1069,false,Sandy
157,157,false,Jasmine
1256,1256,false,Murphy
844,844,false,Oreo
177,177,false,Sadie
1572,1572,false,Max
1648,1648,false,Toby
1488,1488,false,Milo
86,86,false,Tank
1556,1556,false,Diesel
1827,1827,false,Lucy
1072,1072,false,Ginger
695,695,false,Sammy
1585,1585,false,Taz
1955,1955,false,Tyson
1092,1092,false,Cookie
1043,1043,false,Chico
1678,1678,false,Misty
8,8,false,Chloe
158,158,false,Bo
98,98,false,Lola
32,32,false,Lexi
1919,1919,false,Diesel
587,587,false,Shelby
1339,1339,false,Casey
633,633,false,Penny
637,637,false,Cookie
613,613,false,Bo
1036,1036,false,Rex
1079,1079,false,Lucy
568,568,false,Mia
1641,1641,false,Buster
895,895,false,Mia
80,80,false,Gizmo
1822,1822,false,Cocoa
1409,1409,false,Buddy
1667,1667,false,Zoe
1469,1469,false,Bailey
1656,1656,false,Milo
83,83,false,Cookie
1095,1095,false,Buddy
314,314,false,Annie
338,338,false,Blue
1494,1494,false,Jasmine
1953,1953,false,Rosie
1770,1770,false,Annie
1116,1116,false,Lily
1152,1152,false,Rocky
684,684,false,Snoopy
992,992,false,Molly
679,679,false,Bailey
1605,1605,false,Zeus
1879,1879,false,Daisy
536,536,false,Lucy
1132,1132,false,Cookie
986,986,false,Teddy
569,569,false,Zoey
881,881,false,Chance
482,482,false,Lucy
397,397,false,Sparky
233,233,false,Lily
527,527,false,Gracie
1121,1121,false,Dixie
1420,1420,false,Rosie
788,788,false,Daisy
596,596,false,Charlie
2002,2002,false,Lucky
467,467,false,Coco
1357,1357,false,Ginger
1620,1620,false,Honey
806,806,false,Oreo
1027,1027,false,Sadie
1545,1545,false,Sparky
1182,1182,false,Sugar
323,323,false,Bella
1849,1849,false,Sandy
1795,1795,false,Harley
573,573,false,Bo
1854,1854,false,Oscar
1909,1909,false,Bruno
1896,1896,false,Sammy
246,246,false,Lexi
333,333,false,Sophie
1591,1591,false,Rascal
1343,1343,false,Bandit
1197,1197,false,Sadie
639,639,false,Angel
378,378,false,Spike
1809,1809,false,Chico
1124,1124,false,Buddy
1375,1375,false,Casey
1379,1379,false,Blue
872,872,false,Buddy
497,497,false,Lily
1768,1768,false,Precious
959,959,false,Sam
431,431,false,Snoopy
1306,1306,false,Bandit
1367,1367,false,Diesel
516,516,false,Tyson
63,63,false,Toby
1089,1089,false,Bear
1441,1441,false,Molly
1304,1304,false,Mia
1484,1484,false,Oscar
1898,1898,false,Jake
1738,1738,false,Rusty
1294,1294,false,Spike
466,466,false,Sparky
1402,1402,false,Peanut
1614,1614,false,Chloe
1631,1631,false,Casey
231,231,false,Rusty
53,53,false,Misty
463,463,false,Zoe
1311,1311,false,Lady
356,356,false,Sassy
1864,1864,false,Buster
925,925,false,Charlie
297,297,false,Mia
894,894,false,Annie
350,350,false,Gracie
2006,2006,false,Zoey
76,76,false,Scooter
1988,1988,false,Maggie
1278,1278,false,Bailey
1661,1661,false,Duke
1021,1021,false,Snoopy
1276,1276,false,Buddy
1164,1164,false,Charlie
1980,1980,false,Annie
1727,1727,false,Diamond
123,123,false,Maggie
190,190,false,Lilly
555,555,false,Brutus
549,549,false,Taz
1754,1754,false,Snoopy
1366,1366,false,Baby
399,399,false,Dakota
1797,1797,false,Taz
1924,1924,false,Rosie
1322,1322,false,Bo
1862,1862,false,Belle
184,184,false,Gracie
1437,1437,false,Missy
1774,1774,false,Bruno
1098,1098,false,Roxy
977,977,false,Angel
1365,1365,false,Snickers
1536,1536,false,Buddy
750,750,false,Bear
857,857,false,Bubba
279,279,false,Sasha
290,290,false,Dakota
451,451,false,Sandy
1805,1805,false,Mia
138,138,false,Tyson
1455,1455,false,Bruno
