child_id,client_id,deleted,pet_name
1621,1621,false,Shadow
1932,1932,false,Bella
1975,1975,false,Marley
1676,1676,false,Sam
910,910,false,Marley
930,930,false,Baxter
1117,1117,false,Sassy
729,729,false,Jack
458,458,false,Harvey
655,655,false,Buddy
1165,1165,false,Diesel
1003,1003,false,Lily
1349,1349,false,Lucky
221,221,false,Charlie
967,967,false,Princess
1637,1637,false,Jasper
98,98,false,Bo
699,699,false,Peanut
807,807,false,Cocoa
1584,1584,false,Belle
1098,1098,false,Shadow
332,332,false,Bear
1410,1410,false,Snickers
1121,1121,false,Roxie
1234,1234,false,Jake
942,942,false,Bailey
923,923,false,Sophie
1594,1594,false,Patches
843,843,false,Lilly
526,526,false,Ruby
1710,1710,false,Harvey
1355,1355,false,Gizmo
1019,1019,false,Tyson
243,243,false,Sugar
594,594,false,Ruby
440,440,false,Taz
1551,1551,false,Harley
1457,1457,false,Honey
486,486,false,Cooper
395,395,false,Precious
1631,1631,false,Pepper
305,305,false,Roxie
672,672,false,Cody
1005,1005,false,Belle
1183,1183,false,Lucky
1895,1895,false,Murphy
1887,1887,false,Rocky
1829,1829,false,Sammy
1926,1926,false,Toby
1160,1160,false,Abby
106,106,false,Buster
1372,1372,false,Rex
214,214,false,Belle
411,411,false,Missy
1118,1118,false,Zoey
1544,1544,false,Abby
811,811,false,Tucker
1387,1387,false,Sophie
339,339,false,Rusty
1483,1483,false,Max
1007,1007,false,Bruno
1378,1378,false,Baby
929,929,false,Bo
287,287,false,Snoopy
1413,1413,false,Bailey
1839,1839,false,Zoey
1625,1625,false,Lola
357,357,false,Casey
1344,1344,false,Rascal
78,78,false,Lucy
1915,1915,false,Chloe
1226,1226,false,Rocky
1277,1277,false,Lucy
1600,1600,false,Oreo
994,994,false,Spike
1484,1484,false,Rosie
545,545,false,Angel
186,186,false,Sam
922,922,false,Harley
631,631,false,Maggie
1515,1515,false,Zoe
1012,1012,false,Bo
1841,1841,false,Abby
806,806,false,Gizmo
664,664,false,Oreo
1567,1567,false,Max
1134,1134,false,Belle
1190,1190,false,Mia
812,812,false,Gracie
1860,1860,false,Oscar
462,462,false,Sparky
1400,1400,false,Sammy
293,293,false,Tank
1067,1067,false,Tank
371,371,false,Chance
824,824,false,Lilly
1531,1531,false,Dixie
143,143,false,Sammy
1610,1610,false,Blue
1058,1058,false,Marley
57,57,false,Lola
324,324,false,Rocky
232,232,false,Misty
1709,1709,false,Sammy
1703,1703,false,Bandit
1461,1461,false,Rusty
1534,1534,false,Sassy
1200,1200,false,Jasper
1216,1216,false,Missy
1741,1741,false,Jake
1730,1730,false,Rascal
835,835,false,Annie
1442,1442,false,Teddy
24,24,false,Diesel
1295,1295,false,Bailey
68,68,false,Shelby
698,698,false,Jasper
508,508,false,Jake
490,490,false,Bandit
936,936,false,Snoopy
1253,1253,false,Princess
1928,1928,false,Blue
730,730,false,Bruno
50,50,false,Spike
1317,1317,false,Tyson
126,126,false,Sam
577,577,false,Misty
686,686,false,Tank
1441,1441,false,Murphy
348,348,false,Jasper
183,183,false,Lily
1992,1992,false,Sandy
990,990,false,Sammy
1574,1574,false,Gracie
467,467,false,Buddy
1331,1331,false,Marley
1554,1554,false,Marley
389,389,false,Rex
314,314,false,Zoey
601,601,false,Diesel
223,223,false,Jasmine
141,141,false,Peanut
118,118,false,Chance
195,195,false,Bo
120,120,false,Molly
765,765,false,Precious
295,295,false,Coco
840,840,false,Pepper
740,740,false,Dixie
1478,1478,false,Princess
445,445,false,Bear
1889,1889,false,Scooter
660,660,false,Cody
1952,1952,false,Harley
801,801,false,Misty
738,738,false,Max
1309,1309,false,Tucker
524,524,false,Oreo
1405,1405,false,Rocky
124,124,false,Teddy
633,633,false,Dakota
336,336,false,Harvey
454,454,false,Lily
1447,1447,false,Belle
307,307,false,Rascal
817,817,false,Gracie
1225,1225,false,Lucky
1726,1726,false,Bubba
786,786,false,Duke
453,453,false,Baby
1196,1196,false,Sasha
1210,1210,false,Sasha
1774,1774,false,Snoopy
1228,1228,false,Angel
670,670,false,Lola
593,593,false,Molly
1258,1258,false,Bailey
488,488,false,Duke
1011,1011,false,Riley
878,878,false,Lucky
5,5,false,Gizmo
509,509,false,Penny
581,581,false,Misty
1781,1781,false,Bear
710,710,false,Jasper
739,739,false,Jasmine
80,80,false,Cooper
712,712,false,Rusty
331,331,false,Gracie
950,950,false,Shadow
948,948,false,Zoe
505,505,false,Baby
1553,1553,false,Sassy
1306,1306,false,Cody
681,681,false,Coco
926,926,false,Lilly
1879,1879,false,Tank
1890,1890,false,Chance
247,247,false,Taz
684,684,false,Sasha
91,91,false,Sugar
568,568,false,Jasper
1085,1085,false,Oscar
414,414,false,Zoe
1957,1957,false,Cocoa
83,83,false,Gizmo
682,682,false,Oreo
1436,1436,false,Oscar
821,821,false,Zoey
879,879,false,Honey
600,600,false,Oscar
1037,1037,false,Sam
177,177,false,Bella
227,227,false,Bruno
1892,1892,false,Honey
546,546,false,Baxter
896,896,false,Maggie
2005,2005,false,Lilly
1720,1720,false,Belle
1154,1154,false,Marley
1571,1571,false,Rex
847,847,false,Sadie
814,814,false,Diamond
1856,1856,false,Rocky
1763,1763,false,Sophie
1273,1273,false,Rusty
663,663,false,Jasper
278,278,false,Lola
1082,1082,false,Sugar
1218,1218,false,Spike
226,226,false,Baxter
1272,1272,false,Cooper
1535,1535,false,Sadie
1684,1684,false,Sam
41,41,false,Lucy
1095,1095,false,Ruby
1852,1852,false,Missy
534,534,false,Rusty
513,513,false,Luna
856,856,false,Diesel
1083,1083,false,Rex
499,499,false,Zoey
743,743,false,Bubba
1613,1613,false,Riley
402,402,false,Brutus
1756,1756,false,Chico
168,168,false,Murphy
992,992,false,Lucky
1815,1815,false,Rascal
2007,2007,false,Bella
1351,1351,false,Sandy
1605,1605,false,Bruno
1131,1131,false,Bubba
586,586,false,Tank
206,206,false,Harvey
1846,1846,false,Lucky
1062,1062,false,Scooter
237,237,false,Luna
258,258,false,Lily
1114,1114,false,Riley
1158,1158,false,Murphy
1432,1432,false,Sammy
746,746,false,Sasha
654,654,false,Jack
723,723,false,Charlie
1414,1414,false,Roxy
727,727,false,Max
928,928,false,Buster
441,441,false,Milo
1275,1275,false,Shelby
613,613,false,Toby
216,216,false,Milo
749,749,false,Cody
1213,1213,false,Sadie
420,420,false,Marley
246,246,false,Buster
1971,1971,false,Gracie
1579,1579,false,Rocky
1053,1053,false,Bailey
1587,1587,false,Ginger
397,397,false,Oreo
1873,1873,false,Coco
249,249,false,Baxter
1595,1595,false,Cocoa
155,155,false,Annie
1666,1666,false,Daisy
859,859,false,Teddy
1685,1685,false,Jack
1944,1944,false,Zeus
381,381,false,Marley
1956,1956,false,Lola
1541,1541,false,Oreo
1035,1035,false,Bandit
1912,1912,false,Sugar
1241,1241,false,Casey
262,262,false,Scooter
1341,1341,false,Cocoa
589,589,false,Misty
1630,1630,false,Jasper
1811,1811,false,Gizmo
1315,1315,false,Coco
1523,1523,false,Baxter
410,410,false,Riley
708,708,false,Lilly
1775,1775,false,Duke
1411,1411,false,Princess
1712,1712,false,Scooter
427,427,false,Lucky
1510,1510,false,Rascal
90,90,false,Sadie
472,472,false,Zoe
760,760,false,Lola
285,285,false,Coco
1065,1065,false,Abby
933,933,false,Shadow
752,752,false,Sparky
1827,1827,false,Sammy
151,151,false,Sparky
114,114,false,Abby
837,837,false,Shelby
199,199,false,Lucy
1773,1773,false,Scooter
1858,1858,false,Chance
1175,1175,false,Lilly
340,340,false,Dixie
189,189,false,Luna
1736,1736,false,Lilly
620,620,false,Penny
421,421,false,Sassy
1299,1299,false,Cocoa
1,1,false,Daisy
1286,1286,false,Milo
1367,1367,false,Chico
1294,1294,false,Charlie
244,244,false,Shelby
1419,1419,false,Jasper
949,949,false,Chance
224,224,false,Taz
207,207,false,Bear
836,836,false,Ginger
1163,1163,false,Scooter
1354,1354,false,Bruno
915,915,false,Oscar
1935,1935,false,Angel
1867,1867,false,Sassy
1360,1360,false,Mia
334,334,false,Shelby
1133,1133,false,Bruno
1516,1516,false,Sandy
1661,1661,false,Penny
1290,1290,false,Angel
1577,1577,false,Coco
1499,1499,false,Sandy
518,518,false,Daisy
1999,1999,false,Angel
1056,1056,false,Bubba
695,695,false,Rosie
196,196,false,Tank
1439,1439,false,Lilly
1468,1468,false,Harley
1552,1552,false,Bear
1824,1824,false,Sugar
204,204,false,Taz
1132,1132,false,Tank
1289,1289,false,Gizmo
1343,1343,false,Princess
1353,1353,false,Shadow
771,771,false,Tank
757,757,false,Dakota
748,748,false,Lily
1538,1538,false,Ginger
1959,1959,false,Lily
1924,1924,false,Lexi
1532,1532,false,Spike
1546,1546,false,Abby
179,179,false,Sandy
1919,1919,false,Dakota
1664,1664,false,Buster
1583,1583,false,Jasmine
99,99,false,Ginger
1300,1300,false,Snoopy
1707,1707,false,Lady
103,103,false,Misty
1475,1475,false,Maggie
1769,1769,false,Diesel
1487,1487,false,Diesel
1599,1599,false,Zeus
1936,1936,false,Rosie
1324,1324,false,Abby
263,263,false,Molly
1785,1785,false,Shelby
1859,1859,false,Ginger
131,131,false,Diamond
1240,1240,false,Zoe
417,417,false,Teddy
1430,1430,false,Diesel
995,995,false,Oscar
1247,1247,false,Cocoa
588,588,false,Toby
782,782,false,Bella
353,353,false,Sadie
282,282,false,Max
648,648,false,Bubba
62,62,false,Chloe
722,722,false,Bruno
284,284,false,Missy
171,171,false,Buster
852,852,false,Angel
1993,1993,false,Dakota
455,455,false,Tyson
1771,1771,false,Annie
608,608,false,Rocky
299,299,false,Zoe
794,794,false,Lola
208,208,false,Bruno
630,630,false,Murphy
375,375,false,Bella
1823,1823,false,Max
1072,1072,false,Baxter
1848,1848,false,Rocky
1016,1016,false,Lily
854,854,false,Rascal
1978,1978,false,Bella
1454,1454,false,Lucy
1402,1402,false,Patches
1393,1393,false,Harley
1379,1379,false,Honey
626,626,false,Lucy
1389,1389,false,Rocky
790,790,false,Snickers
1333,1333,false,Snickers
1762,1762,false,Spike
470,470,false,Angel
269,269,false,Roxie
1628,1628,false,Brutus
1818,1818,false,Penny
1403,1403,false,Honey
1287,1287,false,Annie
596,596,false,Diamond
1384,1384,false,Sandy
1130,1130,false,Sassy
84,84,false,Tucker
176,176,false,Lola
610,610,false,Rusty
1047,1047,false,Sugar
1798,1798,false,Bo
1746,1746,false,Maggie
1157,1157,false,Zoey
304,304,false,Murphy
1145,1145,false,Bandit
1615,1615,false,Gracie
386,386,false,Sparky
1648,1648,false,Luna
1776,1776,false,Snickers
1150,1150,false,Gizmo
1749,1749,false,Angel
700,700,false,Belle
7,7,false,Tucker
1743,1743,false,Lexi
901,901,false,Tucker
707,707,false,Casey
574,574,false,Bruno
494,494,false,Belle
1492,1492,false,Buddy
17,17,false,Cocoa
1560,1560,false,Duke
489,489,false,Charlie
1335,1335,false,Oreo
1418,1418,false,Bruno
1525,1525,false,Luna
1968,1968,false,Cocoa
802,802,false,Sassy
71,71,false,Sammy
1434,1434,false,Lucy
477,477,false,Duke
174,174,false,Buddy
483,483,false,Buster
327,327,false,Milo
656,656,false,Daisy
271,271,false,Baxter
1060,1060,false,Cooper
319,319,false,Taz
1951,1951,false,Rascal
438,438,false,Shadow
724,724,false,Sammy
597,597,false,Abby
1168,1168,false,Bubba
322,322,false,Rusty
1026,1026,false,Penny
144,144,false,Jasmine
957,957,false,Sophie
326,326,false,Max
203,203,false,Chico
1135,1135,false,Baxter
448,448,false,Snickers
912,912,false,Scooter
1540,1540,false,Charlie
1507,1507,false,Precious
374,374,false,Ruby
1733,1733,false,Lily
100,100,false,Bailey
134,134,false,Dakota
1513,1513,false,Chico
1088,1088,false,Maggie
64,64,false,Lucy
367,367,false,Belle
94,94,false,Princess
521,521,false,Diesel
316,316,false,Rusty
755,755,false,Jake
642,642,false,Lucy
349,349,false,Murphy
1588,1588,false,Honey
587,587,false,Coco
33,33,false,Spike
58,58,false,Precious
899,899,false,Sparky
1885,1885,false,Gracie
788,788,false,Tank
140,140,false,Pepper
768,768,false,Sandy
1921,1921,false,Dakota
1369,1369,false,Rosie
1342,1342,false,Baby
69,69,false,Shadow
255,255,false,Tucker
848,848,false,Cookie
1988,1988,false,Coco
1480,1480,false,Sadie
1239,1239,false,Ruby
935,935,false,Rusty
592,592,false,Rocky
519,519,false,Jack
832,832,false,Sasha
1476,1476,false,Pepper
6,6,false,Gracie
1686,1686,false,Sophie
1104,1104,false,Baxter
40,40,false,Misty
985,985,false,Honey
146,146,false,Rusty
1694,1694,false,Peanut
345,345,false,Diesel
651,651,false,Bo
1205,1205,false,Sammy
804,804,false,Molly
774,774,false,Oscar
25,25,false,Zoe
1796,1796,false,Lilly
1467,1467,false,Princess
1948,1948,false,Precious
1077,1077,false,Murphy
42,42,false,Jasmine
1675,1675,false,Lexi
644,644,false,Oreo
844,844,false,Lucky
1689,1689,false,Harvey
693,693,false,Chloe
1094,1094,false,Bruno
701,701,false,Riley
1778,1778,false,Bear
584,584,false,Shelby
1260,1260,false,Cookie
1721,1721,false,Bandit
1246,1246,false,Baby
582,582,false,Gracie
669,669,false,Bella
1822,1822,false,Coco
358,358,false,Tank
1770,1770,false,Roxy
659,659,false,Molly
865,865,false,Buster
1565,1565,false,Tank
136,136,false,Bella
1298,1298,false,Marley
1345,1345,false,Cooper
1851,1851,false,Teddy
10,10,false,Tucker
1732,1732,false,Baby
399,399,false,Rosie
1189,1189,false,Peanut
628,628,false,Roxy
1465,1465,false,Snoopy
424,424,false,Lily
1068,1068,false,Precious
384,384,false,Snickers
1390,1390,false,Roxy
706,706,false,Teddy
998,998,false,Zeus
649,649,false,Murphy
1416,1416,false,Cocoa
277,277,false,Abby
219,219,false,Diesel
1123,1123,false,Pepper
553,553,false,Harley
105,105,false,Casey
683,683,false,Murphy
972,972,false,Misty
1303,1303,false,Bandit
150,150,false,Buster
955,955,false,Baby
1647,1647,false,Milo
1471,1471,false,Dakota
877,877,false,Cooper
1166,1166,false,Cookie
1472,1472,false,Spike
1682,1682,false,Misty
47,47,false,Cookie
364,364,false,Dakota
1164,1164,false,Cody
550,550,false,Rascal
1031,1031,false,Missy
1683,1683,false,Sam
778,778,false,Annie
1138,1138,false,Annie
762,762,false,Jack
1214,1214,false,Rusty
153,153,false,Baxter
1336,1336,false,Ruby
1076,1076,false,Taz
841,841,false,Max
416,416,false,Snoopy
1611,1611,false,Cooper
1087,1087,false,Dakota
261,261,false,Blue
616,616,false,Maggie
1913,1913,false,Honey
1757,1757,false,Toby
388,388,false,Buddy
2004,2004,false,Roxy
1261,1261,false,Rusty
181,181,false,Cooper
1697,1697,false,Baxter
916,916,false,Lexi
1000,1000,false,Ruby
868,868,false,Lady
999,999,false,Cookie
773,773,false,Bubba
1573,1573,false,Patches
1572,1572,false,Sammy
312,312,false,Max
391,391,false,Penny
1106,1106,false,Milo
36,36,false,Harvey
932,932,false,Dixie
622,622,false,Harley
1185,1185,false,Cookie
1834,1834,false,Lucky
1291,1291,false,Chloe
1265,1265,false,Luna
493,493,false,Oreo
1308,1308,false,Cocoa
1994,1994,false,Annie
230,230,false,Bo
1435,1435,false,Cody
178,178,false,Belle
1223,1223,false,Zoey
787,787,false,Snoopy
867,867,false,Peanut
954,954,false,Maggie
1307,1307,false,Scooter
1850,1850,false,Gizmo
543,543,false,Sadie
1844,1844,false,Scooter
276,276,false,Ruby
361,361,false,Milo
166,166,false,Duke
838,838,false,Bo
1953,1953,false,Tucker
514,514,false,Jasmine
510,510,false,Luna
1719,1719,false,Abby
115,115,false,Rascal
1663,1663,false,Buster
1797,1797,false,Teddy
1346,1346,false,Bella
1714,1714,false,Luna
853,853,false,Sam
82,82,false,Cocoa
1433,1433,false,Zoe
1668,1668,false,Lilly
1171,1171,false,Lucy
1397,1397,false,Lilly
799,799,false,Rusty
1009,1009,false,Shadow
1115,1115,false,Dixie
1566,1566,false,Bear
175,175,false,Marley
354,354,false,Sammy
1395,1395,false,Jasmine
661,661,false,Zoey
1868,1868,false,Marley
1042,1042,false,Roxie
1497,1497,false,Bella
296,296,false,Toby
872,872,false,Cody
1549,1549,false,Taz
1789,1789,false,Gizmo
1693,1693,false,Lily
104,104,false,Peanut
894,894,false,Diesel
889,889,false,Gizmo
101,101,false,Lola
260,260,false,Bo
360,360,false,Lucy
983,983,false,Zoey
1998,1998,false,Bandit
548,548,false,Sandy
758,758,false,Luna
1081,1081,false,Baxter
393,393,false,Baxter
211,211,false,Roxy
1320,1320,false,Harvey
1651,1651,false,Chance
1151,1151,false,Rex
789,789,false,Sophie
1547,1547,false,Buddy
960,960,false,Sophie
20,20,false,Murphy
780,780,false,Harvey
507,507,false,Rusty
1481,1481,false,Sam
1074,1074,false,Shadow
1563,1563,false,Misty
1795,1795,false,Molly
533,533,false,Annie
673,673,false,Belle
252,252,false,Lucky
1429,1429,false,Taz
54,54,false,Roxy
432,432,false,Buster
385,385,false,Honey
2010,2010,false,Dakota
88,88,false,Sparky
48,48,false,Diamond
1779,1779,false,Dakota
1555,1555,false,Precious
1813,1813,false,Sugar
798,798,false,Marley
679,679,false,Tank
1787,1787,false,Shelby
984,984,false,Max
977,977,false,Rascal
142,142,false,Buddy
1816,1816,false,Abby
1767,1767,false,Angel
1875,1875,false,Angel
1687,1687,false,Snickers
1110,1110,false,Gizmo
897,897,false,Maggie
1425,1425,false,Misty
887,887,false,Annie
1456,1456,false,Luna
452,452,false,Precious
1109,1109,false,Scooter
463,463,false,Ginger
1374,1374,false,Ginger
562,562,false,Rocky
937,937,false,Harvey
1015,1015,false,Toby
1398,1398,false,Lucy
981,981,false,Gracie
428,428,false,Snickers
952,952,false,Ginger
1910,1910,false,Buddy
866,866,false,Bear
1759,1759,false,Jack
413,413,false,Penny
1591,1591,false,Scooter
614,614,false,Gizmo
697,697,false,Rocky
394,394,false,Harley
1761,1761,false,Casey
129,129,false,Gizmo
1967,1967,false,Bubba
728,728,false,Gizmo
1201,1201,false,Rocky
1137,1137,false,Oscar
471,471,false,Daisy
317,317,false,Chico
1903,1903,false,Lola
1754,1754,false,Maggie
1977,1977,false,Shelby
2,2,false,Bear
1539,1539,false,Misty
1028,1028,false,Bruno
1653,1653,false,Sam
905,905,false,Sassy
1529,1529,false,Sparky
991,991,false,Blue
108,108,false,Chloe
1622,1622,false,Sassy
1462,1462,false,Ginger
862,862,false,Max
965,965,false,Lady
1568,1568,false,Honey
248,248,false,Chico
1799,1799,false,Cody
433,433,false,Jack
751,751,false,Chloe
328,328,false,Sandy
1727,1727,false,Mia
1153,1153,false,Chloe
1580,1580,false,Precious
1931,1931,false,Roxie
715,715,false,Riley
1162,1162,false,Lexi
793,793,false,Patches
1269,1269,false,Sadie
297,297,false,Annie
1914,1914,false,Charlie
1412,1412,false,Penny
791,791,false,Sandy
1102,1102,false,Lilly
1197,1197,false,Rex
1880,1880,false,Jake
13,13,false,Jasmine
759,759,false,Mia
689,689,false,Jake
1449,1449,false,Lola
198,198,false,Scooter
1962,1962,false,Precious
1479,1479,false,Rex
1446,1446,false,Zoey
197,197,false,Lucky
1417,1417,false,Bandit
1672,1672,false,Bandit
658,658,false,Patches
172,172,false,Bubba
1820,1820,false,Shelby
1251,1251,false,Bandit
37,37,false,Lola
342,342,false,Taz
1376,1376,false,Lola
1899,1899,false,Sammy
53,53,false,Blue
1096,1096,false,Missy
1057,1057,false,Sophie
1662,1662,false,Jack
1045,1045,false,Bella
1698,1698,false,Baxter
66,66,false,Zoey
31,31,false,Lady
1347,1347,false,Marley
745,745,false,Jack
976,976,false,Gracie
982,982,false,Charlie
1238,1238,false,Scooter
1561,1561,false,Dakota
298,298,false,Roxy
1632,1632,false,Sandy
182,182,false,Duke
52,52,false,Jake
580,580,false,Murphy
387,387,false,Rascal
117,117,false,Jasmine
1029,1029,false,Bailey
369,369,false,Buster
1562,1562,false,Snickers
1202,1202,false,Snoopy
310,310,false,Jack
1128,1128,false,Chance
272,272,false,Brutus
1489,1489,false,Chance
556,556,false,Zoey
1184,1184,false,Honey
1518,1518,false,Taz
95,95,false,Sugar
419,419,false,Bear
1167,1167,false,Snickers
2002,2002,false,Bella
1383,1383,false,Riley
736,736,false,Misty
611,611,false,Milo
1942,1942,false,Zoe
1215,1215,false,Tank
253,253,false,Teddy
1278,1278,false,Rex
1608,1608,false,Oreo
359,359,false,Dakota
906,906,false,Tucker
119,119,false,Sparky
1394,1394,false,Chloe
1923,1923,false,Honey
190,190,false,Rascal
1469,1469,false,Angel
1987,1987,false,Pepper
551,551,false,Zoe
662,662,false,Teddy
1326,1326,false,Oscar
604,604,false,Blue
506,506,false,Harvey
606,606,false,Roxie
1909,1909,false,Lilly
482,482,false,Murphy
1064,1064,false,Harley
632,632,false,Blue
829,829,false,Shelby
473,473,false,Ginger
1678,1678,false,Pepper
1569,1569,false,Tyson
1362,1362,false,Sassy
705,705,false,Casey
138,138,false,Tank
1022,1022,false,Rocky
1940,1940,false,Shelby
1543,1543,false,Jake
235,235,false,Zeus
132,132,false,Precious
863,863,false,Bear
940,940,false,Molly
450,450,false,Tucker
643,643,false,Rex
1120,1120,false,Daisy
308,308,false,Cooper
557,557,false,Harley
809,809,false,Roxy
9,9,false,Casey
1989,1989,false,Lily
1406,1406,false,Oscar
1570,1570,false,Bo
1807,1807,false,Shadow
888,888,false,Zeus
456,456,false,Bailey
382,382,false,Oreo
1806,1806,false,Roxie
1248,1248,false,Roxie
819,819,false,Ginger
337,337,false,Blue
1922,1922,false,Rascal
900,900,false,Shadow
1528,1528,false,Charlie
1878,1878,false,Harvey
1188,1188,false,Bubba
86,86,false,Shelby
1550,1550,false,Spike
96,96,false,Roxy
634,634,false,Zoe
1674,1674,false,Gracie
1186,1186,false,Honey
495,495,false,Jasmine
1206,1206,false,Zoe
457,457,false,Bailey
583,583,false,Marley
1428,1428,false,Sugar
1506,1506,false,Bo
946,946,false,Baby
579,579,false,Ginger
704,704,false,Pepper
1800,1800,false,Shadow
772,772,false,Missy
1084,1084,false,Zoey
1498,1498,false,Cocoa
1941,1941,false,Lucy
1231,1231,false,Marley
365,365,false,Max
1330,1330,false,Lexi
1450,1450,false,Diamond
1486,1486,false,Buddy
1255,1255,false,Murphy
1422,1422,false,Toby
79,79,false,Chico
1444,1444,false,Chloe
1217,1217,false,Sandy
1313,1313,false,Oreo
595,595,false,Chico
1833,1833,false,Sophie
1270,1270,false,Jasper
356,356,false,Oreo
525,525,false,Teddy
1690,1690,false,Rosie
1024,1024,false,Milo
1645,1645,false,Snickers
1927,1927,false,Abby
1886,1886,false,Sammy
775,775,false,Toby
702,702,false,Cody
1332,1332,false,Spike
1751,1751,false,Cody
726,726,false,Ginger
130,130,false,Pepper
719,719,false,Diamond
2008,2008,false,Peanut
1463,1463,false,Sassy
154,154,false,Blue
233,233,false,Mia
165,165,false,Bubba
157,157,false,Snoopy
947,947,false,Honey
85,85,false,Sugar
1640,1640,false,Sammy
274,274,false,Roxie
323,323,false,Bailey
1970,1970,false,Lady
1633,1633,false,Mia
1699,1699,false,Patches
93,93,false,Brutus
1832,1832,false,Cookie
1321,1321,false,Harvey
1126,1126,false,Chico
484,484,false,Sophie
1509,1509,false,Buster
400,400,false,Duke
1178,1178,false,Casey
1881,1881,false,Precious
1373,1373,false,Luna
1018,1018,false,Bear
309,309,false,Molly
1125,1125,false,Rascal
1954,1954,false,Bella
202,202,false,Tyson
1657,1657,false,Lily
650,650,false,Missy
292,292,false,Missy
1575,1575,false,Dakota
390,390,false,Jasper
1112,1112,false,Luna
842,842,false,Abby
240,240,false,Lola
920,920,false,Dakota
607,607,false,Bo
1864,1864,false,Shadow
212,212,false,Sandy
1159,1159,false,Max
1609,1609,false,Rusty
1208,1208,false,Cody
28,28,false,Jasmine
1348,1348,false,Misty
1350,1350,false,Molly
737,737,false,Gizmo
145,145,false,Snickers
1533,1533,false,Molly
1638,1638,false,Missy
1722,1722,false,Gracie
927,927,false,Harvey
1840,1840,false,Cooper
1862,1862,false,Lucky
1116,1116,false,Sassy
541,541,false,Abby
1288,1288,false,Diesel
1431,1431,false,Chico
1641,1641,false,Tank
1129,1129,false,Taz
320,320,false,Lexi
1559,1559,false,Teddy
1679,1679,false,Milo
1297,1297,false,Max
350,350,false,Misty
945,945,false,Marley
1708,1708,false,Sammy
776,776,false,Ruby
1209,1209,false,Ruby
503,503,false,Duke
122,122,false,Patches
1036,1036,false,Daisy
1180,1180,false,Princess
1938,1938,false,Sammy
781,781,false,Pepper
279,279,false,Toby
1020,1020,false,Casey
1222,1222,false,Scooter
1768,1768,false,Penny
218,218,false,Bear
1193,1193,false,Rusty
1996,1996,false,Roxie
657,657,false,Tyson
605,605,false,Bubba
1578,1578,false,Scooter
1107,1107,false,Chloe
481,481,false,Belle
731,731,false,Annie
1008,1008,false,Duke
1140,1140,false,Baxter
1207,1207,false,Sandy
1075,1075,false,Roxy
1783,1783,false,Cocoa
1706,1706,false,Rascal
1907,1907,false,Cooper
963,963,false,Gracie
1066,1066,false,Lilly
1380,1380,false,Honey
1191,1191,false,Sadie
619,619,false,Sasha
1473,1473,false,Gizmo
1365,1365,false,Annie
422,422,false,Princess
368,368,false,Bubba
1750,1750,false,Snoopy
1738,1738,false,Pepper
1986,1986,false,Gracie
1586,1586,false,Lilly
1204,1204,false,Precious
18,18,false,Tank
1337,1337,false,Harley
1530,1530,false,Jack
429,429,false,Angel
540,540,false,Maggie
29,29,false,Pepper
1427,1427,false,Cody
73,73,false,Daisy
65,65,false,Roxy
1991,1991,false,Jasper
618,618,false,Rocky
1801,1801,false,Lexi
1596,1596,false,Tucker
148,148,false,Rocky
1590,1590,false,Daisy
1283,1283,false,Ginger
1866,1866,false,Princess
1482,1482,false,Sophie
539,539,false,Bailey
1819,1819,false,Baby
1267,1267,false,Oreo
1001,1001,false,Roxie
236,236,false,Max
1496,1496,false,Roxy
1739,1739,false,Lilly
1969,1969,false,Chance
162,162,false,Milo
1312,1312,false,Scooter
547,547,false,Bear
754,754,false,Jake
1589,1589,false,Casey
680,680,false,Duke
732,732,false,Teddy
1900,1900,false,Lucky
430,430,false,Snickers
890,890,false,Sandy
228,228,false,Jasmine
74,74,false,Sasha
362,362,false,Lucy
1616,1616,false,Patches
1695,1695,false,Marley
1950,1950,false,Casey
1702,1702,false,Casey
1491,1491,false,Penny
1039,1039,false,Casey
1052,1052,false,Lexi
1893,1893,false,Jake
1488,1488,false,Milo
515,515,false,Sammy
1485,1485,false,Patches
1617,1617,false,Sam
256,256,false,Coco
1169,1169,false,Dakota
1227,1227,false,Shelby
437,437,false,Charlie
1917,1917,false,Scooter
76,76,false,Shadow
869,869,false,Rusty
268,268,false,Chance
81,81,false,Roxy
753,753,false,Angel
1650,1650,false,Lexi
1274,1274,false,Jasper
1032,1032,false,Maggie
598,598,false,Sugar
1997,1997,false,Jasmine
645,645,false,Shadow
1607,1607,false,Luna
1494,1494,false,Belle
185,185,false,Scooter
1788,1788,false,Bruno
703,703,false,Rosie
523,523,false,Penny
1466,1466,false,Bo
1906,1906,false,Lola
1930,1930,false,Oscar
1170,1170,false,Scooter
1793,1793,false,Zoe
687,687,false,Belle
717,717,false,Lucy
1220,1220,false,Oscar
1156,1156,false,Daisy
822,822,false,Chico
1458,1458,false,Daisy
1772,1772,false,Rocky
302,302,false,Molly
1670,1670,false,Pepper
1254,1254,false,Lilly
1339,1339,false,Harvey
560,560,false,Princess
1415,1415,false,Sassy
527,527,false,Lilly
851,851,false,Molly
808,808,false,Rascal
558,558,false,Patches
1564,1564,false,Misty
1407,1407,false,Coco
251,251,false,Lily
882,882,false,Dixie
1302,1302,false,Gracie
823,823,false,Cody
623,623,false,Spike
1224,1224,false,Precious
1338,1338,false,Jasmine
1897,1897,false,Molly
830,830,false,Chico
1259,1259,false,Penny
1493,1493,false,Diamond
1421,1421,false,Lily
1229,1229,false,Cookie
1728,1728,false,Ginger
875,875,false,Milo
1092,1092,false,Harvey
404,404,false,Murphy
346,346,false,Gizmo
766,766,false,Pepper
1426,1426,false,Dakota
266,266,false,Abby
1627,1627,false,Harley
1716,1716,false,Lily
572,572,false,Tyson
1656,1656,false,Angel
1266,1266,false,Luna
883,883,false,Sammy
264,264,false,Luna
1382,1382,false,Angel
1918,1918,false,Dixie
435,435,false,Tyson
1920,1920,false,Lexi
559,559,false,Baxter
1786,1786,false,Tank
1725,1725,false,Snickers
1080,1080,false,Molly
1279,1279,false,Sasha
1973,1973,false,Toby
363,363,false,Sassy
1821,1821,false,Lily
1025,1025,false,Honey
329,329,false,Bandit
1078,1078,false,Jake
193,193,false,Baxter
1925,1925,false,Riley
987,987,false,Bailey
1148,1148,false,Zoey
1629,1629,false,Zoe
30,30,false,Jack
1111,1111,false,Oreo
1681,1681,false,Duke
1503,1503,false,Scooter
1639,1639,false,Bo
810,810,false,Luna
241,241,false,Lady
412,412,false,Peanut
1700,1700,false,Molly
769,769,false,Toby
187,187,false,Snickers
671,671,false,Lady
688,688,false,Toby
1043,1043,false,Angel
280,280,false,Murphy
259,259,false,Jake
678,678,false,Coco
1995,1995,false,Jasmine
97,97,false,Snoopy
60,60,false,Lilly
449,449,false,Shadow
1221,1221,false,Baby
1124,1124,false,Roxie
72,72,false,Murphy
1949,1949,false,Gizmo
22,22,false,Sparky
1235,1235,false,Missy
1857,1857,false,Sasha
1558,1558,false,Marley
1424,1424,false,Zoe
1620,1620,false,Bear
1828,1828,false,Roxy
1520,1520,false,Marley
576,576,false,Dakota
1192,1192,false,Oscar
1814,1814,false,Tyson
184,184,false,Gracie
1004,1004,false,Bear
1985,1985,false,Molly
1837,1837,false,Baxter
1371,1371,false,Rosie
465,465,false,Duke
1718,1718,false,Lucy
498,498,false,Ruby
585,585,false,Brutus
11,11,false,Rosie
109,109,false,Peanut
1006,1006,false,Sparky
1526,1526,false,Rosie
1598,1598,false,Gizmo
1030,1030,false,Lily
1536,1536,false,Precious
1268,1268,false,Duke
919,919,false,Zoey
15,15,false,Sassy
1652,1652,false,Belle
1079,1079,false,Honey
281,281,false,Molly
1203,1203,false,Dakota
444,444,false,Rusty
1911,1911,false,Jake
1237,1237,false,Taz
696,696,false,Roxie
128,128,false,Oscar
815,815,false,Tank
1014,1014,false,Rosie
1329,1329,false,Rosie
636,636,false,Shadow
403,403,false,Roxie
692,692,false,Lucy
1902,1902,false,Shadow
516,516,false,Toby
377,377,false,Duke
423,423,false,Sugar
1817,1817,false,Mia
21,21,false,Bandit
1904,1904,false,Angel
898,898,false,Chance
479,479,false,Riley
446,446,false,Gizmo
1752,1752,false,Abby
1945,1945,false,Sadie
1766,1766,false,Lola
1101,1101,false,Bo
1753,1753,false,Oscar
1100,1100,false,Zoe
242,242,false,Missy
975,975,false,Diamond
56,56,false,Maggie
366,366,false,Bailey
1519,1519,false,Cooper
968,968,false,Mia
291,291,false,Gracie
1894,1894,false,Misty
1748,1748,false,Riley
487,487,false,Charlie
1888,1888,false,Missy
127,127,false,Marley
238,238,false,Lucy
192,192,false,Duke
641,641,false,Riley
152,152,false,Roxie
1139,1139,false,Rosie
1325,1325,false,Chance
229,229,false,Diesel
149,149,false,Snickers
1152,1152,false,Milo
735,735,false,Sadie
1285,1285,false,Sassy
1381,1381,false,Sophie
795,795,false,Tank
979,979,false,Sandy
61,61,false,Patches
1831,1831,false,Oscar
978,978,false,Bella
492,492,false,Tucker
1310,1310,false,Roxie
934,934,false,Roxie
55,55,false,Misty
761,761,false,Lola
1323,1323,false,Roxy
892,892,false,Maggie
1696,1696,false,Jasmine
1155,1155,false,Sugar
1870,1870,false,Roxie
315,315,false,Pepper
785,785,false,Sophie
59,59,false,Lucky
147,147,false,Chloe
475,475,false,Misty
113,113,false,Jake
121,121,false,Shadow
355,355,false,Dixie
504,504,false,Angel
970,970,false,Gracie
1370,1370,false,Jack
1173,1173,false,Cody
209,209,false,Sophie
469,469,false,Lily
617,617,false,Brutus
67,67,false,Sophie
75,75,false,Diesel
442,442,false,Chloe
161,161,false,Buddy
621,621,false,Maggie
1046,1046,false,Diamond
1477,1477,false,Casey
676,676,false,Honey
1982,1982,false,Sammy
434,434,false,Princess
1735,1735,false,Dixie
451,451,false,Teddy
1195,1195,false,Bella
156,156,false,Bailey
1108,1108,false,Cookie
1667,1667,false,Angel
1692,1692,false,Lilly
1250,1250,false,Sandy
529,529,false,Bo
1093,1093,false,Cooper
1680,1680,false,Jasmine
1713,1713,false,Patches
1704,1704,false,Tucker
460,460,false,Rosie
779,779,false,Sasha
1884,1884,false,Sassy
1604,1604,false,Bandit
1847,1847,false,Casey
480,480,false,Rosie
1464,1464,false,Milo
531,531,false,Scooter
1179,1179,false,Shadow
913,913,false,Diamond
1809,1809,false,Sasha
415,415,false,Tucker
239,239,false,Luna
1508,1508,false,Chance
426,426,false,Honey
288,288,false,Pepper
1836,1836,false,Marley
944,944,false,Baxter
1069,1069,false,Brutus
474,474,false,Gizmo
833,833,false,Sandy
286,286,false,Zeus
2006,2006,false,Taz
720,720,false,Sugar
796,796,false,Bandit
716,716,false,Misty
624,624,false,Lexi
51,51,false,Charlie
538,538,false,Pepper
800,800,false,Rex
1901,1901,false,Luna
32,32,false,Diesel
173,173,false,Duke
1905,1905,false,Dixie
1854,1854,false,Cocoa
530,530,false,Buddy
599,599,false,Diesel
1644,1644,false,Baxter
335,335,false,Spike
637,637,false,Lily
188,188,false,Lady
1556,1556,false,Bubba
2003,2003,false,Gracie
1443,1443,false,Molly
1742,1742,false,Honey
102,102,false,Shelby
1319,1319,false,Bear
439,439,false,Roxie
159,159,false,Rusty
1027,1027,false,Rascal
1974,1974,false,Belle
1929,1929,false,Rocky
744,744,false,Charlie
1460,1460,false,Cody
907,907,false,Sandy
677,677,false,Casey
407,407,false,Rex
1105,1105,false,Penny
609,609,false,Lexi
1665,1665,false,Sadie
1865,1865,false,Sandy
884,884,false,Teddy
1861,1861,false,Lola
1455,1455,false,Diamond
405,405,false,Sparky
528,528,false,Bella
569,569,false,Roxie
1002,1002,false,Harvey
1013,1013,false,Tucker
1161,1161,false,Lady
1212,1212,false,Sandy
158,158,false,Jasmine
1423,1423,false,Brutus
544,544,false,Cookie
1103,1103,false,Tucker
289,289,false,Coco
1194,1194,false,Cookie
674,674,false,Zeus
925,925,false,Sugar
89,89,false,Toby
476,476,false,Max
1537,1537,false,Bruno
725,725,false,Bailey
1671,1671,false,Jasper
1984,1984,false,Luna
575,575,false,Bandit
200,200,false,Rascal
537,537,false,Lilly
953,953,false,Zoey
123,123,false,Cody
1972,1972,false,Sassy
378,378,false,Scooter
1316,1316,false,Bo
909,909,false,Bruno
1908,1908,false,Peanut
1281,1281,false,Sparky
1688,1688,false,Dakota
1980,1980,false,Diesel
770,770,false,Jasmine
464,464,false,Gracie
1871,1871,false,Dixie
1853,1853,false,Bandit
133,133,false,Sadie
1401,1401,false,Jake
1624,1624,false,Honey
257,257,false,Dakota
573,573,false,Pepper
943,943,false,Angel
845,845,false,Sassy
1451,1451,false,Harvey
797,797,false,Baby
1305,1305,false,Snoopy
646,646,false,Lady
973,973,false,Bruno
436,436,false,Sugar
1960,1960,false,Diamond
1784,1784,false,Brutus
1143,1143,false,Rex
1034,1034,false,Bo
1293,1293,false,Zoe
267,267,false,Roxie
63,63,false,Taz
1804,1804,false,Princess
980,980,false,Pepper
139,139,false,Maggie
180,180,false,Blue
1618,1618,false,Honey
1198,1198,false,Tank
602,602,false,Snoopy
491,491,false,Baxter
625,625,false,Scooter
1654,1654,false,Murphy
408,408,false,Jake
709,709,false,Teddy
713,713,false,Jasper
1404,1404,false,Tyson
294,294,false,Lexi
1612,1612,false,Oreo
1264,1264,false,Coco
1242,1242,false,Gizmo
1318,1318,false,Sam
1876,1876,false,Angel
333,333,false,Sadie
1256,1256,false,Murphy
1740,1740,false,Chico
668,668,false,Brutus
1947,1947,false,Gizmo
38,38,false,Rosie
986,986,false,Angel
1244,1244,false,Milo
1677,1677,false,Patches
1023,1023,false,Bubba
1731,1731,false,Oscar
1963,1963,false,Buddy
1311,1311,false,Sparky
1916,1916,false,Precious
1453,1453,false,Duke
351,351,false,Milo
1314,1314,false,Toby
718,718,false,Maggie
163,163,false,Rex
1646,1646,false,Lilly
1642,1642,false,Shadow
1737,1737,false,Lucky
19,19,false,Cookie
554,554,false,Penny
1658,1658,false,Marley
1392,1392,false,Tank
343,343,false,Honey
1655,1655,false,Ruby
1794,1794,false,Honey
694,694,false,Abby
974,974,false,Lilly
675,675,false,Spike
1755,1755,false,Chance
352,352,false,Zeus
1301,1301,false,Cookie
734,734,false,Bailey
1715,1715,false,Roxie
468,468,false,Lily
1803,1803,false,Annie
891,891,false,Cookie
26,26,false,Lilly
831,831,false,Lola
1782,1782,false,Precious
1097,1097,false,Lilly
1790,1790,false,Cocoa
1521,1521,false,Shelby
169,169,false,Rusty
825,825,false,Milo
1514,1514,false,Lady
213,213,false,Cody
1356,1356,false,Oscar
347,347,false,Coco
591,591,false,Lilly
908,908,false,Max
372,372,false,Lucy
1542,1542,false,Peanut
996,996,false,Belle
254,254,false,Missy
1304,1304,false,Rocky
210,210,false,Maggie
924,924,false,Oreo
784,784,false,Coco
517,517,false,Harley
265,265,false,Rascal
989,989,false,Toby
874,874,false,Murphy
194,194,false,Lucy
522,522,false,Bear
1284,1284,false,Rusty
1141,1141,false,Precious
1113,1113,false,Diesel
627,627,false,Jasper
1147,1147,false,Cody
1070,1070,false,Lucky
1511,1511,false,Oscar
756,756,false,Cookie
993,993,false,Tyson
1979,1979,false,Ginger
870,870,false,Chico
1576,1576,false,Annie
1669,1669,false,Rosie
321,321,false,Teddy
1764,1764,false,Diesel
500,500,false,Missy
956,956,false,Baby
27,27,false,Max
170,170,false,Scooter
961,961,false,Roxie
49,49,false,Shadow
318,318,false,Duke
1747,1747,false,Chico
1805,1805,false,Lady
914,914,false,Bailey
1673,1673,false,Bo
647,647,false,Bella
1883,1883,false,Cocoa
1448,1448,false,Diesel
1149,1149,false,Bandit
1452,1452,false,Annie
1361,1361,false,Snoopy
77,77,false,Jasper
1357,1357,false,Teddy
1896,1896,false,Annie
1765,1765,false,Missy
1882,1882,false,Luna
988,988,false,Annie
1352,1352,false,Cody
578,578,false,Ginger
861,861,false,Brutus
876,876,false,Baby
135,135,false,Lilly
1495,1495,false,Shadow
1842,1842,false,Lily
1181,1181,false,Patches
112,112,false,Rusty
1626,1626,false,Jack
850,850,false,Oscar
1548,1548,false,Jack
16,16,false,Tank
1177,1177,false,Belle
1843,1843,false,Annie
160,160,false,Shelby
1368,1368,false,Diesel
306,306,false,Milo
1010,1010,false,Max
205,205,false,Cooper
860,860,false,Teddy
1059,1059,false,Cooper
1396,1396,false,Rocky
1249,1249,false,Honey
191,191,false,Bandit
250,250,false,Lucky
217,217,false,Baxter
373,373,false,Pepper
1257,1257,false,Jake
215,215,false,Harvey
43,43,false,Angel
478,478,false,Sparky
1990,1990,false,Jake
665,665,false,Lily
1377,1377,false,Baxter
941,941,false,Cody
555,555,false,Lilly
1934,1934,false,Mia
283,283,false,Snickers
733,733,false,Chico
1619,1619,false,Marley
1939,1939,false,Tank
818,818,false,Tank
1863,1863,false,Spike
1869,1869,false,Sandy
1603,1603,false,Teddy
1385,1385,false,Sugar
447,447,false,Maggie
911,911,false,Harley
330,330,false,Princess
1597,1597,false,Luna
1091,1091,false,Diesel
1964,1964,false,Spike
1182,1182,false,Lilly
520,520,false,Casey
951,951,false,Rex
903,903,false,Bandit
1063,1063,false,Buddy
1144,1144,false,Zeus
858,858,false,Snoopy
1711,1711,false,Princess
39,39,false,Milo
742,742,false,Lucy
44,44,false,Harvey
512,512,false,Maggie
220,220,false,Sasha
70,70,false,Luna
535,535,false,Spike
300,300,false,Dixie
777,777,false,Princess
803,803,false,Princess
1055,1055,false,Zoe
46,46,false,Bella
816,816,false,Chloe
1041,1041,false,Lexi
826,826,false,Lilly
1358,1358,false,Dakota
918,918,false,Misty
1898,1898,false,Lilly
1262,1262,false,Abby
1557,1557,false,Zeus
1601,1601,false,Snickers
880,880,false,Chico
1176,1176,false,Molly
167,167,false,Diamond
376,376,false,Brutus
1090,1090,false,Lucky
1328,1328,false,Lucky
1649,1649,false,Lucky
805,805,false,Zoe
902,902,false,Princess
666,666,false,Ruby
971,971,false,Annie
711,711,false,Scooter
1723,1723,false,Charlie
667,667,false,Lady
1593,1593,false,Jack
764,764,false,Sassy
303,303,false,Buddy
959,959,false,Sugar
1219,1219,false,Gizmo
1174,1174,false,Belle
1445,1445,false,Lady
691,691,false,Coco
1517,1517,false,Patches
1322,1322,false,Snoopy
1271,1271,false,Diesel
1073,1073,false,Snoopy
383,383,false,Bandit
921,921,false,Lucy
370,370,false,Zeus
1504,1504,false,Luna
1792,1792,false,Rocky
1363,1363,false,Sadie
511,511,false,Casey
1937,1937,false,Lucy
380,380,false,Lucy
1634,1634,false,Missy
1054,1054,false,Daisy
398,398,false,Rex
629,629,false,Casey
501,501,false,Toby
418,418,false,Duke
275,275,false,Dakota
783,783,false,Misty
1983,1983,false,Roxy
864,864,false,Sophie
690,690,false,Shadow
23,23,false,Buster
549,549,false,Rex
1581,1581,false,Daisy
1119,1119,false,Roxy
485,485,false,Chico
886,886,false,Snickers
1585,1585,false,Rusty
1838,1838,false,Patches
1966,1966,false,Sassy
1050,1050,false,Dixie
497,497,false,Bruno
1172,1172,false,Bruno
1582,1582,false,Rocky
566,566,false,Tyson
1777,1777,false,Rusty
12,12,false,Bear
1366,1366,false,Charlie
45,45,false,Bo
1745,1745,false,Sam
827,827,false,Dakota
1408,1408,false,Taz
1524,1524,false,Bandit
552,552,false,Chico
125,125,false,Milo
459,459,false,Bear
917,917,false,Annie
1049,1049,false,Luna
855,855,false,Gracie
1409,1409,false,Penny
1614,1614,false,Peanut
1038,1038,false,Dixie
1976,1976,false,Lexi
1500,1500,false,Missy
1089,1089,false,Abby
1364,1364,false,Casey
1280,1280,false,Bella
1263,1263,false,Sasha
1825,1825,false,Bo
1845,1845,false,Tank
563,563,false,Bruno
1602,1602,false,Lucky
1438,1438,false,Sophie
1744,1744,false,Bruno
313,313,false,Sammy
1470,1470,false,Diamond
1437,1437,false,Sparky
714,714,false,Teddy
2009,2009,false,Snoopy
1017,1017,false,Tucker
1958,1958,false,Daisy
639,639,false,Baby
1061,1061,false,Belle
638,638,false,Oscar
431,431,false,Ginger
640,640,false,Sasha
828,828,false,Casey
603,603,false,Jake
1051,1051,false,Buster
201,201,false,Zeus
1943,1943,false,Pepper
1734,1734,false,Roxie
1033,1033,false,Teddy
1243,1243,false,Misty
1359,1359,false,Lady
1705,1705,false,Riley
1505,1505,false,Cooper
763,763,false,Tyson
1136,1136,false,Roxie
116,116,false,Snickers
87,87,false,Cooper
496,496,false,Snickers
1636,1636,false,Abby
1199,1199,false,Shelby
1849,1849,false,Annie
231,231,false,Patches
1874,1874,false,Lola
1245,1245,false,Sparky
2001,2001,false,Tucker
1758,1758,false,Tyson
338,338,false,Sam
1334,1334,false,Bo
1340,1340,false,Patches
1127,1127,false,Riley
997,997,false,Spike
1643,1643,false,Gracie
567,567,false,Charlie
341,341,false,Harley
1474,1474,false,Bubba
1086,1086,false,Lexi
234,234,false,Murphy
1040,1040,false,Oscar
1545,1545,false,Lola
301,301,false,Angel
1522,1522,false,Lucy
750,750,false,Chance
1375,1375,false,Sophie
1965,1965,false,Bailey
652,652,false,Baby
741,741,false,Oscar
871,871,false,Penny
1292,1292,false,Sasha
461,461,false,Molly
1946,1946,false,Misty
1440,1440,false,Bear
895,895,false,Chico
396,396,false,Bandit
1826,1826,false,Bailey
443,443,false,Casey
1760,1760,false,Rusty
409,409,false,Lily
969,969,false,Shadow
392,392,false,Bailey
939,939,false,Harvey
1802,1802,false,Ginger
344,344,false,Honey
612,612,false,Brutus
1233,1233,false,Ginger
1512,1512,false,Ginger
938,938,false,Chance
1955,1955,false,Dakota
570,570,false,Pepper
1048,1048,false,Snickers
164,164,false,Sadie
813,813,false,Gizmo
1606,1606,false,Bandit
110,110,false,Dakota
615,615,false,Sassy
1717,1717,false,Bailey
532,532,false,Belle
1252,1252,false,Dixie
966,966,false,Cocoa
857,857,false,Sassy
590,590,false,Scooter
1142,1142,false,Bear
904,904,false,Bruno
834,834,false,Gizmo
1399,1399,false,Sam
1592,1592,false,Shadow
1635,1635,false,Honey
964,964,false,Cody
1981,1981,false,Cookie
107,107,false,Snoopy
1855,1855,false,Sophie
1236,1236,false,Belle
311,311,false,Luna
873,873,false,Lilly
1808,1808,false,Jasper
1659,1659,false,Tyson
1780,1780,false,Sammy
1961,1961,false,Riley
1146,1146,false,Riley
792,792,false,Abby
1211,1211,false,Tyson
1701,1701,false,Diesel
425,425,false,Harvey
564,564,false,Harvey
1872,1872,false,Bo
1891,1891,false,Dixie
1459,1459,false,Cody
931,931,false,Lucy
111,111,false,Patches
1122,1122,false,Oscar
14,14,false,Snickers
1490,1490,false,Rusty
653,653,false,Toby
222,222,false,Sam
466,466,false,Abby
1187,1187,false,Lexi
1388,1388,false,Cooper
3,3,false,Jasmine
1660,1660,false,Cody
1282,1282,false,Chance
1830,1830,false,Oreo
1691,1691,false,Spike
4,4,false,Jake
1296,1296,false,Tank
1724,1724,false,Baby
1810,1810,false,Sparky
893,893,false,Chico
767,767,false,Cookie
1327,1327,false,Rocky
1527,1527,false,Pepper
273,273,false,Cocoa
747,747,false,Jake
536,536,false,Bruno
1729,1729,false,Buddy
1386,1386,false,Patches
1501,1501,false,Gracie
846,846,false,Sandy
502,502,false,Tank
962,962,false,Pepper
849,849,false,Snoopy
225,225,false,Chloe
565,565,false,Blue
1276,1276,false,Jake
2000,2000,false,Bo
685,685,false,Bubba
406,406,false,Buster
635,635,false,Oscar
245,245,false,Sandy
542,542,false,Dakota
1071,1071,false,Lilly
270,270,false,Oreo
1391,1391,false,Teddy
1623,1623,false,Pepper
1835,1835,false,Sasha
1044,1044,false,Honey
885,885,false,Lucky
1791,1791,false,Daisy
1877,1877,false,Tyson
1502,1502,false,Diesel
1812,1812,false,Misty
1230,1230,false,Honey
290,290,false,Bruno
721,721,false,Maggie
881,881,false,Milo
325,325,false,Cookie
571,571,false,Lily
839,839,false,Oreo
35,35,false,Buddy
379,379,false,Charlie
1420,1420,false,Sassy
92,92,false,Zoe
1099,1099,false,Bandit
