child_id,client_id,deleted,pet_name
141,141,false,Teddy
1133,1133,false,Rusty
1128,1128,false,Tucker
1902,1902,false,Roxy
559,559,false,Precious
183,183,false,Bailey
363,363,false,Chance
1955,1955,false,Sandy
193,193,false,Honey
847,847,false,Lilly
237,237,false,Bailey
1476,1476,false,Jasmine
971,971,false,Lady
314,314,false,Gracie
569,569,false,Ruby
518,518,false,Lola
1844,1844,false,Rocky
1759,1759,false,Jake
241,241,false,Sam
1404,1404,false,Chloe
852,852,false,Cody
1851,1851,false,Jake
390,390,false,Maggie
1175,1175,false,Cody
1050,1050,false,Missy
1903,1903,false,Harley
1825,1825,false,Abby
17,17,false,Penny
3,3,false,Tyson
1380,1380,false,Cody
993,993,false,Tucker
122,122,false,Bubba
1002,1002,false,Princess
1165,1165,false,Casey
75,75,false,Zoey
181,181,false,Rosie
735,735,false,Bella
1538,1538,false,Sasha
533,533,false,Sasha
1272,1272,false,Blue
1532,1532,false,Oreo
393,393,false,Harvey
829,829,false,Missy
1660,1660,false,Oreo
1139,1139,false,Marley
1346,1346,false,Tyson
19,19,false,Sugar
592,592,false,Marley
790,790,false,Chico
1190,1190,false,Missy
247,247,false,Cookie
160,160,false,Rosie
1015,1015,false,Casey
1417,1417,false,Teddy
791,791,false,Lady
1251,1251,false,Lily
617,617,false,Honey
1073,1073,false,Bear
583,583,false,Sasha
1480,1480,false,Riley
416,416,false,Sassy
1919,1919,false,Oscar
1243,1243,false,Casey
1664,1664,false,Harvey
1152,1152,false,Luna
1913,1913,false,Blue
1260,1260,false,Misty
467,467,false,Oreo
577,577,false,Tank
441,441,false,Baby
1805,1805,false,Teddy
1885,1885,false,Bandit
21,21,false,Coco
605,605,false,Sugar
303,303,false,Tyson
1461,1461,false,Buddy
455,455,false,Chance
645,645,false,Buster
205,205,false,Jack
1706,1706,false,Sandy
766,766,false,Sadie
501,501,false,Brutus
1936,1936,false,Cooper
1984,1984,false,Lexi
268,268,false,Zoe
1270,1270,false,Jake
1635,1635,false,Bruno
286,286,false,Patches
540,540,false,Sassy
107,107,false,Bandit
1164,1164,false,Lucky
378,378,false,Charlie
1215,1215,false,Dixie
900,900,false,Jasper
983,983,false,Pepper
561,561,false,Rusty
542,542,false,Shadow
59,59,false,Cookie
1403,1403,false,Lexi
528,528,false,Missy
1972,1972,false,Cody
1956,1956,false,Tucker
1229,1229,false,Gizmo
336,336,false,Daisy
1596,1596,false,Lily
349,349,false,Jasper
863,863,false,Sasha
674,674,false,Honey
1324,1324,false,Buster
1700,1700,false,Peanut
469,469,false,Diesel
1006,1006,false,Princess
903,903,false,Mia
708,708,false,Murphy
1005,1005,false,Cooper
1575,1575,false,Sophie
753,753,false,Bella
440,440,false,Zoey
978,978,false,Harvey
211,211,false,Oscar
178,178,false,Penny
483,483,false,Sparky
361,361,false,Maggie
769,769,false,Sammy
1025,1025,false,Lady
1047,1047,false,Abby
532,532,false,Shadow
1369,1369,false,Chico
39,39,false,Toby
887,887,false,Sugar
36,36,false,Rosie
544,544,false,Duke
1926,1926,false,Brutus
768,768,false,Lily
1469,1469,false,Rex
55,55,false,Cody
1240,1240,false,Dixie
1549,1549,false,Lucy
1315,1315,false,Maggie
153,153,false,Rascal
1685,1685,false,Chloe
1611,1611,false,Luna
970,970,false,Jasper
1036,1036,false,Taz
1837,1837,false,Marley
1207,1207,false,Tank
1718,1718,false,Rosie
1971,1971,false,Chance
1994,1994,false,Rex
1566,1566,false,Lilly
1093,1093,false,Rusty
1289,1289,false,Jasmine
538,538,false,Daisy
302,302,false,Precious
713,713,false,Tucker
161,161,false,Lola
1277,1277,false,Bo
800,800,false,Mia
1986,1986,false,Sam
906,906,false,Tank
868,868,false,Rosie
1029,1029,false,Diesel
954,954,false,Lola
1946,1946,false,Sandy
276,276,false,Rocky
421,421,false,Spike
549,549,false,Coco
1659,1659,false,Brutus
1094,1094,false,Toby
625,625,false,Sassy
875,875,false,Sassy
97,97,false,Lucky
1486,1486,false,Peanut
728,728,false,Duke
366,366,false,Peanut
1478,1478,false,Diamond
1,1,false,Gizmo
986,986,false,Cocoa
1269,1269,false,Cody
1144,1144,false,Sammy
1420,1420,false,Snoopy
873,873,false,Ruby
1588,1588,false,Patches
1965,1965,false,Chico
227,227,false,Teddy
682,682,false,Oreo
417,417,false,Lady
1770,1770,false,Lily
1901,1901,false,Lucky
963,963,false,Riley
1980,1980,false,Snoopy
680,680,false,Scooter
553,553,false,Peanut
546,546,false,Murphy
1780,1780,false,Sam
422,422,false,Sassy
6,6,false,Casey
1253,1253,false,Cookie
1265,1265,false,Scooter
34,34,false,Zoe
898,898,false,Harvey
1200,1200,false,Sandy
871,871,false,Coco
1092,1092,false,Buddy
1388,1388,false,Harvey
482,482,false,Gracie
1081,1081,false,Gracie
115,115,false,Patches
1918,1918,false,Shadow
1890,1890,false,Rascal
334,334,false,Lilly
383,383,false,Sassy
198,198,false,Buddy
1414,1414,false,Annie
1880,1880,false,Sugar
1568,1568,false,Cookie
1462,1462,false,Cookie
1697,1697,false,Milo
1434,1434,false,Patches
1485,1485,false,Rex
1617,1617,false,Luna
1395,1395,false,Dixie
1351,1351,false,Lexi
1386,1386,false,Daisy
180,180,false,Lola
1983,1983,false,Sasha
1875,1875,false,Cody
1852,1852,false,Jake
517,517,false,Sassy
1952,1952,false,Molly
285,285,false,Lucy
1242,1242,false,Missy
1432,1432,false,Oreo
1299,1299,false,Marley
1647,1647,false,Sam
1513,1513,false,Luna
79,79,false,Sam
434,434,false,Jasmine
311,311,false,Marley
939,939,false,Cody
1616,1616,false,Bailey
177,177,false,Roxie
825,825,false,Zeus
1100,1100,false,Baxter
620,620,false,Riley
706,706,false,Rosie
1869,1869,false,Scooter
1731,1731,false,Murphy
749,749,false,Rascal
1802,1802,false,Ginger
1238,1238,false,Rex
1433,1433,false,Molly
849,849,false,Buddy
1378,1378,false,Jasper
162,162,false,Tank
658,658,false,Baxter
1085,1085,false,Roxy
612,612,false,Rascal
1054,1054,false,Buster
958,958,false,Tank
238,238,false,Diesel
795,795,false,Sugar
1222,1222,false,Riley
1754,1754,false,Diesel
1613,1613,false,Diamond
1862,1862,false,Tank
563,563,false,Chloe
1195,1195,false,Lucky
1437,1437,false,Marley
471,471,false,Snickers
1325,1325,false,Roxie
89,89,false,Bubba
1501,1501,false,Honey
186,186,false,Misty
731,731,false,Snoopy
1194,1194,false,Riley
877,877,false,Dakota
1023,1023,false,Lexi
41,41,false,Buster
304,304,false,Murphy
123,123,false,Taz
844,844,false,Brutus
1740,1740,false,Sophie
1900,1900,false,Harley
904,904,false,Bo
1809,1809,false,Tank
1044,1044,false,Harley
1076,1076,false,Bubba
24,24,false,Murphy
1083,1083,false,Jake
1078,1078,false,Shadow
1632,1632,false,Rex
1744,1744,false,Bailey
157,157,false,Peanut
1623,1623,false,Honey
661,661,false,Lilly
206,206,false,Tank
1561,1561,false,Harley
1099,1099,false,Missy
1948,1948,false,Tyson
1777,1777,false,Spike
1274,1274,false,Ginger
1580,1580,false,Peanut
949,949,false,Lucky
558,558,false,Marley
1409,1409,false,Lady
100,100,false,Dixie
1624,1624,false,Rex
267,267,false,Daisy
344,344,false,Sandy
1990,1990,false,Honey
1317,1317,false,Oreo
1492,1492,false,Dakota
1258,1258,false,Mia
1408,1408,false,Sparky
1670,1670,false,Molly
805,805,false,Sadie
902,902,false,Roxie
1249,1249,false,Rex
740,740,false,Jack
567,567,false,Bear
137,137,false,Rosie
1108,1108,false,Coco
1482,1482,false,Gizmo
640,640,false,Molly
1021,1021,false,Lola
400,400,false,Toby
1832,1832,false,Milo
1020,1020,false,Zoe
1982,1982,false,Gracie
842,842,false,Milo
1987,1987,false,Dakota
1381,1381,false,Spike
401,401,false,Charlie
266,266,false,Dakota
977,977,false,Precious
445,445,false,Cookie
364,364,false,Missy
424,424,false,Taz
1678,1678,false,Sammy
797,797,false,Roxie
1201,1201,false,Jack
643,643,false,Chico
337,337,false,Ruby
394,394,false,Daisy
1598,1598,false,Sasha
1375,1375,false,Blue
1362,1362,false,Bruno
1440,1440,false,Daisy
1701,1701,false,Ruby
909,909,false,Shelby
614,614,false,Cookie
263,263,false,Jack
382,382,false,Duke
581,581,false,Zeus
1301,1301,false,Sam
1400,1400,false,Precious
786,786,false,Patches
760,760,false,Jack
1776,1776,false,Lola
1013,1013,false,Harley
1341,1341,false,Rascal
1683,1683,false,Jasmine
866,866,false,Lola
84,84,false,Lucky
1131,1131,false,Sugar
723,723,false,Zeus
1626,1626,false,Lily
172,172,false,Scooter
1357,1357,false,Molly
1912,1912,false,Sasha
1977,1977,false,Diesel
1889,1889,false,Cocoa
1160,1160,false,Max
1206,1206,false,Daisy
507,507,false,Jake
64,64,false,Gracie
61,61,false,Harvey
1468,1468,false,Marley
26,26,false,Penny
1724,1724,false,Marley
234,234,false,Oscar
1302,1302,false,Sassy
961,961,false,Jasmine
1572,1572,false,Buddy
70,70,false,Gracie
1907,1907,false,Oreo
778,778,false,Misty
965,965,false,Lucy
595,595,false,Dakota
1278,1278,false,Annie
1524,1524,false,Harley
1653,1653,false,Baxter
1363,1363,false,Taz
882,882,false,Shelby
733,733,false,Sugar
941,941,false,Dixie
83,83,false,Bailey
1592,1592,false,Milo
1218,1218,false,Bella
727,727,false,Annie
1338,1338,false,Marley
210,210,false,Sammy
348,348,false,Bo
716,716,false,Gracie
1365,1365,false,Cody
1761,1761,false,Bruno
1745,1745,false,Harvey
496,496,false,Bear
1715,1715,false,Bandit
1016,1016,false,Sammy
940,940,false,Honey
1250,1250,false,Cody
370,370,false,Milo
360,360,false,Buster
125,125,false,Zoe
982,982,false,Honey
1187,1187,false,Lucky
1939,1939,false,Spike
764,764,false,Sammy
1058,1058,false,Harvey
776,776,false,Mia
357,357,false,Missy
1612,1612,false,Maggie
648,648,false,Duke
955,955,false,Bruno
876,876,false,Harley
1891,1891,false,Buster
1968,1968,false,Bruno
1496,1496,false,Milo
292,292,false,Harley
322,322,false,Zeus
1410,1410,false,Maggie
1060,1060,false,Rex
1350,1350,false,Jake
18,18,false,Honey
736,736,false,Molly
409,409,false,Sugar
1051,1051,false,Buddy
1517,1517,false,Gizmo
1177,1177,false,Coco
1170,1170,false,Ruby
1180,1180,false,Diesel
938,938,false,Sasha
1385,1385,false,Buster
1775,1775,false,Bear
1961,1961,false,Penny
1438,1438,false,Zoe
908,908,false,Murphy
150,150,false,Pepper
1159,1159,false,Roxy
1894,1894,false,Lola
2007,2007,false,Gracie
1591,1591,false,Bailey
1922,1922,false,Tank
1474,1474,false,Baby
72,72,false,Sugar
101,101,false,Roxy
1010,1010,false,Sadie
1928,1928,false,Bo
1859,1859,false,Baby
1933,1933,false,Bailey
916,916,false,Toby
796,796,false,Jasmine
1355,1355,false,Bandit
550,550,false,Maggie
1920,1920,false,Peanut
973,973,false,Peanut
1897,1897,false,Spike
1353,1353,false,Molly
1737,1737,false,Baxter
860,860,false,Casey
381,381,false,Cookie
777,777,false,Bailey
1515,1515,false,Gizmo
1711,1711,false,Roxy
787,787,false,Chloe
1877,1877,false,Sasha
144,144,false,Pepper
615,615,false,Daisy
557,557,false,Bubba
1436,1436,false,Zoe
1648,1648,false,Casey
297,297,false,Molly
711,711,false,Chico
1427,1427,false,Penny
869,869,false,Sammy
1077,1077,false,Buster
1719,1719,false,Belle
1849,1849,false,Cooper
514,514,false,Jasmine
788,788,false,Toby
974,974,false,Diamond
910,910,false,Annie
515,515,false,Annie
1548,1548,false,Misty
636,636,false,Scooter
60,60,false,Jasmine
953,953,false,Scooter
1638,1638,false,Cody
1292,1292,false,Lola
159,159,false,Shadow
646,646,false,Oscar
1934,1934,false,Princess
510,510,false,Chance
1640,1640,false,Lexi
1421,1421,false,Shadow
1847,1847,false,Bailey
1342,1342,false,Chico
883,883,false,Bear
102,102,false,Riley
1899,1899,false,Zoey
1637,1637,false,Sparky
225,225,false,Penny
261,261,false,Cookie
1080,1080,false,Lucy
1547,1547,false,Milo
705,705,false,Shelby
1996,1996,false,Penny
1303,1303,false,Chloe
270,270,false,Tyson
1621,1621,false,Sparky
487,487,false,Roxy
691,691,false,Jack
812,812,false,Sophie
606,606,false,Cocoa
1735,1735,false,Jake
523,523,false,Cookie
412,412,false,Maggie
838,838,false,Jasper
935,935,false,Rex
258,258,false,Daisy
486,486,false,Bear
1230,1230,false,Rusty
1428,1428,false,Scooter
104,104,false,Tucker
884,884,false,Cooper
35,35,false,Jake
67,67,false,Missy
173,173,false,Bo
1416,1416,false,Cookie
1892,1892,false,Sandy
758,758,false,Jack
228,228,false,Chloe
1196,1196,false,Patches
579,579,false,Toby
1398,1398,false,Daisy
944,944,false,Daisy
1393,1393,false,Max
739,739,false,Murphy
833,833,false,Cookie
1873,1873,false,Shelby
169,169,false,Zoey
720,720,false,Missy
1233,1233,false,Molly
138,138,false,Peanut
1336,1336,false,Misty
846,846,false,Rascal
133,133,false,Abby
242,242,false,Rocky
14,14,false,Roxie
293,293,false,Chico
1442,1442,false,Casey
878,878,false,Sparky
619,619,false,Bear
912,912,false,Baby
414,414,false,Milo
1817,1817,false,Oreo
1798,1798,false,Cocoa
755,755,false,Rascal
975,975,false,Lilly
1674,1674,false,Coco
1953,1953,false,Gracie
329,329,false,Sasha
681,681,false,Teddy
707,707,false,Bruno
1237,1237,false,Lily
117,117,false,Brutus
524,524,false,Zoe
1602,1602,false,Zoe
1459,1459,false,Mia
1650,1650,false,Abby
966,966,false,Ginger
1601,1601,false,Sadie
817,817,false,Ginger
1327,1327,false,Roxy
479,479,false,Abby
1472,1472,false,Precious
780,780,false,Precious
1295,1295,false,Zeus
1199,1199,false,Chico
1153,1153,false,Shadow
654,654,false,Luna
65,65,false,Oreo
1326,1326,false,Cookie
1810,1810,false,Murphy
1905,1905,false,Diesel
1762,1762,false,Harley
1053,1053,false,Sam
1871,1871,false,Rascal
692,692,false,Bruno
1063,1063,false,Gizmo
389,389,false,Lily
377,377,false,Roxy
770,770,false,Zoe
1055,1055,false,Shadow
1736,1736,false,Zoey
537,537,false,Murphy
1720,1720,false,Snoopy
387,387,false,Bella
1560,1560,false,Gizmo
1271,1271,false,Sandy
1364,1364,false,Blue
317,317,false,Tucker
669,669,false,Sadie
71,71,false,Diesel
1562,1562,false,Roxie
1665,1665,false,Dakota
627,627,false,Bella
1727,1727,false,Scooter
685,685,false,Buster
1651,1651,false,Bella
628,628,false,Ruby
182,182,false,Milo
1221,1221,false,Dakota
763,763,false,Bella
1604,1604,false,Diesel
854,854,false,Mia
1313,1313,false,Blue
1423,1423,false,Max
384,384,false,Rex
1829,1829,false,Molly
1705,1705,false,Tucker
1815,1815,false,Baxter
855,855,false,Taz
1853,1853,false,Jack
436,436,false,Sadie
99,99,false,Baxter
23,23,false,Coco
365,365,false,Luna
220,220,false,Lilly
1061,1061,false,Lucy
1681,1681,false,Cody
1052,1052,false,Cooper
498,498,false,Rex
299,299,false,Cookie
1475,1475,false,Snickers
1840,1840,false,Cocoa
1413,1413,false,Lily
575,575,false,Cocoa
1183,1183,false,Jasper
1870,1870,false,Honey
1334,1334,false,Rex
1384,1384,false,Misty
1333,1333,false,Cody
1441,1441,false,Tank
676,676,false,Roxy
282,282,false,Snickers
1858,1858,false,Buddy
230,230,false,Chance
488,488,false,Baxter
142,142,false,Tyson
1033,1033,false,Cody
1787,1787,false,Milo
1048,1048,false,Lady
1962,1962,false,Tyson
226,226,false,Buster
1390,1390,false,Snickers
810,810,false,Oscar
1329,1329,false,Oscar
404,404,false,Peanut
1661,1661,false,Zoe
1037,1037,false,Roxie
1954,1954,false,Taz
1467,1467,false,Tank
1886,1886,false,Peanut
1854,1854,false,Daisy
1001,1001,false,Coco
1372,1372,false,Marley
1722,1722,false,Sam
937,937,false,Princess
1113,1113,false,Blue
1904,1904,false,Diamond
240,240,false,Charlie
947,947,false,Snickers
196,196,false,Diamond
1730,1730,false,Marley
969,969,false,Riley
1714,1714,false,Lucy
413,413,false,Maggie
1783,1783,false,Scooter
264,264,false,Sasha
430,430,false,Brutus
1082,1082,false,Sassy
862,862,false,Lucy
1407,1407,false,Tyson
1340,1340,false,Zoe
139,139,false,Bruno
1328,1328,false,Tank
287,287,false,Diesel
527,527,false,Lucky
1879,1879,false,Cooper
190,190,false,Lady
1578,1578,false,Lola
435,435,false,Sammy
701,701,false,Teddy
326,326,false,Blue
1473,1473,false,Teddy
325,325,false,Lily
189,189,false,Lilly
715,715,false,Cookie
484,484,false,Princess
1140,1140,false,Ruby
1795,1795,false,Sophie
1273,1273,false,Max
626,626,false,Tyson
1663,1663,false,Rusty
1259,1259,false,Sam
1882,1882,false,Harley
374,374,false,Rascal
15,15,false,Bailey
199,199,false,Bear
443,443,false,Shelby
1914,1914,false,Lexi
1166,1166,false,Penny
113,113,false,Tucker
202,202,false,Bear
771,771,false,Teddy
1466,1466,false,Angel
885,885,false,Shelby
1969,1969,false,Mia
1284,1284,false,Honey
663,663,false,Belle
1861,1861,false,Zoe
86,86,false,Sam
693,693,false,Rocky
1942,1942,false,Bailey
1841,1841,false,Lola
650,650,false,Bear
308,308,false,Sandy
119,119,false,Baxter
452,452,false,Rosie
1169,1169,false,Tank
1541,1541,false,Tyson
896,896,false,Cocoa
94,94,false,Jasper
1422,1422,false,Lexi
87,87,false,Cody
1465,1465,false,Sassy
1893,1893,false,Cocoa
1090,1090,false,Milo
933,933,false,Sam
1345,1345,false,Baxter
1574,1574,false,Blue
1008,1008,false,Patches
742,742,false,Toby
1163,1163,false,Bo
822,822,false,Buddy
48,48,false,Precious
32,32,false,Pepper
1107,1107,false,Shadow
1017,1017,false,Casey
1940,1940,false,Bailey
709,709,false,Lexi
16,16,false,Bear
555,555,false,Pepper
647,647,false,Brutus
1045,1045,false,Tank
1645,1645,false,Rocky
603,603,false,Lilly
1239,1239,false,Sadie
1803,1803,false,Molly
930,930,false,Patches
298,298,false,Precious
1339,1339,false,Peanut
1751,1751,false,Cocoa
1782,1782,false,Lexi
1483,1483,false,Lily
604,604,false,Cody
1774,1774,false,Abby
2006,2006,false,Buddy
425,425,false,Riley
1146,1146,false,Coco
218,218,false,Snoopy
1666,1666,false,Bandit
668,668,false,Rascal
1883,1883,false,Snoopy
1831,1831,false,Gracie
1130,1130,false,Rascal
598,598,false,Sam
47,47,false,Chance
214,214,false,Princess
1373,1373,false,Coco
1225,1225,false,Molly
1399,1399,false,Oreo
601,601,false,Taz
1198,1198,false,Baby
112,112,false,Molly
1750,1750,false,Teddy
454,454,false,Bella
1027,1027,false,Luna
1552,1552,false,Shelby
694,694,false,Lexi
548,548,false,Max
319,319,false,Tank
1699,1699,false,Shelby
155,155,false,Chloe
224,224,false,Bruno
428,428,false,Taz
76,76,false,Baxter
1184,1184,false,Lucy
675,675,false,Tucker
919,919,false,Penny
751,751,false,Max
1415,1415,false,Lady
1158,1158,false,Missy
1147,1147,false,Luna
231,231,false,Sam
1995,1995,false,Rex
1822,1822,false,Annie
925,925,false,Max
1293,1293,false,Jack
1007,1007,false,Bailey
1957,1957,false,Toby
1743,1743,false,Harvey
362,362,false,Taz
493,493,false,Roxie
1174,1174,false,Duke
1503,1503,false,Milo
1402,1402,false,Abby
1042,1042,false,Cocoa
1279,1279,false,Sugar
804,804,false,Buster
1367,1367,false,Lily
262,262,false,Daisy
254,254,false,Taz
1634,1634,false,Lola
574,574,false,Peanut
1070,1070,false,Brutus
892,892,false,Buster
1418,1418,false,Belle
1214,1214,false,Cooper
1176,1176,false,Peanut
1446,1446,false,Blue
1110,1110,false,Bruno
1286,1286,false,Sugar
1642,1642,false,Bruno
744,744,false,Shelby
2000,2000,false,Honey
907,907,false,Cocoa
741,741,false,Rosie
1589,1589,false,Baxter
660,660,false,Sandy
1203,1203,false,Rosie
830,830,false,Zoey
1778,1778,false,Ruby
419,419,false,Oscar
20,20,false,Bella
1756,1756,false,Jack
732,732,false,Abby
1716,1716,false,Dixie
1767,1767,false,Dakota
1868,1868,false,Harley
1793,1793,false,Maggie
335,335,false,Molly
1662,1662,false,Jake
641,641,false,Tank
1161,1161,false,Gracie
295,295,false,Riley
901,901,false,Sassy
29,29,false,Lucky
1690,1690,false,Brutus
607,607,false,Rosie
260,260,false,Taz
58,58,false,Chance
915,915,false,Sasha
1489,1489,false,Snickers
446,446,false,Baxter
665,665,false,Lucky
1263,1263,false,Pepper
187,187,false,Dixie
1171,1171,false,Lucky
1860,1860,false,Buddy
450,450,false,Milo
1813,1813,false,Abby
1586,1586,false,Lily
280,280,false,Bubba
1729,1729,false,Chloe
1806,1806,false,Chico
1644,1644,false,Snoopy
490,490,false,Roxie
1518,1518,false,Lola
1932,1932,false,Honey
249,249,false,Cooper
9,9,false,Bear
1978,1978,false,Missy
696,696,false,Diamond
1232,1232,false,Rosie
590,590,false,Oscar
1529,1529,false,Sassy
108,108,false,Riley
1312,1312,false,Princess
1210,1210,false,Cocoa
1223,1223,false,Blue
1430,1430,false,Brutus
78,78,false,Ruby
1124,1124,false,Snickers
1506,1506,false,Baby
129,129,false,Marley
671,671,false,Diamond
504,504,false,Chico
1855,1855,false,Angel
4,4,false,Casey
836,836,false,Luna
1358,1358,false,Oscar
922,922,false,Daisy
824,824,false,Ruby
762,762,false,Baby
243,243,false,Sasha
466,466,false,Diamond
2001,2001,false,Dakota
1439,1439,false,Cookie
888,888,false,Scooter
1352,1352,false,Bubba
494,494,false,Taz
1570,1570,false,Spike
1117,1117,false,Marley
33,33,false,Abby
1321,1321,false,Belle
229,229,false,Bailey
1424,1424,false,Jake
468,468,false,Cocoa
1537,1537,false,Ginger
571,571,false,Oscar
354,354,false,Casey
1594,1594,false,Sammy
666,666,false,Shadow
821,821,false,Charlie
278,278,false,Roxy
246,246,false,Molly
861,861,false,Lola
25,25,false,Misty
1257,1257,false,Cody
1600,1600,false,Sparky
981,981,false,Gracie
1204,1204,false,Peanut
857,857,false,Bruno
1713,1713,false,Honey
750,750,false,Precious
1118,1118,false,Cody
867,867,false,Molly
1742,1742,false,Murphy
323,323,false,Mia
375,375,false,Blue
1330,1330,false,Spike
1945,1945,false,Riley
734,734,false,Misty
1000,1000,false,Dakota
1453,1453,false,Bruno
1765,1765,false,Marley
807,807,false,Lilly
1300,1300,false,Roxie
259,259,false,Lexi
1149,1149,false,Harley
204,204,false,Bella
1104,1104,false,Annie
284,284,false,Baby
1985,1985,false,Cocoa
1281,1281,false,Blue
330,330,false,Abby
114,114,false,Harvey
1625,1625,false,Shelby
743,743,false,Snickers
1721,1721,false,Chloe
1543,1543,false,Dakota
1311,1311,false,Lexi
1471,1471,false,Bruno
564,564,false,Scooter
1717,1717,false,Jack
1763,1763,false,Baxter
972,972,false,Lucy
968,968,false,Bear
255,255,false,Mia
1622,1622,false,Murphy
62,62,false,Dakota
1141,1141,false,Chance
28,28,false,Harley
1168,1168,false,Dixie
2,2,false,Milo
541,541,false,Chico
1046,1046,false,Bruno
1454,1454,false,Teddy
433,433,false,Marley
1252,1252,false,Sasha
1498,1498,false,Oscar
782,782,false,Sam
343,343,false,Cody
1702,1702,false,Sophie
2009,2009,false,Abby
121,121,false,Shelby
1888,1888,false,Sam
37,37,false,Sugar
1704,1704,false,Bo
820,820,false,Murphy
554,554,false,Abby
534,534,false,Rex
530,530,false,Dakota
1967,1967,false,Baxter
207,207,false,Jack
1579,1579,false,Sandy
146,146,false,Cooper
1509,1509,false,Luna
1009,1009,false,Spike
1610,1610,false,Rusty
1508,1508,false,Bear
250,250,false,Rosie
1245,1245,false,Diamond
535,535,false,Gizmo
853,853,false,Annie
1758,1758,false,Snoopy
1450,1450,false,Casey
929,929,false,Belle
1032,1032,false,Toby
1937,1937,false,Bo
1137,1137,false,Lucky
1150,1150,false,Riley
275,275,false,Buster
472,472,false,Baxter
545,545,false,Sam
1460,1460,false,Diesel
747,747,false,Diamond
463,463,false,Marley
632,632,false,Sassy
1370,1370,false,Gracie
271,271,false,Misty
1057,1057,false,Toby
994,994,false,Belle
1709,1709,false,Marley
1526,1526,false,Cookie
164,164,false,Lily
355,355,false,Peanut
609,609,false,Jack
338,338,false,Spike
316,316,false,Snickers
1712,1712,false,Jasmine
131,131,false,Jasper
1565,1565,false,Luna
431,431,false,Bruno
730,730,false,Sassy
492,492,false,Baxter
772,772,false,Abby
1297,1297,false,Cookie
1012,1012,false,Baby
519,519,false,Rosie
499,499,false,Ruby
1801,1801,false,Oscar
1360,1360,false,Harvey
57,57,false,Jasper
1689,1689,false,Dixie
1018,1018,false,Rusty
745,745,false,Bailey
223,223,false,Lucky
976,976,false,Baby
95,95,false,Harley
127,127,false,Jasmine
1059,1059,false,Mia
1391,1391,false,Zoe
926,926,false,Lady
1748,1748,false,Penny
1824,1824,false,Angel
931,931,false,Casey
1734,1734,false,Lily
195,195,false,Honey
1022,1022,false,Lola
551,551,false,Ginger
1234,1234,false,Taz
74,74,false,Duke
1304,1304,false,Chance
1958,1958,false,Angel
759,759,false,Lola
1791,1791,false,Missy
235,235,false,Zoe
858,858,false,Sandy
1675,1675,false,Jasmine
1668,1668,false,Roxie
1134,1134,false,Shelby
358,358,false,Lexi
894,894,false,Rascal
1316,1316,false,Oreo
1898,1898,false,Duke
457,457,false,Cocoa
521,521,false,Spike
105,105,false,Zeus
257,257,false,Snickers
722,722,false,Snoopy
1306,1306,false,Rosie
359,359,false,Dakota
432,432,false,Chance
1359,1359,false,Sassy
1895,1895,false,Penny
1649,1649,false,Zoey
1481,1481,false,Cody
1779,1779,false,Marley
621,621,false,Princess
1698,1698,false,Bear
565,565,false,Diesel
88,88,false,Cooper
767,767,false,Oreo
353,353,false,Toby
1788,1788,false,Sparky
870,870,false,Roxy
897,897,false,Sassy
473,473,false,Chico
1264,1264,false,Dakota
1874,1874,false,Lucy
1349,1349,false,Cookie
1405,1405,false,Brutus
1696,1696,false,Bella
321,321,false,Jack
832,832,false,Lexi
573,573,false,Shelby
644,644,false,Chloe
556,556,false,Oscar
402,402,false,Cocoa
458,458,false,Snoopy
667,667,false,Riley
1062,1062,false,Buster
1655,1655,false,Bandit
827,827,false,Blue
480,480,false,Casey
1618,1618,false,Oreo
718,718,false,Bubba
386,386,false,Buster
1374,1374,false,Shelby
1935,1935,false,Maggie
477,477,false,Peanut
251,251,false,Tyson
506,506,false,Jasmine
1182,1182,false,Chico
281,281,false,Coco
1876,1876,false,Diesel
1516,1516,false,Sassy
1344,1344,false,Sammy
1545,1545,false,Rascal
585,585,false,Ginger
1347,1347,false,Zoey
475,475,false,Jake
818,818,false,Zoe
1786,1786,false,Molly
1448,1448,false,Shadow
1636,1636,false,Sandy
1296,1296,false,Shelby
1839,1839,false,Sadie
1429,1429,false,Max
1997,1997,false,Penny
500,500,false,Dixie
638,638,false,Mia
1103,1103,false,Annie
1769,1769,false,Milo
1514,1514,false,Murphy
695,695,false,Chico
987,987,false,Charlie
587,587,false,Misty
1039,1039,false,Chance
923,923,false,Zoey
1866,1866,false,Precious
175,175,false,Sam
1003,1003,false,Snickers
372,372,false,Angel
1276,1276,false,Sammy
63,63,false,Lola
296,296,false,Sam
1049,1049,false,Oscar
1597,1597,false,Taz
1217,1217,false,Oscar
1148,1148,false,Cookie
497,497,false,Teddy
639,639,false,Sophie
1821,1821,false,Lucky
1298,1298,false,Teddy
781,781,false,Bella
880,880,false,Sandy
1975,1975,false,Spike
1976,1976,false,Lucky
495,495,false,Snickers
920,920,false,Sasha
1766,1766,false,Blue
1244,1244,false,Cocoa
1444,1444,false,Pepper
895,895,false,Gracie
485,485,false,Taz
373,373,false,Bruno
350,350,false,Jake
979,979,false,Bella
1145,1145,false,Sugar
1216,1216,false,Lucky
775,775,false,Sam
1992,1992,false,Marley
369,369,false,Lily
201,201,false,Peanut
1241,1241,false,Diamond
444,444,false,Dakota
1785,1785,false,Mia
1452,1452,false,Jack
637,637,false,Tyson
245,245,false,Daisy
1733,1733,false,Bandit
1728,1728,false,Dixie
1030,1030,false,Cookie
420,420,false,Max
1389,1389,false,Rascal
290,290,false,Rosie
1376,1376,false,Precious
1089,1089,false,Cookie
1887,1887,false,Spike
31,31,false,Dakota
1211,1211,false,Buddy
1603,1603,false,Tyson
1447,1447,false,Lucky
1694,1694,false,Sadie
152,152,false,Baxter
588,588,false,Charlie
1673,1673,false,Gracie
1088,1088,false,Tyson
921,921,false,Zoe
1772,1772,false,Harley
794,794,false,Annie
1966,1966,false,Tucker
1142,1142,false,Coco
1576,1576,false,Ruby
233,233,false,Bandit
1523,1523,false,Bailey
1835,1835,false,Shadow
1129,1129,false,Chloe
1925,1925,false,Cocoa
1525,1525,false,Jasmine
1125,1125,false,Zeus
274,274,false,Scooter
1679,1679,false,Harvey
529,529,false,Sandy
1071,1071,false,Abby
964,964,false,Sadie
352,352,false,Harley
1507,1507,false,Annie
1546,1546,false,Marley
328,328,false,Brutus
410,410,false,Zoe
1917,1917,false,Belle
992,992,false,Bubba
1605,1605,false,Sassy
1280,1280,false,Taz
45,45,false,Jack
1235,1235,false,Brutus
1909,1909,false,Penny
1693,1693,false,Bo
655,655,false,Misty
1283,1283,false,Penny
1923,1923,false,Brutus
1607,1607,false,Zoe
397,397,false,Tucker
1620,1620,false,Mia
516,516,false,Ruby
1361,1361,false,Jasmine
1746,1746,false,Bubba
1387,1387,false,Diamond
1261,1261,false,Marley
608,608,false,Milo
310,310,false,Chloe
623,623,false,Rocky
1425,1425,false,Sammy
1443,1443,false,Bandit
1019,1019,false,Cookie
616,616,false,Bailey
593,593,false,Oreo
1106,1106,false,Lucy
462,462,false,Pepper
1371,1371,false,Lady
1931,1931,false,Cooper
525,525,false,Bella
996,996,false,Teddy
1354,1354,false,Roxy
333,333,false,Rocky
219,219,false,Lucky
799,799,false,Bo
1219,1219,false,Princess
1504,1504,false,Dixie
697,697,false,Baxter
154,154,false,Buddy
737,737,false,Daisy
522,522,false,Gizmo
438,438,false,Harley
757,757,false,Tank
163,163,false,Scooter
659,659,false,Sammy
43,43,false,Lexi
678,678,false,Jack
1800,1800,false,Bubba
1366,1366,false,Tank
1074,1074,false,Sam
754,754,false,Tyson
1530,1530,false,Chico
1377,1377,false,Sadie
578,578,false,Coco
1179,1179,false,Sandy
1173,1173,false,Diesel
1944,1944,false,Bandit
576,576,false,Coco
960,960,false,Dixie
1319,1319,false,Bo
999,999,false,Buddy
244,244,false,Sasha
82,82,false,Roxy
1627,1627,false,Chance
1493,1493,false,Tyson
1799,1799,false,Rocky
511,511,false,Snickers
672,672,false,Jake
1455,1455,false,Jasmine
957,957,false,Chloe
1226,1226,false,Cocoa
670,670,false,Luna
1830,1830,false,Roxie
1119,1119,false,Marley
1126,1126,false,Dakota
1807,1807,false,Chance
891,891,false,Pepper
1307,1307,false,Sadie
456,456,false,Spike
1458,1458,false,Riley
997,997,false,Penny
602,602,false,Sassy
562,562,false,Jasmine
476,476,false,Lexi
801,801,false,Tank
1771,1771,false,Spike
1527,1527,false,Rascal
1631,1631,false,Ruby
783,783,false,Milo
1521,1521,false,Marley
1337,1337,false,Lilly
1123,1123,false,Sparky
1224,1224,false,Chico
27,27,false,Luna
1838,1838,false,Tucker
151,151,false,Diesel
859,859,false,Rosie
1457,1457,false,Rocky
509,509,false,Cooper
191,191,false,Milo
1397,1397,false,Tyson
618,618,false,Chloe
1167,1167,false,Teddy
946,946,false,Bubba
179,179,false,Teddy
826,826,false,Sam
1816,1816,false,Jasmine
686,686,false,Daisy
347,347,false,Zoey
1502,1502,false,Harvey
624,624,false,Bubba
1741,1741,false,Maggie
1658,1658,false,Oscar
1193,1193,false,Lucky
1753,1753,false,Luna
423,423,false,Cocoa
1747,1747,false,Patches
1639,1639,false,Maggie
1490,1490,false,Lexi
1132,1132,false,Spike
942,942,false,Murphy
1041,1041,false,Rex
116,116,false,Jake
1947,1947,false,Lily
1512,1512,false,Milo
1075,1075,false,Buster
594,594,false,Jasper
415,415,false,Daisy
212,212,false,Roxie
864,864,false,Cookie
213,213,false,Luna
80,80,false,Buster
724,724,false,Jasmine
12,12,false,Diamond
1781,1781,false,Lilly
630,630,false,Dixie
1584,1584,false,Lilly
850,850,false,Roxy
124,124,false,Penny
611,611,false,Annie
371,371,false,Bailey
307,307,false,Bruno
1511,1511,false,Baby
629,629,false,Sophie
980,980,false,Blue
1752,1752,false,Snoopy
584,584,false,Ruby
1558,1558,false,Brutus
1609,1609,false,Daisy
1406,1406,false,Bandit
1738,1738,false,Roxie
1098,1098,false,Patches
474,474,false,Cookie
391,391,false,Duke
1162,1162,false,Max
332,332,false,Cooper
1836,1836,false,Molly
1749,1749,false,Scooter
426,426,false,Princess
1911,1911,false,Angel
881,881,false,Cookie
411,411,false,Murphy
1585,1585,false,Toby
568,568,false,Sam
1445,1445,false,Harley
1535,1535,false,Misty
1654,1654,false,Honey
1102,1102,false,Rex
1332,1332,false,Dakota
395,395,false,Annie
221,221,false,Snoopy
1192,1192,false,Baby
597,597,false,Missy
396,396,false,Sadie
1185,1185,false,Sammy
464,464,false,Jasmine
44,44,false,Bubba
1960,1960,false,Zeus
793,793,false,Lilly
872,872,false,Maggie
657,657,false,Dakota
1819,1819,false,Casey
136,136,false,Sophie
1035,1035,false,Brutus
1040,1040,false,Baxter
351,351,false,Teddy
738,738,false,Buster
460,460,false,Princess
93,93,false,Mia
1760,1760,false,Jasper
789,789,false,Lady
1383,1383,false,Sadie
526,526,false,Taz
1567,1567,false,Chloe
1246,1246,false,Rusty
1155,1155,false,Baby
779,779,false,Brutus
840,840,false,Blue
1656,1656,false,Angel
1310,1310,false,Shelby
721,721,false,Toby
1066,1066,false,Cody
69,69,false,Rosie
990,990,false,Maggie
53,53,false,Sugar
171,171,false,Oscar
1708,1708,false,Oscar
1034,1034,false,Lily
1633,1633,false,Tyson
481,481,false,Teddy
118,118,false,Coco
8,8,false,Peanut
704,704,false,Lexi
429,429,false,Sparky
2010,2010,false,Lilly
841,841,false,Jasper
236,236,false,Sandy
437,437,false,Tank
478,478,false,Cody
928,928,false,Bella
143,143,false,Toby
1896,1896,false,Patches
1587,1587,false,Bruno
828,828,false,Cocoa
1929,1929,false,Harvey
1856,1856,false,Oscar
1290,1290,false,Taz
633,633,false,Riley
388,388,false,Chloe
130,130,false,Patches
1288,1288,false,Maggie
1256,1256,false,Cooper
1848,1848,false,Oreo
1205,1205,false,Scooter
1084,1084,false,Angel
703,703,false,Lola
52,52,false,Riley
1435,1435,false,Murphy
66,66,false,Rascal
1826,1826,false,Rocky
911,911,false,Daisy
1672,1672,false,Murphy
856,856,false,Harley
459,459,false,Rascal
309,309,false,Bella
318,318,false,Lily
1497,1497,false,Buddy
834,834,false,Riley
148,148,false,Harvey
502,502,false,Casey
1910,1910,false,Duke
491,491,false,Zeus
917,917,false,Bandit
51,51,false,Taz
166,166,false,Cookie
1784,1784,false,Cooper
98,98,false,Lily
1255,1255,false,Dixie
408,408,false,Molly
1725,1725,false,Sugar
1392,1392,false,Zoey
1571,1571,false,Cocoa
399,399,false,Casey
729,729,false,Snickers
1411,1411,false,Angel
73,73,false,Bella
1266,1266,false,Annie
664,664,false,Lola
203,203,false,Pepper
1998,1998,false,Angel
1143,1143,false,Roxie
1154,1154,false,Roxy
1540,1540,false,Jasper
273,273,false,Patches
1079,1079,false,Harley
239,239,false,Lola
662,662,false,Tank
356,356,false,Cocoa
572,572,false,Bo
785,785,false,Zeus
927,927,false,Lilly
1248,1248,false,Snickers
165,165,false,Lexi
398,398,false,Oscar
699,699,false,Bruno
950,950,false,Cookie
1583,1583,false,Zoey
2003,2003,false,Chloe
1595,1595,false,Jasmine
945,945,false,Duke
1254,1254,false,Sadie
1026,1026,false,Tyson
886,886,false,Chance
1999,1999,false,Gracie
547,547,false,Abby
312,312,false,Mia
1557,1557,false,Sugar
1993,1993,false,Ruby
1114,1114,false,Jake
453,453,false,Tank
714,714,false,Jake
673,673,false,Cookie
324,324,false,Charlie
943,943,false,Harley
1122,1122,false,Abby
570,570,false,Missy
1652,1652,false,Shelby
379,379,false,Sophie
1606,1606,false,Chico
1335,1335,false,Max
635,635,false,Ruby
865,865,false,Zoe
905,905,false,Ruby
418,418,false,Sasha
1043,1043,false,Teddy
690,690,false,Zoe
1463,1463,false,Sasha
1101,1101,false,Charlie
1531,1531,false,Zeus
1314,1314,false,Patches
1322,1322,false,Cookie
599,599,false,Toby
7,7,false,Sasha
520,520,false,Buddy
1680,1680,false,Lola
1401,1401,false,Angel
726,726,false,Sparky
924,924,false,Ginger
216,216,false,Tank
560,560,false,Sophie
1551,1551,false,Sugar
1396,1396,false,Teddy
277,277,false,Buster
346,346,false,Baxter
1431,1431,false,Scooter
1157,1157,false,Missy
1842,1842,false,Lily
1974,1974,false,Cookie
798,798,false,Roxie
1930,1930,false,Lexi
746,746,false,Riley
128,128,false,Rosie
1768,1768,false,Dixie
110,110,false,Rex
1294,1294,false,Dakota
819,819,false,Shelby
934,934,false,Marley
1582,1582,false,Dixie
1563,1563,false,Rusty
2008,2008,false,Cocoa
505,505,false,Murphy
1814,1814,false,Milo
952,952,false,Zoey
1533,1533,false,Ginger
1494,1494,false,Gizmo
1491,1491,false,Mia
1287,1287,false,Roxy
1797,1797,false,Sandy
792,792,false,Bruno
1275,1275,false,Lola
126,126,false,Zeus
10,10,false,Lily
1834,1834,false,Coco
1262,1262,false,Rex
1818,1818,false,Mia
158,158,false,Max
802,802,false,Coco
1309,1309,false,Cookie
1599,1599,false,Roxie
998,998,false,Peanut
683,683,false,Sasha
380,380,false,Bubba
1878,1878,false,Bear
1477,1477,false,Buddy
194,194,false,Ginger
687,687,false,Max
1318,1318,false,Missy
1064,1064,false,Snickers
1710,1710,false,Riley
1943,1943,false,Scooter
1906,1906,false,Precious
1691,1691,false,Annie
1732,1732,false,Sassy
580,580,false,Angel
2004,2004,false,Lucy
1979,1979,false,Oreo
461,461,false,Casey
11,11,false,Zoe
631,631,false,Cooper
698,698,false,Rosie
170,170,false,Rosie
596,596,false,Lexi
1138,1138,false,Zeus
848,848,false,Buddy
306,306,false,Blue
22,22,false,Brutus
918,918,false,Peanut
1964,1964,false,Baby
684,684,false,Rocky
340,340,false,Honey
1115,1115,false,Mia
50,50,false,Precious
1846,1846,false,Lexi
1014,1014,false,Diamond
1628,1628,false,Lilly
1528,1528,false,Misty
1692,1692,false,Chico
843,843,false,Pepper
1231,1231,false,Chance
1495,1495,false,Sandy
1921,1921,false,Bella
1908,1908,false,Precious
305,305,false,Mia
1111,1111,false,Duke
1553,1553,false,Rosie
1857,1857,false,Lucky
1989,1989,false,Patches
936,936,false,Cookie
1197,1197,false,Milo
1086,1086,false,Maggie
167,167,false,Belle
1116,1116,false,Diesel
132,132,false,Harvey
1343,1343,false,Cocoa
508,508,false,Jasmine
46,46,false,Baby
845,845,false,Oscar
1970,1970,false,Cody
1865,1865,false,Scooter
1095,1095,false,Baby
1320,1320,false,Baby
56,56,false,Lucky
1308,1308,false,Bo
156,156,false,Sandy
403,403,false,Sassy
385,385,false,Jasmine
752,752,false,Diamond
913,913,false,Spike
1382,1382,false,Bruno
140,140,false,Chloe
135,135,false,Harvey
1069,1069,false,Maggie
145,145,false,Peanut
712,712,false,Jasmine
42,42,false,Bear
176,176,false,Zeus
1202,1202,false,Riley
1488,1488,false,Rex
1097,1097,false,Honey
289,289,false,Roxy
1573,1573,false,Abby
513,513,false,Chance
1938,1938,false,Shelby
700,700,false,Cocoa
1951,1951,false,Sadie
1112,1112,false,Bandit
1739,1739,false,Lucy
1188,1188,false,Bear
1564,1564,false,Snoopy
837,837,false,Spike
761,761,false,Toby
331,331,false,Gracie
677,677,false,Blue
543,543,false,Belle
1072,1072,false,Casey
1191,1191,false,Chico
222,222,false,Bubba
536,536,false,Missy
1629,1629,false,Zoey
1121,1121,false,Jack
1379,1379,false,Chance
1991,1991,false,Shadow
451,451,false,Lily
656,656,false,Jake
320,320,false,Rex
1285,1285,false,Jasmine
427,427,false,Lexi
1949,1949,false,Patches
653,653,false,Precious
1135,1135,false,Duke
345,345,false,Tucker
552,552,false,Misty
1688,1688,false,Murphy
717,717,false,Rex
217,217,false,Cookie
232,232,false,Buddy
610,610,false,Annie
1863,1863,false,Dakota
1096,1096,false,Tyson
294,294,false,Bailey
503,503,false,Abby
774,774,false,Zeus
1845,1845,false,Shadow
679,679,false,Rex
815,815,false,Casey
1792,1792,false,Snickers
215,215,false,Casey
77,77,false,Chance
341,341,false,Sandy
1789,1789,false,Bo
773,773,false,Snickers
406,406,false,Oreo
269,269,false,Brutus
301,301,false,Daisy
816,816,false,Tank
984,984,false,Murphy
1267,1267,false,Harley
188,188,false,Sugar
1619,1619,false,Charlie
1505,1505,false,Luna
1227,1227,false,Lexi
756,756,false,Sassy
339,339,false,Penny
1520,1520,false,Maggie
1959,1959,false,Abby
447,447,false,Daisy
1544,1544,false,Angel
1031,1031,false,Charlie
823,823,false,Angel
985,985,false,Rusty
1941,1941,false,Patches
253,253,false,Cody
1667,1667,false,Sadie
1950,1950,false,Lilly
1646,1646,false,Luna
1479,1479,false,Belle
1228,1228,false,Molly
539,539,false,Sammy
1220,1220,false,Jasper
988,988,false,Zoe
1590,1590,false,Zeus
1864,1864,false,Peanut
1212,1212,false,Dixie
1291,1291,false,Lucky
38,38,false,Chloe
376,376,false,Bo
1172,1172,false,Bo
106,106,false,Bella
120,120,false,Luna
1539,1539,false,Pepper
91,91,false,Sugar
512,512,false,Pepper
1105,1105,false,Max
1236,1236,false,Toby
959,959,false,Lilly
589,589,false,Jack
1065,1065,false,Cody
442,442,false,Sparky
725,725,false,Sparky
1686,1686,false,Baby
784,784,false,Cookie
689,689,false,Milo
1764,1764,false,Scooter
634,634,false,Sadie
81,81,false,Missy
1120,1120,false,Harvey
1510,1510,false,Precious
586,586,false,Lucky
890,890,false,Ruby
54,54,false,Bo
879,879,false,Buster
208,208,false,Zoe
1487,1487,false,Lilly
809,809,false,Roxie
1884,1884,false,Shelby
1348,1348,false,Lady
49,49,false,Blue
995,995,false,Lola
1833,1833,false,Peanut
1067,1067,false,Rusty
1209,1209,false,Bubba
989,989,false,Harvey
874,874,false,Lady
13,13,false,Rosie
652,652,false,Mia
962,962,false,Belle
1534,1534,false,Dixie
1213,1213,false,Dixie
252,252,false,Scooter
1988,1988,false,Murphy
956,956,false,Sammy
566,566,false,Bandit
96,96,false,Sophie
688,688,false,Sugar
1981,1981,false,Lucky
1011,1011,false,Cooper
1024,1024,false,Angel
1470,1470,false,Daisy
1004,1004,false,Sugar
470,470,false,Buddy
1305,1305,false,Luna
327,327,false,Gracie
1542,1542,false,Marley
1412,1412,false,Cookie
1823,1823,false,Brutus
622,622,false,Honey
1927,1927,false,Missy
642,642,false,Luna
1916,1916,false,Bo
1356,1356,false,Sassy
1669,1669,false,Daisy
702,702,false,Pepper
1682,1682,false,Sammy
851,851,false,Brutus
1559,1559,false,Rosie
1181,1181,false,Casey
813,813,false,Diesel
1151,1151,false,Gizmo
265,265,false,Sophie
1268,1268,false,Chico
1593,1593,false,Buster
1581,1581,false,Princess
1038,1038,false,Gizmo
1109,1109,false,Cody
1915,1915,false,Charlie
613,613,false,Mia
835,835,false,Brutus
1068,1068,false,Belle
1028,1028,false,Peanut
1812,1812,false,Taz
591,591,false,Taz
1368,1368,false,Shelby
1500,1500,false,Teddy
948,948,false,Tucker
1677,1677,false,Lilly
1323,1323,false,Bandit
1687,1687,false,Teddy
1554,1554,false,Shadow
1630,1630,false,Mia
1757,1757,false,Ginger
1828,1828,false,Gizmo
1820,1820,false,Jake
1127,1127,false,Lady
174,174,false,Sassy
1615,1615,false,Rusty
439,439,false,Sadie
489,489,false,Jake
1707,1707,false,Baxter
368,368,false,Harley
209,209,false,Lexi
600,600,false,Jack
1550,1550,false,Ginger
185,185,false,Maggie
1643,1643,false,Tyson
1178,1178,false,Taz
1963,1963,false,Ginger
1189,1189,false,Shadow
1867,1867,false,Lilly
168,168,false,Sadie
806,806,false,Lily
367,367,false,Teddy
1657,1657,false,Tank
1843,1843,false,Jake
448,448,false,Sophie
90,90,false,Sophie
1608,1608,false,Zoe
1827,1827,false,Sadie
288,288,false,Roxy
1671,1671,false,Princess
1703,1703,false,Bo
1522,1522,false,Abby
1881,1881,false,Oreo
291,291,false,Charlie
811,811,false,Rex
2005,2005,false,Rusty
342,342,false,Cody
765,765,false,Gracie
531,531,false,Ruby
147,147,false,Rascal
893,893,false,Penny
272,272,false,Bailey
719,719,false,Patches
197,197,false,Jasmine
967,967,false,Riley
651,651,false,Jake
405,405,false,Lily
1464,1464,false,Sam
149,149,false,Belle
134,134,false,Annie
1136,1136,false,Zoe
279,279,false,Bear
392,392,false,Bella
111,111,false,Luna
582,582,false,Bailey
914,914,false,Peanut
30,30,false,Toby
85,85,false,Rascal
313,313,false,Bubba
315,315,false,Buddy
1451,1451,false,Tank
814,814,false,Bailey
300,300,false,Milo
1186,1186,false,Snoopy
1456,1456,false,Zoey
1794,1794,false,Snickers
808,808,false,Coco
1641,1641,false,Toby
1773,1773,false,Sadie
1695,1695,false,Abby
200,200,false,Abby
1555,1555,false,Sam
2002,2002,false,Zoe
1577,1577,false,Chance
1426,1426,false,Jasper
710,710,false,Milo
192,192,false,Chance
1726,1726,false,Lady
1872,1872,false,Cooper
839,839,false,Jasper
1811,1811,false,Missy
1519,1519,false,Riley
748,748,false,Pepper
407,407,false,Scooter
991,991,false,Sam
1247,1247,false,Penny
184,184,false,Honey
1282,1282,false,Blue
1499,1499,false,Charlie
103,103,false,Chance
1556,1556,false,Jake
932,932,false,Blue
1536,1536,false,Harley
1808,1808,false,Cody
1156,1156,false,Ginger
68,68,false,Abby
1684,1684,false,Bella
831,831,false,Molly
1850,1850,false,Harley
1569,1569,false,Oreo
92,92,false,Zeus
465,465,false,Sandy
1484,1484,false,Chance
109,109,false,Cookie
5,5,false,Rocky
951,951,false,Baxter
1755,1755,false,Bo
256,256,false,Marley
1924,1924,false,Ruby
1091,1091,false,Sam
649,649,false,Casey
1419,1419,false,Baby
1331,1331,false,Bailey
889,889,false,Princess
40,40,false,Lilly
1804,1804,false,Shadow
1056,1056,false,Ruby
899,899,false,Belle
1973,1973,false,Buddy
1796,1796,false,Lilly
1614,1614,false,Buddy
1208,1208,false,Tyson
