child_id,client_id,deleted,pet_name
230,230,false,Princess
1559,1559,false,Taz
260,260,false,Dixie
1715,1715,false,Jasmine
285,285,false,Ginger
1723,1723,false,Bandit
1013,1013,false,Gizmo
1292,1292,false,Toby
1757,1757,false,Sandy
1794,1794,false,Chloe
545,545,false,Luna
48,48,false,Spike
1180,1180,false,Shadow
313,313,false,Charlie
1097,1097,false,Jack
1135,1135,false,Sugar
2009,2009,false,Bruno
1845,1845,false,Gracie
533,533,false,Rascal
683,683,false,Murphy
540,540,false,Rocky
710,710,false,Luna
1365,1365,false,Sassy
320,320,false,Cocoa
1157,1157,false,Zeus
363,363,false,Maggie
337,337,false,Casey
1594,1594,false,Ruby
564,564,false,Daisy
1919,1919,false,Lola
1207,1207,false,Zeus
1889,1889,false,Bubba
1217,1217,false,Honey
1740,1740,false,Cocoa
217,217,false,Tucker
618,618,false,Belle
1214,1214,false,Rosie
1274,1274,false,Toby
222,222,false,Annie
1370,1370,false,Honey
585,585,false,Cody
680,680,false,Jasmine
199,199,false,Honey
1592,1592,false,Coco
933,933,false,Chance
556,556,false,Cookie
1958,1958,false,Bandit
1859,1859,false,Pepper
495,495,false,Teddy
1155,1155,false,Spike
1273,1273,false,Marley
720,720,false,Dixie
88,88,false,Zoe
1460,1460,false,Missy
1564,1564,false,Cocoa
881,881,false,Brutus
493,493,false,Lucky
1465,1465,false,Bubba
1814,1814,false,Casey
1164,1164,false,Jake
1082,1082,false,Baby
1803,1803,false,Lily
358,358,false,Baby
1949,1949,false,Spike
1374,1374,false,Murphy
1873,1873,false,Scooter
860,860,false,Misty
149,149,false,Baxter
1142,1142,false,Oscar
99,99,false,Coco
1696,1696,false,Lucy
1579,1579,false,Molly
771,771,false,Toby
597,597,false,Sadie
71,71,false,Oreo
1887,1887,false,Jasmine
164,164,false,Diesel
722,722,false,Jake
660,660,false,Scooter
891,891,false,Tank
831,831,false,Rocky
528,528,false,Bailey
1506,1506,false,Rascal
1553,1553,false,Zoey
1079,1079,false,Diamond
1549,1549,false,Misty
299,299,false,Zeus
161,161,false,Belle
1099,1099,false,Sam
1640,1640,false,Jack
593,593,false,Sam
1153,1153,false,Gizmo
1401,1401,false,Cody
927,927,false,Rocky
333,333,false,Zoey
1269,1269,false,Bruno
657,657,false,Maggie
1792,1792,false,Rocky
1193,1193,false,Peanut
1379,1379,false,Shadow
945,945,false,Rusty
1830,1830,false,Gracie
1870,1870,false,Zeus
612,612,false,Bubba
1237,1237,false,Shelby
486,486,false,Sugar
1471,1471,false,Lucy
1545,1545,false,Rex
1922,1922,false,Pepper
1824,1824,false,Tank
1075,1075,false,Lady
1927,1927,false,Rosie
1428,1428,false,Zoey
1057,1057,false,Sophie
732,732,false,Charlie
1633,1633,false,Cocoa
1037,1037,false,Roxie
641,641,false,Tyson
207,207,false,Bailey
960,960,false,Cookie
1858,1858,false,Mia
1904,1904,false,Riley
1504,1504,false,Sammy
10,10,false,Sparky
418,418,false,Roxie
1981,1981,false,Rusty
307,307,false,Spike
1878,1878,false,Lola
253,253,false,Zeus
1512,1512,false,Patches
853,853,false,Bandit
1869,1869,false,Jack
201,201,false,Bubba
232,232,false,Cookie
123,123,false,Tyson
455,455,false,Milo
955,955,false,Lady
1638,1638,false,Rusty
1120,1120,false,Harley
1685,1685,false,Oreo
1925,1925,false,Gizmo
297,297,false,Murphy
1616,1616,false,Princess
1420,1420,false,Harvey
1705,1705,false,Bear
982,982,false,Shelby
1144,1144,false,Rosie
1326,1326,false,Sparky
622,622,false,Molly
1955,1955,false,Gizmo
1313,1313,false,Baby
1674,1674,false,Max
883,883,false,Diesel
388,388,false,Harley
1847,1847,false,Ginger
221,221,false,Buddy
1162,1162,false,Lucy
1337,1337,false,Shadow
1688,1688,false,Murphy
858,858,false,Harley
806,806,false,Shadow
192,192,false,Sam
983,983,false,Diesel
737,737,false,Ruby
351,351,false,Maggie
892,892,false,Diesel
1433,1433,false,Jake
28,28,false,Rascal
821,821,false,Lily
1788,1788,false,Duke
1657,1657,false,Lola
1528,1528,false,Gracie
633,633,false,Mia
35,35,false,Missy
1003,1003,false,Buddy
1462,1462,false,Belle
1413,1413,false,Maggie
1419,1419,false,Molly
1684,1684,false,Missy
1199,1199,false,Jack
1129,1129,false,Bandit
1929,1929,false,Baby
1459,1459,false,Missy
157,157,false,Oreo
651,651,false,Bailey
59,59,false,Tank
342,342,false,Riley
1841,1841,false,Shelby
1176,1176,false,Daisy
1268,1268,false,Mia
971,971,false,Taz
96,96,false,Spike
1194,1194,false,Bailey
1189,1189,false,Taz
1884,1884,false,Bo
840,840,false,Spike
787,787,false,Duke
578,578,false,Zoe
953,953,false,Snoopy
119,119,false,Maggie
1445,1445,false,Gracie
1963,1963,false,Jasmine
22,22,false,Bear
1565,1565,false,Snoopy
471,471,false,Charlie
976,976,false,Pepper
447,447,false,Mia
507,507,false,Chloe
344,344,false,Lily
752,752,false,Roxie
24,24,false,Baby
1693,1693,false,Oreo
920,920,false,Ginger
308,308,false,Daisy
255,255,false,Roxie
263,263,false,Sparky
282,282,false,Bella
513,513,false,Sugar
972,972,false,Tyson
1210,1210,false,Toby
1784,1784,false,Lucky
1532,1532,false,Rosie
869,869,false,Sam
280,280,false,Sammy
1979,1979,false,Cocoa
1392,1392,false,Roxie
1848,1848,false,Baby
1967,1967,false,Buster
663,663,false,Shadow
1409,1409,false,Maggie
1093,1093,false,Spike
296,296,false,Sammy
1943,1943,false,Jake
792,792,false,Murphy
1607,1607,false,Rascal
1933,1933,false,Sassy
318,318,false,Bandit
1722,1722,false,Duke
1938,1938,false,Bear
1275,1275,false,Buddy
1461,1461,false,Roxy
1063,1063,false,Tucker
1318,1318,false,Gracie
484,484,false,Rosie
962,962,false,Precious
68,68,false,Bubba
429,429,false,Sandy
1356,1356,false,Scooter
1813,1813,false,Coco
5,5,false,Sophie
923,923,false,Riley
115,115,false,Sammy
1732,1732,false,Max
1089,1089,false,Shelby
1115,1115,false,Roxy
85,85,false,Brutus
300,300,false,Toby
917,917,false,Rusty
1539,1539,false,Bailey
692,692,false,Princess
1258,1258,false,Daisy
292,292,false,Jasmine
104,104,false,Sparky
1315,1315,false,Ruby
791,791,false,Belle
1711,1711,false,Rocky
1612,1612,false,Abby
1856,1856,false,Spike
1635,1635,false,Luna
1472,1472,false,Murphy
228,228,false,Jasmine
379,379,false,Daisy
86,86,false,Charlie
1323,1323,false,Princess
1304,1304,false,Baxter
120,120,false,Pepper
1843,1843,false,Sophie
1580,1580,false,Diamond
1324,1324,false,Gizmo
1666,1666,false,Tyson
866,866,false,Sassy
1673,1673,false,Angel
298,298,false,Teddy
1783,1783,false,Lilly
1555,1555,false,Casey
830,830,false,Sam
1444,1444,false,Rocky
861,861,false,Coco
1991,1991,false,Snickers
775,775,false,Jake
801,801,false,Princess
569,569,false,Annie
1944,1944,false,Coco
490,490,false,Chance
1613,1613,false,Cooper
377,377,false,Rascal
877,877,false,Milo
767,767,false,Honey
974,974,false,Buster
579,579,false,Angel
202,202,false,Rocky
2005,2005,false,Roxy
676,676,false,Sasha
401,401,false,Zoe
2,2,false,Maggie
1422,1422,false,Gizmo
216,216,false,Chloe
1756,1756,false,Jake
369,369,false,Mia
251,251,false,Rocky
899,899,false,Sammy
1569,1569,false,Charlie
724,724,false,Snickers
1320,1320,false,Snoopy
1316,1316,false,Bailey
305,305,false,Milo
143,143,false,Spike
1165,1165,false,Snickers
284,284,false,Harvey
947,947,false,Buster
55,55,false,Molly
89,89,false,Roxie
1262,1262,false,Shadow
1871,1871,false,Buster
1716,1716,false,Chance
312,312,false,Jack
354,354,false,Peanut
951,951,false,Buster
468,468,false,Lily
1054,1054,false,Harvey
1909,1909,false,Gizmo
1139,1139,false,Mia
1935,1935,false,Maggie
416,416,false,Sugar
773,773,false,Sugar
1247,1247,false,Jake
2007,2007,false,Bo
469,469,false,Cody
1839,1839,false,Shadow
907,907,false,Patches
1743,1743,false,Diamond
788,788,false,Maggie
900,900,false,Gizmo
1571,1571,false,Sadie
1403,1403,false,Sophie
1526,1526,false,Marley
1619,1619,false,Bailey
1389,1389,false,Riley
856,856,false,Cooper
814,814,false,Cocoa
1621,1621,false,Buddy
1327,1327,false,Lucky
989,989,false,Baxter
1934,1934,false,Tyson
1175,1175,false,Gizmo
439,439,false,Cocoa
265,265,false,Sparky
807,807,false,Rascal
1932,1932,false,Blue
1827,1827,false,Lexi
1677,1677,false,Lola
185,185,false,Bella
1566,1566,false,Baby
975,975,false,Cookie
1591,1591,false,Belle
522,522,false,Jack
403,403,false,Lola
1636,1636,false,Riley
78,78,false,Cocoa
1513,1513,false,Buddy
1538,1538,false,Sugar
1587,1587,false,Sugar
249,249,false,Lucky
93,93,false,Cody
79,79,false,Daisy
629,629,false,Jake
1531,1531,false,Zoe
769,769,false,Rosie
256,256,false,Shelby
1656,1656,false,Casey
741,741,false,Oreo
16,16,false,Lily
864,864,false,Charlie
1731,1731,false,Lady
857,857,false,Rocky
1083,1083,false,Shelby
205,205,false,Bandit
706,706,false,Princess
1686,1686,false,Snoopy
805,805,false,Murphy
1733,1733,false,Lexi
1331,1331,false,Honey
888,888,false,Lily
1940,1940,false,Lilly
1503,1503,false,Sam
1149,1149,false,Bubba
685,685,false,Ginger
1815,1815,false,Harvey
990,990,false,Ruby
535,535,false,Sassy
1770,1770,false,Duke
1453,1453,false,Brutus
1426,1426,false,Lady
1436,1436,false,Diamond
614,614,false,Jasper
1004,1004,false,Diesel
289,289,false,Riley
1998,1998,false,Belle
1010,1010,false,Shelby
373,373,false,Chloe
730,730,false,Honey
2000,2000,false,Taz
1804,1804,false,Bruno
646,646,false,Cookie
1240,1240,false,Cookie
499,499,false,Buster
1294,1294,false,Snoopy
1234,1234,false,Sammy
1893,1893,false,Cody
370,370,false,Murphy
1639,1639,false,Penny
526,526,false,Ginger
1761,1761,false,Luna
204,204,false,Sandy
1838,1838,false,Marley
464,464,false,Lily
1734,1734,false,Tank
1000,1000,false,Rocky
731,731,false,Rocky
736,736,false,Max
1440,1440,false,Precious
1797,1797,false,Rex
1764,1764,false,Misty
1344,1344,false,Bo
1883,1883,false,Baby
21,21,false,Jasmine
969,969,false,Rocky
559,559,false,Sparky
436,436,false,Duke
570,570,false,Harvey
1192,1192,false,Sparky
1947,1947,false,Sassy
27,27,false,Cooper
1371,1371,false,Pepper
711,711,false,Luna
213,213,false,Precious
257,257,false,Missy
1670,1670,false,Patches
1151,1151,false,Daisy
1008,1008,false,Precious
592,592,false,Duke
53,53,false,Bella
1381,1381,false,Pepper
606,606,false,Tank
352,352,false,Roxy
1809,1809,false,Penny
422,422,false,Tyson
1599,1599,false,Lilly
56,56,false,Snoopy
1648,1648,false,Lola
500,500,false,Belle
749,749,false,Bandit
1497,1497,false,Sandy
1537,1537,false,Tyson
925,925,false,Toby
596,596,false,Honey
1284,1284,false,Jack
721,721,false,Tyson
445,445,false,Dixie
155,155,false,Sugar
1682,1682,false,Buster
1651,1651,false,Spike
558,558,false,Ruby
565,565,false,Jake
1447,1447,false,Taz
147,147,false,Shadow
1980,1980,false,Annie
1819,1819,false,Charlie
244,244,false,Lilly
909,909,false,Bear
107,107,false,Cody
158,158,false,Coco
779,779,false,Duke
1437,1437,false,Pepper
467,467,false,Gracie
23,23,false,Baby
1877,1877,false,Precious
527,527,false,Cocoa
139,139,false,Peanut
311,311,false,Chance
1158,1158,false,Bailey
367,367,false,Roxie
817,817,false,Brutus
1712,1712,false,Rusty
1071,1071,false,Penny
446,446,false,Cocoa
799,799,false,Missy
254,254,false,Marley
1338,1338,false,Sugar
214,214,false,Oscar
1096,1096,false,Jasper
1265,1265,false,Casey
1626,1626,false,Shelby
870,870,false,Luna
460,460,false,Toby
1041,1041,false,Roxie
1001,1001,false,Jack
1138,1138,false,Oreo
895,895,false,Patches
1654,1654,false,Sophie
80,80,false,Taz
428,428,false,Gracie
1340,1340,false,Annie
1368,1368,false,Jake
29,29,false,Snickers
1663,1663,false,Bruno
1457,1457,false,Bear
1458,1458,false,Lucky
1801,1801,false,Sophie
671,671,false,Sophie
846,846,false,Buster
754,754,false,Luna
151,151,false,Spike
1790,1790,false,Missy
1396,1396,false,Oscar
1064,1064,false,Abby
878,878,false,Chico
1252,1252,false,Rusty
234,234,false,Spike
1470,1470,false,Rusty
435,435,false,Roxy
624,624,false,Zoe
1617,1617,false,Cookie
1762,1762,false,Harley
1853,1853,false,Rosie
1295,1295,false,Patches
1012,1012,false,Bo
1386,1386,false,Patches
1150,1150,false,Rocky
1363,1363,false,Rosie
1325,1325,false,Sasha
1048,1048,false,Tucker
497,497,false,Belle
165,165,false,Harley
1280,1280,false,Brutus
1547,1547,false,Tyson
1469,1469,false,Penny
774,774,false,Zoey
1011,1011,false,Peanut
125,125,false,Lucy
343,343,false,Cody
329,329,false,Diesel
146,146,false,Oscar
832,832,false,Angel
340,340,false,Belle
57,57,false,Oscar
1049,1049,false,Sam
1019,1019,false,Luna
1960,1960,false,Lola
1322,1322,false,Max
492,492,false,Teddy
525,525,false,Peanut
1367,1367,false,Rex
566,566,false,Snickers
1404,1404,false,Chance
1226,1226,false,Casey
550,550,false,Luna
101,101,false,Brutus
172,172,false,Oscar
1910,1910,false,Sandy
634,634,false,Honey
1660,1660,false,Rusty
1432,1432,false,Rocky
70,70,false,Lexi
427,427,false,Baxter
601,601,false,Lola
835,835,false,Harvey
530,530,false,Princess
1866,1866,false,Buddy
62,62,false,Bo
1246,1246,false,Sadie
1895,1895,false,Daisy
1495,1495,false,Tucker
829,829,false,Taz
812,812,false,Cooper
405,405,false,Chloe
1302,1302,false,Coco
1463,1463,false,Patches
1574,1574,false,Rocky
30,30,false,Chance
845,845,false,Sparky
823,823,false,Roxie
1709,1709,false,Snoopy
1474,1474,false,Dakota
1415,1415,false,Snoopy
1894,1894,false,Sasha
1864,1864,false,Gracie
1596,1596,false,Mia
1007,1007,false,Sophie
426,426,false,Scooter
1628,1628,false,Riley
502,502,false,Bo
1727,1727,false,Bo
1971,1971,false,Zoey
1652,1652,false,Bailey
177,177,false,Pepper
913,913,false,Cocoa
1299,1299,false,Lily
1136,1136,false,Cookie
985,985,false,Honey
223,223,false,Cocoa
1266,1266,false,Rosie
811,811,false,Jake
742,742,false,Honey
586,586,false,Sparky
677,677,false,Gizmo
113,113,false,Jack
26,26,false,Sammy
1478,1478,false,Chico
1786,1786,false,Zeus
1039,1039,false,Taz
715,715,false,Duke
640,640,false,Taz
1601,1601,false,Coco
1669,1669,false,Misty
1263,1263,false,Zoey
1760,1760,false,Blue
1541,1541,false,Dixie
590,590,false,Zoe
409,409,false,Pepper
83,83,false,Sammy
926,926,false,Shelby
759,759,false,Jake
1061,1061,false,Baxter
1121,1121,false,Dakota
324,324,false,Sam
922,922,false,Scooter
581,581,false,Gracie
1662,1662,false,Tyson
1637,1637,false,Lilly
1117,1117,false,Teddy
1244,1244,false,Luna
897,897,false,Lily
303,303,false,Max
825,825,false,Lucy
1400,1400,false,Shadow
346,346,false,Teddy
1372,1372,false,Dakota
121,121,false,Patches
43,43,false,Pepper
51,51,false,Taz
134,134,false,Annie
617,617,false,Peanut
1060,1060,false,Murphy
867,867,false,Oreo
548,548,false,Lucy
1950,1950,false,Misty
1791,1791,false,Sassy
1384,1384,false,Tank
8,8,false,Harvey
1608,1608,false,Max
1407,1407,false,Lexi
1110,1110,false,Sparky
1744,1744,false,Zoey
1844,1844,false,Sugar
1505,1505,false,Riley
696,696,false,Lucky
1985,1985,false,Luna
1772,1772,false,Bruno
425,425,false,Cody
444,444,false,Cookie
1454,1454,false,Diesel
1854,1854,false,Buddy
110,110,false,Scooter
408,408,false,Bubba
1941,1941,false,Baxter
1604,1604,false,Chance
1184,1184,false,Rocky
872,872,false,Belle
1282,1282,false,Harley
1826,1826,false,Maggie
1752,1752,false,Tyson
489,489,false,Baby
1828,1828,false,Roxy
1476,1476,false,Riley
314,314,false,Cody
1923,1923,false,Misty
921,921,false,Dixie
348,348,false,Annie
1897,1897,false,Ginger
1514,1514,false,Cookie
813,813,false,Gracie
980,980,false,Daisy
1879,1879,false,Sam
1885,1885,false,Zoe
480,480,false,Coco
1800,1800,false,Murphy
605,605,false,Buddy
549,549,false,Buster
267,267,false,Ginger
375,375,false,Annie
246,246,false,Tucker
1287,1287,false,Jake
1780,1780,false,Chloe
145,145,false,Cocoa
359,359,false,Bubba
196,196,false,Zeus
847,847,false,Precious
87,87,false,Peanut
1112,1112,false,Lucy
91,91,false,Jack
1196,1196,false,Taz
1796,1796,false,Bruno
153,153,false,Ginger
432,432,false,Oreo
1088,1088,false,Diamond
687,687,false,Sophie
803,803,false,Patches
1719,1719,false,Coco
331,331,false,Spike
1339,1339,false,Rusty
11,11,false,Angel
504,504,false,Sugar
1020,1020,false,Rex
1930,1930,false,Honey
1609,1609,false,Luna
1298,1298,false,Toby
1125,1125,false,Sophie
81,81,false,Marley
1146,1146,false,Gracie
1424,1424,false,Shelby
915,915,false,Chico
1703,1703,false,Sparky
1647,1647,false,Buddy
924,924,false,Belle
1966,1966,false,Max
804,804,false,Sandy
1618,1618,false,Diamond
904,904,false,Ginger
1603,1603,false,Sugar
1630,1630,false,Jasmine
1170,1170,false,Snoopy
623,623,false,Bruno
1928,1928,false,Ruby
1946,1946,false,Rosie
1251,1251,false,Sandy
1427,1427,false,Dixie
1789,1789,false,Angel
233,233,false,Casey
1811,1811,false,Patches
275,275,false,Harley
1383,1383,false,Gizmo
1718,1718,false,Gracie
1201,1201,false,Zoe
1704,1704,false,Harley
1080,1080,false,Lilly
252,252,false,Marley
678,678,false,Murphy
784,784,false,Angel
1577,1577,false,Rascal
584,584,false,Sugar
665,665,false,Rascal
1679,1679,false,Bubba
1070,1070,false,Shelby
1398,1398,false,Snickers
1018,1018,false,Bruno
178,178,false,Oscar
1536,1536,false,Princess
1166,1166,false,Murphy
1552,1552,false,Buddy
1997,1997,false,Patches
1798,1798,false,Belle
868,868,false,Tucker
757,757,false,Shelby
133,133,false,Mia
547,547,false,Snickers
1659,1659,false,Sam
1171,1171,false,Bruno
1046,1046,false,Riley
1388,1388,false,Sammy
1369,1369,false,Charlie
674,674,false,Buster
679,679,false,Cookie
1489,1489,false,Sadie
1095,1095,false,Cooper
163,163,false,Diesel
1689,1689,false,Sophie
1191,1191,false,Lucky
874,874,false,Honey
1509,1509,false,Gracie
1006,1006,false,Bruno
661,661,false,Spike
822,822,false,Chloe
1773,1773,false,Cooper
744,744,false,Roxy
180,180,false,Peanut
793,793,false,Rosie
1745,1745,false,Charlie
1706,1706,false,Tucker
1890,1890,false,Chico
1735,1735,false,Chance
176,176,false,Belle
1289,1289,false,Cocoa
4,4,false,Honey
1140,1140,false,Sadie
1116,1116,false,Lucy
608,608,false,Baby
181,181,false,Rocky
746,746,false,Roxy
1418,1418,false,Lady
698,698,false,Sassy
1423,1423,false,Zeus
538,538,false,Cocoa
1218,1218,false,Cody
159,159,false,Harvey
863,863,false,Snickers
583,583,false,Princess
978,978,false,Zeus
1159,1159,false,Scooter
1977,1977,false,Zeus
1009,1009,false,Lexi
52,52,false,Cooper
918,918,false,Shadow
609,609,false,Bo
1098,1098,false,Casey
19,19,false,Roxie
992,992,false,Baby
301,301,false,Teddy
695,695,false,Dixie
142,142,false,Lucky
1694,1694,false,Toby
34,34,false,Charlie
487,487,false,Shelby
519,519,false,Sophie
383,383,false,Bandit
1385,1385,false,Zoey
808,808,false,Roxy
1857,1857,false,Bandit
716,716,false,Bandit
186,186,false,Sugar
647,647,false,Lola
1956,1956,false,Zoey
1899,1899,false,Roxy
1123,1123,false,Angel
600,600,false,Marley
1215,1215,false,Maggie
1231,1231,false,Sophie
74,74,false,Chloe
1104,1104,false,Lily
1272,1272,false,Shelby
1543,1543,false,Honey
1336,1336,false,Lily
1186,1186,false,Lily
130,130,false,Milo
833,833,false,Sophie
598,598,false,Snoopy
1860,1860,false,Shelby
1554,1554,false,Jack
1572,1572,false,Toby
31,31,false,Marley
987,987,false,Max
828,828,false,Sadie
391,391,false,Abby
898,898,false,Roxy
102,102,false,Ruby
1567,1567,false,Peanut
1350,1350,false,Murphy
589,589,false,Rex
1439,1439,false,Sammy
1948,1948,false,Buddy
1916,1916,false,Luna
916,916,false,Sam
534,534,false,Cody
1529,1529,false,Chico
824,824,false,Sam
1059,1059,false,Milo
981,981,false,Gracie
1939,1939,false,Roxie
1821,1821,false,Sasha
1111,1111,false,Cocoa
611,611,false,Sammy
1267,1267,false,Sparky
355,355,false,Oscar
1200,1200,false,Daisy
1903,1903,false,Bo
290,290,false,Sasha
309,309,false,Coco
603,603,false,Rocky
385,385,false,Coco
1126,1126,false,Sophie
1002,1002,false,Lily
670,670,false,Buddy
727,727,false,Snoopy
1622,1622,false,Taz
1523,1523,false,Rocky
1077,1077,false,Bear
1043,1043,false,Blue
642,642,false,Lola
1812,1812,false,Sophie
1451,1451,false,Molly
1314,1314,false,Precious
789,789,false,Misty
1466,1466,false,Snoopy
1623,1623,false,Bailey
1178,1178,false,Rosie
1926,1926,false,Bruno
225,225,false,Sassy
1086,1086,false,Teddy
1055,1055,false,Diesel
1699,1699,false,Dakota
654,654,false,Bo
1233,1233,false,Baby
1249,1249,false,Bandit
1132,1132,false,Bandit
740,740,false,Tyson
1867,1867,false,Jasmine
1936,1936,false,Belle
1307,1307,false,Shadow
336,336,false,Oreo
451,451,false,Chico
1787,1787,false,Sophie
433,433,false,Misty
1544,1544,false,Snoopy
210,210,false,Sandy
194,194,false,Riley
1882,1882,false,Gracie
1551,1551,false,Lexi
1084,1084,false,Oscar
478,478,false,Tucker
1655,1655,false,Teddy
491,491,false,Roxy
666,666,false,Misty
420,420,false,Princess
1293,1293,false,Lexi
577,577,false,Sammy
717,717,false,Blue
421,421,false,Rosie
1078,1078,false,Belle
1918,1918,false,Molly
984,984,false,Abby
997,997,false,Pepper
733,733,false,Sasha
838,838,false,Zeus
935,935,false,Sugar
1276,1276,false,Lady
384,384,false,Daisy
227,227,false,Belle
245,245,false,Rosie
704,704,false,Sophie
131,131,false,Ruby
1678,1678,false,Sophie
1202,1202,false,Chance
1976,1976,false,Patches
1301,1301,false,Jack
2006,2006,false,Bear
1346,1346,false,Cooper
697,697,false,Sparky
1954,1954,false,Oreo
582,582,false,Honey
1085,1085,false,Bubba
1128,1128,false,Zoey
1702,1702,false,Baxter
1620,1620,false,Bailey
655,655,false,Patches
1834,1834,false,Tucker
15,15,false,Cookie
330,330,false,Bruno
1782,1782,false,Jake
632,632,false,Harley
1227,1227,false,Chloe
1206,1206,false,Honey
1880,1880,false,Baby
777,777,false,Bella
967,967,false,Misty
208,208,false,Pepper
1455,1455,false,Sassy
1643,1643,false,Chloe
1068,1068,false,Jake
1475,1475,false,Bo
1994,1994,false,Ginger
1942,1942,false,Sam
1028,1028,false,Tank
1351,1351,false,Sugar
1912,1912,false,Cooper
288,288,false,Honey
886,886,false,Misty
1829,1829,false,Princess
1876,1876,false,Murphy
402,402,false,Lilly
1485,1485,false,Bear
836,836,false,Charlie
855,855,false,Daisy
1517,1517,false,Taz
1822,1822,false,Ginger
956,956,false,Toby
13,13,false,Zoe
1035,1035,false,Cody
879,879,false,Sandy
1152,1152,false,Lily
184,184,false,Spike
555,555,false,Lady
714,714,false,Blue
2002,2002,false,Oscar
1962,1962,false,Rex
1995,1995,false,Toby
1377,1377,false,Pepper
174,174,false,Ginger
378,378,false,Milo
1248,1248,false,Tank
672,672,false,Milo
264,264,false,Angel
712,712,false,Coco
1915,1915,false,Chloe
523,523,false,Pepper
295,295,false,Rocky
273,273,false,Mia
450,450,false,Bailey
630,630,false,Snoopy
1550,1550,false,Oreo
44,44,false,Oreo
398,398,false,Dixie
64,64,false,Zoe
959,959,false,Misty
723,723,false,Chico
475,475,false,Ruby
1498,1498,false,Murphy
690,690,false,Roxie
563,563,false,Tyson
109,109,false,Precious
1441,1441,false,Casey
643,643,false,Bubba
1076,1076,false,Brutus
508,508,false,Gracie
1259,1259,false,Sassy
748,748,false,Misty
279,279,false,Sophie
1687,1687,false,Bo
602,602,false,Coco
1556,1556,false,Molly
1143,1143,false,Jake
417,417,false,Penny
503,503,false,Penny
372,372,false,Pepper
1479,1479,false,Scooter
1122,1122,false,Zeus
827,827,false,Abby
544,544,false,Harley
60,60,false,Rex
781,781,false,Zoe
1198,1198,false,Riley
1190,1190,false,Toby
1996,1996,false,Shadow
103,103,false,Sassy
485,485,false,Teddy
1358,1358,false,Spike
620,620,false,Diamond
1109,1109,false,Buster
1825,1825,false,Snickers
668,668,false,Baby
562,562,false,Bandit
778,778,false,Bruno
338,338,false,Bella
150,150,false,Bruno
1522,1522,false,Snickers
1511,1511,false,Oreo
531,531,false,Rosie
875,875,false,Jack
766,766,false,Jasper
1707,1707,false,Taz
1106,1106,false,Precious
1023,1023,false,Charlie
374,374,false,Dixie
940,940,false,Scooter
39,39,false,Molly
669,669,false,Sophie
63,63,false,Diesel
510,510,false,Chloe
595,595,false,Precious
106,106,false,Cody
1430,1430,false,Bruno
46,46,false,Harvey
520,520,false,Rosie
1250,1250,false,Ginger
141,141,false,Patches
932,932,false,Lola
206,206,false,Sugar
726,726,false,Diesel
753,753,false,Oscar
241,241,false,Diesel
516,516,false,Tucker
386,386,false,Cooper
521,521,false,Diesel
1027,1027,false,Brutus
1359,1359,false,Snoopy
72,72,false,Chico
1575,1575,false,Roxie
148,148,false,Blue
1835,1835,false,Chico
449,449,false,Oscar
1755,1755,false,Lucky
1168,1168,false,Bubba
350,350,false,Cody
1558,1558,false,Ruby
1355,1355,false,Lucky
1208,1208,false,Rocky
901,901,false,Diesel
575,575,false,Lexi
841,841,false,Diesel
1366,1366,false,Bo
1297,1297,false,Duke
82,82,false,Taz
362,362,false,Toby
1051,1051,false,Buddy
1501,1501,false,Rosie
226,226,false,Coco
594,594,false,Misty
635,635,false,Taz
936,936,false,Lilly
1490,1490,false,Shadow
743,743,false,Rex
1113,1113,false,Oreo
1069,1069,false,Tyson
1271,1271,false,Sadie
541,541,false,Buddy
268,268,false,Abby
412,412,false,Diamond
1645,1645,false,Buddy
896,896,false,Harvey
473,473,false,Lucky
725,725,false,Chico
229,229,false,Misty
240,240,false,Oreo
1319,1319,false,Luna
1972,1972,false,Snoopy
1296,1296,false,Sparky
424,424,false,Bruno
719,719,false,Dixie
1863,1863,false,Bandit
1710,1710,false,Cookie
1334,1334,false,Baxter
463,463,false,Peanut
1254,1254,false,Marley
1823,1823,false,Coco
1646,1646,false,Bandit
1698,1698,false,Lucy
795,795,false,Roxy
914,914,false,Tyson
1658,1658,false,Mia
1602,1602,false,Buddy
349,349,false,Jasper
1768,1768,false,Mia
1818,1818,false,Buster
108,108,false,Honey
942,942,false,Diamond
274,274,false,Shelby
1836,1836,false,Sparky
1675,1675,false,Lilly
219,219,false,Buddy
129,129,false,Precious
876,876,false,Sasha
1456,1456,false,Charlie
38,38,false,Riley
197,197,false,Gizmo
1631,1631,false,Snoopy
968,968,false,Jasmine
1309,1309,false,Brutus
1665,1665,false,Tyson
1410,1410,false,Ginger
1993,1993,false,Brutus
1902,1902,false,Bailey
1581,1581,false,Sassy
459,459,false,Roxy
1279,1279,false,Blue
765,765,false,Baxter
1525,1525,false,Murphy
941,941,false,Duke
1353,1353,false,Annie
1492,1492,false,Jack
203,203,false,Diamond
882,882,false,Murphy
1681,1681,false,Buddy
152,152,false,Baby
1701,1701,false,Diesel
293,293,false,Cookie
1147,1147,false,Molly
1261,1261,false,Gracie
1036,1036,false,Luna
1661,1661,false,Lady
1861,1861,false,Spike
1983,1983,false,Zoe
243,243,false,Bailey
1508,1508,false,Chance
1395,1395,false,Diesel
761,761,false,Lily
1589,1589,false,Jasmine
619,619,false,Sammy
1223,1223,false,Angel
1667,1667,false,Lady
587,587,false,Misty
1345,1345,false,Ruby
700,700,false,Abby
124,124,false,Tucker
1203,1203,false,Casey
1205,1205,false,Harvey
848,848,false,Princess
1653,1653,false,Shelby
454,454,false,Sparky
1989,1989,false,Teddy
1438,1438,false,Diesel
191,191,false,Scooter
943,943,false,Shadow
209,209,false,Ginger
529,529,false,Gracie
1216,1216,false,Jake
2001,2001,false,Lola
819,819,false,Misty
1220,1220,false,Bella
461,461,false,Oscar
1412,1412,false,Coco
1378,1378,false,Max
291,291,false,Cody
1005,1005,false,Snoopy
1978,1978,false,Precious
1851,1851,false,Marley
1914,1914,false,Jack
911,911,false,Ruby
1050,1050,false,Bubba
785,785,false,Bella
1846,1846,false,Lucky
248,248,false,Abby
1229,1229,false,Sugar
1952,1952,false,Diesel
488,488,false,Lily
1044,1044,false,Shadow
393,393,false,Belle
413,413,false,Jake
637,637,false,Bo
112,112,false,Zoey
820,820,false,Dixie
266,266,false,Misty
365,365,false,Lucky
1431,1431,false,Bailey
1494,1494,false,Sam
1134,1134,false,Harley
873,873,false,Harvey
1402,1402,false,Abby
140,140,false,Riley
179,179,false,Missy
1354,1354,false,Duke
1849,1849,false,Tyson
1066,1066,false,Luna
1729,1729,false,Bruno
1047,1047,false,Casey
1548,1548,false,Toby
183,183,false,Lady
1257,1257,false,Mia
1446,1446,false,Patches
1961,1961,false,Sammy
1769,1769,false,Rex
458,458,false,Cody
949,949,false,Teddy
1102,1102,false,Abby
281,281,false,Misty
684,684,false,Coco
49,49,false,Sadie
509,509,false,Missy
1270,1270,false,Missy
1758,1758,false,Jasper
1360,1360,false,Tank
1042,1042,false,Milo
1578,1578,false,Jasmine
1141,1141,false,Jasmine
1154,1154,false,Bella
453,453,false,Jack
1053,1053,false,Misty
1816,1816,false,Abby
2008,2008,false,Bo
1901,1901,false,Rascal
638,638,false,Coco
970,970,false,Chico
1862,1862,false,Bandit
929,929,false,Cody
434,434,false,Bear
1145,1145,false,Gizmo
1850,1850,false,Abby
514,514,false,Bailey
964,964,false,Charlie
1560,1560,false,Jasper
1957,1957,false,Sasha
1239,1239,false,Chico
1781,1781,false,Peanut
1582,1582,false,Molly
32,32,false,Coco
780,780,false,Tank
25,25,false,Sparky
745,745,false,Pepper
1738,1738,false,Tucker
800,800,false,Lilly
261,261,false,Sugar
1590,1590,false,Sammy
335,335,false,Brutus
880,880,false,Dixie
1317,1317,false,Brutus
770,770,false,Lexi
1310,1310,false,Sadie
1131,1131,false,Oscar
599,599,false,Shelby
707,707,false,Lucky
1094,1094,false,Sassy
466,466,false,Chance
950,950,false,Patches
1728,1728,false,Sammy
703,703,false,Jasper
1700,1700,false,Annie
247,247,false,Sophie
1805,1805,false,Rosie
114,114,false,Toby
849,849,false,Lilly
1330,1330,false,Honey
1016,1016,false,Princess
9,9,false,Rex
796,796,false,Tank
616,616,false,Belle
406,406,false,Chico
798,798,false,Charlie
236,236,false,Shadow
1530,1530,false,Sassy
1872,1872,false,Luna
1348,1348,false,Blue
1502,1502,false,Sophie
1235,1235,false,Shelby
345,345,false,Baby
276,276,false,Bandit
851,851,false,Bruno
1683,1683,false,Sadie
1725,1725,false,Mia
1595,1595,false,Lady
1245,1245,false,Mia
782,782,false,Spike
1397,1397,false,Rascal
1520,1520,false,Sophie
1695,1695,false,Coco
1034,1034,false,Annie
304,304,false,Bella
1021,1021,false,Sasha
1920,1920,false,Ruby
1312,1312,false,Diamond
954,954,false,Rascal
1352,1352,false,Bella
1807,1807,false,Rosie
1833,1833,false,Missy
42,42,false,Ginger
701,701,false,Sparky
404,404,false,Zoe
1785,1785,false,Lily
682,682,false,Sadie
1167,1167,false,Princess
1030,1030,false,Rascal
169,169,false,Abby
1806,1806,false,Harley
1417,1417,false,Jake
1450,1450,false,Sophie
1852,1852,false,Diamond
37,37,false,Max
1585,1585,false,Bo
930,930,false,Marley
1892,1892,false,Buster
69,69,false,Tank
75,75,false,Roxie
1406,1406,false,Bailey
1842,1842,false,Gizmo
368,368,false,Shadow
477,477,false,Tyson
1748,1748,false,Sassy
1477,1477,false,Sam
1741,1741,false,Bella
1197,1197,false,Bubba
790,790,false,Scooter
772,772,false,Roxie
734,734,false,Tank
1546,1546,false,Riley
1361,1361,false,Brutus
810,810,false,Rex
138,138,false,Angel
1951,1951,false,Shelby
1726,1726,false,Casey
713,713,false,Dixie
122,122,false,Harvey
551,551,false,Belle
889,889,false,Roxie
472,472,false,Luna
764,764,false,Baby
729,729,false,Sadie
1421,1421,false,Maggie
571,571,false,Pepper
859,859,false,Angel
20,20,false,Mia
1357,1357,false,Bo
994,994,false,Roxie
239,239,false,Teddy
97,97,false,Honey
1236,1236,false,Patches
794,794,false,Bruno
1808,1808,false,Roxie
604,604,false,Chance
1777,1777,false,Sasha
1970,1970,false,Gracie
1775,1775,false,Casey
906,906,false,Tank
1820,1820,false,Chance
1990,1990,false,Tucker
2004,2004,false,Jack
339,339,false,Pepper
885,885,false,Cookie
160,160,false,Roxy
1767,1767,false,Chico
1724,1724,false,Chance
691,691,false,Ruby
415,415,false,Zoey
948,948,false,Angel
1905,1905,false,Coco
364,364,false,Harvey
1090,1090,false,Sugar
1156,1156,false,Tank
41,41,false,Gizmo
1329,1329,false,Bruno
193,193,false,Jasper
631,631,false,Harley
61,61,false,Taz
1500,1500,false,Misty
1487,1487,false,Cookie
625,625,false,Abby
1081,1081,false,Baxter
1256,1256,false,Casey
47,47,false,Chance
763,763,false,Lucy
839,839,false,Daisy
1163,1163,false,Roxy
271,271,false,Sam
1278,1278,false,Spike
966,966,false,Jake
1332,1332,false,Diesel
894,894,false,Misty
470,470,false,Molly
524,524,false,Sammy
94,94,false,Luna
1837,1837,false,Snoopy
1222,1222,false,Sparky
1766,1766,false,Teddy
1376,1376,false,Lucky
747,747,false,Charlie
7,7,false,Luna
1177,1177,false,Lilly
576,576,false,Lucky
317,317,false,Dakota
323,323,false,Ruby
1907,1907,false,Casey
170,170,false,Sophie
1031,1031,false,Dakota
1264,1264,false,Brutus
1026,1026,false,Patches
1911,1911,false,Lucky
1025,1025,false,Lady
73,73,false,Roxie
902,902,false,Bo
1624,1624,false,Roxy
852,852,false,Zoey
1493,1493,false,Spike
1605,1605,false,Rex
1515,1515,false,Angel
1855,1855,false,Diesel
430,430,false,Jasmine
1342,1342,false,Sugar
286,286,false,Maggie
919,919,false,Baxter
818,818,false,Penny
1975,1975,false,Charlie
797,797,false,Ginger
1443,1443,false,Chico
1965,1965,false,Roxie
1765,1765,false,Ruby
939,939,false,Marley
1382,1382,false,Precious
871,871,false,Chance
182,182,false,Rocky
1017,1017,false,Baxter
553,553,false,Rex
1137,1137,false,Diesel
865,865,false,Bubba
144,144,false,Zoey
688,688,false,Abby
1119,1119,false,Coco
360,360,false,Harley
1945,1945,false,Duke
738,738,false,Marley
442,442,false,Sophie
552,552,false,Ginger
664,664,false,Coco
1986,1986,false,Buddy
768,768,false,Rascal
154,154,false,Blue
572,572,false,Princess
166,166,false,Tyson
45,45,false,Cody
242,242,false,Snickers
694,694,false,Gizmo
802,802,false,Dixie
1185,1185,false,Lola
437,437,false,Annie
501,501,false,Lucky
483,483,false,Cooper
215,215,false,Toby
1387,1387,false,Sasha
1486,1486,false,Cooper
3,3,false,Charlie
1364,1364,false,Murphy
1087,1087,false,Lady
400,400,false,Milo
910,910,false,Missy
1065,1065,false,Oscar
392,392,false,Murphy
1937,1937,false,Daisy
1074,1074,false,Jack
1290,1290,false,Bear
1173,1173,false,Diesel
1570,1570,false,Precious
1793,1793,false,Murphy
588,588,false,Max
928,928,false,Annie
1484,1484,false,Diesel
127,127,false,Sophie
1524,1524,false,Lily
844,844,false,Cocoa
1746,1746,false,Blue
237,237,false,Sugar
652,652,false,Brutus
1642,1642,false,Lucky
681,681,false,Teddy
294,294,false,Milo
1224,1224,false,Peanut
1568,1568,false,Harvey
95,95,false,Milo
649,649,false,Scooter
67,67,false,Zeus
419,419,false,Ruby
1328,1328,false,Snickers
607,607,false,Marley
156,156,false,Roxie
1127,1127,false,Sasha
884,884,false,Teddy
705,705,false,Casey
498,498,false,Daisy
1499,1499,false,Diesel
278,278,false,Sophie
397,397,false,Tank
751,751,false,Shadow
636,636,false,Milo
988,988,false,Diesel
574,574,false,Chloe
1557,1557,false,Bo
212,212,false,Teddy
1058,1058,false,Lilly
1188,1188,false,Zeus
850,850,false,Shelby
1730,1730,false,Lexi
1611,1611,false,Tyson
1242,1242,false,Sandy
357,357,false,Bubba
675,675,false,Rex
50,50,false,Shadow
14,14,false,Bear
702,702,false,Rocky
1291,1291,false,Max
1464,1464,false,Diesel
1452,1452,false,Rex
1118,1118,false,Baby
481,481,false,Marley
1900,1900,false,Sammy
190,190,false,Honey
1056,1056,false,Cocoa
1160,1160,false,Annie
1281,1281,false,Tank
658,658,false,Chloe
532,532,false,Sandy
1073,1073,false,Buddy
322,322,false,Daisy
1720,1720,false,Angel
1510,1510,false,Sophie
1672,1672,false,Buddy
626,626,false,Angel
537,537,false,Diesel
903,903,false,Rosie
1886,1886,false,Rocky
662,662,false,Belle
40,40,false,Baxter
407,407,false,Snickers
1969,1969,false,Roxy
366,366,false,Murphy
1032,1032,false,Honey
1062,1062,false,Rascal
65,65,false,Scooter
1306,1306,false,Diesel
1399,1399,false,Tank
105,105,false,Rusty
659,659,false,Tucker
410,410,false,Milo
1303,1303,false,Precious
1040,1040,false,Buster
739,739,false,Zoe
1690,1690,false,Cody
175,175,false,Shadow
1,1,false,Jasper
1625,1625,false,Sam
505,505,false,Belle
84,84,false,Spike
755,755,false,Luna
946,946,false,Milo
1108,1108,false,Bailey
1588,1588,false,Sandy
543,543,false,Rosie
648,648,false,Bubba
1650,1650,false,Tucker
269,269,false,Mia
1774,1774,false,Honey
1211,1211,false,Bruno
1204,1204,false,Mia
1754,1754,false,Lilly
1015,1015,false,Taz
506,506,false,Sadie
423,423,false,Abby
1708,1708,false,Tyson
573,573,false,Patches
1563,1563,false,Snoopy
1033,1033,false,Jake
1739,1739,false,Snickers
1373,1373,false,Zoey
220,220,false,Oscar
17,17,false,Zeus
321,321,false,Snickers
842,842,false,Taz
1260,1260,false,Jasper
494,494,false,Harley
76,76,false,Lola
567,567,false,Belle
1668,1668,false,Gizmo
90,90,false,Lucy
1865,1865,false,Tucker
786,786,false,Scooter
1779,1779,false,Ginger
756,756,false,Penny
1375,1375,false,Gracie
986,986,false,Daisy
1232,1232,false,Sugar
137,137,false,Toby
1241,1241,false,Cocoa
1664,1664,false,Cooper
686,686,false,Dixie
100,100,false,Lexi
135,135,false,Annie
1988,1988,false,Oscar
1482,1482,false,Gizmo
1182,1182,false,Snickers
1491,1491,false,Baxter
189,189,false,Sasha
387,387,false,Baxter
944,944,false,Max
999,999,false,Rocky
389,389,false,Diesel
621,621,false,Gizmo
1753,1753,false,Shelby
809,809,false,Lady
758,758,false,Snoopy
1606,1606,false,Oreo
259,259,false,Sparky
441,441,false,Chance
1629,1629,false,Belle
168,168,false,Casey
993,993,false,Cookie
1390,1390,false,Toby
1614,1614,false,Dakota
1393,1393,false,Shadow
1931,1931,false,Bo
33,33,false,Cocoa
1692,1692,false,Cody
1697,1697,false,Dakota
1285,1285,false,Cocoa
54,54,false,Sassy
890,890,false,Bruno
1187,1187,false,Taz
1747,1747,false,Sam
1091,1091,false,Annie
653,653,false,Jack
644,644,false,Sasha
1518,1518,false,Taz
319,319,false,Jake
302,302,false,Zoey
126,126,false,Oscar
568,568,false,Baxter
693,693,false,Lexi
762,762,false,Tucker
1742,1742,false,Oreo
376,376,false,Jake
1691,1691,false,Bandit
1600,1600,false,Sugar
718,718,false,Murphy
783,783,false,Cooper
443,443,false,Murphy
1778,1778,false,Jack
77,77,false,Oscar
341,341,false,Murphy
1763,1763,false,Casey
843,843,false,Sugar
952,952,false,Cocoa
1448,1448,false,Jasmine
977,977,false,Annie
1414,1414,false,Chloe
1717,1717,false,Sugar
931,931,false,Blue
1014,1014,false,Harley
961,961,false,Ginger
1817,1817,false,Cocoa
1586,1586,false,Baby
1100,1100,false,Zoey
231,231,false,Roxy
627,627,false,Lola
1736,1736,false,Peanut
465,465,false,Cookie
462,462,false,Sam
1133,1133,false,Gizmo
1347,1347,false,Rusty
1029,1029,false,Mia
361,361,false,Oreo
117,117,false,Daisy
650,650,false,Charlie
1321,1321,false,Lucky
591,591,false,Annie
1974,1974,false,Shadow
332,332,false,Buddy
136,136,false,Mia
1429,1429,false,Murphy
1908,1908,false,Princess
1362,1362,false,Buster
546,546,false,Chloe
395,395,false,Misty
1181,1181,false,Dixie
1333,1333,false,Spike
18,18,false,Tank
411,411,false,Tucker
1496,1496,false,Shelby
908,908,false,Sam
1213,1213,false,Molly
1891,1891,false,Roxie
211,211,false,Penny
347,347,false,Baby
1831,1831,false,Ruby
1341,1341,false,Roxie
315,315,false,Max
1442,1442,false,Mia
645,645,false,Bruno
356,356,false,Pepper
171,171,false,Spike
167,167,false,Sophie
1535,1535,false,Lady
1516,1516,false,Zoey
92,92,false,Blue
1209,1209,false,Shelby
613,613,false,Dakota
1092,1092,false,Oscar
673,673,false,Sandy
1984,1984,false,Jack
1917,1917,false,Buddy
1992,1992,false,Jake
1219,1219,false,Snoopy
98,98,false,Blue
1795,1795,false,Scooter
1875,1875,false,Rosie
1906,1906,false,Zoey
887,887,false,Bella
452,452,false,Roxy
162,162,false,Annie
735,735,false,Bo
262,262,false,Dixie
1288,1288,false,Charlie
310,310,false,Baxter
1562,1562,false,Maggie
1627,1627,false,Sparky
776,776,false,Penny
580,580,false,Murphy
1953,1953,false,Cooper
382,382,false,Annie
1467,1467,false,Patches
517,517,false,Jack
854,854,false,Sugar
834,834,false,Lexi
476,476,false,Teddy
325,325,false,Snickers
235,235,false,Mia
1183,1183,false,Riley
1253,1253,false,Cooper
1959,1959,false,Lily
656,656,false,Honey
1416,1416,false,Baxter
496,496,false,Lucy
438,438,false,Rascal
328,328,false,Lola
116,116,false,Sammy
639,639,false,Rascal
457,457,false,Max
893,893,false,Bailey
554,554,false,Bo
1534,1534,false,Sammy
188,188,false,Jake
456,456,false,Rocky
1521,1521,false,Cookie
1519,1519,false,Molly
1810,1810,false,Jack
414,414,false,Rex
1771,1771,false,Bailey
1022,1022,false,Patches
709,709,false,Missy
1610,1610,false,Gracie
353,353,false,Bubba
224,224,false,Sophie
1480,1480,false,Dixie
1593,1593,false,Bo
394,394,false,Taz
1228,1228,false,Buster
1394,1394,false,Rex
283,283,false,Sophie
1230,1230,false,Chico
306,306,false,Sugar
1243,1243,false,Cody
689,689,false,Lucy
1349,1349,false,Rocky
1072,1072,false,Diesel
381,381,false,Tyson
1561,1561,false,Harley
905,905,false,Sassy
6,6,false,Roxy
334,334,false,Lola
1527,1527,false,Lexi
118,118,false,Cookie
1148,1148,false,Precious
1584,1584,false,Belle
1542,1542,false,Lola
1799,1799,false,Rex
1255,1255,false,Pepper
699,699,false,Sophie
1750,1750,false,Bubba
250,250,false,Lucy
1481,1481,false,Oscar
1449,1449,false,Angel
1225,1225,false,Diamond
66,66,false,Ruby
396,396,false,Bandit
1632,1632,false,Rascal
1896,1896,false,Snickers
1045,1045,false,Maggie
1881,1881,false,Sophie
1483,1483,false,Sassy
200,200,false,Sammy
327,327,false,Penny
1105,1105,false,Harley
1286,1286,false,Cooper
1737,1737,false,Roxy
1161,1161,false,Misty
667,667,false,Patches
474,474,false,Belle
1964,1964,false,Abby
963,963,false,Casey
1238,1238,false,Milo
628,628,false,Sparky
1671,1671,false,Tyson
1052,1052,false,Taz
1114,1114,false,Jake
1124,1124,false,Snickers
195,195,false,Rusty
1576,1576,false,Abby
1435,1435,false,Bruno
58,58,false,Baxter
132,132,false,Missy
539,539,false,Annie
938,938,false,Zoey
1598,1598,false,Lola
1583,1583,false,Gizmo
2003,2003,false,Chico
1888,1888,false,Chance
1311,1311,false,Cocoa
1615,1615,false,Jack
1714,1714,false,Molly
1277,1277,false,Lucky
991,991,false,Bella
1169,1169,false,Misty
615,615,false,Sparky
1391,1391,false,Brutus
536,536,false,Sam
1649,1649,false,Princess
1130,1130,false,Lady
1840,1840,false,Sophie
561,561,false,Cody
965,965,false,Zeus
1968,1968,false,Sparky
1641,1641,false,Sandy
826,826,false,Brutus
1898,1898,false,Marley
560,560,false,Shadow
1405,1405,false,Gizmo
1973,1973,false,Max
750,750,false,Sparky
937,937,false,Bailey
1411,1411,false,Sammy
258,258,false,Maggie
198,198,false,Missy
111,111,false,Zoey
511,511,false,Jasmine
1038,1038,false,Chance
380,380,false,Sandy
399,399,false,Dixie
1473,1473,false,Taz
958,958,false,Ginger
708,708,false,Milo
187,187,false,Sandy
728,728,false,Luna
36,36,false,Marley
1776,1776,false,Molly
287,287,false,Baxter
1634,1634,false,Gizmo
1488,1488,false,Gracie
1540,1540,false,Molly
2010,2010,false,Shadow
1868,1868,false,Coco
1533,1533,false,Marley
1921,1921,false,Gracie
1172,1172,false,Sammy
1573,1573,false,Lucy
1434,1434,false,Cookie
1067,1067,false,Bandit
1103,1103,false,Baby
1425,1425,false,Roxy
1308,1308,false,Harvey
957,957,false,Jack
440,440,false,Murphy
1749,1749,false,Rex
1924,1924,false,Precious
277,277,false,Dixie
512,512,false,Harley
1212,1212,false,Sassy
912,912,false,Chico
557,557,false,Dixie
1107,1107,false,Cocoa
1751,1751,false,Bella
1221,1221,false,Patches
862,862,false,Tank
1507,1507,false,Taz
1987,1987,false,Snickers
1335,1335,false,Casey
326,326,false,Harley
1676,1676,false,Dixie
173,173,false,Shadow
815,815,false,Scooter
995,995,false,Sassy
238,238,false,Dixie
518,518,false,Chance
448,448,false,Zoe
1300,1300,false,Sammy
1874,1874,false,Rosie
973,973,false,Molly
1195,1195,false,Buster
837,837,false,Blue
1024,1024,false,Chico
515,515,false,Angel
479,479,false,Lily
1174,1174,false,Teddy
1802,1802,false,Angel
1179,1179,false,Brutus
128,128,false,Blue
979,979,false,Shadow
371,371,false,Missy
431,431,false,Buster
1343,1343,false,Zeus
1759,1759,false,Taz
1305,1305,false,Bella
390,390,false,Chloe
270,270,false,Chance
760,760,false,Tyson
1283,1283,false,Bubba
1380,1380,false,Diamond
998,998,false,Belle
610,610,false,Lily
1999,1999,false,Bailey
218,218,false,Bo
272,272,false,Chloe
542,542,false,Diamond
482,482,false,Lilly
1408,1408,false,Snickers
996,996,false,Ruby
1597,1597,false,Snoopy
816,816,false,Coco
1468,1468,false,Marley
316,316,false,Spike
