child_id,client_id,deleted,pet_name
323,323,false,Lily
1327,1327,false,Sassy
319,319,false,Princess
1180,1180,false,Misty
437,437,false,Lola
745,745,false,Bella
1766,1766,false,Lilly
1971,1971,false,Toby
1876,1876,false,Brutus
1200,1200,false,Oreo
67,67,false,Sandy
1922,1922,false,Lexi
1917,1917,false,Princess
30,30,false,Baby
599,599,false,Baxter
48,48,false,Gracie
1429,1429,false,Pepper
166,166,false,Missy
409,409,false,Rascal
389,389,false,Penny
270,270,false,Roxy
1041,1041,false,Cooper
113,113,false,Diamond
196,196,false,Harley
822,822,false,Riley
573,573,false,Lucy
1709,1709,false,Chance
868,868,false,Rosie
667,667,false,Snickers
1845,1845,false,Spike
562,562,false,Lilly
688,688,false,Chloe
1422,1422,false,Buddy
1888,1888,false,Bruno
1700,1700,false,Rusty
679,679,false,Rex
1433,1433,false,Dakota
566,566,false,Jack
1120,1120,false,Bruno
89,89,false,Lily
1438,1438,false,Rascal
329,329,false,Milo
1235,1235,false,Zeus
1052,1052,false,Daisy
1259,1259,false,Bear
1875,1875,false,Bandit
43,43,false,Baxter
893,893,false,Shelby
1217,1217,false,Murphy
972,972,false,Peanut
841,841,false,Diesel
1419,1419,false,Roxy
548,548,false,Shadow
1127,1127,false,Rusty
1975,1975,false,Sadie
1424,1424,false,Zeus
1361,1361,false,Lexi
1629,1629,false,Max
57,57,false,Sparky
949,949,false,Teddy
1404,1404,false,Bubba
2009,2009,false,Scooter
1159,1159,false,Lexi
1990,1990,false,Bailey
713,713,false,Bubba
1622,1622,false,Sasha
76,76,false,Buster
1487,1487,false,Shelby
453,453,false,Angel
549,549,false,Spike
110,110,false,Buddy
712,712,false,Oreo
1168,1168,false,Jake
17,17,false,Snoopy
62,62,false,Teddy
1997,1997,false,Buster
235,235,false,Baby
415,415,false,Snoopy
715,715,false,Cocoa
522,522,false,Princess
507,507,false,Sparky
538,538,false,Bandit
1047,1047,false,Max
1250,1250,false,Marley
1956,1956,false,Abby
1165,1165,false,Cooper
929,929,false,Marley
1373,1373,false,Teddy
1392,1392,false,Jasmine
150,150,false,Sadie
708,708,false,Zeus
1962,1962,false,Diesel
1245,1245,false,Peanut
1199,1199,false,Charlie
907,907,false,Bo
1018,1018,false,Jack
114,114,false,Sophie
75,75,false,Rex
231,231,false,Dixie
5,5,false,Rascal
1682,1682,false,Charlie
1995,1995,false,Missy
439,439,false,Mia
717,717,false,Peanut
1665,1665,false,Sadie
1568,1568,false,Shelby
421,421,false,Sammy
1053,1053,false,Mia
35,35,false,Bubba
122,122,false,Rosie
801,801,false,Bailey
66,66,false,Chance
1954,1954,false,Daisy
577,577,false,Milo
945,945,false,Ginger
528,528,false,Misty
118,118,false,Lilly
1036,1036,false,Sammy
1908,1908,false,Abby
699,699,false,Gracie
823,823,false,Daisy
913,913,false,Bruno
1542,1542,false,Charlie
1714,1714,false,Sugar
1538,1538,false,Jack
855,855,false,Rusty
852,852,false,Oscar
590,590,false,Zeus
111,111,false,Ginger
91,91,false,Marley
1929,1929,false,Coco
648,648,false,Sassy
473,473,false,Lily
640,640,false,Annie
809,809,false,Mia
932,932,false,Shadow
1084,1084,false,Diesel
233,233,false,Riley
1781,1781,false,Chloe
504,504,false,Snickers
742,742,false,Sadie
1582,1582,false,Blue
2005,2005,false,Molly
1894,1894,false,Sasha
447,447,false,Pepper
747,747,false,Teddy
1028,1028,false,Roxie
536,536,false,Blue
918,918,false,Bandit
963,963,false,Oreo
547,547,false,Rocky
1256,1256,false,Cocoa
1604,1604,false,Sandy
183,183,false,Buster
318,318,false,Sparky
7,7,false,Rascal
313,313,false,Sugar
588,588,false,Bandit
1233,1233,false,Lola
884,884,false,Missy
121,121,false,Roxie
737,737,false,Sammy
1924,1924,false,Princess
1616,1616,false,Shadow
444,444,false,Bear
485,485,false,Chloe
1145,1145,false,Penny
806,806,false,Sammy
1516,1516,false,Jake
892,892,false,Scooter
701,701,false,Ginger
1734,1734,false,Chloe
1832,1832,false,Lola
552,552,false,Bruno
733,733,false,Belle
210,210,false,Buddy
1632,1632,false,Sophie
1282,1282,false,Rex
534,534,false,Baxter
1441,1441,false,Shadow
1184,1184,false,Bo
1901,1901,false,Zoe
606,606,false,Pepper
1652,1652,false,Blue
1293,1293,false,Rascal
716,716,false,Harley
1114,1114,false,Tank
1970,1970,false,Snoopy
1517,1517,false,Rascal
1499,1499,false,Mia
1210,1210,false,Oscar
148,148,false,Sassy
1804,1804,false,Zoe
1296,1296,false,Max
1371,1371,false,Bruno
1202,1202,false,Sparky
882,882,false,Sophie
1194,1194,false,Lady
1583,1583,false,Pepper
1782,1782,false,Oreo
1743,1743,false,Maggie
740,740,false,Lily
224,224,false,Patches
131,131,false,Shelby
702,702,false,Buster
1879,1879,false,Brutus
1972,1972,false,Missy
749,749,false,Lady
535,535,false,Rocky
1473,1473,false,Sugar
1228,1228,false,Annie
1096,1096,false,Maggie
278,278,false,Toby
146,146,false,Buddy
1147,1147,false,Tank
570,570,false,Harvey
1676,1676,false,Scooter
531,531,false,Missy
817,817,false,Maggie
1989,1989,false,Jack
42,42,false,Cookie
1450,1450,false,Bella
935,935,false,Oscar
696,696,false,Casey
1740,1740,false,Chico
960,960,false,Diamond
1143,1143,false,Roxy
1689,1689,false,Sandy
1531,1531,false,Murphy
1550,1550,false,Princess
1885,1885,false,Honey
1524,1524,false,Buddy
1435,1435,false,Belle
1512,1512,false,Daisy
1602,1602,false,Abby
550,550,false,Penny
178,178,false,Casey
129,129,false,Princess
474,474,false,Buster
1264,1264,false,Baxter
564,564,false,Roxie
487,487,false,Snoopy
1559,1559,false,Bailey
973,973,false,Molly
1574,1574,false,Precious
28,28,false,Sophie
155,155,false,Sammy
1009,1009,false,Blue
277,277,false,Tyson
1492,1492,false,Rascal
1610,1610,false,Cody
1727,1727,false,Missy
328,328,false,Zeus
652,652,false,Lexi
64,64,false,Bandit
1833,1833,false,Daisy
1822,1822,false,Jasper
1505,1505,false,Shadow
248,248,false,Blue
354,354,false,Baby
441,441,false,Bella
519,519,false,Max
1442,1442,false,Penny
200,200,false,Sugar
752,752,false,Belle
744,744,false,Ginger
1445,1445,false,Cookie
1898,1898,false,Shelby
203,203,false,Lola
1871,1871,false,Luna
643,643,false,Cocoa
1814,1814,false,Diesel
762,762,false,Jack
1158,1158,false,Patches
167,167,false,Baxter
1923,1923,false,Gracie
379,379,false,Casey
1667,1667,false,Sophie
1208,1208,false,Jasmine
1278,1278,false,Oscar
302,302,false,Cody
961,961,false,Sophie
589,589,false,Sparky
283,283,false,Charlie
58,58,false,Daisy
1081,1081,false,Sandy
1221,1221,false,Teddy
1353,1353,false,Tank
876,876,false,Penny
586,586,false,Toby
1588,1588,false,Charlie
401,401,false,Maggie
209,209,false,Maggie
88,88,false,Daisy
1980,1980,false,Jack
693,693,false,Lucy
1475,1475,false,Lucky
1152,1152,false,Patches
970,970,false,Harvey
1204,1204,false,Lexi
2010,2010,false,Shelby
858,858,false,Penny
1037,1037,false,Jake
36,36,false,Spike
309,309,false,Diamond
894,894,false,Toby
1408,1408,false,Rusty
866,866,false,Penny
1431,1431,false,Sassy
455,455,false,Diamond
1439,1439,false,Tucker
1192,1192,false,Rascal
1715,1715,false,Lucky
1043,1043,false,Annie
1234,1234,false,Patches
905,905,false,Gizmo
989,989,false,Pepper
21,21,false,Sassy
1563,1563,false,Pepper
265,265,false,Harvey
1054,1054,false,Maggie
1428,1428,false,Bubba
188,188,false,Sadie
482,482,false,Jack
1945,1945,false,Lola
1647,1647,false,Peanut
1079,1079,false,Oscar
2008,2008,false,Bo
612,612,false,Cooper
928,928,false,Penny
722,722,false,Chloe
472,472,false,Blue
195,195,false,Buster
521,521,false,Luna
19,19,false,Milo
953,953,false,Ginger
100,100,false,Peanut
24,24,false,Lexi
1887,1887,false,Taz
503,503,false,Pepper
1835,1835,false,Bailey
756,756,false,Ginger
1398,1398,false,Gizmo
1432,1432,false,Harley
842,842,false,Oscar
1118,1118,false,Shadow
1798,1798,false,Rosie
292,292,false,Sugar
1558,1558,false,Bruno
1539,1539,false,Jake
311,311,false,Coco
1933,1933,false,Rusty
37,37,false,Tucker
1561,1561,false,Cooper
1952,1952,false,Lola
1796,1796,false,Oscar
1231,1231,false,Bubba
750,750,false,Cody
875,875,false,Tucker
137,137,false,Lady
677,677,false,Dakota
378,378,false,Belle
1503,1503,false,Baby
1767,1767,false,Gracie
863,863,false,Teddy
2002,2002,false,Milo
1591,1591,false,Pepper
691,691,false,Jasper
1837,1837,false,Dakota
1967,1967,false,Belle
1236,1236,false,Duke
356,356,false,Spike
1872,1872,false,Sasha
1672,1672,false,Missy
1746,1746,false,Baxter
1163,1163,false,Belle
1091,1091,false,Belle
15,15,false,Marley
956,956,false,Misty
115,115,false,Sammy
1463,1463,false,Jasmine
1969,1969,false,Bandit
1713,1713,false,Toby
1849,1849,false,Sadie
998,998,false,Diamond
293,293,false,Milo
1449,1449,false,Milo
1806,1806,false,Murphy
109,109,false,Duke
1412,1412,false,Sandy
1150,1150,false,Precious
581,581,false,Blue
239,239,false,Cody
1625,1625,false,Cooper
609,609,false,Zoey
1710,1710,false,Diamond
1154,1154,false,Jasper
759,759,false,Missy
1816,1816,false,Coco
1795,1795,false,Peanut
184,184,false,Bailey
804,804,false,Lexi
1863,1863,false,Lilly
1099,1099,false,Lola
1130,1130,false,Oscar
1303,1303,false,Lucky
1275,1275,false,Maggie
1485,1485,false,Buddy
257,257,false,Zeus
1504,1504,false,Peanut
241,241,false,Sadie
1298,1298,false,Maggie
1440,1440,false,Molly
1128,1128,false,Ginger
223,223,false,Penny
294,294,false,Shadow
1953,1953,false,Lola
1481,1481,false,Princess
27,27,false,Buster
499,499,false,Ruby
681,681,false,Jake
1276,1276,false,Zoey
966,966,false,Cooper
1916,1916,false,Jasper
412,412,false,Jake
1170,1170,false,Penny
1721,1721,false,Misty
1021,1021,false,Brutus
992,992,false,Duke
751,751,false,Jasper
919,919,false,Zeus
1213,1213,false,Ruby
1014,1014,false,Bailey
1618,1618,false,Oreo
29,29,false,Cody
1893,1893,false,Bo
1260,1260,false,Diamond
1799,1799,false,Sam
321,321,false,Honey
917,917,false,Diesel
79,79,false,Dixie
402,402,false,Rascal
1493,1493,false,Harvey
672,672,false,Maggie
1117,1117,false,Oscar
377,377,false,Blue
608,608,false,Lilly
1621,1621,false,Rusty
119,119,false,Coco
695,695,false,Harley
1857,1857,false,Spike
497,497,false,Missy
1352,1352,false,Ginger
635,635,false,Harley
1562,1562,false,Rocky
161,161,false,Belle
910,910,false,Jasper
1034,1034,false,Sugar
1570,1570,false,Lilly
41,41,false,Baby
553,553,false,Jasper
1044,1044,false,Zoey
1350,1350,false,Penny
616,616,false,Diamond
647,647,false,Chance
345,345,false,Chico
500,500,false,Mia
568,568,false,Lola
1830,1830,false,Tank
65,65,false,Harvey
1937,1937,false,Cookie
890,890,false,Bruno
1765,1765,false,Sandy
1851,1851,false,Sammy
571,571,false,Buddy
833,833,false,Lucy
108,108,false,Bailey
1779,1779,false,Diesel
219,219,false,Bella
1636,1636,false,Daisy
1318,1318,false,Princess
774,774,false,Cody
1448,1448,false,Annie
86,86,false,Daisy
1931,1931,false,Harley
120,120,false,Brutus
796,796,false,Riley
1389,1389,false,Tyson
1688,1688,false,Coco
1330,1330,false,Misty
520,520,false,Honey
212,212,false,Lily
180,180,false,Patches
436,436,false,Sparky
1902,1902,false,Murphy
1402,1402,false,Scooter
247,247,false,Sassy
1222,1222,false,Ginger
1051,1051,false,Tyson
1794,1794,false,Brutus
1741,1741,false,Penny
607,607,false,Lucky
1417,1417,false,Sasha
1934,1934,false,Dixie
333,333,false,Tyson
1778,1778,false,Buster
1702,1702,false,Belle
764,764,false,Oreo
397,397,false,Sparky
1211,1211,false,Lola
1660,1660,false,Chloe
1787,1787,false,Teddy
197,197,false,Zeus
664,664,false,Bella
572,572,false,Buddy
978,978,false,Sugar
6,6,false,Gracie
649,649,false,Sugar
417,417,false,Bruno
1633,1633,false,Misty
1103,1103,false,Shadow
788,788,false,Belle
87,87,false,Snickers
1681,1681,false,Dixie
68,68,false,Mia
1982,1982,false,Roxie
557,557,false,Lucky
915,915,false,Chance
579,579,false,Tucker
1119,1119,false,Cooper
1580,1580,false,Harley
1156,1156,false,Rusty
964,964,false,Baxter
252,252,false,Sparky
176,176,false,Lola
1497,1497,false,Baxter
90,90,false,Tucker
226,226,false,Sasha
1067,1067,false,Bailey
1606,1606,false,Rosie
1459,1459,false,Baxter
1651,1651,false,Sassy
983,983,false,Toby
159,159,false,Cocoa
1015,1015,false,Marley
53,53,false,Tyson
94,94,false,Shadow
440,440,false,Zoe
1780,1780,false,Ruby
388,388,false,Murphy
206,206,false,Dakota
575,575,false,Baby
1411,1411,false,Cocoa
530,530,false,Precious
1537,1537,false,Gracie
138,138,false,Mia
1007,1007,false,Sadie
1455,1455,false,Harley
1748,1748,false,Cocoa
1470,1470,false,Zoey
1460,1460,false,Sassy
1895,1895,false,Harley
1575,1575,false,Shelby
739,739,false,Baxter
438,438,false,Sam
1557,1557,false,Bella
1528,1528,false,Riley
1215,1215,false,Annie
1866,1866,false,Casey
1462,1462,false,Rusty
272,272,false,Luna
1731,1731,false,Sam
462,462,false,Ruby
1873,1873,false,Chico
1684,1684,false,Cooper
1337,1337,false,Sam
901,901,false,Brutus
1853,1853,false,Luna
1638,1638,false,Taz
537,537,false,Sparky
859,859,false,Zoe
1061,1061,false,Tank
324,324,false,Rascal
1755,1755,false,Buster
787,787,false,Sophie
1643,1643,false,Penny
902,902,false,Duke
1321,1321,false,Baby
1644,1644,false,Mia
330,330,false,Sadie
1761,1761,false,Bear
1005,1005,false,Gracie
790,790,false,Lexi
1756,1756,false,Sam
1409,1409,false,Missy
630,630,false,Bubba
1790,1790,false,Mia
246,246,false,Brutus
1695,1695,false,Rascal
602,602,false,Annie
2004,2004,false,Abby
933,933,false,Max
1496,1496,false,Rascal
1315,1315,false,Bruno
1474,1474,false,Lucy
299,299,false,Charlie
1083,1083,false,Chance
1979,1979,false,Sammy
410,410,false,Zoey
216,216,false,Blue
1815,1815,false,Zoe
826,826,false,Luna
405,405,false,Lady
420,420,false,Snoopy
962,962,false,Harley
127,127,false,Lady
637,637,false,Charlie
97,97,false,Snickers
1635,1635,false,Chloe
229,229,false,Princess
398,398,false,Milo
407,407,false,Blue
1546,1546,false,Charlie
895,895,false,Peanut
574,574,false,Tucker
1288,1288,false,Chloe
467,467,false,Zoey
561,561,false,Milo
854,854,false,Princess
1394,1394,false,Lola
1305,1305,false,Sammy
861,861,false,Sugar
555,555,false,Sophie
1216,1216,false,Duke
1078,1078,false,Oreo
1104,1104,false,Chance
1273,1273,false,Blue
1207,1207,false,Bruno
646,646,false,Ruby
1323,1323,false,Bo
1308,1308,false,Shelby
261,261,false,Misty
909,909,false,Penny
1295,1295,false,Roxy
939,939,false,Shadow
650,650,false,Bubba
1639,1639,false,Lady
1993,1993,false,Daisy
718,718,false,Charlie
1869,1869,false,Lilly
1771,1771,false,Harley
1540,1540,false,Charlie
832,832,false,Mia
1560,1560,false,Brutus
1239,1239,false,Diamond
16,16,false,Toby
1642,1642,false,Sparky
1598,1598,false,Peanut
1326,1326,false,Sophie
81,81,false,Cooper
1628,1628,false,Zoey
56,56,false,Peanut
106,106,false,Princess
661,661,false,Mia
986,986,false,Murphy
40,40,false,Bruno
1354,1354,false,Molly
987,987,false,Diesel
1146,1146,false,Bella
583,583,false,Jasper
1706,1706,false,Rocky
83,83,false,Lady
1973,1973,false,Patches
835,835,false,Coco
1258,1258,false,Teddy
1045,1045,false,Bella
1144,1144,false,Mia
1691,1691,false,Molly
1446,1446,false,Luna
101,101,false,Sugar
256,256,false,Rocky
349,349,false,Dakota
725,725,false,Bailey
1444,1444,false,Sam
830,830,false,Sasha
337,337,false,Chloe
1831,1831,false,Bubba
940,940,false,Lucky
965,965,false,Abby
1640,1640,false,Tucker
342,342,false,Cody
692,692,false,Lady
1747,1747,false,Riley
768,768,false,Rusty
367,367,false,Teddy
95,95,false,Blue
1744,1744,false,Diesel
1108,1108,false,Sasha
988,988,false,Sam
1878,1878,false,Cookie
977,977,false,Daisy
560,560,false,Cody
1495,1495,false,Ruby
1237,1237,false,Charlie
1299,1299,false,Bandit
1719,1719,false,Murphy
1572,1572,false,Duke
671,671,false,Rusty
1251,1251,false,Cookie
1111,1111,false,Sasha
813,813,false,Cookie
1436,1436,false,Marley
431,431,false,Maggie
199,199,false,Taz
1585,1585,false,Gizmo
1387,1387,false,Scooter
495,495,false,Cooper
149,149,false,Bella
523,523,false,Princess
1388,1388,false,Duke
881,881,false,Tucker
1720,1720,false,Duke
1842,1842,false,Harvey
1687,1687,false,Sugar
984,984,false,Harley
416,416,false,Penny
450,450,false,Coco
1415,1415,false,Lily
1704,1704,false,Duke
1357,1357,false,Scooter
1670,1670,false,Missy
1565,1565,false,Annie
1173,1173,false,Cookie
1121,1121,false,Spike
1267,1267,false,Coco
1094,1094,false,Sam
925,925,false,Diesel
1785,1785,false,Bandit
1605,1605,false,Sassy
147,147,false,Rosie
186,186,false,Rascal
1958,1958,false,Buster
1729,1729,false,Jasmine
1553,1553,false,Murphy
1384,1384,false,Jake
887,887,false,Diesel
1768,1768,false,Snoopy
1139,1139,false,Daisy
371,371,false,Jack
624,624,false,Duke
486,486,false,Oreo
1129,1129,false,Blue
584,584,false,Brutus
1430,1430,false,Angel
1862,1862,false,Jasmine
1471,1471,false,Scooter
816,816,false,Shadow
1246,1246,false,Sam
943,943,false,Lucky
381,381,false,Chloe
1001,1001,false,Chloe
1443,1443,false,Dixie
898,898,false,Bubba
1102,1102,false,Jasmine
582,582,false,Tank
1340,1340,false,Rocky
1292,1292,false,Bo
1584,1584,false,Belle
1593,1593,false,Buster
1378,1378,false,Jasmine
93,93,false,Jake
1742,1742,false,Princess
363,363,false,Cocoa
1076,1076,false,Brutus
1478,1478,false,Coco
69,69,false,Cody
1899,1899,false,Annie
697,697,false,Belle
871,871,false,Chloe
1413,1413,false,Ginger
193,193,false,Lola
13,13,false,Shelby
1480,1480,false,Oreo
1057,1057,false,Chance
1658,1658,false,Diesel
517,517,false,Bandit
1027,1027,false,Toby
103,103,false,Zoey
937,937,false,Daisy
314,314,false,Honey
1692,1692,false,Murphy
1983,1983,false,Princess
179,179,false,Roxie
1390,1390,false,Oreo
765,765,false,Bella
1088,1088,false,Bear
1125,1125,false,Brutus
140,140,false,Cody
1074,1074,false,Daisy
948,948,false,Buster
772,772,false,Snickers
1289,1289,false,Gizmo
805,805,false,Daisy
980,980,false,Dakota
997,997,false,Ginger
1182,1182,false,Cody
1829,1829,false,Charlie
968,968,false,Snoopy
1346,1346,false,Jasper
387,387,false,Murphy
1311,1311,false,Lily
1060,1060,false,Lady
1356,1356,false,Diesel
1031,1031,false,Buster
634,634,false,Mia
834,834,false,Lady
262,262,false,Cocoa
128,128,false,Max
1840,1840,false,Sasha
856,856,false,Precious
395,395,false,Cookie
1648,1648,false,Tank
1786,1786,false,Tucker
267,267,false,Shadow
452,452,false,Zoe
496,496,false,Ginger
1334,1334,false,Tucker
1151,1151,false,Tucker
249,249,false,Sammy
1309,1309,false,Casey
920,920,false,Molly
1023,1023,false,Lady
1777,1777,false,Sugar
1738,1738,false,Sophie
1797,1797,false,Bandit
1032,1032,false,Toby
1038,1038,false,Cody
1279,1279,false,Zoey
222,222,false,Oreo
704,704,false,Jake
1312,1312,false,Gracie
951,951,false,Sugar
1498,1498,false,Lola
611,611,false,Bear
1600,1600,false,Sugar
476,476,false,Tucker
338,338,false,Princess
1420,1420,false,Bella
673,673,false,Coco
1566,1566,false,Charlie
192,192,false,Baxter
1425,1425,false,Shelby
592,592,false,Mia
230,230,false,Cody
719,719,false,Tyson
50,50,false,Bubba
244,244,false,Sparky
837,837,false,Lucy
1063,1063,false,Diamond
947,947,false,Scooter
315,315,false,Cookie
92,92,false,Rascal
967,967,false,Tank
413,413,false,Tank
1906,1906,false,Tank
686,686,false,Lady
1454,1454,false,Max
465,465,false,Zoey
885,885,false,Misty
954,954,false,Rocky
659,659,false,Peanut
655,655,false,Chance
82,82,false,Blue
72,72,false,Maggie
1362,1362,false,Jasmine
1712,1712,false,Buddy
1525,1525,false,Riley
187,187,false,Brutus
332,332,false,Diamond
969,969,false,Sassy
974,974,false,Belle
1100,1100,false,Gracie
1817,1817,false,Sugar
1725,1725,false,Buddy
770,770,false,Molly
687,687,false,Sammy
1434,1434,false,Diamond
1554,1554,false,Lady
1238,1238,false,Belle
1858,1858,false,Bruno
1274,1274,false,Oreo
466,466,false,Teddy
1370,1370,false,Rocky
1035,1035,false,Zoe
139,139,false,Harvey
296,296,false,Sasha
786,786,false,Lily
1573,1573,false,Mia
1284,1284,false,Harvey
11,11,false,Bella
1597,1597,false,Lady
629,629,false,Bruno
625,625,false,Jasper
211,211,false,Bruno
1750,1750,false,Cocoa
173,173,false,Bailey
73,73,false,Sophie
390,390,false,Brutus
1791,1791,false,Tyson
1,1,false,Sasha
628,628,false,Lilly
844,844,false,Bailey
1939,1939,false,Angel
1383,1383,false,Teddy
1401,1401,false,Taz
952,952,false,Jack
1097,1097,false,Sparky
169,169,false,Milo
1466,1466,false,Oscar
1820,1820,false,Cocoa
1203,1203,false,Sparky
1846,1846,false,Tank
938,938,false,Baby
1949,1949,false,Bruno
254,254,false,Taz
1191,1191,false,Daisy
335,335,false,Lilly
1066,1066,false,Riley
255,255,false,Baxter
419,419,false,Sassy
469,469,false,Daisy
769,769,false,Abby
595,595,false,Luna
152,152,false,Molly
243,243,false,Bruno
1467,1467,false,Sophie
458,458,false,Spike
1955,1955,false,Mia
1219,1219,false,Chance
1395,1395,false,Snickers
1381,1381,false,Rascal
396,396,false,Bear
1892,1892,false,Rusty
1534,1534,false,Cooper
847,847,false,Luna
1405,1405,false,Sassy
639,639,false,Chance
1345,1345,false,Lucy
1140,1140,false,Cookie
1617,1617,false,Milo
259,259,false,Casey
468,468,false,Roxie
829,829,false,Sophie
1148,1148,false,Zoey
470,470,false,Rosie
1675,1675,false,Belle
1994,1994,false,Zoe
565,565,false,Sassy
31,31,false,Harvey
360,360,false,Lady
799,799,false,Chance
1763,1763,false,Bailey
143,143,false,Honey
1977,1977,false,Lucky
1205,1205,false,Tank
1262,1262,false,Chance
991,991,false,Gizmo
911,911,false,Lily
684,684,false,Harvey
1752,1752,false,Princess
1269,1269,false,Penny
260,260,false,Cody
785,785,false,Buddy
1671,1671,false,Missy
1759,1759,false,Lola
921,921,false,Missy
1153,1153,false,Bella
728,728,false,Shelby
484,484,false,Mia
773,773,false,Sparky
865,865,false,Baxter
1486,1486,false,Tank
386,386,false,Cooper
848,848,false,Lucy
348,348,false,Cody
242,242,false,Sadie
1190,1190,false,Snoopy
1049,1049,false,Sam
1070,1070,false,Ginger
603,603,false,Bailey
1739,1739,false,Marley
653,653,false,Tyson
1883,1883,false,Lola
1483,1483,false,Bubba
1847,1847,false,Annie
1490,1490,false,Roxy
424,424,false,Rascal
1930,1930,false,Sasha
290,290,false,Angel
710,710,false,Bear
171,171,false,Dakota
539,539,false,Baby
1134,1134,false,Bruno
1016,1016,false,Molly
74,74,false,Harley
1819,1819,false,Daisy
1732,1732,false,Jake
1225,1225,false,Molly
1530,1530,false,Lexi
411,411,false,Diamond
1803,1803,false,Rosie
251,251,false,Max
851,851,false,Snickers
136,136,false,Dixie
325,325,false,Oscar
1105,1105,false,Harvey
1889,1889,false,Snickers
540,540,false,Bailey
1909,1909,false,Ginger
529,529,false,Cody
1532,1532,false,Mia
78,78,false,Angel
1393,1393,false,Shadow
1465,1465,false,Sugar
1089,1089,false,Zeus
1013,1013,false,Pepper
368,368,false,Zoe
1252,1252,false,Bella
1957,1957,false,Buddy
587,587,false,Duke
1620,1620,false,Sasha
449,449,false,Dakota
427,427,false,Duke
771,771,false,Abby
1112,1112,false,Ginger
610,610,false,Dakota
1087,1087,false,Buddy
191,191,false,Charlie
1186,1186,false,Chance
237,237,false,Rascal
1399,1399,false,Rusty
1968,1968,false,Ruby
162,162,false,Bear
1976,1976,false,Lola
489,489,false,Bailey
1365,1365,false,Bubba
442,442,false,Bandit
1992,1992,false,Annie
213,213,false,Jasmine
514,514,false,Oscar
357,357,false,Duke
1921,1921,false,Bear
428,428,false,Chance
33,33,false,Lucky
1458,1458,false,Bella
1003,1003,false,Sparky
1827,1827,false,Zeus
1533,1533,false,Jasmine
1914,1914,false,Peanut
271,271,false,Lola
1169,1169,false,Baby
776,776,false,Lucy
623,623,false,Bo
1886,1886,false,Daisy
874,874,false,Annie
567,567,false,Sammy
1813,1813,false,Chico
491,491,false,Toby
425,425,false,Lilly
1406,1406,false,Coco
1166,1166,false,Charlie
8,8,false,Buster
732,732,false,Chico
1456,1456,false,Rocky
393,393,false,Dixie
1072,1072,false,Coco
1764,1764,false,Ruby
1019,1019,false,Duke
2001,2001,false,Roxie
700,700,false,Daisy
729,729,false,Cocoa
1226,1226,false,Rusty
1232,1232,false,Oreo
344,344,false,Diesel
46,46,false,Marley
731,731,false,Lucky
1576,1576,false,Dixie
1848,1848,false,Rascal
165,165,false,Maggie
840,840,false,Penny
930,930,false,Dixie
1661,1661,false,Luna
1502,1502,false,Milo
2003,2003,false,Roxy
1965,1965,false,Gizmo
843,843,false,Baby
228,228,false,Angel
1547,1547,false,Chloe
698,698,false,Mia
104,104,false,Lily
1426,1426,false,Sophie
1668,1668,false,Sam
1302,1302,false,Angel
880,880,false,Roxy
1369,1369,false,Lilly
1017,1017,false,Bo
347,347,false,Rusty
60,60,false,Lilly
872,872,false,Brutus
1116,1116,false,Misty
794,794,false,Coco
554,554,false,Teddy
1611,1611,false,Oscar
1468,1468,false,Zeus
1581,1581,false,Cody
1477,1477,false,Chico
1000,1000,false,Oreo
163,163,false,Honey
1494,1494,false,Snickers
820,820,false,Pepper
1359,1359,false,Luna
1270,1270,false,Blue
215,215,false,Teddy
276,276,false,Annie
1541,1541,false,Snoopy
618,618,false,Cody
803,803,false,Bubba
853,853,false,Chance
307,307,false,Bella
232,232,false,Annie
860,860,false,Rascal
1770,1770,false,Cookie
175,175,false,Dakota
383,383,false,Taz
1511,1511,false,Brutus
1897,1897,false,Annie
812,812,false,Ginger
1548,1548,false,Abby
1022,1022,false,Cooper
1218,1218,false,Roxie
1733,1733,false,Sadie
96,96,false,Bailey
430,430,false,Princess
1447,1447,false,Penny
818,818,false,Tucker
600,600,false,Dakota
1376,1376,false,Molly
596,596,false,Mia
1227,1227,false,Penny
1811,1811,false,Diamond
927,927,false,Taz
391,391,false,Penny
903,903,false,Princess
1900,1900,false,Bailey
1577,1577,false,Tucker
1230,1230,false,Dakota
1223,1223,false,Abby
1265,1265,false,Riley
1030,1030,false,Lucky
320,320,false,Shadow
1586,1586,false,Rusty
1551,1551,false,Rocky
513,513,false,Max
1062,1062,false,Lola
1653,1653,false,Milo
1002,1002,false,Brutus
926,926,false,Jake
936,936,false,Misty
1654,1654,false,Gracie
1095,1095,false,Chico
668,668,false,Diesel
1927,1927,false,Princess
1843,1843,false,Angel
1339,1339,false,Buster
758,758,false,Coco
1358,1358,false,Sparky
1774,1774,false,Max
1141,1141,false,Bubba
1281,1281,false,Cody
400,400,false,Roxy
1509,1509,false,Sam
1157,1157,false,Abby
1841,1841,false,Scooter
1206,1206,false,Spike
1904,1904,false,Peanut
633,633,false,Sassy
1055,1055,false,Cocoa
1214,1214,false,Bruno
1736,1736,false,Annie
280,280,false,Oreo
350,350,false,Bo
1751,1751,false,Brutus
1859,1859,false,Sophie
274,274,false,Oscar
1195,1195,false,Luna
385,385,false,Milo
4,4,false,Oreo
660,660,false,Zoe
1896,1896,false,Sandy
1329,1329,false,Bear
878,878,false,Gizmo
403,403,false,Snoopy
1024,1024,false,Ginger
1657,1657,false,Bubba
1544,1544,false,Lexi
760,760,false,Brutus
177,177,false,Molly
669,669,false,Baxter
690,690,false,Chance
99,99,false,Sasha
1645,1645,false,Diesel
518,518,false,Chico
775,775,false,Blue
1627,1627,false,Sadie
1306,1306,false,Jasper
154,154,false,Sandy
336,336,false,Duke
1349,1349,false,Pepper
1703,1703,false,Roxy
375,375,false,Luna
1025,1025,false,Max
957,957,false,Lola
1655,1655,false,Lucy
1637,1637,false,Bruno
1730,1730,false,Jack
9,9,false,Lola
1556,1556,false,Baby
1174,1174,false,Lilly
1685,1685,false,Bo
789,789,false,Dakota
1472,1472,false,Milo
158,158,false,Misty
845,845,false,Cocoa
208,208,false,Toby
1998,1998,false,Pepper
1155,1155,false,Lilly
207,207,false,Misty
286,286,false,Tyson
815,815,false,Zoey
1918,1918,false,Lucy
1385,1385,false,Cody
1614,1614,false,Jack
1488,1488,false,Daisy
1482,1482,false,Toby
1836,1836,false,Zoe
551,551,false,Bandit
1464,1464,false,Murphy
275,275,false,Oreo
1773,1773,false,Harvey
1856,1856,false,Cody
1669,1669,false,Mia
477,477,false,Chico
297,297,false,Spike
709,709,false,Bailey
1161,1161,false,Teddy
1784,1784,false,Teddy
1717,1717,false,Tank
556,556,false,Blue
828,828,false,Rosie
1519,1519,false,Rosie
1718,1718,false,Bear
914,914,false,Zoey
1338,1338,false,Lucky
1247,1247,false,Sasha
1331,1331,false,Lexi
144,144,false,Lexi
680,680,false,Sasha
1910,1910,false,Charlie
1518,1518,false,Max
2,2,false,Jake
1839,1839,false,Misty
1552,1552,false,Molly
1515,1515,false,Daisy
32,32,false,Jack
85,85,false,Bubba
886,886,false,Bailey
1229,1229,false,Gracie
714,714,false,Cody
1343,1343,false,Sasha
1705,1705,false,Jake
780,780,false,Mia
512,512,false,Rex
807,807,false,Shadow
227,227,false,Pepper
1707,1707,false,Misty
1039,1039,false,Angel
1110,1110,false,Ginger
1050,1050,false,Bailey
316,316,false,Max
1664,1664,false,Gracie
1421,1421,false,Sparky
720,720,false,Bella
1769,1769,false,Gracie
1701,1701,false,Buster
1008,1008,false,Molly
1679,1679,false,Dixie
34,34,false,Cody
1360,1360,false,Tank
340,340,false,Sophie
1592,1592,false,Buster
614,614,false,Max
18,18,false,Rocky
1919,1919,false,Lucky
1870,1870,false,Shelby
374,374,false,Misty
1287,1287,false,Penny
1386,1386,false,Sam
706,706,false,Zoe
1723,1723,false,Molly
281,281,false,Buster
1178,1178,false,Bubba
1073,1073,false,Sam
303,303,false,Belle
1880,1880,false,Chloe
601,601,false,Sadie
862,862,false,Bear
84,84,false,Maggie
1491,1491,false,Zoey
1351,1351,false,Harvey
423,423,false,Sam
1056,1056,false,Bandit
1010,1010,false,Sasha
1348,1348,false,Jasmine
1452,1452,false,Sugar
273,273,false,Spike
245,245,false,Angel
2006,2006,false,Chance
1834,1834,false,Patches
1414,1414,false,Casey
1220,1220,false,Oscar
1257,1257,false,Rocky
1069,1069,false,Buddy
1382,1382,false,Duke
620,620,false,Sparky
524,524,false,Duke
1745,1745,false,Buddy
1396,1396,false,Jasmine
1852,1852,false,Lady
480,480,false,Cody
1469,1469,false,Taz
975,975,false,Bear
49,49,false,Max
1907,1907,false,Belle
836,836,false,Rusty
3,3,false,Sophie
1571,1571,false,Casey
327,327,false,Peanut
317,317,false,Lexi
674,674,false,Brutus
1149,1149,false,Lucy
23,23,false,Milo
1372,1372,false,Lilly
168,168,false,Diesel
736,736,false,Taz
1988,1988,false,Misty
47,47,false,Lucky
181,181,false,Duke
1825,1825,false,Bandit
1696,1696,false,Sasha
955,955,false,Coco
1686,1686,false,Penny
1850,1850,false,Misty
454,454,false,Brutus
1085,1085,false,Snoopy
1678,1678,false,Lily
1749,1749,false,Cookie
1932,1932,false,Cocoa
990,990,false,Bailey
665,665,false,Missy
814,814,false,Precious
942,942,false,Sophie
339,339,false,Chloe
1332,1332,false,Penny
20,20,false,Peanut
1092,1092,false,Pepper
418,418,false,Rascal
683,683,false,Casey
613,613,false,Rusty
308,308,false,Lucy
777,777,false,Jack
1520,1520,false,Rosie
783,783,false,Sandy
1363,1363,false,Zoe
873,873,false,Buddy
1080,1080,false,Snoopy
464,464,false,Ruby
971,971,false,Gizmo
670,670,false,Abby
870,870,false,Jack
59,59,false,Bear
1891,1891,false,Bear
1758,1758,false,Rusty
305,305,false,Sparky
429,429,false,Riley
282,282,false,Pepper
1427,1427,false,Snickers
1064,1064,false,Toby
151,151,false,Tank
544,544,false,Cookie
141,141,false,Luna
857,857,false,Sandy
1374,1374,false,Bear
906,906,false,Tucker
1974,1974,false,Charlie
1966,1966,false,Gracie
1098,1098,false,Jack
1133,1133,false,Zeus
1489,1489,false,Mia
422,422,false,Misty
1938,1938,false,Bailey
22,22,false,Tucker
1567,1567,false,Sassy
1320,1320,false,Dakota
593,593,false,Jasmine
1527,1527,false,Tank
763,763,false,Lily
525,525,false,Murphy
1823,1823,false,Buddy
626,626,false,Sadie
1631,1631,false,Bella
559,559,false,Molly
1375,1375,false,Lady
1272,1272,false,Cooper
846,846,false,Roxie
1690,1690,false,Bailey
899,899,false,Milo
125,125,false,Charlie
1697,1697,false,Honey
636,636,false,Peanut
1594,1594,false,Lilly
404,404,false,Bandit
541,541,false,Sam
1999,1999,false,Sam
448,448,false,Penny
1122,1122,false,Precious
1946,1946,false,Gracie
533,533,false,Dixie
578,578,false,Jake
80,80,false,Chloe
1960,1960,false,Lily
705,705,false,Brutus
1400,1400,false,Rusty
694,694,false,Harley
1479,1479,false,Teddy
1724,1724,false,Casey
658,658,false,Diesel
908,908,false,Abby
1514,1514,false,Dixie
748,748,false,Charlie
1526,1526,false,Bella
1641,1641,false,Milo
1619,1619,false,Buddy
384,384,false,Jack
1877,1877,false,Lily
1304,1304,false,Zoey
38,38,false,Sasha
1183,1183,false,Jasper
253,253,false,Misty
490,490,false,Sasha
1656,1656,false,Bella
1810,1810,false,Buddy
627,627,false,Brutus
364,364,false,Tyson
1501,1501,false,Lucy
1142,1142,false,Cody
443,443,false,Zoe
1693,1693,false,Cookie
426,426,false,Bandit
1011,1011,false,Bailey
1699,1699,false,Sasha
1624,1624,false,Bo
1936,1936,false,Charlie
1500,1500,false,Riley
493,493,false,Bruno
1609,1609,false,Bella
994,994,false,Chance
1451,1451,false,Patches
981,981,false,Mia
116,116,false,Gracie
924,924,false,Abby
1612,1612,false,Lilly
1123,1123,false,Molly
1090,1090,false,Taz
174,174,false,Gracie
617,617,false,Molly
369,369,false,Ginger
753,753,false,Misty
132,132,false,Blue
897,897,false,Diamond
1920,1920,false,Bailey
351,351,false,Milo
569,569,false,Diamond
1101,1101,false,Rex
1683,1683,false,Lilly
931,931,false,Molly
1046,1046,false,Coco
1948,1948,false,Sparky
793,793,false,Roxie
632,632,false,Luna
301,301,false,Cody
1322,1322,false,Tucker
1963,1963,false,Snoopy
225,225,false,Harley
864,864,false,Dixie
1185,1185,false,Duke
950,950,false,Bandit
1115,1115,false,Abby
516,516,false,Bruno
1855,1855,false,Scooter
808,808,false,Bella
580,580,false,Sadie
263,263,false,Marley
26,26,false,Bella
1578,1578,false,Snoopy
982,982,false,Sadie
1131,1131,false,Chloe
1928,1928,false,Bandit
1587,1587,false,Mia
619,619,false,Bo
1136,1136,false,Snickers
1874,1874,false,Cody
576,576,false,Rascal
355,355,false,Bella
380,380,false,Maggie
563,563,false,Brutus
1659,1659,false,Max
1529,1529,false,Spike
289,289,false,Zeus
164,164,false,Coco
135,135,false,Max
1523,1523,false,Bandit
1113,1113,false,Oreo
827,827,false,Sasha
1601,1601,false,Cooper
471,471,false,Roxy
1188,1188,false,Riley
1630,1630,false,Bear
1268,1268,false,Jasmine
1818,1818,false,Sparky
285,285,false,Misty
1801,1801,false,Bubba
1599,1599,false,Toby
1694,1694,false,Precious
741,741,false,Scooter
12,12,false,Shelby
291,291,false,Ginger
754,754,false,Penny
1926,1926,false,Penny
825,825,false,Precious
685,685,false,Ruby
479,479,false,Maggie
1991,1991,false,Bubba
1189,1189,false,Shadow
1006,1006,false,Jake
1164,1164,false,Peanut
1663,1663,false,Tucker
481,481,false,Sassy
510,510,false,Lily
778,778,false,Bailey
2000,2000,false,Cookie
214,214,false,Sammy
202,202,false,Abby
1266,1266,false,Duke
1662,1662,false,Milo
1453,1453,false,Rocky
526,526,false,Ginger
1807,1807,false,Rex
1033,1033,false,Roxie
190,190,false,Ruby
849,849,false,Jake
1336,1336,false,Ginger
1249,1249,false,Duke
1325,1325,false,Snoopy
757,757,false,Penny
1297,1297,false,Patches
343,343,false,Misty
1940,1940,false,Rascal
373,373,false,Spike
326,326,false,Jack
451,451,false,Rusty
264,264,false,Missy
1314,1314,false,Cody
322,322,false,Zoey
1198,1198,false,Oscar
10,10,false,Sugar
724,724,false,Jasmine
1950,1950,false,Roxie
1868,1868,false,Precious
797,797,false,Milo
1280,1280,false,Angel
1726,1726,false,Bubba
220,220,false,Jasmine
642,642,false,Daisy
392,392,false,Misty
1865,1865,false,Casey
558,558,false,Sparky
810,810,false,Penny
1391,1391,false,Bruno
238,238,false,Diamond
682,682,false,Snoopy
250,250,false,Max
1277,1277,false,Baxter
622,622,false,Molly
258,258,false,Diamond
1915,1915,false,Chance
1789,1789,false,Missy
912,912,false,Zeus
1607,1607,false,Cody
501,501,false,Chance
703,703,false,Bear
1964,1964,false,Peanut
958,958,false,Patches
1286,1286,false,Rusty
1569,1569,false,Teddy
1650,1650,false,Penny
508,508,false,Oreo
621,621,false,Zoe
1177,1177,false,Princess
645,645,false,Sugar
850,850,false,Bubba
527,527,false,Tank
791,791,false,Roxy
1201,1201,false,Dixie
631,631,false,Jasper
1029,1029,false,Rosie
1243,1243,false,Rocky
1854,1854,false,Tyson
98,98,false,Duke
1176,1176,false,Bandit
1737,1737,false,Shadow
641,641,false,Chance
268,268,false,Ginger
1783,1783,false,Casey
1579,1579,false,Sam
445,445,false,Misty
923,923,false,Milo
1985,1985,false,Rosie
1132,1132,false,Chloe
1171,1171,false,Daisy
1596,1596,false,Roxy
999,999,false,Gracie
1735,1735,false,Sadie
1802,1802,false,Angel
675,675,false,Scooter
651,651,false,Bailey
798,798,false,Snoopy
782,782,false,Annie
456,456,false,Diamond
295,295,false,Honey
1912,1912,false,Precious
1347,1347,false,Blue
1536,1536,false,Luna
105,105,false,Princess
1808,1808,false,Jasmine
838,838,false,Milo
1380,1380,false,Blue
1416,1416,false,Bailey
821,821,false,Sandy
1241,1241,false,Bandit
475,475,false,Cookie
678,678,false,Penny
1772,1772,false,Milo
1911,1911,false,Penny
394,394,false,Bailey
459,459,false,Penny
39,39,false,Sparky
457,457,false,Jake
515,515,false,Bella
434,434,false,Rascal
1126,1126,false,Charlie
300,300,false,Zeus
1941,1941,false,Sasha
916,916,false,Sparky
70,70,false,Bubba
1107,1107,false,Coco
1646,1646,false,Brutus
198,198,false,Princess
755,755,false,Cookie
1342,1342,false,Rex
414,414,false,Ginger
819,819,false,Sparky
1589,1589,false,Lily
1942,1942,false,Lady
1181,1181,false,Sammy
1775,1775,false,Sassy
1476,1476,false,Lola
1042,1042,false,Sammy
839,839,false,Lucy
1341,1341,false,Sparky
488,488,false,Lucy
1824,1824,false,Lola
1075,1075,false,Cookie
194,194,false,Jake
1623,1623,false,Cocoa
172,172,false,Chico
331,331,false,Rascal
1367,1367,false,Brutus
730,730,false,Buster
1197,1197,false,Baxter
638,638,false,Jasper
55,55,false,Daisy
1649,1649,false,Rocky
1776,1776,false,Marley
976,976,false,Coco
1884,1884,false,Pepper
1626,1626,false,Cocoa
1068,1068,false,Tyson
979,979,false,Sam
1762,1762,false,Bo
1368,1368,false,Roxy
1613,1613,false,Scooter
266,266,false,Harley
124,124,false,Spike
944,944,false,Sassy
1423,1423,false,Bear
14,14,false,Spike
545,545,false,Ginger
505,505,false,Baby
376,376,false,Cooper
341,341,false,Rosie
1708,1708,false,Patches
1333,1333,false,Bo
492,492,false,Baxter
279,279,false,Jasper
1882,1882,false,Cookie
735,735,false,Snoopy
51,51,false,Bella
784,784,false,Sam
61,61,false,Diesel
217,217,false,Gracie
1978,1978,false,Cody
117,117,false,Sassy
1301,1301,false,Sophie
721,721,false,Cooper
781,781,false,Jake
1248,1248,false,Tank
1261,1261,false,Misty
269,269,false,Harley
153,153,false,Scooter
1564,1564,false,Rocky
1093,1093,false,Chloe
896,896,false,Sasha
1555,1555,false,Marley
1026,1026,false,Lady
1224,1224,false,Tank
824,824,false,Milo
1082,1082,false,Angel
1077,1077,false,Murphy
1903,1903,false,Sadie
25,25,false,Marley
1407,1407,false,Snoopy
1212,1212,false,Blue
1109,1109,false,Zeus
406,406,false,Sparky
1324,1324,false,Brutus
1522,1522,false,Toby
802,802,false,Chico
1881,1881,false,Murphy
1608,1608,false,Zoe
604,604,false,Patches
795,795,false,Luna
746,746,false,Blue
1838,1838,false,Casey
1615,1615,false,Jake
1507,1507,false,Molly
126,126,false,Sammy
922,922,false,Gracie
346,346,false,Lady
288,288,false,Diesel
240,240,false,Sugar
287,287,false,Bella
358,358,false,Princess
723,723,false,Gizmo
711,711,false,Jack
1943,1943,false,Harvey
361,361,false,Snoopy
1059,1059,false,Sandy
1058,1058,false,Lexi
1867,1867,false,Ginger
767,767,false,Molly
359,359,false,Rascal
365,365,false,Daisy
1162,1162,false,Gracie
738,738,false,Harley
996,996,false,Shelby
1545,1545,false,Diesel
1193,1193,false,Sugar
1160,1160,false,Spike
1722,1722,false,Rosie
460,460,false,Shelby
204,204,false,Coco
1291,1291,false,Maggie
408,408,false,Baby
1355,1355,false,Sammy
1135,1135,false,Sadie
831,831,false,Tyson
435,435,false,Snoopy
662,662,false,Oscar
585,585,false,Sparky
352,352,false,Cookie
1335,1335,false,Jasper
1379,1379,false,Tyson
334,334,false,Sam
157,157,false,Sandy
1307,1307,false,Rocky
598,598,false,Charlie
201,201,false,Brutus
959,959,false,Charlie
891,891,false,Bo
877,877,false,Gizmo
1603,1603,false,Cocoa
727,727,false,Abby
1263,1263,false,Gizmo
1086,1086,false,Bella
52,52,false,Princess
993,993,false,Abby
1595,1595,false,Bailey
1521,1521,false,Lady
463,463,false,Molly
889,889,false,Buster
1048,1048,false,Chico
1004,1004,false,Spike
284,284,false,Rocky
1984,1984,false,Toby
304,304,false,Belle
298,298,false,Rex
1716,1716,false,Ginger
1012,1012,false,Max
1728,1728,false,Lilly
112,112,false,Luna
800,800,false,Lucy
102,102,false,Roxy
934,934,false,Rocky
1196,1196,false,Sassy
1410,1410,false,Harvey
995,995,false,Buddy
1951,1951,false,Pepper
1844,1844,false,Rocky
511,511,false,Maggie
1244,1244,false,Taz
1805,1805,false,Bella
54,54,false,Zeus
657,657,false,Charlie
1760,1760,false,Teddy
542,542,false,Roxie
2007,2007,false,Bella
1590,1590,false,Sassy
656,656,false,Marley
1316,1316,false,Sam
985,985,false,Misty
644,644,false,Max
1674,1674,false,Lilly
234,234,false,Zeus
1947,1947,false,Rosie
446,446,false,Sam
1240,1240,false,Diesel
1961,1961,false,Pepper
1071,1071,false,Taz
1987,1987,false,Gizmo
130,130,false,Oscar
707,707,false,Baby
1137,1137,false,Harley
792,792,false,Misty
433,433,false,Snoopy
1959,1959,false,Lady
904,904,false,Oreo
1549,1549,false,Brutus
1698,1698,false,Tank
1366,1366,false,Gizmo
1124,1124,false,Buster
1792,1792,false,Jasmine
1138,1138,false,Harley
779,779,false,Bruno
1106,1106,false,Sammy
170,170,false,Riley
654,654,false,Chance
900,900,false,Zoe
1711,1711,false,Sophie
494,494,false,Angel
1944,1944,false,Harley
1666,1666,false,Daisy
867,867,false,Dixie
1253,1253,false,Jack
1935,1935,false,Zoe
1285,1285,false,Coco
1925,1925,false,Sasha
44,44,false,Rocky
382,382,false,Peanut
133,133,false,Scooter
1313,1313,false,Bo
1020,1020,false,Teddy
236,236,false,Scooter
1860,1860,false,Sam
1800,1800,false,Bailey
1271,1271,false,Luna
156,156,false,Bandit
1508,1508,false,Tyson
1254,1254,false,Brutus
1437,1437,false,Murphy
1543,1543,false,Milo
1510,1510,false,Cocoa
1040,1040,false,Lilly
811,811,false,Cookie
1535,1535,false,Marley
888,888,false,Jack
182,182,false,Sugar
362,362,false,Zoe
1172,1172,false,Rascal
123,123,false,Sparky
1828,1828,false,Cooper
1812,1812,false,Milo
506,506,false,Bear
45,45,false,Mia
1344,1344,false,Marley
605,605,false,Abby
461,461,false,Rusty
1290,1290,false,Annie
1377,1377,false,Sassy
134,134,false,Oreo
185,185,false,Dixie
142,142,false,Rocky
1680,1680,false,Lola
1300,1300,false,Maggie
1981,1981,false,Missy
597,597,false,Lexi
1328,1328,false,Daisy
312,312,false,Ruby
1861,1861,false,Penny
591,591,false,Taz
1179,1179,false,Spike
1634,1634,false,Rascal
205,205,false,Zoe
1461,1461,false,Zeus
1826,1826,false,Rosie
221,221,false,Charlie
399,399,false,Cocoa
1065,1065,false,Patches
1242,1242,false,Misty
1209,1209,false,Lucy
218,218,false,Sadie
666,666,false,Pepper
869,869,false,Angel
189,189,false,Sadie
502,502,false,Lucky
483,483,false,Sammy
766,766,false,Blue
160,160,false,Cody
63,63,false,Peanut
941,941,false,Abby
310,310,false,Sadie
946,946,false,Honey
71,71,false,Gizmo
1310,1310,false,Angel
1905,1905,false,Riley
1403,1403,false,Milo
676,676,false,Bear
689,689,false,Jasper
543,543,false,Murphy
370,370,false,Ruby
1793,1793,false,Duke
1913,1913,false,Oscar
1864,1864,false,Sam
366,366,false,Sugar
1283,1283,false,Bear
1319,1319,false,Gizmo
306,306,false,Jack
532,532,false,Jasmine
1757,1757,false,Daisy
1175,1175,false,Tank
1294,1294,false,Lilly
1677,1677,false,Misty
1484,1484,false,Bear
353,353,false,Snoopy
1809,1809,false,Jasper
879,879,false,Milo
1457,1457,false,Baby
743,743,false,Tank
1513,1513,false,Zeus
1167,1167,false,Bo
432,432,false,Rocky
372,372,false,Missy
1986,1986,false,Taz
1506,1506,false,Chico
107,107,false,Misty
615,615,false,Marley
761,761,false,Ginger
478,478,false,Rusty
1397,1397,false,Harley
1754,1754,false,Chico
1364,1364,false,Toby
594,594,false,Lola
663,663,false,Milo
726,726,false,Gracie
1788,1788,false,Cocoa
509,509,false,Charlie
1753,1753,false,Lucky
145,145,false,Gizmo
1317,1317,false,Bubba
1418,1418,false,Abby
546,546,false,Sammy
