child_id,client_id,deleted,pet_name
1818,1818,false,Jack
1020,1020,false,Cody
49,49,false,Jack
1723,1723,false,Tyson
1976,1976,false,Bandit
1253,1253,false,Gracie
787,787,false,Gizmo
1970,1970,false,Baxter
128,128,false,Honey
951,951,false,Jasper
534,534,false,Coco
454,454,false,Oscar
905,905,false,Max
515,515,false,Brutus
1910,1910,false,Tucker
1289,1289,false,Brutus
1788,1788,false,Sammy
333,333,false,Lola
1908,1908,false,Rascal
1354,1354,false,Charlie
1145,1145,false,Lucy
1260,1260,false,Rusty
764,764,false,Misty
1786,1786,false,Annie
1323,1323,false,Peanut
877,877,false,Abby
348,348,false,Zoey
1133,1133,false,Princess
191,191,false,Rusty
716,716,false,Blue
936,936,false,Cooper
1633,1633,false,Lady
858,858,false,Rusty
522,522,false,Bella
591,591,false,Snoopy
941,941,false,Lady
365,365,false,Lucy
429,429,false,Sassy
165,165,false,Diamond
1432,1432,false,Bailey
825,825,false,Ruby
1876,1876,false,Rascal
1404,1404,false,Brutus
1724,1724,false,Lexi
648,648,false,Cooper
834,834,false,Cocoa
776,776,false,Lady
1092,1092,false,Cody
449,449,false,Oscar
163,163,false,Taz
560,560,false,Misty
837,837,false,Bella
1858,1858,false,Lady
1046,1046,false,Harley
1206,1206,false,Sammy
1591,1591,false,Milo
330,330,false,Tank
715,715,false,Rocky
535,535,false,Cody
1414,1414,false,Jasmine
1829,1829,false,Rex
1867,1867,false,Cooper
1520,1520,false,Jake
1850,1850,false,Roxy
903,903,false,Tyson
106,106,false,Lucky
1732,1732,false,Buster
1821,1821,false,Riley
518,518,false,Diesel
539,539,false,Milo
1715,1715,false,Tyson
1905,1905,false,Cooper
1109,1109,false,Brutus
675,675,false,Belle
1373,1373,false,Roxy
1677,1677,false,Tyson
706,706,false,Snoopy
1564,1564,false,Patches
822,822,false,Chance
1608,1608,false,Max
516,516,false,Roxie
1600,1600,false,Zeus
584,584,false,Missy
1181,1181,false,Gizmo
1914,1914,false,Bruno
801,801,false,Belle
1883,1883,false,Sadie
52,52,false,Lola
530,530,false,Bailey
1201,1201,false,Bubba
1200,1200,false,Baxter
1776,1776,false,Zoe
1888,1888,false,Sandy
1424,1424,false,Mia
1860,1860,false,Snickers
407,407,false,Sadie
415,415,false,Sugar
1899,1899,false,Oreo
1069,1069,false,Cookie
493,493,false,Max
1847,1847,false,Jake
919,919,false,Lucky
1567,1567,false,Honey
1745,1745,false,Maggie
1356,1356,false,Shelby
446,446,false,Ginger
280,280,false,Lexi
1504,1504,false,Roxie
842,842,false,Coco
1313,1313,false,Harley
1590,1590,false,Rusty
315,315,false,Patches
1390,1390,false,Daisy
1604,1604,false,Bella
678,678,false,Gracie
1548,1548,false,Missy
296,296,false,Zoe
997,997,false,Mia
1759,1759,false,Oscar
971,971,false,Ruby
2009,2009,false,Lucky
672,672,false,Precious
757,757,false,Bailey
1981,1981,false,Rosie
1856,1856,false,Rosie
314,314,false,Zoey
1261,1261,false,Sandy
1662,1662,false,Rocky
1911,1911,false,Chloe
1542,1542,false,Tucker
1811,1811,false,Cooper
387,387,false,Precious
1243,1243,false,Molly
1851,1851,false,Harley
5,5,false,Chloe
1565,1565,false,Taz
1866,1866,false,Jake
1597,1597,false,Sadie
1891,1891,false,Dixie
1666,1666,false,Roxie
1853,1853,false,Coco
1598,1598,false,Snoopy
1010,1010,false,Charlie
231,231,false,Oreo
89,89,false,Missy
1620,1620,false,Max
859,859,false,Diamond
1989,1989,false,Max
1680,1680,false,Rosie
1725,1725,false,Teddy
325,325,false,Casey
358,358,false,Bella
1773,1773,false,Sandy
532,532,false,Ruby
1606,1606,false,Snickers
918,918,false,Tucker
1287,1287,false,Molly
1535,1535,false,Bear
501,501,false,Gracie
418,418,false,Cody
393,393,false,Luna
613,613,false,Lady
1074,1074,false,Misty
2005,2005,false,Lucky
412,412,false,Chico
1329,1329,false,Cooper
168,168,false,Ginger
667,667,false,Blue
939,939,false,Chico
627,627,false,Diesel
571,571,false,Pepper
1903,1903,false,Coco
809,809,false,Snoopy
301,301,false,Dakota
451,451,false,Shelby
959,959,false,Spike
1484,1484,false,Sandy
254,254,false,Patches
404,404,false,Toby
1123,1123,false,Blue
952,952,false,Bandit
2010,2010,false,Sam
252,252,false,Lucy
1651,1651,false,Lily
752,752,false,Lilly
1034,1034,false,Princess
816,816,false,Diesel
1304,1304,false,Gracie
1668,1668,false,Cooper
131,131,false,Sadie
472,472,false,Teddy
1717,1717,false,Lady
380,380,false,Shelby
664,664,false,Jasmine
1409,1409,false,Marley
1318,1318,false,Chico
1126,1126,false,Abby
160,160,false,Casey
965,965,false,Coco
364,364,false,Jasper
1056,1056,false,Sasha
1705,1705,false,Chico
127,127,false,Baxter
308,308,false,Harley
1297,1297,false,Brutus
45,45,false,Gracie
1155,1155,false,Oscar
122,122,false,Spike
1806,1806,false,Lucky
1095,1095,false,Tucker
319,319,false,Diesel
457,457,false,Lily
1143,1143,false,Angel
607,607,false,Tucker
1964,1964,false,Peanut
1468,1468,false,Bo
1516,1516,false,Bella
1429,1429,false,Dixie
510,510,false,Jake
253,253,false,Teddy
1712,1712,false,Lady
1697,1697,false,Penny
25,25,false,Coco
1638,1638,false,Jack
546,546,false,Max
224,224,false,Bear
1362,1362,false,Tyson
1702,1702,false,Buster
1557,1557,false,Diamond
3,3,false,Diesel
154,154,false,Buddy
1005,1005,false,Lily
1364,1364,false,Dixie
1979,1979,false,Belle
210,210,false,Bailey
912,912,false,Jasmine
54,54,false,Toby
1636,1636,false,Lola
217,217,false,Scooter
1078,1078,false,Milo
524,524,false,Casey
1386,1386,false,Bailey
1265,1265,false,Molly
172,172,false,Jasper
1129,1129,false,Sparky
815,815,false,Ruby
1236,1236,false,Harvey
1796,1796,false,Ginger
690,690,false,Diamond
104,104,false,Lily
24,24,false,Lily
773,773,false,Milo
316,316,false,Dixie
222,222,false,Lucy
1071,1071,false,Harley
1162,1162,false,Maggie
12,12,false,Diesel
1921,1921,false,Sophie
196,196,false,Rosie
286,286,false,Spike
628,628,false,Ruby
882,882,false,Zoe
1225,1225,false,Annie
1328,1328,false,Coco
1416,1416,false,Sasha
1912,1912,false,Dixie
892,892,false,Cocoa
1951,1951,false,Buddy
1609,1609,false,Patches
504,504,false,Jake
502,502,false,Dakota
960,960,false,Rocky
1378,1378,false,Molly
1000,1000,false,Max
1650,1650,false,Harvey
1008,1008,false,Missy
902,902,false,Marley
299,299,false,Roxie
562,562,false,Jake
1058,1058,false,Tank
226,226,false,Zoe
860,860,false,Max
969,969,false,Snickers
155,155,false,Gracie
991,991,false,Rex
974,974,false,Zeus
921,921,false,Milo
1506,1506,false,Ruby
2,2,false,Max
963,963,false,Lady
705,705,false,Zoe
714,714,false,Cocoa
1854,1854,false,Sophie
1140,1140,false,Dixie
227,227,false,Diamond
611,611,false,Bruno
1769,1769,false,Snoopy
774,774,false,Harley
216,216,false,Teddy
766,766,false,Diamond
1120,1120,false,Daisy
958,958,false,Sandy
1336,1336,false,Milo
1315,1315,false,Diesel
448,448,false,Chance
1191,1191,false,Lady
1100,1100,false,Oreo
116,116,false,Harvey
1708,1708,false,Buster
1495,1495,false,Casey
748,748,false,Toby
76,76,false,Ginger
1164,1164,false,Dixie
1049,1049,false,Jasper
1333,1333,false,Cooper
1884,1884,false,Buddy
1531,1531,false,Cody
115,115,false,Zoey
791,791,false,Milo
668,668,false,Spike
1028,1028,false,Maggie
1114,1114,false,Bo
1807,1807,false,Precious
990,990,false,Tank
638,638,false,Tucker
1936,1936,false,Ginger
1562,1562,false,Lady
1171,1171,false,Buster
1013,1013,false,Taz
34,34,false,Buster
1196,1196,false,Coco
1687,1687,false,Princess
1518,1518,false,Zoe
6,6,false,Riley
1874,1874,false,Precious
1232,1232,false,Tank
695,695,false,Jasmine
1870,1870,false,Rosie
1596,1596,false,Tucker
466,466,false,Lilly
1774,1774,false,Bubba
1377,1377,false,Jasper
595,595,false,Sparky
1966,1966,false,Teddy
311,311,false,Milo
987,987,false,Marley
687,687,false,Blue
1388,1388,false,Max
338,338,false,Luna
1688,1688,false,Zeus
1045,1045,false,Abby
313,313,false,Lucy
985,985,false,Dakota
1458,1458,false,Rusty
1325,1325,false,Buddy
759,759,false,Taz
1998,1998,false,Casey
651,651,false,Sam
500,500,false,Chico
790,790,false,Missy
363,363,false,Harley
739,739,false,Casey
1932,1932,false,Sugar
1363,1363,false,Maggie
153,153,false,Oreo
75,75,false,Sammy
775,775,false,Misty
1322,1322,false,Mia
749,749,false,Harley
1920,1920,false,Maggie
1144,1144,false,Roxie
1832,1832,false,Brutus
1868,1868,false,Cookie
725,725,false,Lexi
786,786,false,Harley
1451,1451,false,Bo
853,853,false,Coco
551,551,false,Rocky
1845,1845,false,Snickers
1570,1570,false,Rusty
519,519,false,Jasper
1411,1411,false,Lilly
340,340,false,Gizmo
681,681,false,Bear
1395,1395,false,Zoey
517,517,false,Lilly
1033,1033,false,Daisy
875,875,false,Oreo
1086,1086,false,Baby
1843,1843,false,Peanut
208,208,false,Misty
927,927,false,Bruno
1101,1101,false,Chloe
221,221,false,Cooper
578,578,false,Sammy
477,477,false,Roxie
1168,1168,false,Sam
1655,1655,false,Oscar
1491,1491,false,Sammy
1282,1282,false,Bubba
298,298,false,Lady
2003,2003,false,Teddy
1784,1784,false,Shadow
1573,1573,false,Milo
521,521,false,Maggie
372,372,false,Shelby
832,832,false,Roxie
810,810,false,Lily
1742,1742,false,Chloe
436,436,false,Zoey
1027,1027,false,Ginger
1277,1277,false,Penny
1755,1755,false,Sandy
1971,1971,false,Roxie
686,686,false,Casey
439,439,false,Rocky
1975,1975,false,Dakota
1349,1349,false,Max
1963,1963,false,Marley
1862,1862,false,Bo
1571,1571,false,Jack
1880,1880,false,Dixie
1900,1900,false,Ruby
680,680,false,Ginger
173,173,false,Casey
1268,1268,false,Missy
92,92,false,Lucky
361,361,false,Belle
630,630,false,Chloe
1492,1492,false,Tyson
923,923,false,Precious
7,7,false,Bandit
421,421,false,Angel
852,852,false,Diesel
1382,1382,false,Tucker
1255,1255,false,Cody
444,444,false,Rex
1820,1820,false,Sammy
499,499,false,Misty
850,850,false,Bruno
63,63,false,Bo
1450,1450,false,Cocoa
188,188,false,Jasper
721,721,false,Duke
1842,1842,false,Sam
599,599,false,Chance
1574,1574,false,Bear
1623,1623,false,Oreo
1798,1798,false,Precious
999,999,false,Marley
1165,1165,false,Molly
1904,1904,false,Mia
207,207,false,Sasha
1161,1161,false,Harley
1603,1603,false,Harley
685,685,false,Bear
483,483,false,Oscar
1183,1183,false,Sam
646,646,false,Sugar
82,82,false,Lady
1195,1195,false,Bubba
732,732,false,Maggie
947,947,false,Tank
968,968,false,Bruno
18,18,false,Bo
746,746,false,Sam
605,605,false,Oreo
229,229,false,Luna
1580,1580,false,Jake
561,561,false,Lola
666,666,false,Rex
1930,1930,false,Oreo
1980,1980,false,Tyson
661,661,false,Sam
1601,1601,false,Zoe
287,287,false,Blue
470,470,false,Cocoa
220,220,false,Tank
1948,1948,false,Misty
1068,1068,false,Dakota
976,976,false,Sassy
133,133,false,Cooper
1546,1546,false,Bo
1080,1080,false,Lilly
570,570,false,Rocky
385,385,false,Lexi
29,29,false,Sasha
42,42,false,Cooper
819,819,false,Missy
1166,1166,false,Snoopy
235,235,false,Scooter
977,977,false,Riley
87,87,false,Sandy
1940,1940,false,Patches
420,420,false,Blue
1185,1185,false,Sugar
634,634,false,Zoey
665,665,false,Cody
1887,1887,false,Jasper
1701,1701,false,Rocky
1558,1558,false,Charlie
264,264,false,Misty
193,193,false,Riley
1641,1641,false,Pepper
1926,1926,false,Lexi
326,326,false,Sandy
846,846,false,Tank
1009,1009,false,Shelby
683,683,false,Milo
1483,1483,false,Bailey
1057,1057,false,Spike
541,541,false,Molly
373,373,false,Mia
1250,1250,false,Lily
1513,1513,false,Oscar
246,246,false,Precious
428,428,false,Bella
800,800,false,Honey
445,445,false,Chance
1079,1079,false,Snoopy
84,84,false,Bo
51,51,false,Milo
1729,1729,false,Brutus
758,758,false,Rex
538,538,false,Rosie
277,277,false,Sammy
307,307,false,Harley
456,456,false,Rascal
176,176,false,Teddy
1922,1922,false,Snickers
1098,1098,false,Baby
914,914,false,Sassy
184,184,false,Buddy
1413,1413,false,Shadow
632,632,false,Murphy
699,699,false,Zoe
856,856,false,Chloe
1771,1771,false,Riley
653,653,false,Maggie
509,509,false,Tyson
417,417,false,Penny
282,282,false,Ruby
1240,1240,false,Lexi
1127,1127,false,Duke
618,618,false,Missy
1070,1070,false,Lucky
1522,1522,false,Lucy
1257,1257,false,Brutus
1346,1346,false,Baby
1383,1383,false,Rocky
1444,1444,false,Chico
335,335,false,Taz
1490,1490,false,Daisy
1902,1902,false,Cookie
737,737,false,Bella
888,888,false,Lexi
1062,1062,false,Zoe
1352,1352,false,Belle
1801,1801,false,Shelby
784,784,false,Rusty
90,90,false,Bella
670,670,false,Princess
250,250,false,Lady
236,236,false,Sam
1627,1627,false,Duke
806,806,false,Ginger
1577,1577,false,Abby
823,823,false,Brutus
1568,1568,false,Blue
1990,1990,false,Lola
1054,1054,false,Shelby
1180,1180,false,Duke
878,878,false,Roxy
1699,1699,false,Lexi
740,740,false,Coco
1025,1025,false,Chance
1795,1795,false,Lily
982,982,false,Murphy
1643,1643,false,Lexi
140,140,false,Cocoa
556,556,false,Missy
567,567,false,Annie
402,402,false,Bailey
1549,1549,false,Gizmo
817,817,false,Chance
820,820,false,Snoopy
1419,1419,false,Diesel
1660,1660,false,Lady
649,649,false,Teddy
261,261,false,Bubba
761,761,false,Gracie
1251,1251,false,Missy
1510,1510,false,Buster
1772,1772,false,Sparky
1422,1422,false,Bear
1927,1927,false,Mia
1728,1728,false,Gracie
514,514,false,Rusty
401,401,false,Lilly
1572,1572,false,Jack
1340,1340,false,Jasmine
1,1,false,Taz
1967,1967,false,Duke
1622,1622,false,Missy
124,124,false,Rex
1822,1822,false,Rex
336,336,false,Sasha
1371,1371,false,Diesel
403,403,false,Patches
1032,1032,false,Rascal
848,848,false,Lucy
1341,1341,false,Blue
1264,1264,false,Cody
1589,1589,false,Zeus
762,762,false,Milo
1202,1202,false,Zoey
693,693,false,Tank
1308,1308,false,Daisy
1412,1412,false,Cocoa
718,718,false,Blue
1150,1150,false,Spike
190,190,false,Missy
857,857,false,Patches
485,485,false,Missy
1443,1443,false,Snoopy
360,360,false,Harley
663,663,false,Duke
487,487,false,Sasha
125,125,false,Duke
353,353,false,Zoey
1952,1952,false,Duke
1442,1442,false,Cody
1007,1007,false,Bailey
1065,1065,false,Chance
1659,1659,false,Abby
1710,1710,false,Diamond
637,637,false,Charlie
626,626,false,Snickers
949,949,false,Tucker
961,961,false,Cocoa
186,186,false,Buster
547,547,false,Murphy
293,293,false,Max
742,742,false,Daisy
1472,1472,false,Cocoa
1258,1258,false,Abby
247,247,false,Teddy
1075,1075,false,Lucky
932,932,false,Chance
563,563,false,Chico
1042,1042,false,Lucky
1839,1839,false,Belle
674,674,false,Spike
639,639,false,Tucker
650,650,false,Lola
1834,1834,false,Lucy
1501,1501,false,Cookie
836,836,false,Princess
1730,1730,false,Spike
1175,1175,false,Misty
814,814,false,Jasper
213,213,false,Jasper
1647,1647,false,Charlie
14,14,false,Rocky
1782,1782,false,Belle
989,989,false,Oscar
956,956,false,Cody
1292,1292,false,Blue
527,527,false,Shadow
728,728,false,Chico
1746,1746,false,Zoe
185,185,false,Sophie
1968,1968,false,Abby
95,95,false,Ruby
58,58,false,Lily
1284,1284,false,Rosie
187,187,false,Mia
1672,1672,false,Sophie
1436,1436,false,Ginger
1327,1327,false,Oreo
1945,1945,false,Zoey
482,482,false,Misty
362,362,false,Buddy
195,195,false,Bo
1996,1996,false,Brutus
1252,1252,false,Ruby
323,323,false,Bruno
1391,1391,false,Lexi
1670,1670,false,Chance
1063,1063,false,Diesel
950,950,false,Zeus
1913,1913,false,Pepper
1367,1367,false,Toby
575,575,false,Baxter
474,474,false,Lexi
1704,1704,false,Cooper
1689,1689,false,Bella
378,378,false,Snickers
1895,1895,false,Marley
1073,1073,false,Tank
1657,1657,false,Roxie
1824,1824,false,Baby
994,994,false,Abby
234,234,false,Lucky
181,181,false,Roxie
754,754,false,Snoopy
750,750,false,Toby
763,763,false,Scooter
827,827,false,Rex
781,781,false,Bailey
1137,1137,false,Gizmo
1985,1985,false,Gizmo
1203,1203,false,Zoey
212,212,false,Diesel
669,669,false,Zeus
1176,1176,false,Blue
1554,1554,false,Snickers
1418,1418,false,Zeus
1735,1735,false,Cookie
1683,1683,false,Abby
61,61,false,Chance
1819,1819,false,Coco
884,884,false,Charlie
1231,1231,false,Jasper
1274,1274,false,Sugar
1578,1578,false,Rosie
1381,1381,false,Maggie
1106,1106,false,Duke
735,735,false,Molly
259,259,false,Annie
46,46,false,Jasper
339,339,false,Daisy
1544,1544,false,Buddy
1170,1170,false,Gizmo
1767,1767,false,Sophie
1873,1873,false,Sammy
148,148,false,Gracie
321,321,false,Peanut
1254,1254,false,Lucy
830,830,false,Tyson
1267,1267,false,Ruby
1671,1671,false,Rascal
1052,1052,false,Honey
1783,1783,false,Taz
1838,1838,false,Tank
53,53,false,Coco
491,491,false,Bubba
174,174,false,Maggie
1218,1218,false,Jack
1339,1339,false,Bo
242,242,false,Sammy
641,641,false,Sassy
414,414,false,Diamond
1263,1263,false,Sugar
135,135,false,Spike
199,199,false,Roxie
1119,1119,false,Spike
673,673,false,Rusty
871,871,false,Marley
143,143,false,Tucker
394,394,false,Maggie
1331,1331,false,Pepper
602,602,false,Roxy
397,397,false,Harley
139,139,false,Angel
108,108,false,Shelby
1160,1160,false,Coco
980,980,false,Riley
1762,1762,false,Roxie
50,50,false,Coco
1134,1134,false,Casey
1473,1473,false,Cody
374,374,false,Lucy
697,697,false,Bandit
1061,1061,false,Tucker
1460,1460,false,Bailey
114,114,false,Max
756,756,false,Chloe
620,620,false,Jake
205,205,false,Sandy
733,733,false,Lilly
28,28,false,Tyson
371,371,false,Chloe
1291,1291,false,Roxy
303,303,false,Jasper
804,804,false,Rusty
1498,1498,false,Taz
886,886,false,Milo
1770,1770,false,Ginger
1778,1778,false,Marley
1777,1777,false,Marley
275,275,false,Cocoa
328,328,false,Bubba
367,367,false,Mia
640,640,false,Sassy
785,785,false,Diesel
1566,1566,false,Dakota
1301,1301,false,Coco
266,266,false,Diesel
606,606,false,Annie
1800,1800,false,Cookie
1194,1194,false,Bailey
157,157,false,Sugar
423,423,false,Rex
1242,1242,false,Precious
105,105,false,Bella
1015,1015,false,Bubba
255,255,false,Baxter
1977,1977,false,Lady
1579,1579,false,Rex
469,469,false,Zoe
579,579,false,Blue
1433,1433,false,Sadie
682,682,false,Sparky
232,232,false,Brutus
1177,1177,false,Sparky
85,85,false,Max
1311,1311,false,Jack
880,880,false,Bear
117,117,false,Maggie
979,979,false,Lexi
1317,1317,false,Baby
1187,1187,false,Lady
656,656,false,Coco
1474,1474,false,Angel
926,926,false,Bo
537,537,false,Sassy
559,559,false,Lucy
442,442,false,Tyson
586,586,false,Rosie
1714,1714,false,Sophie
465,465,false,Jack
1640,1640,false,Chloe
322,322,false,Duke
337,337,false,Bo
1224,1224,false,Zoe
1047,1047,false,Oscar
1169,1169,false,Jake
1387,1387,false,Buddy
1538,1538,false,Casey
260,260,false,Milo
1621,1621,false,Duke
1889,1889,false,Angel
1665,1665,false,Toby
490,490,false,Rex
223,223,false,Princess
285,285,false,Shadow
744,744,false,Sugar
1131,1131,false,Casey
1153,1153,false,Cookie
1278,1278,false,Riley
33,33,false,Coco
1319,1319,false,Sadie
898,898,false,Baxter
981,981,false,Oreo
1560,1560,false,Milo
1427,1427,false,Tyson
731,731,false,Annie
554,554,false,Casey
1973,1973,false,Abby
1859,1859,false,Oscar
1273,1273,false,Sam
779,779,false,Bandit
1794,1794,false,Tank
1097,1097,false,Rusty
1532,1532,false,Spike
998,998,false,Cooper
520,520,false,Sasha
1115,1115,false,Harley
1173,1173,false,Lucky
447,447,false,Teddy
344,344,false,Bandit
1550,1550,false,Lucy
48,48,false,Peanut
608,608,false,Shelby
1960,1960,false,Lilly
70,70,false,Teddy
866,866,false,Murphy
1797,1797,false,Bella
655,655,false,Jake
1878,1878,false,Zoe
1355,1355,false,Harley
215,215,false,Ruby
1357,1357,false,Zoey
1529,1529,false,Taz
36,36,false,Rocky
240,240,false,Cocoa
102,102,false,Tank
1890,1890,false,Coco
351,351,false,Annie
269,269,false,Molly
2002,2002,false,Daisy
368,368,false,Zoe
1619,1619,false,Bear
1368,1368,false,Sugar
35,35,false,Teddy
257,257,false,Misty
505,505,false,Cody
528,528,false,Baxter
214,214,false,Daisy
1041,1041,false,Bubba
1275,1275,false,Precious
202,202,false,Tyson
1681,1681,false,Tank
1618,1618,false,Cody
113,113,false,Jack
869,869,false,Belle
1711,1711,false,Toby
137,137,false,Missy
698,698,false,Baby
149,149,false,Chloe
1396,1396,false,Roxie
1654,1654,false,Ruby
455,455,false,Sophie
1652,1652,false,Milo
1122,1122,false,Sammy
986,986,false,Gracie
1347,1347,false,Luna
1997,1997,false,Cody
171,171,false,Princess
1547,1547,false,Princess
357,357,false,Lady
1215,1215,false,Lily
1757,1757,false,Lola
1814,1814,false,Rocky
1392,1392,false,Luna
120,120,false,Baxter
1935,1935,false,Zoe
662,662,false,Abby
1135,1135,false,Tank
327,327,false,Scooter
419,419,false,Duke
430,430,false,Max
1765,1765,false,Sadie
1379,1379,false,Murphy
1953,1953,false,Diamond
1006,1006,false,Spike
230,230,false,Bear
771,771,false,Lucky
967,967,false,Buddy
755,755,false,Jasmine
1182,1182,false,Snickers
91,91,false,Luna
43,43,false,Harley
883,883,false,Buddy
1541,1541,false,Milo
1449,1449,false,Bandit
992,992,false,Buster
1239,1239,false,Diamond
753,753,false,Lexi
821,821,false,Lexi
1380,1380,false,Tyson
993,993,false,Lexi
629,629,false,Max
1405,1405,false,Jasmine
1761,1761,false,Oreo
797,797,false,Misty
862,862,false,Sandy
1401,1401,false,Brutus
812,812,false,Tucker
577,577,false,Jasper
593,593,false,Lucy
962,962,false,Ruby
392,392,false,Penny
317,317,false,Honey
1756,1756,false,Buddy
1956,1956,false,Scooter
1464,1464,false,Bruno
938,938,false,Dakota
1324,1324,false,Cookie
1219,1219,false,Tank
1857,1857,false,Diesel
1545,1545,false,Blue
2007,2007,false,Shadow
1664,1664,false,Lola
453,453,false,Bubba
1849,1849,false,Spike
881,881,false,Gracie
289,289,false,Marley
399,399,false,Ginger
354,354,false,Shelby
96,96,false,Diesel
416,416,false,Baby
1837,1837,false,Max
1295,1295,false,Jasper
1810,1810,false,Rocky
1128,1128,false,Bo
929,929,false,Rascal
390,390,false,Lucky
324,324,false,Tyson
1461,1461,false,Honey
767,767,false,Max
450,450,false,Max
464,464,false,Lucy
100,100,false,Lexi
1524,1524,false,Shelby
1199,1199,false,Dakota
565,565,false,Shadow
1740,1740,false,Sasha
684,684,false,Jack
1108,1108,false,Lily
899,899,false,Gizmo
1271,1271,false,Spike
1696,1696,false,Ginger
1435,1435,false,Baby
219,219,false,Lilly
970,970,false,Patches
660,660,false,Sadie
658,658,false,Dakota
1737,1737,false,Cocoa
564,564,false,Missy
835,835,false,Buddy
645,645,false,Pepper
1938,1938,false,Bailey
1581,1581,false,Snoopy
1559,1559,false,Molly
1488,1488,false,Lola
1785,1785,false,Toby
1130,1130,false,Lola
152,152,false,Buster
480,480,false,Rex
309,309,false,Chloe
1634,1634,false,Buster
1896,1896,false,Zoey
479,479,false,Peanut
1002,1002,false,Sam
291,291,false,Cooper
77,77,false,Brutus
1637,1637,false,Baxter
1208,1208,false,Duke
2004,2004,false,Scooter
1055,1055,false,Jack
615,615,false,Diesel
1463,1463,false,Casey
1344,1344,false,Sophie
422,422,false,Cody
2000,2000,false,Sassy
1763,1763,false,Sasha
1321,1321,false,Sandy
1959,1959,false,Buster
332,332,false,Bailey
1446,1446,false,Max
111,111,false,Chico
1610,1610,false,Rosie
1563,1563,false,Baby
1186,1186,false,Sugar
1494,1494,false,Maggie
1947,1947,false,Zoey
1067,1067,false,Penny
1991,1991,false,Cookie
109,109,false,Harley
1812,1812,false,Chloe
924,924,false,Maggie
1090,1090,false,Dakota
1791,1791,false,Lilly
550,550,false,Annie
1294,1294,false,Pepper
310,310,false,Sasha
944,944,false,Gracie
1024,1024,false,Lucy
1359,1359,false,Sammy
366,366,false,Toby
405,405,false,Milo
1592,1592,false,Sasha
1507,1507,false,Sadie
1855,1855,false,Princess
1939,1939,false,Toby
712,712,false,Lola
863,863,false,Shelby
1923,1923,false,Shadow
1748,1748,false,Taz
1933,1933,false,Cody
1585,1585,false,Bo
38,38,false,Lucy
709,709,false,Casey
574,574,false,Sammy
245,245,false,Jake
93,93,false,Patches
1813,1813,false,Bubba
379,379,false,Lexi
1227,1227,false,Cookie
644,644,false,Baxter
1113,1113,false,Princess
1925,1925,false,Spike
1334,1334,false,Milo
831,831,false,Chico
1614,1614,false,Snoopy
1480,1480,false,Tank
1077,1077,false,Teddy
150,150,false,Luna
107,107,false,Molly
1753,1753,false,Toby
566,566,false,Ginger
946,946,false,Maggie
437,437,false,Honey
1809,1809,false,Brutus
9,9,false,Peanut
1088,1088,false,Maggie
459,459,false,Lucy
818,818,false,Jasmine
424,424,false,Annie
1428,1428,false,Shelby
1366,1366,false,Lexi
1400,1400,false,Casey
633,633,false,Spike
805,805,false,Gizmo
872,872,false,Buddy
270,270,false,Duke
425,425,false,Sam
1760,1760,false,Taz
342,342,false,Jack
1230,1230,false,Sugar
907,907,false,Gizmo
1343,1343,false,Tucker
1299,1299,false,Diamond
745,745,false,Sophie
826,826,false,Marley
1669,1669,false,Buddy
1107,1107,false,Tank
717,717,false,Chloe
1962,1962,false,Ruby
796,796,false,Jasmine
1828,1828,false,Oreo
119,119,false,Sadie
1747,1747,false,Murphy
1004,1004,false,Penny
471,471,false,Shelby
722,722,false,Rosie
1039,1039,false,Tank
506,506,false,Snickers
1050,1050,false,Buddy
1825,1825,false,Jack
134,134,false,Dakota
1882,1882,false,Luna
893,893,false,Cocoa
900,900,false,Missy
1353,1353,false,Diamond
1283,1283,false,Ruby
1972,1972,false,Buster
1190,1190,false,Molly
582,582,false,Lady
901,901,false,Jack
507,507,false,Lilly
1676,1676,false,Jasper
297,297,false,Cooper
497,497,false,Roxie
1361,1361,false,Lucy
1744,1744,false,Gracie
1539,1539,false,Princess
203,203,false,Lexi
1286,1286,false,Sam
1929,1929,false,Roxie
1543,1543,false,Sassy
1448,1448,false,Penny
1613,1613,false,Harvey
996,996,false,Tucker
701,701,false,Rusty
894,894,false,Milo
876,876,false,Bubba
1447,1447,false,Baxter
138,138,false,Chloe
1147,1147,false,Shadow
581,581,false,Rusty
1694,1694,false,Ruby
1029,1029,false,Mia
631,631,false,Harley
729,729,false,Brutus
110,110,false,Precious
1290,1290,false,Max
1663,1663,false,Lexi
1157,1157,false,Rocky
688,688,false,Lexi
1167,1167,false,Peanut
468,468,false,Maggie
531,531,false,Precious
225,225,false,Misty
1399,1399,false,Oreo
1465,1465,false,Precious
369,369,false,Penny
1646,1646,false,Brutus
612,612,false,Blue
1787,1787,false,Harvey
934,934,false,Jasper
782,782,false,Molly
544,544,false,Shadow
10,10,false,Cookie
1661,1661,false,Coco
80,80,false,Max
1172,1172,false,Baxter
1234,1234,false,Ruby
1682,1682,false,Bo
1040,1040,false,Daisy
57,57,false,Rosie
1372,1372,false,Princess
583,583,false,Ginger
909,909,false,Rex
1309,1309,false,Mia
1426,1426,false,Milo
1575,1575,false,Zeus
597,597,false,Dakota
350,350,false,Sugar
526,526,false,Shadow
1616,1616,false,Bandit
1438,1438,false,Buddy
1551,1551,false,Marley
1673,1673,false,Diamond
27,27,false,Cookie
1417,1417,false,Bella
874,874,false,Chloe
65,65,false,Dixie
1481,1481,false,Buster
1210,1210,false,Rascal
1342,1342,false,Buster
1846,1846,false,Cocoa
824,824,false,Casey
1466,1466,false,Chance
1758,1758,false,Mia
1478,1478,false,Buster
1012,1012,false,Princess
194,194,false,Sassy
141,141,false,Abby
159,159,false,Cody
1037,1037,false,Bo
304,304,false,Peanut
31,31,false,Harley
622,622,false,Jasper
529,529,false,Lucy
244,244,false,Sugar
47,47,false,Missy
1879,1879,false,Sugar
1897,1897,false,Cocoa
1733,1733,false,Marley
1003,1003,false,Sasha
1112,1112,false,Chloe
1408,1408,false,Casey
1946,1946,false,Penny
1021,1021,false,Missy
808,808,false,Annie
807,807,false,Ruby
22,22,false,Penny
201,201,false,Cody
540,540,false,Duke
743,743,false,Chance
803,803,false,Milo
533,533,false,Sophie
719,719,false,Maggie
1969,1969,false,Bo
935,935,false,Duke
1588,1588,false,Sophie
1521,1521,false,Mia
1792,1792,false,Angel
1486,1486,false,Buster
1734,1734,false,Lucky
375,375,false,Bo
1326,1326,false,Harley
1869,1869,false,Zeus
1983,1983,false,Zoey
1934,1934,false,Harley
788,788,false,Lucky
543,543,false,Lily
908,908,false,Max
1649,1649,false,Coco
281,281,false,Bo
1533,1533,false,Jake
1302,1302,false,Bubba
1374,1374,false,Buddy
988,988,false,Duke
103,103,false,Angel
381,381,false,Lilly
1103,1103,false,Molly
659,659,false,Cocoa
1059,1059,false,Roxie
845,845,false,Cookie
864,864,false,Sandy
209,209,false,Bruno
783,783,false,Angel
1226,1226,false,Sassy
765,765,false,Gracie
434,434,false,Chance
1844,1844,false,Tucker
580,580,false,Snickers
488,488,false,Charlie
55,55,false,Mia
1599,1599,false,Sasha
1961,1961,false,Lola
1831,1831,false,Jasmine
1587,1587,false,Peanut
928,928,false,Murphy
382,382,false,Rusty
707,707,false,Zeus
840,840,false,Rocky
1875,1875,false,Lola
426,426,false,Zoe
1738,1738,false,Patches
305,305,false,Bo
1894,1894,false,Ruby
1942,1942,false,Sadie
1617,1617,false,Shelby
37,37,false,Shadow
1360,1360,false,Sugar
1163,1163,false,Sammy
1151,1151,false,Bandit
512,512,false,Oreo
400,400,false,Chance
1644,1644,false,Lily
292,292,false,Chico
1142,1142,false,Bruno
1011,1011,false,Taz
1685,1685,false,Dakota
1332,1332,false,Scooter
492,492,false,Tank
596,596,false,Maggie
23,23,false,Zeus
689,689,false,Sandy
1060,1060,false,Annie
41,41,false,Rusty
88,88,false,Bruno
302,302,false,Cookie
144,144,false,Snoopy
66,66,false,Casey
1628,1628,false,Bruno
1721,1721,false,Daisy
347,347,false,Chico
1803,1803,false,Bear
1775,1775,false,Sassy
1121,1121,false,Zoey
1739,1739,false,Diesel
736,736,false,Ginger
1019,1019,false,Scooter
295,295,false,Snickers
145,145,false,Oscar
1986,1986,false,Missy
734,734,false,Sandy
1692,1692,false,Blue
1632,1632,false,Oscar
727,727,false,Zoey
847,847,false,Gizmo
1556,1556,false,Lucky
849,849,false,Peanut
1517,1517,false,Lilly
1965,1965,false,Molly
1285,1285,false,Cody
508,508,false,Teddy
841,841,false,Bandit
1338,1338,false,Sassy
1457,1457,false,Ruby
1394,1394,false,Tucker
1841,1841,false,Dixie
1256,1256,false,Sasha
1693,1693,false,Bella
943,943,false,Zeus
868,868,false,Diamond
1835,1835,false,Rosie
32,32,false,Bear
1198,1198,false,Tank
1370,1370,false,Snickers
2006,2006,false,Bo
691,691,false,Rex
20,20,false,Bubba
1804,1804,false,Coco
1527,1527,false,Shelby
1766,1766,false,Lola
1248,1248,false,Lola
553,553,false,Roxy
1750,1750,false,Toby
730,730,false,Sam
1023,1023,false,Cocoa
467,467,false,Bo
1679,1679,false,Sammy
1918,1918,false,Sugar
1716,1716,false,Diesel
411,411,false,Rusty
1954,1954,false,Duke
15,15,false,Cookie
1138,1138,false,Oscar
536,536,false,Baxter
1430,1430,false,Max
1305,1305,false,Teddy
1958,1958,false,Sophie
1228,1228,false,Harley
86,86,false,Duke
431,431,false,Angel
1790,1790,false,Max
30,30,false,Roxy
11,11,false,Diesel
792,792,false,Sam
1871,1871,false,Milo
1898,1898,false,Shadow
895,895,false,Baby
1994,1994,false,Blue
1229,1229,false,Ginger
1262,1262,false,Sasha
777,777,false,Jack
294,294,false,Gracie
1789,1789,false,Lucy
182,182,false,Cody
1154,1154,false,Luna
1471,1471,false,Bandit
723,723,false,Sammy
1470,1470,false,Rocky
920,920,false,Sugar
616,616,false,Jasper
16,16,false,Lilly
1840,1840,false,Zeus
406,406,false,Casey
1678,1678,false,Buster
101,101,false,Cody
1031,1031,false,Marley
679,679,false,Shelby
1489,1489,false,Lily
62,62,false,Ruby
1188,1188,false,Taz
1018,1018,false,Lola
1752,1752,false,Roxie
1207,1207,false,Missy
1937,1937,false,Bailey
1469,1469,false,Lady
1212,1212,false,Rocky
828,828,false,Lily
1615,1615,false,Lilly
427,427,false,Rusty
1915,1915,false,Lola
833,833,false,Riley
4,4,false,Sadie
1259,1259,false,Riley
1376,1376,false,Chloe
1690,1690,false,Lilly
1768,1768,false,Oscar
671,671,false,Princess
81,81,false,Harley
1043,1043,false,Zoey
1389,1389,false,Jack
694,694,false,Cooper
1509,1509,false,Sassy
1146,1146,false,Harley
1089,1089,false,Lola
56,56,false,Snickers
1686,1686,false,Bubba
370,370,false,Lucky
1487,1487,false,Jasper
189,189,false,Abby
1906,1906,false,Scooter
621,621,false,Lola
1602,1602,false,Rosie
552,552,false,Bandit
657,657,false,Lola
568,568,false,Bella
396,396,false,Bear
241,241,false,Princess
123,123,false,Missy
1530,1530,false,Precious
1743,1743,false,Rosie
151,151,false,Jasmine
1526,1526,false,Bubba
1350,1350,false,Bandit
1420,1420,false,Jack
1984,1984,false,Rascal
1141,1141,false,Cookie
1475,1475,false,Jasper
1722,1722,false,Tyson
341,341,false,Buddy
334,334,false,Sadie
496,496,false,Shadow
854,854,false,Cookie
1300,1300,false,Harley
206,206,false,Casey
356,356,false,Casey
1852,1852,false,Bailey
486,486,false,Tyson
1235,1235,false,Snoopy
1727,1727,false,Oscar
1303,1303,false,Sophie
1595,1595,false,Sophie
1667,1667,false,Lexi
1553,1553,false,Tank
1993,1993,false,Princess
273,273,false,Tucker
1053,1053,false,Duke
1149,1149,false,Bella
94,94,false,Sophie
910,910,false,Sugar
233,233,false,Chico
1421,1421,false,Baby
772,772,false,Milo
1415,1415,false,Bear
1211,1211,false,Bandit
1266,1266,false,Tank
1817,1817,false,Dakota
72,72,false,Bailey
343,343,false,Rusty
1102,1102,false,Taz
1519,1519,false,Cody
1178,1178,false,Dakota
904,904,false,Chico
1365,1365,false,Jasper
395,395,false,Misty
708,708,false,Belle
794,794,false,Sassy
1358,1358,false,Belle
1955,1955,false,Pepper
64,64,false,Peanut
278,278,false,Murphy
696,696,false,Bubba
911,911,false,Baxter
39,39,false,Jack
1214,1214,false,Tucker
1093,1093,false,Riley
40,40,false,Maggie
17,17,false,Zoe
183,183,false,Lilly
164,164,false,Bandit
1393,1393,false,Zoe
972,972,false,Toby
1044,1044,false,Patches
548,548,false,Annie
1132,1132,false,Tank
1992,1992,false,Harley
272,272,false,Oscar
964,964,false,Snickers
60,60,false,Misty
587,587,false,Pepper
132,132,false,Baby
897,897,false,Belle
1713,1713,false,Sadie
1511,1511,false,Cookie
778,778,false,Sam
738,738,false,Chance
1117,1117,false,Tucker
1514,1514,false,Peanut
1118,1118,false,Lucky
795,795,false,Tyson
73,73,false,Honey
1425,1425,false,Peanut
1064,1064,false,Max
1982,1982,false,Oreo
677,677,false,Jasmine
1467,1467,false,Tucker
228,228,false,Sam
1706,1706,false,Shelby
1246,1246,false,Bruno
1310,1310,false,Sassy
1197,1197,false,Sammy
1957,1957,false,Sandy
676,676,false,Gracie
494,494,false,Diamond
355,355,false,Luna
870,870,false,Murphy
1569,1569,false,Zoey
1816,1816,false,Gizmo
1741,1741,false,Rosie
839,839,false,Coco
1016,1016,false,Chloe
1216,1216,false,Dixie
175,175,false,Jake
1051,1051,false,Cocoa
1222,1222,false,Molly
572,572,false,Sasha
158,158,false,Cookie
925,925,false,Riley
1423,1423,false,Harley
1907,1907,false,Buster
1455,1455,false,Zeus
408,408,false,Buddy
1525,1525,false,Tyson
238,238,false,Rocky
1827,1827,false,Cookie
290,290,false,Belle
200,200,false,Angel
484,484,false,Gracie
44,44,false,Jake
555,555,false,Tank
1269,1269,false,Cooper
349,349,false,Angel
1749,1749,false,Cocoa
1793,1793,false,Roxie
973,973,false,Marley
218,218,false,Murphy
780,780,false,Milo
1022,1022,false,Sammy
642,642,false,Jake
588,588,false,Roxy
1431,1431,false,Pepper
1296,1296,false,Bandit
1453,1453,false,Harley
1136,1136,false,Buddy
1462,1462,false,Misty
1384,1384,false,Honey
169,169,false,Harley
1631,1631,false,Duke
1691,1691,false,Penny
409,409,false,Blue
452,452,false,Shadow
78,78,false,Scooter
1630,1630,false,Gracie
1593,1593,false,Spike
262,262,false,Sadie
542,542,false,Bear
1645,1645,false,Bo
1625,1625,false,Sam
1864,1864,false,Honey
204,204,false,Brutus
1082,1082,false,Milo
1139,1139,false,Sadie
724,724,false,Sassy
1719,1719,false,Blue
711,711,false,Dakota
741,741,false,Missy
604,604,false,Cookie
1586,1586,false,Lola
592,592,false,Misty
1781,1781,false,Dakota
635,635,false,Sadie
614,614,false,Lexi
1944,1944,false,Luna
1943,1943,false,Taz
1280,1280,false,Oreo
1345,1345,false,Riley
1076,1076,false,Tyson
1754,1754,false,Zoe
1583,1583,false,Cody
283,283,false,Tucker
1375,1375,false,Diamond
1351,1351,false,Max
391,391,false,Abby
1437,1437,false,Honey
1148,1148,false,Cookie
1493,1493,false,Misty
1656,1656,false,Cocoa
1307,1307,false,Max
1779,1779,false,Lilly
811,811,false,Chance
1872,1872,false,Lucky
1209,1209,false,Sammy
1802,1802,false,Sadie
710,710,false,Charlie
700,700,false,Sasha
1499,1499,false,Snoopy
1398,1398,false,Bear
1611,1611,false,Charlie
576,576,false,Zoey
1403,1403,false,Princess
557,557,false,Missy
589,589,false,Sammy
1096,1096,false,Buster
770,770,false,Abby
1320,1320,false,Rosie
1441,1441,false,Buddy
569,569,false,Sparky
1707,1707,false,Molly
1924,1924,false,Lola
1245,1245,false,Lilly
1500,1500,false,Bear
352,352,false,Bo
389,389,false,Precious
549,549,false,Zoe
1312,1312,false,Bear
1751,1751,false,Snoopy
1204,1204,false,Lucky
377,377,false,Honey
1695,1695,false,Missy
1648,1648,false,Shelby
1684,1684,false,Daisy
1440,1440,false,Lucky
258,258,false,Bo
71,71,false,Cookie
398,398,false,Lucky
1279,1279,false,Tank
1555,1555,false,Tank
983,983,false,Sparky
692,692,false,Sophie
1314,1314,false,Lilly
1674,1674,false,Murphy
1764,1764,false,Zoey
922,922,false,Gizmo
1192,1192,false,Oreo
1950,1950,false,Belle
1193,1193,false,Brutus
1528,1528,false,Lilly
1479,1479,false,Teddy
460,460,false,Oreo
844,844,false,Annie
1624,1624,false,Mia
279,279,false,Baxter
1808,1808,false,Jasper
713,713,false,Cooper
636,636,false,Sparky
79,79,false,Sandy
1124,1124,false,Jack
1503,1503,false,Tank
1091,1091,false,Max
1861,1861,false,Casey
1497,1497,false,Coco
1512,1512,false,Taz
1158,1158,false,Peanut
1523,1523,false,Abby
1534,1534,false,Belle
855,855,false,Oscar
896,896,false,Maggie
413,413,false,Precious
654,654,false,Ruby
1445,1445,false,Bandit
147,147,false,Lilly
1482,1482,false,Mia
1072,1072,false,Coco
1083,1083,false,Buster
346,346,false,Zoey
603,603,false,Charlie
887,887,false,Oreo
1081,1081,false,Murphy
1084,1084,false,Chloe
647,647,false,Taz
601,601,false,Jack
1459,1459,false,Harley
166,166,false,Bella
1999,1999,false,Precious
118,118,false,Bubba
345,345,false,Blue
1456,1456,false,Pepper
1105,1105,false,Jasmine
440,440,false,Rocky
799,799,false,Sandy
441,441,false,Roxy
1731,1731,false,Oscar
1658,1658,false,Diamond
1385,1385,false,Buddy
300,300,false,Gracie
288,288,false,Max
463,463,false,Sam
1337,1337,false,Sassy
1974,1974,false,Jasmine
1237,1237,false,Dixie
443,443,false,Gizmo
1836,1836,false,Bailey
386,386,false,Gracie
1452,1452,false,Peanut
940,940,false,Gizmo
1995,1995,false,Rusty
177,177,false,Spike
1515,1515,false,Ruby
274,274,false,Pepper
917,917,false,Sandy
851,851,false,Jake
1014,1014,false,Taz
59,59,false,Jasmine
1642,1642,false,Casey
1038,1038,false,Harley
2008,2008,false,Rosie
1298,1298,false,Lola
1030,1030,false,Bo
432,432,false,Pepper
879,879,false,Zoey
1111,1111,false,Missy
1626,1626,false,Penny
984,984,false,Penny
438,438,false,Charlie
1941,1941,false,Mia
498,498,false,Jasmine
1582,1582,false,Tyson
410,410,false,Chance
1886,1886,false,Tucker
179,179,false,Roxy
1931,1931,false,Diesel
930,930,false,Rocky
1369,1369,false,Jake
1496,1496,false,Bear
74,74,false,Luna
489,489,false,Snoopy
1833,1833,false,Rosie
126,126,false,Toby
495,495,false,Cocoa
890,890,false,Ginger
513,513,false,Diamond
1799,1799,false,Harvey
265,265,false,Princess
1675,1675,false,Sophie
481,481,false,Bruno
248,248,false,Lucy
1863,1863,false,Gracie
1919,1919,false,Lily
243,243,false,Lily
652,652,false,Abby
306,306,false,Molly
751,751,false,Patches
1653,1653,false,Rosie
121,121,false,Blue
829,829,false,Sadie
388,388,false,Dakota
263,263,false,Rosie
590,590,false,Jasper
916,916,false,Lexi
1848,1848,false,Chico
1703,1703,false,Molly
891,891,false,Cooper
867,867,false,Rusty
873,873,false,Lily
1348,1348,false,Jasper
433,433,false,Jasper
1536,1536,false,Honey
67,67,false,Tyson
760,760,false,Baxter
1635,1635,false,Sophie
769,769,false,Annie
933,933,false,Lucy
503,503,false,Abby
1330,1330,false,Missy
97,97,false,Annie
1104,1104,false,Cooper
625,625,false,Gracie
1406,1406,false,Gracie
975,975,false,Rex
1537,1537,false,Diamond
843,843,false,Sophie
1881,1881,false,Baby
545,545,false,Cody
598,598,false,Molly
1987,1987,false,Bandit
13,13,false,Rocky
312,312,false,Cooper
112,112,false,Coco
129,129,false,Angel
1189,1189,false,Lucky
435,435,false,Bailey
978,978,false,Rascal
813,813,false,Lilly
458,458,false,Duke
1540,1540,false,Snoopy
861,861,false,Zoey
21,21,false,Zeus
1066,1066,false,Oreo
1726,1726,false,Marley
156,156,false,Sadie
146,146,false,Lily
376,376,false,Lucky
1213,1213,false,Coco
1048,1048,false,Diesel
1502,1502,false,Abby
1085,1085,false,Marley
1270,1270,false,Lola
1805,1805,false,Taz
1720,1720,false,Cocoa
26,26,false,Snickers
1402,1402,false,Sparky
1281,1281,false,Roxy
1476,1476,false,Cocoa
1288,1288,false,Sassy
1220,1220,false,Brutus
1736,1736,false,Max
1949,1949,false,Dixie
268,268,false,Buster
802,802,false,Cody
1780,1780,false,Sugar
1439,1439,false,Rusty
747,747,false,Precious
1508,1508,false,Snoopy
359,359,false,Bandit
704,704,false,Bear
906,906,false,Duke
1205,1205,false,Murphy
161,161,false,Lexi
558,558,false,Lucky
1293,1293,false,Rusty
162,162,false,Murphy
1035,1035,false,Bandit
889,889,false,Sadie
1244,1244,false,Lexi
383,383,false,Peanut
462,462,false,Sophie
865,865,false,Pepper
180,180,false,Missy
915,915,false,Diesel
1247,1247,false,Lexi
643,643,false,Penny
609,609,false,Oscar
1830,1830,false,Peanut
198,198,false,Pepper
1718,1718,false,Gracie
98,98,false,Sparky
211,211,false,Bubba
957,957,false,Tyson
1823,1823,false,Dakota
1249,1249,false,Milo
1156,1156,false,Roxie
931,931,false,Honey
142,142,false,Brutus
1454,1454,false,Jack
1174,1174,false,Oscar
793,793,false,Blue
1116,1116,false,Molly
523,523,false,Ginger
937,937,false,Rusty
720,720,false,Snickers
99,99,false,Jasmine
573,573,false,Rocky
1909,1909,false,Bruno
1397,1397,false,Bella
1576,1576,false,Lola
1272,1272,false,Harvey
995,995,false,Jasmine
192,192,false,Princess
1036,1036,false,Daisy
1639,1639,false,Sam
1087,1087,false,Patches
703,703,false,Bear
1885,1885,false,Snickers
1709,1709,false,Misty
525,525,false,Coco
170,170,false,Misty
1407,1407,false,Jake
1505,1505,false,Dakota
1561,1561,false,Baby
1485,1485,false,Patches
1125,1125,false,Zoe
1276,1276,false,Snoopy
318,318,false,Teddy
789,789,false,Duke
1233,1233,false,Shadow
1159,1159,false,Patches
473,473,false,Milo
1988,1988,false,Dakota
83,83,false,Ginger
276,276,false,Bandit
1001,1001,false,Tyson
478,478,false,Jake
320,320,false,Cooper
1221,1221,false,Zoe
1826,1826,false,Ruby
1893,1893,false,Cookie
1584,1584,false,Lily
702,702,false,Toby
1594,1594,false,Bandit
1184,1184,false,Lily
1700,1700,false,Annie
955,955,false,Rosie
331,331,false,Oscar
948,948,false,Baxter
475,475,false,Max
1179,1179,false,Snoopy
19,19,false,Gracie
69,69,false,Princess
1434,1434,false,Jasmine
167,167,false,Rusty
768,768,false,Zoey
798,798,false,Milo
1306,1306,false,Zoey
1978,1978,false,Chloe
178,178,false,Scooter
68,68,false,Buddy
600,600,false,Zeus
1152,1152,false,Brutus
1217,1217,false,Duke
256,256,false,Rex
954,954,false,Bear
251,251,false,Shelby
1410,1410,false,Buddy
942,942,false,Lola
267,267,false,Bo
329,329,false,Penny
197,197,false,Dixie
1552,1552,false,Daisy
966,966,false,Patches
617,617,false,Daisy
384,384,false,Zoe
953,953,false,Gizmo
1928,1928,false,Sparky
1477,1477,false,Honey
2001,2001,false,Lucy
610,610,false,Ruby
623,623,false,Chance
1607,1607,false,Bailey
136,136,false,Toby
1026,1026,false,Zoe
1629,1629,false,Milo
511,511,false,Pepper
1917,1917,false,Precious
1238,1238,false,Sassy
945,945,false,Gizmo
239,239,false,Rusty
1223,1223,false,Zeus
624,624,false,Lucy
726,726,false,Tyson
461,461,false,Annie
1241,1241,false,Angel
284,284,false,Zeus
1110,1110,false,Lily
1335,1335,false,Gracie
271,271,false,Molly
130,130,false,Chloe
1017,1017,false,Lola
249,249,false,Oscar
594,594,false,Oreo
1865,1865,false,Sugar
913,913,false,Teddy
1605,1605,false,Diamond
1316,1316,false,Bandit
619,619,false,Baxter
885,885,false,Rocky
237,237,false,Bruno
1094,1094,false,Bubba
585,585,false,Sammy
1916,1916,false,Sparky
