sku_id,product_id,name,number,barcode,target_quantity,alert_threshold,deleted
31,5,Chocolate,2299,0c94114697,56,3,false
47,12,Yellow,2925,w125061388,65,0,false
37,17,Blue,4480,30436o8507,32,7,false
40,12,Taupe,1864,12s7715763,27,9,false
84,8,Chocolate,3571,0368w03160,91,0,false
6,17,Lavender,1797,045229p151,85,5,false
83,2,Black,2732,8253361004,44,5,false
67,16,Brown,8199,w019860546,99,0,false
70,12,Purple,2712,5520755981,51,7,false
95,5,Lilac,1363,687k498840,84,5,false
19,14,Apricot,1899,127231954o,99,9,false
94,4,Rose,3598,3255557880,23,10,false
4,1,Champagne,9672,00i6311057,36,1,false
100,1,Sangria,6623,1740759355,53,7,false
2,16,Carmine,3389,8212029198,35,3,false
77,17,White,6967,132997942z,79,6,false
54,6,Coral,7975,84827564m7,85,1,false
101,8,Maroon,8321,35105635z6,48,10,false
27,13,Carmine,1862,3334530v31,22,5,false
12,15,Burgundy,9180,22054j1574,83,8,false
48,1,Magenta,5690,1999049983,54,10,false
21,1,Pink,2464,91d1389105,91,0,false
89,11,Harlequin,5545,01194y3422,99,8,false
98,5,Grey,741,71868393x1,63,9,false
57,9,Salmon,7021,a307909511,62,2,false
63,17,Scarlet,1989,91d6400767,90,2,false
36,14,Ivory,3485,8645810m87,50,10,false
61,9,Periwinkle,3981,9263856098,83,10,false
5,18,Cyan,5195,2x48200646,59,4,false
50,17,Gray,150,r249680169,34,9,false
73,14,Gold,6536,851529862c,25,4,false
65,2,Azure,8052,2382504475,52,7,false
26,6,Cyan,1111,206642e649,34,1,false
41,16,Teal,5509,13120y0503,75,5,false
86,12,Burgundy,525,0967122770,96,3,false
20,12,Harlequin,8221,j451183418,93,9,false
7,3,Erin,1953,7791988239,92,0,false
13,5,Mauve,3602,803270761w,61,5,false
32,9,Sangria,8794,18310775k4,67,0,false
76,5,Salmon,9719,72h5634023,42,4,false
34,19,Lavender,4804,868284l887,57,1,false
51,13,Chocolate,3312,34c4058130,91,8,false
17,17,Gold,22,2311w92679,62,7,false
88,3,Coffee,868,51814501m0,68,1,false
74,12,Blush,2870,8552936255,58,2,false
68,3,Blush,6940,75915360j4,53,7,false
38,10,Ivory,2567,82747353g4,33,10,false
75,2,Plum,2151,88m8262423,31,10,false
35,4,Mauve,7836,68d7031755,74,9,false
45,2,Ruby,2374,50q9743330,81,9,false
44,9,Olive,8819,5c87642567,21,3,false
49,1,Olive,8515,467783v278,86,3,false
82,17,Brown,2907,5931971207,66,0,false
39,9,Amber,2406,65995470s2,28,7,false
62,2,Grey,7205,838z894405,59,1,false
1,2,Coral,2459,2265679660,55,1,false
9,18,Ochre,3119,87a7151366,62,6,false
90,19,Red,6993,949p972703,39,3,false
87,6,Lilac,9318,015943700x,25,1,false
23,3,Mauve,265,8321v28020,80,10,false
46,4,Periwinkle,9253,83298w7767,64,0,false
8,7,Harlequin,3688,3975462003,25,8,false
99,17,Bronze,4916,825272k716,30,9,false
72,2,Ivory,7412,2c38981518,29,4,false
3,8,Violet,3853,1540876070,80,5,false
91,10,Tan,4586,3690828372,35,9,false
64,6,Amethyst,4067,5526529390,81,7,false
22,18,Jade,4964,9u67246831,46,8,false
78,1,Apricot,2136,6335288100,34,2,false
71,16,Tan,8904,5323143149,83,10,false
79,16,Yellow,7128,7873b50420,63,7,false
33,12,White,3786,5859782632,41,8,false
14,11,Azure,8626,780605b778,91,7,false
52,4,Silver,8134,9397363227,21,9,false
56,6,Brown,6934,18x0491966,48,4,false
80,11,Tan,2252,1523345x44,47,0,false
92,1,Fuchsia,3316,265l273444,94,1,false
18,18,Lavender,9659,33997x1525,36,1,false
53,12,Pink,6997,6859433170,87,0,false
16,16,Orchid,4295,6451f84298,29,4,false
42,11,Crimson,570,9842027996,89,10,false
96,16,Cerulean,3932,6449583477,34,8,false
93,20,Blush,4384,6805q77881,40,2,false
85,1,Harlequin,3500,6980025107,59,10,false
24,5,Lime,5390,44686977m7,91,1,false
43,11,Viridian,2942,6569693597,67,1,false
81,5,Pink,3528,7m22825056,74,2,false
97,11,Black,4334,509957428e,86,3,false
30,17,Fuchsia,2005,8071029915,50,9,false
10,12,Fuchsia,5105,18q5186493,29,2,false
66,7,White,1947,033974y468,30,3,false
29,10,Ochre,848,6073365878,37,2,false
69,2,Puce,547,1286740p90,64,4,false
15,9,Ultramarine,9056,174z346488,66,6,false
11,15,Silver,9475,07670543e8,68,2,false
55,6,Violet,5528,2021809032,72,4,false
25,11,Brown,2291,2350e57142,65,2,false
60,11,Yellow,2853,8548576392,57,3,false
59,15,Raspberry,964,44124617h9,28,1,false
28,16,Bronze,7113,y116057063,22,9,false
