product_id,name,brand,category,vendor,description,visible_to_clients,commissionable,discontinued,discontinued_reasons,alternative_product_ids,deleted
11,Mediocre Granite Lamp,Platinum,Outdoors,Pfannerstill LLC,Distinctio et eum.,true,true,false,,,false
10,Heavy Duty Iron Bench,Nihonium,Beauty,Leffler-Pouros,"",true,true,false,,,false
20,Intelligent Wool Car,Seaborgium,Baby,"Hilpert, O'Keefe and Bauch",Odio sunt at.,true,true,false,,,false
17,Small Paper Table,Erbium,Outdoors,"Terry, Sawayn and Reynolds",Iure ullam aperiam.,true,true,false,,,false
19,Sleek Rubber Watch,Magnesium,Computers,Barrows Group,Ratione quod quo.,true,true,false,,,false
12,Heavy Duty Copper Table,Uranium,Games,Huels-Stanton,"",true,true,false,,,false
1,Ergonomic Steel Plate,Actinium,Toys,Zemlak and Sons,Non et dolores.,true,true,false,,,false
2,Sleek Linen Lamp,Copper,Computers,Will-Bahringer,Blanditiis magnam nisi.,true,true,false,,,false
7,Ergonomic Wool Plate,Tantalum,Music,Mertz-Rogahn,"",true,true,false,,,false
9,Synergistic Marble Table,Titanium,Home,Altenwerth-Hirthe,Occaecati tempore et.,true,true,false,,,false
4,Aerodynamic Plastic Knife,Potassium,Kids,Jenkins-Kessler,Ut adipisci deserunt.,true,true,false,,,false
16,Gorgeous Leather Bag,Thorium,Kids,VonRueden-Terry,"",true,true,false,,,false
13,Sleek Cotton Coat,Lanthanum,Kids,Carter LLC,Ut inventore officiis.,true,true,false,,,false
18,Ergonomic Granite Pants,Thorium,Industrial,Homenick Inc,"",true,true,false,,,false
5,Rustic Granite Lamp,Lithium,Toys,Nitzsche and Sons,"",true,true,false,,,false
6,Mediocre Copper Wallet,Selenium,Garden,Shanahan Inc,Cupiditate dolorum exercitationem.,true,true,false,,,false
8,Durable Rubber Car,Argon,Industrial,Brown-Hamill,"",true,true,false,,,false
3,Practical Marble Keyboard,Phosphorus,Shoes,"Blanda, Boyer and Cronin","",true,true,false,,,false
14,Synergistic Wool Wallet,Copper,Jewelry,Botsford Inc,"",true,true,false,,,false
15,Practical Steel Pants,Lawrencium,Books,"Fahey, Terry and Purdy","",true,false,false,,,false
