sku_id,product_id,name,number,barcode,target_quantity,alert_threshold,deleted
19,5,Coral,145,02878x8023,64,3,false
18,7,Turquoise,5115,52l9844701,76,8,false
31,16,Cerulean,2893,9951956373,100,5,false
48,14,Scarlet,8907,3035471i99,24,6,false
79,14,Plum,9291,663171t937,71,1,false
76,8,Sapphire,2248,46440030o7,90,6,false
86,19,Bronze,1146,819005k306,56,8,false
40,2,Periwinkle,9974,86567317b9,55,0,false
3,17,Purple,6538,5167854y75,52,2,false
20,9,Raspberry,6546,19427071t8,83,9,false
61,12,Maroon,2714,1311w02308,21,9,false
14,6,Orange,9028,3411103702,53,1,false
25,19,Crimson,6876,967290476c,86,0,false
65,2,Byzantium,7700,851086876y,55,9,false
95,13,Cerise,9597,56519t0137,21,0,false
28,18,Cerulean,3483,9502261y25,51,9,false
71,15,Taupe,5970,7756645k75,38,6,false
91,17,Amber,2869,5832957007,93,7,false
22,16,Orchid,3136,5454248187,89,8,false
82,10,Fuchsia,5870,17q4181849,24,10,false
50,13,Aquamarine,6747,91950r1055,85,2,false
7,16,Harlequin,8673,13n4296619,69,8,false
15,18,Ochre,4814,s314786584,35,4,false
74,3,Green,8927,4051431983,41,7,false
49,3,Olive,4322,27372261k8,35,8,false
60,20,Puce,8003,1p58196578,62,10,false
43,13,Ruby,5526,135t374938,73,7,false
85,1,Yellow,4870,0958697327,24,8,false
98,19,Cerise,6862,132429644r,47,6,false
9,7,Sky,3577,240927m926,43,4,false
46,5,Champagne,4286,0235j34069,38,9,false
42,8,Teal,1801,g398158507,87,1,false
6,18,Tan,6530,8406730g56,58,7,false
92,18,Yellow,5882,0775r78654,25,0,false
56,9,Grey,8017,3281r35318,68,10,false
55,16,Fuchsia,2759,9475097933,63,1,false
5,14,Pear,3059,9q00434500,80,10,false
51,6,Lime,1165,504044498k,79,3,false
81,11,Sky,4343,18g0733928,47,7,false
59,18,Cyan,9787,4697130340,92,1,false
21,9,Purple,9181,2979984041,20,7,false
54,6,Ruby,8000,2612y55117,36,3,false
64,7,Sapphire,1463,1h51786925,20,0,false
63,11,Gray,4554,6v84437016,86,9,false
57,5,Blue,9985,017251r394,62,8,false
84,3,Taupe,5424,o019227157,28,5,false
69,8,Chocolate,8019,183661145w,54,1,false
72,16,Purple,5906,82727i0750,68,7,false
93,7,Scarlet,9403,9332915978,99,5,false
4,19,Blue,7076,9226791596,85,0,false
68,13,Sangria,618,26139u9980,43,0,false
13,14,Green,1984,67170k3146,85,8,false
1,5,Red,3389,u135455491,30,5,false
70,19,Ivory,2610,r488595715,27,5,false
38,1,Gold,4337,668j458996,60,9,false
30,2,Cerulean,5732,19503m1283,25,9,false
73,11,Red,2930,7u42529855,81,8,false
12,7,Lemon,9126,40w8860471,44,2,false
17,16,Violet,4344,995e756635,66,3,false
87,19,Fuchsia,3698,121334f791,39,10,false
24,3,Salmon,5061,1720c32979,25,3,false
99,2,Chocolate,359,a010482957,52,0,false
75,17,Cerise,4194,27305710y0,93,6,false
16,10,Lemon,2978,4561413g45,77,1,false
78,11,Carmine,8208,21871l3335,69,10,false
27,4,Emerald,4875,7553863u18,66,9,false
52,13,Copper,2612,i559853096,42,5,false
67,11,Pink,3227,79r9983704,34,1,false
90,12,Orchid,7689,5423589396,79,2,false
33,1,Lavender,7837,39441v9592,70,6,false
29,8,Salmon,9481,57640384x4,64,0,false
77,9,Purple,8300,9j13911236,59,0,false
41,8,Red,4411,3266985332,60,2,false
66,13,Sky,1308,d729767188,82,5,false
11,7,Fuchsia,125,5884389797,78,4,false
96,1,Mauve,1216,8403284061,87,1,false
80,18,Grey,6159,69963n9162,80,2,false
8,2,Sky,8405,919808027j,53,4,false
100,12,Pear,11,590916184g,70,6,false
58,5,Violet,8738,81278h5705,79,5,false
32,14,Grey,3917,48368r4034,71,2,false
34,16,Cerulean,1472,1992821456,60,3,false
35,3,Carmine,3937,217x543358,90,9,false
47,19,Gray,1500,4624270443,81,7,false
37,2,Indigo,8407,6647579661,39,10,false
53,7,Salmon,2810,450u267355,78,7,false
39,19,Copper,5312,82s3429787,80,6,false
36,15,Erin,524,1467613171,26,8,false
83,8,Coral,4441,6936857545,85,0,false
26,19,Turquoise,9070,k283117477,72,0,false
44,1,Lime,2851,994j181909,48,7,false
2,7,Beige,3707,56c4830744,29,1,false
45,3,Black,9121,507324459s,28,9,false
10,3,Yellow,6084,9038171834,27,1,false
88,4,Azure,9708,4167483808,77,10,false
89,13,Harlequin,7483,4510o97372,64,1,false
94,2,Raspberry,9638,8i98551361,62,1,false
62,16,Olive,1513,3z29925068,93,9,false
97,17,Coral,7796,286755c934,68,4,false
23,16,Mauve,4082,2662328r09,79,7,false
