sku_id,location_id,quantity,price,cost,vendor,expiration_date,stock_type,deleted
1,1,10,17.5,10.01,Sawayn-Beer,,,false
2,1,10,32.2,5.24,Parisian and Sons,,,false
3,1,10,21.37,7.38,Monahan Inc,,,false
4,1,9,22.54,13.74,Gislason LLC,,,false
5,1,1,16.86,13.91,Hauck-Gerhold,,,false
6,1,3,33.73,10.01,Rau LLC,,,false
7,1,6,33.34,4.39,"Barton, Anderson and Murray",,,false
8,1,4,33.44,9.39,"Fadel, Lowe and Bauch",,,false
9,1,3,38.76,3.02,Upton and Sons,,,false
10,1,2,29.17,4.49,Fisher Group,,,false
11,1,6,24.17,13.07,Funk-Von,,,false
12,1,6,27.96,9.8,Lind Inc,,,false
13,1,3,18.14,12.14,Feeney-Stiedemann,,,false
14,1,3,22.37,14.13,Donnelly-Schoen,,,false
15,1,2,47.8,5.06,"Thompson, Ziemann and Denesik",,,false
16,1,9,45.97,3.91,Rosenbaum LLC,,,false
17,1,9,21.51,11.06,Wehner LLC,,,false
18,1,9,29.93,4.41,"Keebler, Dickens and Kessler",,,false
19,1,7,48.28,2.86,"Weber, Barton and Rippin",,,false
20,1,6,19.66,12.8,"Baumbach, Thiel and Wiza",,,false
21,1,2,32.67,1.47,Carter Inc,,,false
22,1,6,45.31,2.6,Orn Inc,,,false
23,1,7,43.62,10.01,Carter-Denesik,,,false
24,1,2,47.68,13.61,Ernser-Stracke,,,false
25,1,4,31.2,6.43,"Barrows, Rath and Boyer",,,false
26,1,0,18.42,3.9,Sporer-Connelly,,,false
27,1,4,16.29,13.47,King-Brekke,,,false
28,1,8,34.58,8.89,Bartoletti-Beahan,,,false
29,1,7,26.24,6.56,Sipes-Nader,,,false
30,1,1,16.58,12.25,"Herman, Johnson and Bashirian",,,false
31,1,4,20.24,6.75,"Mueller, O'Connell and Rempel",,,false
32,1,6,35.37,6.26,Bruen LLC,,,false
33,1,2,17.21,3.72,"Graham, Langosh and Green",,,false
34,1,6,38.05,4.49,"Orn, Spencer and Trantow",,,false
35,1,5,30.4,13.36,Strosin and Sons,,,false
36,1,0,45.74,5.99,Koelpin and Sons,,,false
37,1,3,35.01,1.59,Paucek-Koch,,,false
38,1,7,36.43,4.31,"Koss, Jerde and Leffler",,,false
39,1,4,24.43,12.62,Turner and Sons,,,false
40,1,9,18.64,8.72,Koch LLC,,,false
41,1,9,20.98,2.39,Rempel and Sons,,,false
42,1,10,35.75,8.89,Murray-Upton,,,false
43,1,1,38.58,1.49,"Stracke, Maggio and Ondricka",,,false
44,1,10,23.39,13.49,Greenfelder Inc,,,false
45,1,10,41.08,5.65,Koepp-Murazik,,,false
46,1,0,41.19,14.13,Harber and Sons,,,false
47,1,5,27.48,6.31,Cronin Inc,,,false
48,1,6,37.03,14.08,Hermann-Nitzsche,,,false
49,1,1,22.87,12.5,"Stoltenberg, Crona and Leuschke",,,false
50,1,4,26.35,5.53,Hane Inc,,,false
51,1,9,25.11,3.1,Jacobi-O'Kon,,,false
52,1,3,16.48,4.75,"Stamm, Zieme and Ferry",,,false
53,1,10,31.83,5.2,Mohr Inc,,,false
54,1,2,23.59,2.66,"D'Amore, Lang and Tillman",,,false
55,1,1,19.07,4.25,Nicolas Inc,,,false
56,1,6,34.04,13.35,Kozey and Sons,,,false
57,1,9,34.48,5.73,Mayer LLC,,,false
58,1,1,22.5,9.91,Jacobs-Rempel,,,false
59,1,7,49.36,10.72,Lockman Inc,,,false
60,1,8,48.37,1.43,"Becker, Conn and Erdman",,,false
61,1,3,35.33,4.35,"Schmeler, Ziemann and West",,,false
62,1,10,37.58,12.44,Moore-Mertz,,,false
63,1,9,47.7,14.86,Little-Bartoletti,,,false
64,1,3,21.65,12.26,"Blanda, Spinka and Deckow",,,false
65,1,10,46.69,12.34,Leannon Inc,,,false
66,1,5,23.44,13.17,"Willms, Gislason and Bogan",,,false
67,1,9,45.92,7.92,Borer Inc,,,false
68,1,2,32.14,10.48,"Hartmann, Kunze and Bode",,,false
69,1,7,16.05,11.44,Shields-Feil,,,false
70,1,7,34.66,2.11,"Towne, Sauer and Jacobi",,,false
71,1,4,19.55,4.27,Schulist Inc,,,false
72,1,4,26.57,5.94,"Sporer, Beatty and Smith",,,false
73,1,6,42.7,8.37,"Ritchie, Stamm and Schuster",,,false
74,1,1,32.63,5.78,"Schmeler, Cremin and Kunze",,,false
75,1,9,36.61,11.94,Homenick Group,,,false
76,1,9,44.83,11.6,"Kris, Bernhard and Sipes",,,false
77,1,3,44.5,14.67,Botsford LLC,,,false
78,1,10,32.61,11.16,"Brown, Walsh and Kutch",,,false
79,1,4,30.83,2.64,Swift-Brown,,,false
80,1,9,28.46,10.31,Adams Group,,,false
81,1,8,36.38,1.02,Cummings-Hills,,,false
82,1,4,21.29,9.29,Rempel-Waters,,,false
83,1,6,48.08,3.67,"Beer, Kerluke and Corwin",,,false
84,1,5,46.09,10.39,Pacocha-Marks,,,false
85,1,3,46.83,4.88,McLaughlin Group,,,false
86,1,6,28.76,4.15,"Lebsack, Crist and Blick",,,false
87,1,4,15.27,2.38,Moen-Champlin,,,false
88,1,7,24.05,1.53,Harris Group,,,false
89,1,8,48.02,5.98,Grimes-Altenwerth,,,false
90,1,6,16.67,4.09,"Collier, Prosacco and Von",,,false
91,1,4,33.18,4.56,"Feest, Moore and Stamm",,,false
92,1,8,19.94,3.42,Weber and Sons,,,false
93,1,0,21.6,11.06,Glover-Shields,,,false
94,1,7,28.87,9.34,Turcotte Group,,,false
95,1,0,26.65,3.96,Tremblay-Rutherford,,,false
96,1,9,17.79,3.67,"Davis, Rutherford and Braun",,,false
97,1,7,22.9,5.66,Gerhold-Champlin,,,false
98,1,7,36.55,10.45,Blanda-Reynolds,,,false
99,1,10,49.18,6.93,"Heaney, Mohr and Howell",,,false
100,1,5,34.14,7.13,Abernathy-Nicolas,,,false
101,1,9,36.8,2.94,Leffler Inc,,,false
1,2,5,42.63,12.0,Conn and Sons,,,false
2,2,9,19.18,12.55,Heller-Gleason,,,false
3,2,9,38.56,11.93,Schneider-Mosciski,,,false
4,2,0,22.16,5.23,Friesen Inc,,,false
5,2,10,17.11,11.96,"Corwin, Herman and Gutmann",,,false
6,2,10,45.28,13.41,Powlowski-Marks,,,false
7,2,5,28.67,12.24,"Zieme, Rempel and Reichert",,,false
8,2,1,27.31,8.76,Fisher and Sons,,,false
9,2,7,37.59,13.3,Lakin Inc,,,false
10,2,8,45.61,5.45,"Von, Orn and Lind",,,false
11,2,8,21.09,1.36,Quigley-Fahey,,,false
12,2,0,49.17,3.68,"Casper, Kessler and Schoen",,,false
13,2,8,41.03,7.21,Renner-Veum,,,false
14,2,9,40.0,6.06,"Goyette, Gusikowski and Windler",,,false
15,2,7,37.44,8.68,"Koepp, Hand and Rippin",,,false
16,2,0,16.39,8.31,Jacobi LLC,,,false
17,2,3,39.36,8.96,Denesik-Douglas,,,false
18,2,1,32.27,8.26,Nikolaus LLC,,,false
19,2,6,47.17,3.9,"Collins, Bernier and Russel",,,false
20,2,5,39.86,12.57,Roob-Cronin,,,false
21,2,8,45.47,2.06,Gerhold-Lockman,,,false
22,2,7,26.27,7.65,"Wiegand, Schinner and Cormier",,,false
23,2,1,39.05,1.16,"Spencer, Hagenes and Von",,,false
24,2,8,43.85,4.48,Schimmel Inc,,,false
25,2,7,37.03,6.66,Blanda-Hyatt,,,false
26,2,0,45.41,1.63,Rempel Group,,,false
27,2,8,44.11,10.58,Kshlerin Group,,,false
28,2,8,26.05,4.22,Haley-Doyle,,,false
29,2,3,33.53,4.24,Kshlerin-Rowe,,,false
30,2,7,26.02,6.27,Monahan-Heathcote,,,false
31,2,10,37.12,6.5,Johns LLC,,,false
32,2,9,41.54,14.64,"Jaskolski, Kiehn and McClure",,,false
33,2,6,39.88,5.46,"Connelly, Dicki and Terry",,,false
34,2,7,22.85,12.34,"Harvey, Cronin and Bahringer",,,false
35,2,7,29.08,3.13,Fritsch-DuBuque,,,false
36,2,0,22.1,12.52,Runte-Wiza,,,false
37,2,0,45.12,1.63,"Collier, Kshlerin and Hettinger",,,false
38,2,1,43.05,8.24,Wiegand Group,,,false
39,2,2,46.91,4.21,Christiansen-Nader,,,false
40,2,9,32.43,4.33,Gerhold-Mann,,,false
41,2,0,25.9,11.2,Kozey LLC,,,false
42,2,10,20.53,5.01,Kling-Murphy,,,false
43,2,8,19.07,5.95,"Dietrich, Waters and Fay",,,false
44,2,0,20.61,10.1,Stoltenberg-Hodkiewicz,,,false
45,2,6,29.86,10.69,Jaskolski-Harber,,,false
46,2,9,36.0,3.15,"Wisoky, Prosacco and Lubowitz",,,false
47,2,0,19.45,9.75,Gutmann-Wunsch,,,false
48,2,5,38.46,8.54,"Pollich, Johnson and Shields",,,false
49,2,6,42.71,2.84,Walter-Keebler,,,false
50,2,7,17.99,5.7,"Donnelly, Kirlin and Mills",,,false
51,2,5,25.9,5.24,"Mueller, Corwin and Runolfsdottir",,,false
52,2,9,16.98,1.61,Doyle and Sons,,,false
53,2,1,26.01,12.58,Bartoletti-Boyle,,,false
54,2,9,46.7,4.42,"Von, Brown and Fritsch",,,false
55,2,2,21.33,2.09,Rau-Batz,,,false
56,2,4,37.01,13.63,Herman LLC,,,false
57,2,9,19.61,14.64,"Dach, Witting and Runolfsson",,,false
58,2,10,23.88,3.36,Predovic Inc,,,false
59,2,2,26.1,14.69,Champlin-Reynolds,,,false
60,2,8,30.03,11.79,Grady Inc,,,false
61,2,4,29.83,6.01,Crona-Champlin,,,false
62,2,4,48.78,1.2,Dickens Inc,,,false
63,2,5,29.75,13.66,"Torphy, Franecki and Kuphal",,,false
64,2,2,47.54,11.84,"O'Kon, Bauch and Brown",,,false
65,2,5,16.52,8.59,Thiel-Mayert,,,false
66,2,8,32.72,11.42,Hartmann Inc,,,false
67,2,4,41.41,14.07,Zieme-Wisozk,,,false
68,2,7,48.63,7.35,Larson-White,,,false
69,2,8,20.27,2.28,Blanda-Heathcote,,,false
70,2,2,21.0,12.87,Kuhic and Sons,,,false
71,2,5,39.06,14.99,Kemmer and Sons,,,false
72,2,6,26.75,4.12,Hyatt Inc,,,false
73,2,3,45.16,1.62,"Wyman, Glover and Witting",,,false
74,2,8,29.62,8.55,Streich and Sons,,,false
75,2,5,41.35,9.03,Kuhlman Group,,,false
76,2,8,16.65,3.32,Kessler-Funk,,,false
77,2,1,46.68,12.19,Blick-Cassin,,,false
78,2,3,25.47,8.12,Stamm Group,,,false
79,2,5,25.18,2.08,Roob-Bayer,,,false
80,2,0,48.39,3.26,"Kovacek, Towne and Runte",,,false
81,2,4,16.94,6.39,Schowalter-Koelpin,,,false
82,2,1,45.35,11.3,Kub Group,,,false
83,2,7,38.11,10.92,Swift Group,,,false
84,2,5,16.78,1.41,Langworth-Maggio,,,false
85,2,10,18.74,2.02,"Baumbach, Hills and Kling",,,false
86,2,6,28.19,9.49,"Howe, Kessler and Jacobi",,,false
87,2,1,33.68,14.95,Fritsch and Sons,,,false
88,2,9,21.23,6.89,Harvey-Gottlieb,,,false
89,2,0,41.89,13.72,Padberg-Schaefer,,,false
90,2,9,39.71,8.13,"Koss, Collins and Beahan",,,false
91,2,1,48.32,2.04,Rogahn-Kunze,,,false
92,2,0,40.21,8.11,Hagenes-Lang,,,false
93,2,6,42.7,14.14,"Kemmer, Nikolaus and Ruecker",,,false
94,2,1,31.34,7.06,"Sporer, Reynolds and Ruecker",,,false
95,2,0,36.44,8.03,Leffler-O'Keefe,,,false
96,2,1,47.48,4.81,Heaney Inc,,,false
97,2,9,23.38,2.44,Stark LLC,,,false
98,2,4,36.62,14.5,Tremblay LLC,,,false
99,2,2,34.7,1.1,"Strosin, McClure and Hansen",,,false
100,2,1,31.11,14.42,Bayer and Sons,,,false
101,2,0,30.04,8.62,"Lynch, Ebert and McGlynn",,,false
1,3,5,49.15,12.78,Schuppe Group,,,false
2,3,10,38.53,14.83,Romaguera Group,,,false
3,3,5,16.36,7.18,"Macejkovic, Schmitt and Klein",,,false
4,3,6,26.82,9.47,"Wilkinson, Feest and Waelchi",,,false
5,3,2,28.45,3.56,"McClure, Pollich and Trantow",,,false
6,3,9,38.63,12.26,"Casper, Dooley and Braun",,,false
7,3,0,23.03,8.11,Reichel Inc,,,false
8,3,8,31.98,7.66,Hahn-Ondricka,,,false
9,3,6,40.91,3.32,Heaney-Mayert,,,false
10,3,9,27.43,1.46,Kutch-Veum,,,false
11,3,8,24.61,11.41,"King, Parisian and Maggio",,,false
12,3,6,32.18,2.08,Hayes Inc,,,false
13,3,1,30.06,3.89,"Williamson, Bode and Gibson",,,false
14,3,6,17.73,11.62,"Balistreri, Stark and Quitzon",,,false
15,3,10,45.08,12.67,Mills Group,,,false
16,3,6,16.64,12.58,Stark Inc,,,false
17,3,6,45.73,6.82,Cronin Inc,,,false
18,3,9,40.34,5.23,"Crist, Lubowitz and Hahn",,,false
19,3,0,22.83,11.2,"Ratke, Ferry and Rodriguez",,,false
20,3,2,31.39,4.37,"Murray, Nitzsche and Leffler",,,false
21,3,2,32.61,8.14,"Batz, Bergnaum and Dare",,,false
22,3,4,34.64,11.49,Wehner-Metz,,,false
23,3,1,38.56,2.88,Bosco-Kassulke,,,false
24,3,6,27.86,11.08,Conn-Cole,,,false
25,3,9,46.32,4.34,Hintz Group,,,false
26,3,2,28.18,9.86,Mann-Sporer,,,false
27,3,6,15.83,14.57,Prosacco and Sons,,,false
28,3,1,21.1,3.52,Keebler Group,,,false
29,3,3,24.54,6.05,Bayer LLC,,,false
30,3,7,45.53,4.32,Turner-Hodkiewicz,,,false
31,3,7,38.15,12.33,Dibbert Group,,,false
32,3,9,47.44,10.01,Mann-Witting,,,false
33,3,9,38.08,12.96,Aufderhar LLC,,,false
34,3,9,29.92,3.11,Bernhard Inc,,,false
35,3,9,24.98,7.16,Marks-Thiel,,,false
36,3,6,16.29,5.2,Schmidt Group,,,false
37,3,10,48.73,5.06,"Beatty, Weber and Ferry",,,false
38,3,0,32.98,9.7,Ruecker-Stracke,,,false
39,3,4,30.42,7.36,Dooley-McGlynn,,,false
40,3,1,42.84,1.13,"Douglas, Mayert and Gaylord",,,false
41,3,4,41.95,2.55,Predovic and Sons,,,false
42,3,2,27.8,2.57,"Hickle, Cummings and Nienow",,,false
43,3,4,24.27,14.4,Effertz and Sons,,,false
44,3,8,35.57,3.0,Brekke-Johnson,,,false
45,3,6,26.92,5.8,Bednar Group,,,false
46,3,8,40.39,5.39,Mitchell Group,,,false
47,3,10,39.0,14.51,Nikolaus LLC,,,false
48,3,0,24.33,9.57,Hills-Herman,,,false
49,3,0,48.81,11.4,Tromp Group,,,false
50,3,3,15.68,8.77,"Hills, Davis and Hane",,,false
51,3,8,21.81,2.14,Dare LLC,,,false
52,3,6,47.6,7.95,"Davis, Maggio and Hirthe",,,false
53,3,8,43.93,9.83,Stiedemann-Satterfield,,,false
54,3,7,18.36,4.33,Bergstrom and Sons,,,false
55,3,7,22.87,10.26,Bednar Group,,,false
56,3,8,22.51,6.14,Hartmann Inc,,,false
57,3,7,41.43,9.35,Hills Inc,,,false
58,3,5,23.01,2.29,Maggio-Lakin,,,false
59,3,4,41.94,13.03,"Feil, Hirthe and Schamberger",,,false
60,3,8,41.05,13.66,Haley and Sons,,,false
61,3,6,18.61,3.24,Cassin-Carter,,,false
62,3,9,43.61,1.13,Schmeler-Kshlerin,,,false
63,3,10,23.04,6.78,"Muller, King and Ritchie",,,false
64,3,4,37.63,10.07,"Graham, Maggio and Corwin",,,false
65,3,5,48.04,8.55,Welch-Bernier,,,false
66,3,2,22.47,5.01,Shanahan-Reinger,,,false
67,3,6,29.06,9.7,"Goyette, Cruickshank and Block",,,false
68,3,2,28.15,3.96,Cartwright-Gaylord,,,false
69,3,10,37.19,4.37,Rau Group,,,false
70,3,2,34.22,5.83,McClure Inc,,,false
71,3,5,15.4,9.25,Paucek-Dietrich,,,false
72,3,6,44.9,7.69,"Will, Homenick and Torp",,,false
73,3,6,39.97,1.24,Schultz Inc,,,false
74,3,0,28.43,1.3,Stroman-Daniel,,,false
75,3,2,33.47,10.28,Windler-Legros,,,false
76,3,10,40.63,7.01,Koelpin LLC,,,false
77,3,10,26.7,14.02,Bogan and Sons,,,false
78,3,6,27.65,5.08,Cremin-Reichert,,,false
79,3,6,39.81,3.46,Ryan-West,,,false
80,3,6,20.13,1.23,"Collins, Smith and Waelchi",,,false
81,3,7,47.17,3.84,Hauck-McClure,,,false
82,3,3,43.63,10.48,Walker-Doyle,,,false
83,3,8,32.23,7.72,"Kris, Schmitt and VonRueden",,,false
84,3,2,37.43,8.6,Hansen-Klein,,,false
85,3,8,46.13,12.48,Williamson-Kovacek,,,false
86,3,5,15.68,9.82,Graham LLC,,,false
87,3,1,39.39,12.05,Murazik-Kub,,,false
88,3,3,33.08,2.38,"Witting, Upton and Kulas",,,false
89,3,10,46.77,13.4,Wehner-McGlynn,,,false
90,3,0,29.37,2.17,Carroll LLC,,,false
91,3,9,17.0,8.13,Altenwerth Inc,,,false
92,3,3,33.55,1.72,"Gaylord, Denesik and Schaden",,,false
93,3,8,18.29,5.02,Hegmann-Bartell,,,false
94,3,4,30.76,6.05,Stroman-Mills,,,false
95,3,1,27.26,4.09,Lakin-Frami,,,false
96,3,9,47.17,14.57,Powlowski and Sons,,,false
97,3,10,29.96,6.36,"Kunde, Buckridge and Rosenbaum",,,false
98,3,6,28.3,5.75,Champlin-Romaguera,,,false
99,3,2,44.5,6.74,Mohr-Gibson,,,false
100,3,5,15.18,3.9,Stokes Inc,,,false
101,3,8,38.98,9.45,"O'Keefe, Wilderman and Goyette",,,false
