product_id,name,brand,category,vendor,description,visible_to_clients,commissionable,discontinued,discontinued_reasons,alternative_product_ids,deleted
18,Ergonomic Wool Bag,Californium,Computers,Kilback-Lehner,Sed nulla vel.,true,true,false,,,false
5,Awesome Plastic Shoes,Livermorium,Sports,"Gislason, Champlin and Gerlach","",false,true,false,,,false
13,Lightweight Cotton Clock,Zirconium,Grocery,Miller-Goldner,"",true,true,false,,,false
11,Intelligent Silk Shirt,Polonium,Home,Kiehn and Sons,Sit repellendus reiciendis.,true,true,false,,,false
8,Awesome Copper Pants,Polonium,Garden,Dickens-Bruen,"",true,true,false,,,false
20,Enormous Marble Chair,Vanadium,Automotive,"Weber, Kshlerin and Russel","",true,true,false,,,false
15,Incredible Bronze Clock,Palladium,Beauty,Pouros-Trantow,Laboriosam velit asperiores.,true,true,false,,,false
17,Incredible Steel Computer,Flerovium,Jewelry,Johnston Inc,"",true,true,false,,,false
10,Lightweight Concrete Pants,Lawrencium,Tools,Doyle-Borer,"",true,true,false,,,false
2,Incredible Linen Pants,Iridium,Baby,Berge Inc,"",true,false,false,,,false
3,Sleek Wooden Car,Actinium,Movies,"Rohan, White and Connelly",Perspiciatis et vel.,true,true,false,,,false
7,Enormous Marble Car,Yttrium,Kids,Labadie-Schowalter,"",true,true,false,,,false
14,Incredible Copper Pants,Zinc,Automotive,O'Reilly Group,"",false,true,false,,,false
6,Synergistic Silk Car,Berkelium,Movies,"Walsh, Rohan and Satterfield",Aliquid corporis assumenda.,true,true,false,,,false
16,Heavy Duty Wooden Pants,Silicon,Computers,Leuschke-Maggio,"",true,true,false,,,false
9,Synergistic Wooden Bench,Darmstadtium,Computers,Lebsack-Stehr,Maiores minima repudiandae.,true,true,false,,,false
12,Fantastic Iron Gloves,Yttrium,Jewelry,Gutmann and Sons,Non dolore sed.,true,true,false,,,false
19,Heavy Duty Paper Knife,Yttrium,Home,Barton-Shanahan,Adipisci mollitia voluptas.,true,true,false,,,false
1,Practical Plastic Gloves,Krypton,Sports,Donnelly-Hansen,Tempora occaecati deserunt.,true,true,false,,,false
4,Mediocre Marble Knife,Palladium,Tools,Hermann and Sons,"",true,true,false,,,false
