sku_id,location_id,quantity,price,cost,vendor,expiration_date,stock_type,deleted
1,1,6,31.01,3.12,"Hilll, Carter and Medhurst",,,false
2,1,4,43.08,8.89,Parker-McCullough,,,false
3,1,9,46.96,7.66,Yost-Schmidt,,,false
4,1,7,44.85,8.18,"Walsh, Ullrich and Ryan",,,false
5,1,6,33.8,14.95,Reichert LLC,,,false
6,1,2,28.58,8.04,Walker-Larkin,,,false
7,1,8,22.04,2.76,Zulauf Inc,,,false
8,1,9,22.33,2.15,Auer and Sons,,,false
9,1,1,17.65,4.89,Bashirian-Tillman,,,false
10,1,7,37.33,3.9,"Gutmann, Daugherty and McKenzie",,,false
11,1,0,46.24,13.33,Cruickshank Inc,,,false
12,1,0,16.51,6.94,Feil Inc,,,false
13,1,6,33.84,4.27,Brown LLC,,,false
14,1,0,47.48,13.29,Franecki-Green,,,false
15,1,5,22.48,4.06,Gulgowski-Schmidt,,,false
16,1,10,21.78,14.22,Boehm Group,,,false
17,1,2,31.24,10.08,Cormier-Wolff,,,false
18,1,10,36.09,3.64,"Beahan, Altenwerth and Considine",,,false
19,1,6,25.01,6.22,Armstrong-Quigley,,,false
20,1,3,44.02,7.27,Reichel and Sons,,,false
21,1,4,16.19,9.33,"Bergnaum, Cremin and Rogahn",,,false
22,1,0,39.17,13.26,Kuphal Group,,,false
23,1,7,44.5,8.13,"Miller, Stanton and Kling",,,false
24,1,10,45.64,9.99,Emard-Thompson,,,false
25,1,4,42.5,8.16,"Towne, Schinner and Moore",,,false
26,1,10,18.58,13.36,"Schultz, Sipes and Daniel",,,false
27,1,7,28.85,7.06,Veum LLC,,,false
28,1,5,21.96,6.46,Schaefer LLC,,,false
29,1,1,44.5,7.44,"Jast, Oberbrunner and Veum",,,false
30,1,10,49.53,10.3,"Stokes, Deckow and Ward",,,false
31,1,8,41.28,12.97,Hessel and Sons,,,false
32,1,1,34.44,2.2,Kris-Morissette,,,false
33,1,4,48.03,13.28,Langworth-Schamberger,,,false
34,1,10,45.07,11.64,Leuschke-Cronin,,,false
35,1,7,39.63,8.5,Treutel and Sons,,,false
36,1,0,25.92,13.29,Upton Inc,,,false
37,1,7,25.53,4.42,"Monahan, Balistreri and Cronin",,,false
38,1,1,47.44,7.05,McKenzie LLC,,,false
39,1,2,43.22,6.63,Glover Inc,,,false
40,1,10,44.5,2.28,Herman LLC,,,false
41,1,1,45.73,14.28,Quitzon-Yundt,,,false
42,1,9,29.1,12.04,"Waelchi, Hahn and Beatty",,,false
43,1,9,21.06,6.65,"Schneider, Mante and Bahringer",,,false
44,1,9,25.15,3.54,Osinski Inc,,,false
45,1,8,43.03,6.27,Shields Group,,,false
46,1,1,28.28,14.73,Carter Group,,,false
47,1,9,31.8,7.77,McDermott-Mosciski,,,false
48,1,7,33.13,14.76,"Ferry, Medhurst and Ferry",,,false
49,1,3,22.77,4.28,Ullrich-Luettgen,,,false
50,1,7,15.25,6.36,Ferry Inc,,,false
51,1,2,23.36,3.28,Wuckert LLC,,,false
52,1,6,23.45,11.74,Ratke-Reinger,,,false
53,1,10,15.4,13.13,Quitzon-Skiles,,,false
54,1,3,36.3,10.96,Gorczany-Ward,,,false
55,1,5,16.23,10.99,Gusikowski Inc,,,false
56,1,0,23.3,4.23,Beer-Nienow,,,false
57,1,7,21.57,6.01,Shanahan-Strosin,,,false
58,1,2,30.16,10.5,Auer Group,,,false
59,1,0,34.4,7.21,Von-Lakin,,,false
60,1,6,39.76,6.87,Graham Inc,,,false
61,1,3,33.14,12.94,"Dicki, Howe and Flatley",,,false
62,1,8,25.03,7.42,"Romaguera, Mosciski and Erdman",,,false
63,1,8,40.79,12.13,McDermott-Schoen,,,false
64,1,3,34.06,1.77,"Crist, Gorczany and Hauck",,,false
65,1,1,37.95,12.16,Kunze Inc,,,false
66,1,0,48.21,14.02,"Christiansen, Ankunding and Koelpin",,,false
67,1,4,19.02,9.73,Sawayn LLC,,,false
68,1,0,24.25,1.38,Stehr Inc,,,false
69,1,2,42.82,14.4,"Kutch, Metz and Kuhlman",,,false
70,1,4,46.91,4.34,Keebler and Sons,,,false
71,1,0,46.23,10.58,"Hyatt, Rodriguez and Abshire",,,false
72,1,8,49.68,9.3,Davis-Green,,,false
73,1,9,19.9,9.21,Conroy-Aufderhar,,,false
74,1,3,49.45,5.8,Walsh LLC,,,false
75,1,0,41.94,9.3,Bauch LLC,,,false
76,1,10,49.07,5.83,"Hoeger, Effertz and Spencer",,,false
77,1,2,17.77,14.51,"Schulist, McLaughlin and Cruickshank",,,false
78,1,2,23.49,5.38,Hammes and Sons,,,false
79,1,1,37.07,7.59,Lakin and Sons,,,false
80,1,9,40.53,12.36,Botsford-Jerde,,,false
81,1,0,29.19,2.57,Rolfson-Pollich,,,false
82,1,1,30.2,1.07,"Pfannerstill, Stoltenberg and Wyman",,,false
83,1,6,17.22,7.49,"Windler, Wilderman and Windler",,,false
84,1,2,30.97,3.97,Bogisich-Wisozk,,,false
85,1,3,30.13,3.31,"Gulgowski, Schiller and Doyle",,,false
86,1,1,37.33,8.93,"Stiedemann, Ward and Rolfson",,,false
87,1,0,33.29,7.69,Will LLC,,,false
88,1,6,23.52,12.42,"Walsh, Reinger and Conroy",,,false
89,1,3,29.93,7.81,Mayer-Barrows,,,false
90,1,0,34.34,7.46,Jacobs Inc,,,false
91,1,3,36.63,9.1,"Schulist, Dickens and Blanda",,,false
92,1,1,37.59,7.01,"Schmitt, Grady and Beahan",,,false
93,1,9,18.68,14.25,"Schneider, Zboncak and Rohan",,,false
94,1,3,44.01,14.94,Huels-Franecki,,,false
95,1,3,15.67,4.76,Stark and Sons,,,false
96,1,10,18.99,2.5,"Schiller, Schaefer and Graham",,,false
97,1,9,45.9,2.74,"Bauch, Jakubowski and Tromp",,,false
98,1,3,31.17,1.98,"Klein, Brakus and Yost",,,false
99,1,10,45.06,6.1,Greenholt-Paucek,,,false
100,1,0,31.58,7.78,"O'Conner, Johnson and McLaughlin",,,false
101,1,0,39.76,14.69,"Dickinson, MacGyver and Hilpert",,,false
1,2,6,46.52,5.61,Schultz LLC,,,false
2,2,8,24.93,3.8,"Ankunding, Crist and Turner",,,false
3,2,5,23.38,13.77,"Anderson, Pacocha and Rogahn",,,false
4,2,1,38.53,11.52,McDermott Inc,,,false
5,2,5,24.69,8.14,"Hermiston, Herzog and Harris",,,false
6,2,7,20.99,11.27,"Pagac, Gutmann and Gleason",,,false
7,2,10,39.93,4.42,Effertz and Sons,,,false
8,2,6,34.64,3.05,Kutch Inc,,,false
9,2,7,22.55,2.44,"Rogahn, Schumm and Hansen",,,false
10,2,6,21.69,12.76,Balistreri-Walter,,,false
11,2,5,43.79,5.56,Shields LLC,,,false
12,2,3,46.45,14.33,Nitzsche Group,,,false
13,2,6,27.9,14.08,"Walter, Kohler and Greenholt",,,false
14,2,9,32.41,11.55,Mante-Kohler,,,false
15,2,6,25.39,6.19,"Morar, Wunsch and Barton",,,false
16,2,4,39.66,4.14,Douglas-Rau,,,false
17,2,5,26.26,10.0,Hackett LLC,,,false
18,2,9,47.48,3.35,"Hayes, Pacocha and Spinka",,,false
19,2,3,28.71,9.3,Funk and Sons,,,false
20,2,2,42.39,3.85,Durgan-Stehr,,,false
21,2,5,30.36,11.36,"Abernathy, Sporer and Huel",,,false
22,2,7,38.61,3.13,Ernser Inc,,,false
23,2,4,46.67,11.87,Shields-Larkin,,,false
24,2,7,23.39,11.58,Hoeger and Sons,,,false
25,2,2,43.75,11.94,Schamberger-Jenkins,,,false
26,2,10,46.19,12.52,Lindgren-Grady,,,false
27,2,0,18.63,12.97,Pagac-Ryan,,,false
28,2,9,22.85,1.67,Stiedemann-Greenfelder,,,false
29,2,6,26.0,9.82,Schaden LLC,,,false
30,2,4,45.44,7.85,"Reichert, Funk and Volkman",,,false
31,2,10,25.3,11.1,Schamberger Group,,,false
32,2,7,47.12,8.16,Kutch-Miller,,,false
33,2,1,30.54,5.41,"Sipes, Vandervort and Gottlieb",,,false
34,2,6,20.84,12.06,Brakus-Russel,,,false
35,2,5,39.6,12.01,Thompson and Sons,,,false
36,2,0,22.85,7.24,"Hilll, Emmerich and Torp",,,false
37,2,9,44.31,8.11,Bins Group,,,false
38,2,8,40.78,13.78,Krajcik-Krajcik,,,false
39,2,2,43.79,5.83,Stanton-Mante,,,false
40,2,7,36.01,9.38,"Bradtke, Connelly and Schulist",,,false
41,2,7,44.37,4.06,Orn LLC,,,false
42,2,5,42.95,3.45,"Hackett, Spencer and Hamill",,,false
43,2,4,32.04,3.13,"Christiansen, Wunsch and Schoen",,,false
44,2,2,24.64,11.1,"Rutherford, Pagac and Simonis",,,false
45,2,0,34.53,13.2,Casper-Emmerich,,,false
46,2,2,41.46,11.67,Heidenreich Group,,,false
47,2,8,31.59,14.19,Ortiz-Hermiston,,,false
48,2,6,22.04,7.37,"Langosh, Schaefer and Stoltenberg",,,false
49,2,1,36.02,3.73,Hirthe and Sons,,,false
50,2,1,45.25,2.62,"Leuschke, Connelly and Yundt",,,false
51,2,0,15.39,12.71,"Nikolaus, West and Wintheiser",,,false
52,2,7,17.57,3.88,Rowe Inc,,,false
53,2,3,30.58,8.62,Kovacek-Reilly,,,false
54,2,1,47.79,11.17,Emard-Abernathy,,,false
55,2,8,19.55,3.92,"Osinski, Ankunding and Wilderman",,,false
56,2,3,28.7,2.28,"Schaden, Cummerata and Rosenbaum",,,false
57,2,0,36.25,3.68,Dietrich Group,,,false
58,2,6,49.33,4.74,"Walker, Witting and Crist",,,false
59,2,10,35.71,1.81,Friesen-Prohaska,,,false
60,2,8,27.69,2.79,"Cremin, Swaniawski and Schuppe",,,false
61,2,2,21.76,11.23,Keeling-Wolff,,,false
62,2,10,26.32,10.91,"Larkin, Zemlak and Corwin",,,false
63,2,5,39.17,13.72,"Bauch, Huels and Boyle",,,false
64,2,5,44.85,4.24,"Bauch, Hyatt and Pouros",,,false
65,2,6,24.0,7.19,Rau Group,,,false
66,2,2,43.48,4.55,Cronin LLC,,,false
67,2,1,40.04,13.5,Dickinson-Kshlerin,,,false
68,2,8,21.5,6.81,Graham-Roob,,,false
69,2,10,29.26,12.51,"Ebert, Boehm and Little",,,false
70,2,3,21.41,12.27,Kunze Group,,,false
71,2,9,47.39,12.93,Kling-Koepp,,,false
72,2,4,29.0,4.97,"Bins, Lubowitz and Hayes",,,false
73,2,3,20.83,6.15,"Feest, Wolf and Moen",,,false
74,2,8,45.01,10.17,McKenzie and Sons,,,false
75,2,2,48.05,3.73,"Koepp, Wunsch and Schamberger",,,false
76,2,7,33.08,12.5,"Langworth, Bauch and Considine",,,false
77,2,7,33.97,8.69,"Kris, Zboncak and Hoeger",,,false
78,2,0,16.72,7.6,Ferry-Langworth,,,false
79,2,1,19.34,10.52,Toy-Hilpert,,,false
80,2,4,32.31,4.68,Lynch and Sons,,,false
81,2,5,30.05,4.19,Pagac and Sons,,,false
82,2,6,18.44,12.36,Medhurst Inc,,,false
83,2,8,38.41,1.2,Flatley LLC,,,false
84,2,4,45.64,12.99,Pouros-Cormier,,,false
85,2,0,24.82,3.83,Koss-Hessel,,,false
86,2,2,34.12,11.34,Crist LLC,,,false
87,2,8,38.95,7.14,Kihn-Muller,,,false
88,2,3,40.07,7.62,Bashirian-Sporer,,,false
89,2,5,22.8,2.81,"Schamberger, Schuppe and Ratke",,,false
90,2,5,26.36,4.97,Volkman-Champlin,,,false
91,2,5,46.56,11.47,Sauer-Bauch,,,false
92,2,0,37.61,3.17,Roob-Deckow,,,false
93,2,7,36.18,3.84,Schinner Inc,,,false
94,2,4,43.52,2.86,Grant Group,,,false
95,2,9,47.85,10.95,Bechtelar Group,,,false
96,2,5,49.04,9.52,Kub Inc,,,false
97,2,2,40.58,6.25,Daniel-Bashirian,,,false
98,2,4,23.92,3.02,Bergstrom LLC,,,false
99,2,4,43.02,3.44,Macejkovic-Ratke,,,false
100,2,7,35.48,13.33,Lockman LLC,,,false
101,2,6,28.95,13.96,Hudson LLC,,,false
1,3,8,29.03,8.35,Strosin-McKenzie,,,false
2,3,4,32.55,1.23,"Reinger, McKenzie and Langosh",,,false
3,3,4,37.48,3.52,"Turcotte, Hermiston and Nader",,,false
4,3,10,28.02,3.53,Pouros LLC,,,false
5,3,1,38.65,6.2,"Douglas, Beahan and Volkman",,,false
6,3,7,22.29,11.21,Simonis-Murphy,,,false
7,3,10,40.82,2.6,Streich-Ziemann,,,false
8,3,9,15.84,5.78,Hansen-Walter,,,false
9,3,5,15.13,3.49,Monahan Group,,,false
10,3,9,27.85,3.82,"Ebert, Sauer and Walker",,,false
11,3,7,36.8,8.13,Weissnat LLC,,,false
12,3,4,45.31,3.59,"Brakus, Bauch and Huels",,,false
13,3,6,48.05,14.85,Jacobi-Yundt,,,false
14,3,8,36.86,3.24,Wintheiser-Moen,,,false
15,3,1,15.85,3.16,Padberg Inc,,,false
16,3,7,26.16,10.72,Rosenbaum-Ziemann,,,false
17,3,2,30.94,8.34,Howe LLC,,,false
18,3,9,37.02,11.35,Russel-Gottlieb,,,false
19,3,3,37.54,6.41,"Jenkins, Bogisich and Kirlin",,,false
20,3,8,16.98,10.62,"Becker, Macejkovic and Ernser",,,false
21,3,9,41.45,11.0,Wunsch and Sons,,,false
22,3,3,35.04,1.87,"Auer, Fadel and Rau",,,false
23,3,3,42.88,12.9,"Rosenbaum, Rolfson and Weimann",,,false
24,3,7,29.63,5.34,Reichel LLC,,,false
25,3,5,42.08,10.72,"Pouros, Pollich and Kihn",,,false
26,3,1,29.32,4.04,Gleichner Group,,,false
27,3,7,32.96,2.53,Bins-Rempel,,,false
28,3,2,17.93,2.54,Dietrich-Beier,,,false
29,3,4,41.98,9.43,Bednar-Tromp,,,false
30,3,0,32.86,12.68,Schmidt-Rogahn,,,false
31,3,0,22.1,14.48,"Hills, Borer and Morar",,,false
32,3,3,30.53,12.81,Rau and Sons,,,false
33,3,9,15.06,12.2,Kutch and Sons,,,false
34,3,6,48.96,10.8,Jacobi Group,,,false
35,3,2,25.73,4.28,"Rohan, Hauck and Hane",,,false
36,3,1,37.22,3.25,"Braun, Hoeger and Hirthe",,,false
37,3,1,39.62,2.8,Steuber-Stiedemann,,,false
38,3,3,30.7,8.19,Nitzsche LLC,,,false
39,3,6,39.63,11.19,Homenick LLC,,,false
40,3,8,25.08,14.69,Daniel Group,,,false
41,3,3,20.05,8.68,Flatley LLC,,,false
42,3,0,40.19,7.54,Ratke-Botsford,,,false
43,3,5,41.27,11.92,"Brown, Reichert and Reilly",,,false
44,3,6,26.37,6.7,Larson-Fritsch,,,false
45,3,9,20.02,5.23,"Walsh, Veum and Gusikowski",,,false
46,3,5,25.42,6.09,"Abernathy, Tremblay and Anderson",,,false
47,3,7,22.62,2.53,Hartmann Group,,,false
48,3,0,41.99,14.44,Moen-Lemke,,,false
49,3,8,23.94,10.98,Watsica Group,,,false
50,3,5,25.97,9.97,"Ullrich, Terry and Doyle",,,false
51,3,4,25.39,9.51,"Kemmer, Haag and Weimann",,,false
52,3,4,20.62,12.93,Baumbach-Reinger,,,false
53,3,4,41.66,14.05,"Ankunding, Schmeler and Wolf",,,false
54,3,3,44.45,6.32,Frami Group,,,false
55,3,7,23.44,12.22,Reinger-Grady,,,false
56,3,2,35.96,9.61,Gulgowski-Witting,,,false
57,3,2,37.45,3.77,"Walter, Heller and Herzog",,,false
58,3,10,17.3,8.25,"Barrows, Leannon and Collier",,,false
59,3,10,34.31,12.41,"Jaskolski, Cartwright and Grady",,,false
60,3,4,46.16,8.99,Macejkovic-Little,,,false
61,3,6,32.55,1.95,Skiles-Mann,,,false
62,3,10,38.62,10.3,"Purdy, McGlynn and Swaniawski",,,false
63,3,1,45.58,14.86,"Walsh, Daniel and Gleichner",,,false
64,3,4,36.99,2.87,Frami-Mills,,,false
65,3,6,48.97,14.68,Boehm-O'Connell,,,false
66,3,2,21.75,4.3,Watsica LLC,,,false
67,3,10,26.48,4.0,Bauch-Larson,,,false
68,3,6,46.36,12.03,Becker Group,,,false
69,3,6,24.18,5.06,Strosin-Morar,,,false
70,3,2,18.41,7.13,"Leffler, Pagac and Hegmann",,,false
71,3,2,49.77,13.06,O'Keefe Inc,,,false
72,3,4,40.72,13.12,"Leffler, Hudson and Bartell",,,false
73,3,2,46.0,1.63,Lynch and Sons,,,false
74,3,2,47.09,5.51,Padberg-Boehm,,,false
75,3,7,46.57,7.42,McLaughlin Inc,,,false
76,3,10,35.05,6.35,"Goldner, Buckridge and Bernhard",,,false
77,3,4,21.56,12.82,Marvin and Sons,,,false
78,3,10,32.84,7.98,Walker Group,,,false
79,3,2,36.54,6.7,Schulist Group,,,false
80,3,8,22.95,6.84,Renner-Strosin,,,false
81,3,5,16.74,8.04,Stark and Sons,,,false
82,3,7,29.27,7.2,Tillman Inc,,,false
83,3,6,26.69,12.18,O'Keefe LLC,,,false
84,3,0,46.7,7.83,Jacobson Inc,,,false
85,3,7,21.99,6.98,Sporer-Hegmann,,,false
86,3,1,36.84,8.98,Tillman Inc,,,false
87,3,3,43.69,13.89,Harvey Inc,,,false
88,3,5,26.23,11.45,Ebert Inc,,,false
89,3,9,40.84,9.6,Schulist Inc,,,false
90,3,9,46.29,13.23,Kshlerin-McLaughlin,,,false
91,3,6,25.72,1.49,Strosin-Shanahan,,,false
92,3,4,48.33,2.55,Witting-Heidenreich,,,false
93,3,2,30.16,9.16,Yundt-Lebsack,,,false
94,3,10,22.43,5.3,Reichert-Marvin,,,false
95,3,0,48.58,1.88,"Von, Block and Homenick",,,false
96,3,2,38.86,9.59,Bogan and Sons,,,false
97,3,9,44.99,3.53,Carroll LLC,,,false
98,3,6,25.17,7.58,Dietrich-Hermann,,,false
99,3,10,28.72,6.02,Ledner-Wisozk,,,false
100,3,2,28.0,12.42,Hirthe-Ferry,,,false
101,3,10,15.62,12.06,"Fadel, Carter and Marvin",,,false
