sku_id,product_id,name,number,barcode,target_quantity,alert_threshold,deleted
80,12,Cerise,7449,5983641185,53,1,false
28,18,Mauve,7384,8384981684,48,6,false
95,13,Lavender,9847,783y231284,50,7,false
15,6,Crimson,7385,5224744871,45,2,false
17,1,Viridian,9826,2709540473,20,8,false
23,3,Teal,8239,4667064693,74,0,false
34,7,Apricot,4340,0853789091,58,3,false
55,17,Erin,8967,8b82604083,79,5,false
7,14,Beige,2397,05n6431092,36,7,false
74,8,Violet,404,8997146621,52,8,false
75,20,Periwinkle,3594,822p673568,93,6,false
57,6,Aquamarine,7588,9157558377,87,4,false
78,3,Mauve,3797,0r98376621,37,10,false
21,15,Amber,1208,0848q96085,65,0,false
33,18,Beige,5618,845k730819,69,8,false
51,2,Beige,1577,413395n271,64,5,false
59,13,Silver,1831,97v8360594,97,10,false
62,2,Amber,7364,533300k328,40,0,false
77,12,Violet,6991,4167j06099,49,5,false
20,12,Purple,5522,c169948968,51,8,false
53,9,Raspberry,9305,5024697488,83,3,false
83,11,Azure,4421,3293967314,71,4,false
37,11,Cerulean,2225,x215772042,36,9,false
3,13,Taupe,9376,775489261h,80,9,false
92,15,Blush,2853,76221306u4,44,3,false
73,5,White,1798,5762e74898,34,3,false
2,17,Aquamarine,2243,5559712347,92,1,false
89,6,Black,349,2279835706,67,1,false
96,9,Magenta,3811,22p0851947,43,0,false
69,4,Sapphire,1713,684731602m,99,2,false
38,11,Orchid,1321,7549684g75,60,0,false
50,2,Beige,7878,30864s9749,37,0,false
27,3,Raspberry,91,404u029941,47,2,false
71,6,Crimson,7110,786820201u,78,9,false
22,10,Azure,2976,z406446943,96,5,false
88,11,Jade,3079,32051062k2,69,3,false
93,10,Orange,6191,6404398620,82,5,false
47,16,Gray,4881,7609065579,74,0,false
82,17,Champagne,8442,179547e081,23,10,false
10,11,Olive,3155,7611m88802,81,1,false
64,20,Lemon,8824,7287380507,77,4,false
12,4,Pear,4377,2147224921,63,1,false
29,2,Indigo,1473,87188646j4,53,1,false
61,7,Periwinkle,3317,1692999706,78,7,false
98,4,Aquamarine,1099,4k86946697,96,4,false
13,6,Bronze,4599,295q119304,50,3,false
81,4,Cerise,6117,5060833n49,88,2,false
52,16,Amaranth,6695,912736j106,85,7,false
58,12,Amber,9228,2369582247,52,2,false
90,2,Byzantium,3993,a518553476,67,1,false
24,16,Puce,7600,7941235r67,27,5,false
65,15,Copper,3747,5182195132,100,2,false
56,20,Maroon,4551,1647760346,81,3,false
86,19,Plum,2463,1o81957511,45,4,false
26,13,Red,5052,66a2844081,55,0,false
41,15,Lime,910,41g0649710,65,0,false
54,5,Coffee,1380,0047673911,25,3,false
40,7,Green,9919,10272226o9,39,2,false
60,3,Periwinkle,1478,7359436543,31,4,false
79,3,Harlequin,4654,384171679s,29,9,false
68,1,Blush,1051,2714139619,44,7,false
44,5,Lavender,6153,7n81877206,43,10,false
8,3,Puce,3935,r091569386,87,5,false
32,11,Cerulean,9861,9125484704,63,4,false
97,5,Purple,7767,492917337u,61,1,false
35,12,Lavender,3339,3885327707,93,2,false
45,7,Apricot,9979,6363610308,55,5,false
63,1,Salmon,448,6125230x71,95,1,false
31,5,Peach,1952,7321713t10,20,2,false
67,1,Sapphire,1296,156e596229,35,8,false
72,4,Aquamarine,7153,7723876905,99,4,false
49,5,Bronze,4399,6k60438122,26,5,false
36,5,Ivory,4718,023673348m,85,6,false
43,17,Amber,8822,403081f577,63,7,false
19,6,Magenta,6138,0d37937992,56,0,false
16,12,Fuchsia,7098,36789588j2,58,8,false
85,4,Red,2352,5s40047105,23,3,false
48,20,Brown,4219,17017o6220,91,10,false
91,1,Gold,1019,4671l59313,65,0,false
30,17,Carmine,7105,121972989o,96,5,false
101,10,Brown,245,5562790877,70,4,false
9,17,Blue,6208,183855z630,81,3,false
94,14,Aquamarine,8464,61w1641366,79,5,false
100,19,Ruby,4682,e384890687,28,0,false
66,3,White,4039,7881s49388,54,10,false
14,13,Amber,309,7472052879,92,8,false
42,5,Ruby,6900,56915115k9,78,3,false
76,6,Cyan,9598,2734783983,80,7,false
99,3,Ochre,3099,3817402u39,37,5,false
70,10,Sangria,9634,107f979051,53,9,false
6,11,Aquamarine,4515,7181875528,87,8,false
1,9,Red,7734,0379771246,37,3,false
46,2,Coffee,9087,36414r0116,36,0,false
84,12,Fuchsia,5542,3236445e45,51,3,false
18,14,Lime,1493,4183110729,27,8,false
4,18,Silver,3689,468074i472,87,6,false
25,12,Salmon,2682,1553172n84,35,2,false
11,9,Lemon,2687,2526636925,41,5,false
87,19,Green,2554,5877971362,57,8,false
5,2,Mauve,4391,69723223z4,87,1,false
