sku_id,location_id,quantity,price,cost,vendor,expiration_date,stock_type,deleted
1,1,5,38.92,8.45,"Bailey, Lind and Howell",,,false
2,1,5,40.64,7.1,"Schneider, Armstrong and Gerlach",,,false
3,1,1,15.0,5.59,Kulas-Christiansen,,,false
4,1,10,44.01,11.52,"Bashirian, Fisher and Moore",,,false
5,1,3,33.86,3.51,Marks Group,,,false
6,1,10,38.08,5.48,Hintz-Hintz,,,false
7,1,6,49.36,6.9,Beahan-Morissette,,,false
8,1,8,17.76,10.43,"Hirthe, Baumbach and Waters",,,false
9,1,2,38.75,12.46,Schaefer-Steuber,,,false
10,1,4,44.64,8.86,Koepp-Lakin,,,false
11,1,9,31.82,13.9,Kovacek-Rempel,,,false
12,1,5,16.68,14.46,Grady-Witting,,,false
13,1,0,25.23,13.76,White Inc,,,false
14,1,0,25.8,11.52,"Keeling, Upton and Purdy",,,false
15,1,4,36.6,9.32,"Skiles, Walsh and Walsh",,,false
16,1,7,22.03,2.77,"Witting, Rodriguez and Grant",,,false
17,1,7,45.8,7.89,"Gerlach, Walsh and Boyle",,,false
18,1,10,41.22,13.58,Gorczany Inc,,,false
19,1,1,48.18,1.63,Veum LLC,,,false
20,1,1,41.32,3.13,"Wisoky, Boyer and Torphy",,,false
21,1,8,49.39,11.88,Runte-Jones,,,false
22,1,5,33.18,6.85,Waelchi-Nitzsche,,,false
23,1,3,19.17,12.23,Larson LLC,,,false
24,1,3,22.33,4.99,Berge Inc,,,false
25,1,7,49.31,13.44,Senger-Rippin,,,false
26,1,5,47.32,7.96,Hessel-Krajcik,,,false
27,1,7,30.08,10.18,Hoppe-Kuhic,,,false
28,1,7,37.14,7.99,Kassulke and Sons,,,false
29,1,8,36.58,5.2,Zemlak Group,,,false
30,1,0,15.27,9.76,"Spinka, Pagac and Kerluke",,,false
31,1,3,49.53,13.65,Witting Inc,,,false
32,1,3,49.04,1.29,"Murray, Fay and Gerlach",,,false
33,1,8,18.63,9.28,Ryan and Sons,,,false
34,1,7,43.28,11.72,"Jerde, Murray and Turcotte",,,false
35,1,5,22.17,7.61,"Feest, Von and Cormier",,,false
36,1,8,47.33,9.92,"Conn, Steuber and Lockman",,,false
37,1,8,23.16,2.24,Grant-D'Amore,,,false
38,1,3,18.11,10.14,Ferry LLC,,,false
39,1,3,30.5,6.57,Davis-Hilpert,,,false
40,1,7,16.38,3.96,Schuster-Ward,,,false
41,1,1,44.08,2.25,Gerlach Inc,,,false
42,1,3,36.5,3.58,Rodriguez LLC,,,false
43,1,5,25.15,14.05,Crist Group,,,false
44,1,3,30.5,4.46,"Cassin, Reinger and Schiller",,,false
45,1,1,47.74,7.93,Prosacco-Bernier,,,false
46,1,9,47.14,1.59,Williamson-Jacobi,,,false
47,1,7,46.39,6.67,"Hills, Fahey and Abernathy",,,false
48,1,9,36.14,8.12,"Dicki, Stark and Kunde",,,false
49,1,3,24.32,14.67,Dibbert-Reilly,,,false
50,1,0,47.39,6.83,"Gorczany, Fahey and Lebsack",,,false
51,1,5,22.59,8.68,Wehner and Sons,,,false
52,1,8,20.22,7.04,"Pfannerstill, Streich and Bergstrom",,,false
53,1,8,31.72,4.52,Wolff and Sons,,,false
54,1,4,26.41,8.61,"Kemmer, Johnston and O'Keefe",,,false
55,1,2,46.27,9.25,Dietrich Group,,,false
56,1,4,26.73,3.47,"Tremblay, Senger and Braun",,,false
57,1,6,34.81,4.5,Weber-Mohr,,,false
58,1,2,41.62,7.45,Wiegand Group,,,false
59,1,8,36.96,4.22,"Jerde, Stokes and Von",,,false
60,1,10,31.3,13.2,"Pagac, O'Keefe and Bernier",,,false
61,1,6,29.29,2.48,Russel-Davis,,,false
62,1,3,23.11,10.13,Rippin Group,,,false
63,1,4,47.13,5.82,O'Reilly-Labadie,,,false
64,1,3,20.7,8.59,Botsford-Zboncak,,,false
65,1,8,26.22,5.63,O'Kon Group,,,false
66,1,5,39.52,2.06,"Stracke, Williamson and D'Amore",,,false
67,1,2,44.0,2.08,"Funk, Kerluke and Langosh",,,false
68,1,7,45.26,2.55,"Dare, Will and Bergstrom",,,false
69,1,7,24.16,9.94,"Medhurst, Corwin and Jast",,,false
70,1,8,47.71,13.57,"Beer, Purdy and Kuphal",,,false
71,1,5,24.13,12.49,Mayer-Bradtke,,,false
72,1,2,27.13,9.03,Fadel-Lindgren,,,false
73,1,4,25.77,8.87,Collier Group,,,false
74,1,9,19.59,14.58,Stroman-Schumm,,,false
75,1,5,15.36,13.58,Bode-Sanford,,,false
76,1,8,17.96,12.45,"Hessel, Yundt and Bosco",,,false
77,1,6,32.28,5.99,Nienow-Corwin,,,false
78,1,7,28.9,5.23,Nicolas Inc,,,false
79,1,2,24.25,6.76,"Koelpin, Jones and Langworth",,,false
80,1,3,45.38,11.75,"Ziemann, Bode and Quitzon",,,false
81,1,5,32.08,12.08,Harber Group,,,false
82,1,9,35.45,5.27,Bins and Sons,,,false
83,1,7,38.83,12.83,Breitenberg Group,,,false
84,1,7,16.31,11.72,Wilkinson-Strosin,,,false
85,1,6,31.71,6.35,Kuphal-Conroy,,,false
86,1,5,33.66,4.34,"Schneider, Ward and Ledner",,,false
87,1,10,16.08,11.62,Harvey-Stroman,,,false
88,1,1,19.28,6.36,Emmerich and Sons,,,false
89,1,8,35.76,14.35,Dickens-Thiel,,,false
90,1,7,47.95,2.32,"Howell, Pfannerstill and Stanton",,,false
91,1,6,28.59,12.96,"Senger, Erdman and Stracke",,,false
92,1,1,25.69,3.79,"Bahringer, Leannon and Langworth",,,false
93,1,9,28.74,2.88,"Greenfelder, Watsica and Kassulke",,,false
94,1,2,41.76,8.3,"Dickinson, Collier and Marquardt",,,false
95,1,10,30.68,11.98,Howell LLC,,,false
96,1,7,25.12,7.66,Nienow Group,,,false
97,1,2,25.83,8.36,Heidenreich-Bailey,,,false
98,1,10,27.74,1.13,"Stracke, Pfannerstill and Spencer",,,false
99,1,9,26.75,9.82,Stanton-McKenzie,,,false
100,1,4,48.64,6.58,"Bode, Reynolds and Stehr",,,false
101,1,6,33.35,10.35,Corkery Group,,,false
1,2,9,19.55,14.06,"Cremin, Cronin and Ankunding",,,false
2,2,5,24.97,7.49,"Parker, Lueilwitz and Bruen",,,false
3,2,1,33.44,12.13,Stanton-Mann,,,false
4,2,4,34.52,4.54,"Parisian, Zieme and McLaughlin",,,false
5,2,4,46.56,7.04,Collins LLC,,,false
6,2,9,26.15,14.7,"Pfannerstill, Murphy and Schultz",,,false
7,2,8,37.25,4.17,Schmidt Group,,,false
8,2,5,15.27,3.91,"Larkin, Langworth and Beatty",,,false
9,2,10,49.09,14.22,Armstrong-Kassulke,,,false
10,2,5,20.74,10.17,Hegmann and Sons,,,false
11,2,7,30.47,5.85,"Adams, Raynor and Baumbach",,,false
12,2,2,24.87,14.41,Mann Inc,,,false
13,2,6,44.36,5.43,"Barrows, Howell and Witting",,,false
14,2,1,18.93,7.88,Emmerich and Sons,,,false
15,2,4,43.62,8.78,"Johnston, Reinger and Fisher",,,false
16,2,6,18.64,13.83,Koepp-Bahringer,,,false
17,2,3,38.17,6.0,"Murphy, Ernser and Stroman",,,false
18,2,10,26.81,5.28,Jacobson Group,,,false
19,2,9,38.34,12.45,"Kohler, Mraz and Auer",,,false
20,2,10,21.54,4.02,"Murazik, Grant and Zboncak",,,false
21,2,10,39.6,8.7,Fisher Group,,,false
22,2,10,41.86,8.79,Zieme LLC,,,false
23,2,8,49.53,10.67,"White, Smith and Prohaska",,,false
24,2,3,28.67,3.58,Purdy-Schimmel,,,false
25,2,6,29.94,12.68,Tremblay Inc,,,false
26,2,6,36.79,6.76,"Crooks, Crooks and Connelly",,,false
27,2,5,43.88,5.97,Lang-Schowalter,,,false
28,2,1,16.54,13.13,"Casper, Bartoletti and Balistreri",,,false
29,2,8,42.31,7.34,Witting Inc,,,false
30,2,10,24.53,2.87,"O'Kon, McClure and Marquardt",,,false
31,2,3,38.6,2.82,"Davis, Fisher and Rempel",,,false
32,2,8,36.13,10.77,Kihn-O'Reilly,,,false
33,2,7,15.92,8.71,Erdman and Sons,,,false
34,2,5,46.91,12.29,Oberbrunner and Sons,,,false
35,2,3,32.67,11.45,"Wilkinson, Greenholt and Feeney",,,false
36,2,0,26.72,4.88,"Lesch, Vandervort and Breitenberg",,,false
37,2,6,23.15,10.53,Huel Group,,,false
38,2,7,19.6,1.5,Marvin-Bernhard,,,false
39,2,6,47.27,10.37,"Hansen, Herman and Robel",,,false
40,2,2,31.95,13.56,Waelchi Group,,,false
41,2,9,32.48,2.01,Auer Group,,,false
42,2,7,49.1,5.69,"Corkery, Kutch and Schinner",,,false
43,2,9,15.47,2.35,"Howell, Conroy and Abshire",,,false
44,2,1,42.75,9.45,"Gerhold, D'Amore and Runte",,,false
45,2,1,29.64,10.75,Hodkiewicz-Pagac,,,false
46,2,7,24.38,11.6,Klein Inc,,,false
47,2,3,27.43,10.21,"Dicki, Spinka and Mills",,,false
48,2,4,26.27,10.8,Hammes-Stark,,,false
49,2,0,20.17,3.69,Stanton-Jacobson,,,false
50,2,7,30.77,8.43,Kuhn-Ruecker,,,false
51,2,10,19.91,7.26,"Mertz, Romaguera and Cartwright",,,false
52,2,4,38.97,10.27,Romaguera Group,,,false
53,2,6,37.06,11.7,Graham-Strosin,,,false
54,2,9,40.99,8.84,"Schimmel, Hahn and Boehm",,,false
55,2,7,45.27,4.49,Gottlieb-Ledner,,,false
56,2,3,16.03,4.91,Hansen-Kilback,,,false
57,2,3,33.37,11.77,Robel-Hoeger,,,false
58,2,9,21.01,8.3,Gorczany Group,,,false
59,2,8,16.76,7.3,"Veum, Reichel and Brakus",,,false
60,2,3,16.56,8.26,White Group,,,false
61,2,2,32.05,3.96,Mitchell Group,,,false
62,2,6,49.36,14.32,Cummings-Rohan,,,false
63,2,1,16.2,14.4,Corkery Group,,,false
64,2,3,29.85,12.78,"Kertzmann, Gulgowski and Rodriguez",,,false
65,2,10,45.99,14.49,Predovic-Schneider,,,false
66,2,9,42.78,7.65,Vandervort-Schroeder,,,false
67,2,4,37.64,12.98,Aufderhar-Cummerata,,,false
68,2,6,35.08,1.73,"Berge, Macejkovic and Hegmann",,,false
69,2,0,37.79,3.33,"Mertz, Toy and Quitzon",,,false
70,2,2,34.45,4.37,Murphy-Fisher,,,false
71,2,1,22.75,2.51,"Stamm, Jast and Stiedemann",,,false
72,2,1,15.0,3.5,Kirlin Inc,,,false
73,2,7,38.08,10.85,"Glover, Collier and Wehner",,,false
74,2,10,39.38,3.01,Hoppe and Sons,,,false
75,2,4,47.53,8.68,Nolan-Gerhold,,,false
76,2,9,26.16,13.64,Lang-Keebler,,,false
77,2,10,16.75,1.42,Donnelly-Bode,,,false
78,2,10,40.24,14.47,"Lockman, Wisoky and Johnston",,,false
79,2,2,41.16,4.66,"Macejkovic, Kuhn and Baumbach",,,false
80,2,3,39.4,9.34,"Waters, Lakin and Donnelly",,,false
81,2,10,21.4,5.12,Hahn-Murphy,,,false
82,2,8,27.36,7.72,Leannon and Sons,,,false
83,2,6,24.54,2.24,"Cassin, Schamberger and Greenholt",,,false
84,2,7,33.53,1.18,Baumbach-Kessler,,,false
85,2,3,23.5,11.6,"Morissette, Bernhard and Ryan",,,false
86,2,7,48.07,2.14,Mante and Sons,,,false
87,2,0,21.89,13.8,Conn Group,,,false
88,2,2,29.16,8.21,Reynolds-Monahan,,,false
89,2,8,42.66,13.37,"Littel, Labadie and Nolan",,,false
90,2,7,28.04,7.37,"Kemmer, Kunde and Littel",,,false
91,2,3,46.87,7.0,Gleason LLC,,,false
92,2,10,17.76,9.45,Weimann-Jaskolski,,,false
93,2,9,20.41,8.42,"Keebler, West and Zieme",,,false
94,2,1,23.36,4.88,Kub-Ondricka,,,false
95,2,1,17.45,10.25,Volkman and Sons,,,false
96,2,4,31.4,8.74,Christiansen Inc,,,false
97,2,2,15.75,6.5,Schuppe and Sons,,,false
98,2,3,36.96,9.05,Powlowski Group,,,false
99,2,0,34.73,9.83,Auer Inc,,,false
100,2,0,39.73,1.51,Bauch Group,,,false
101,2,9,22.84,9.96,Prosacco-Ferry,,,false
1,3,0,45.86,12.68,Romaguera-Schaefer,,,false
2,3,7,21.36,5.58,"Senger, Beer and Hammes",,,false
3,3,0,36.03,10.63,Hills Group,,,false
4,3,7,19.2,10.63,Mills Inc,,,false
5,3,3,46.95,4.6,"Marks, Bruen and McCullough",,,false
6,3,2,42.78,3.68,Ritchie-Prohaska,,,false
7,3,3,16.57,7.01,McLaughlin-Hermiston,,,false
8,3,0,15.54,3.58,Wisoky LLC,,,false
9,3,1,21.09,6.27,McGlynn Group,,,false
10,3,0,44.49,1.41,Schumm-Schuster,,,false
11,3,1,39.21,2.25,"Williamson, Weimann and Harris",,,false
12,3,1,49.88,14.35,"Ankunding, Little and Smith",,,false
13,3,9,15.92,4.87,Sawayn Inc,,,false
14,3,3,23.45,13.84,"O'Connell, Zieme and Koss",,,false
15,3,4,23.64,3.32,Pagac-Sporer,,,false
16,3,2,27.32,10.51,"Gerlach, Frami and Bartell",,,false
17,3,4,49.53,3.07,Pfeffer-Bashirian,,,false
18,3,9,29.7,13.5,"Cruickshank, Crooks and Becker",,,false
19,3,9,32.67,4.02,Kertzmann-Kerluke,,,false
20,3,7,27.18,3.69,Halvorson and Sons,,,false
21,3,8,42.66,2.82,Maggio Group,,,false
22,3,7,33.81,9.68,Littel and Sons,,,false
23,3,9,38.15,2.18,"Lakin, Koss and Kris",,,false
24,3,8,38.04,3.95,Bruen LLC,,,false
25,3,7,43.68,12.68,Haag-Wilkinson,,,false
26,3,3,17.16,2.8,Kohler-Howe,,,false
27,3,1,21.02,5.3,Reichert-Nolan,,,false
28,3,6,43.71,12.46,"McLaughlin, Hagenes and Larson",,,false
29,3,10,30.37,4.03,"Bahringer, Zulauf and Rosenbaum",,,false
30,3,3,40.62,4.76,Reynolds-Treutel,,,false
31,3,5,26.03,9.82,Ritchie-Von,,,false
32,3,7,22.02,7.66,Okuneva-Klocko,,,false
33,3,6,40.28,6.37,Schowalter-Hermiston,,,false
34,3,3,16.49,2.15,Jaskolski-Wilderman,,,false
35,3,8,39.57,4.79,Beier-Littel,,,false
36,3,7,42.47,9.27,"Steuber, Dibbert and Ryan",,,false
37,3,5,22.74,2.49,Prohaska-Veum,,,false
38,3,9,47.56,10.19,Renner Group,,,false
39,3,8,18.42,4.37,"Weber, Rempel and Bruen",,,false
40,3,8,17.5,4.27,"Sporer, Hartmann and Moen",,,false
41,3,5,44.97,6.24,Harber LLC,,,false
42,3,8,39.8,12.17,Monahan LLC,,,false
43,3,7,45.89,12.76,Abshire-Strosin,,,false
44,3,10,16.88,8.86,Watsica-Rohan,,,false
45,3,4,36.23,6.52,Emmerich-Hickle,,,false
46,3,7,27.08,8.01,Ferry-Conroy,,,false
47,3,7,46.01,9.5,"Leffler, Towne and Cole",,,false
48,3,7,21.4,14.79,Schmeler and Sons,,,false
49,3,4,45.97,3.18,Bogan-Kreiger,,,false
50,3,1,33.28,8.36,"McGlynn, Von and Zboncak",,,false
51,3,0,45.5,10.33,Effertz-O'Reilly,,,false
52,3,3,20.34,5.4,Considine-Friesen,,,false
53,3,2,30.31,8.34,Padberg LLC,,,false
54,3,9,42.6,5.08,"Wunsch, Jacobs and Thiel",,,false
55,3,3,25.48,1.31,Runolfsdottir LLC,,,false
56,3,9,29.52,1.31,Gerlach-Wiegand,,,false
57,3,2,16.13,8.66,"Anderson, Smith and Treutel",,,false
58,3,1,33.76,1.29,Hermiston Inc,,,false
59,3,4,33.27,6.29,"Roberts, Daniel and Waters",,,false
60,3,4,28.48,13.0,"Waelchi, Satterfield and Weimann",,,false
61,3,4,16.62,4.11,Senger-Kassulke,,,false
62,3,2,25.05,12.33,Greenfelder-Pfeffer,,,false
63,3,7,24.4,7.5,"Stanton, Bode and Jakubowski",,,false
64,3,2,39.02,6.17,Corwin and Sons,,,false
65,3,9,33.9,5.57,Wiegand-Parisian,,,false
66,3,3,29.75,14.62,Larson LLC,,,false
67,3,6,28.2,4.72,"Corkery, Mayert and Mohr",,,false
68,3,6,44.47,4.52,"Schneider, Watsica and Maggio",,,false
69,3,1,43.41,1.66,"O'Kon, Satterfield and Sporer",,,false
70,3,9,26.88,12.71,Lubowitz-Bernier,,,false
71,3,0,41.56,1.2,Hane-Corwin,,,false
72,3,1,25.48,10.53,Casper Group,,,false
73,3,7,24.9,13.86,"Lubowitz, O'Kon and Strosin",,,false
74,3,6,45.41,2.41,Ankunding and Sons,,,false
75,3,5,47.03,13.13,Hamill and Sons,,,false
76,3,0,22.46,10.79,Orn and Sons,,,false
77,3,5,26.76,6.99,Cronin Inc,,,false
78,3,4,31.7,3.56,"Hickle, Gerhold and Pacocha",,,false
79,3,2,37.36,4.92,"Nikolaus, Reilly and Bashirian",,,false
80,3,2,49.34,7.24,"Ullrich, Jaskolski and Pouros",,,false
81,3,5,44.95,4.74,Robel-Stamm,,,false
82,3,0,20.98,8.45,Langosh-Bernhard,,,false
83,3,9,31.17,6.68,Rohan LLC,,,false
84,3,8,42.52,12.38,"Carter, Tillman and Kohler",,,false
85,3,10,43.7,8.01,Pfeffer Group,,,false
86,3,9,39.49,3.44,"Weber, Lueilwitz and Hilll",,,false
87,3,6,35.0,6.02,"Rippin, Vandervort and MacGyver",,,false
88,3,5,31.86,12.0,Price LLC,,,false
89,3,8,25.26,8.36,Schultz-Goodwin,,,false
90,3,6,45.15,11.09,Bogisich-Weimann,,,false
91,3,6,39.33,10.66,"Gibson, Runte and Raynor",,,false
92,3,2,33.6,7.49,Wiza LLC,,,false
93,3,8,31.14,6.54,"Nienow, Bruen and Graham",,,false
94,3,9,17.49,2.64,"Sauer, Bernier and Kerluke",,,false
95,3,9,26.58,2.37,"O'Reilly, Willms and Stokes",,,false
96,3,0,15.27,1.95,Purdy and Sons,,,false
97,3,4,15.7,14.59,"Lockman, Auer and O'Hara",,,false
98,3,7,19.01,9.7,Considine-Huels,,,false
99,3,3,17.07,8.26,"Willms, Gutmann and Mraz",,,false
100,3,8,37.5,2.62,Rodriguez Group,,,false
101,3,9,45.63,9.87,Fay LLC,,,false
