product_id,name,brand,category,vendor,description,visible_to_clients,commissionable,discontinued,discontinued_reasons,alternative_product_ids,deleted
1,Rustic Silk Watch,Oganesson,Music,Ortiz and Sons,Quam eum dicta.,true,true,false,,,false
8,Heavy Duty Silk Table,Tantalum,Computers,"Waters, Christiansen and Hane","",true,true,false,,,false
11,Small Cotton Hat,Neon,Beauty,Bradtke and Sons,"",true,true,false,,,false
3,Awesome Granite Bottle,Europium,Home,Kunze-Nolan,"",true,true,false,,,false
18,Intelligent Steel Gloves,Thorium,Tools,Wuckert Inc,"",true,true,false,,,false
7,Gorgeous Concrete Knife,Actinium,Health,Gislason-Herman,Veritatis enim exercitationem.,true,true,false,,,false
20,Gorgeous Linen Chair,Yttrium,Jewelry,Carter-Medhurst,"",true,true,false,,,false
13,Durable Wooden Knife,Fluorine,Jewelry,Smith Group,Aliquid minus quo.,true,true,false,,,false
15,Gorgeous Granite Gloves,Hafnium,Clothing,Abshire-Jaskolski,"",true,true,false,,,false
16,Sleek Wool Plate,Bohrium,Electronics,O'Kon Group,Vero aut cumque.,true,true,false,,,false
2,Ergonomic Marble Bag,Osmium,Grocery,McCullough-Green,"",true,true,false,,,false
9,Lightweight Steel Clock,Phosphorus,Tools,West and Sons,Sunt iste odit.,false,true,false,,,false
19,Mediocre Wooden Shoes,Lawrencium,Games,Crooks and Sons,"",true,true,false,,,false
12,Mediocre Iron Coat,Tellurium,Beauty,Hamill Group,"",true,true,false,,,false
14,Enormous Aluminum Watch,Ruthenium,Jewelry,Purdy and Sons,"",true,false,false,,,false
10,Rustic Silk Pants,Zirconium,Books,Reilly-Hayes,Ipsum consequatur quod.,true,true,false,,,false
17,Gorgeous Aluminum Bottle,Neon,Garden,"Heidenreich, Ortiz and Hackett","",true,true,false,,,false
4,Durable Granite Keyboard,Neptunium,Health,"Mann, Kassulke and Kuphal",Et dolorem est.,true,true,false,,,false
5,Rustic Linen Chair,Neon,Sports,Hickle-Douglas,"",true,true,false,,,false
6,Small Wooden Gloves,Beryllium,Movies,Lockman Inc,"",true,true,false,,,false
