sku_id,location_id,quantity,price,cost,vendor,expiration_date,stock_type,deleted
1,1,3,49.41,14.25,Jacobs Group,,,false
2,1,5,45.72,5.4,"Orn, Lueilwitz and VonRueden",,,false
3,1,5,23.16,1.41,Leuschke and Sons,,,false
4,1,10,17.59,11.92,"Bahringer, Koepp and Kilback",,,false
5,1,1,19.24,6.89,"Reilly, Langworth and Hirthe",,,false
6,1,5,48.15,12.83,"Bechtelar, Mayert and VonRueden",,,false
7,1,8,22.35,1.6,"Dibbert, Schmidt and Stiedemann",,,false
8,1,7,48.91,6.51,Franecki-Gerlach,,,false
9,1,7,37.0,1.23,"Hamill, Tromp and Skiles",,,false
10,1,0,47.99,7.32,Weimann-Von,,,false
11,1,10,40.43,2.09,Dooley and Sons,,,false
12,1,10,25.01,14.94,"Roob, Morar and Leannon",,,false
13,1,9,41.47,4.99,Bradtke-Blick,,,false
14,1,3,46.2,14.43,"Powlowski, Predovic and Nolan",,,false
15,1,8,32.6,4.88,"Von, Lockman and Moore",,,false
16,1,9,31.08,2.46,Steuber-Bailey,,,false
17,1,4,20.61,12.37,Hills and Sons,,,false
18,1,9,48.67,5.32,Hudson Group,,,false
19,1,2,26.81,10.4,Ortiz-Cole,,,false
20,1,8,20.28,12.99,Nader Group,,,false
21,1,4,34.28,5.74,"Moore, Schultz and Rath",,,false
22,1,3,46.26,6.38,"Schuppe, Moore and Franecki",,,false
23,1,9,46.51,11.91,Walsh and Sons,,,false
24,1,0,46.89,11.73,"Kuvalis, Goyette and Ondricka",,,false
25,1,8,25.54,12.98,Braun-Morissette,,,false
26,1,6,17.73,10.36,Nikolaus-Roberts,,,false
27,1,8,27.66,2.28,Weber LLC,,,false
28,1,0,44.15,8.89,Ratke and Sons,,,false
29,1,0,28.62,5.76,Maggio Inc,,,false
30,1,9,15.73,6.76,Schaefer and Sons,,,false
31,1,4,32.79,14.19,Hudson and Sons,,,false
32,1,5,40.04,3.49,Lind-Nolan,,,false
33,1,8,20.04,3.61,Thompson Group,,,false
34,1,0,38.72,10.6,Vandervort Group,,,false
35,1,10,32.19,11.25,Krajcik-Towne,,,false
36,1,5,39.25,5.89,"Kovacek, Nienow and Hickle",,,false
37,1,4,38.67,6.11,"Shanahan, Kreiger and Mohr",,,false
38,1,5,38.74,5.88,"Balistreri, Konopelski and Hauck",,,false
39,1,4,34.12,12.55,Bernhard-Buckridge,,,false
40,1,7,16.34,4.59,McGlynn and Sons,,,false
41,1,9,34.58,10.3,"Marks, Stokes and Will",,,false
42,1,2,21.96,13.8,Schinner-Lowe,,,false
43,1,8,36.52,7.24,Hickle and Sons,,,false
44,1,2,47.44,11.17,"Ortiz, Prohaska and Orn",,,false
45,1,1,41.17,8.02,Krajcik-Walker,,,false
46,1,8,21.82,12.66,Ritchie-Kuvalis,,,false
47,1,2,22.07,13.53,"Powlowski, Medhurst and Orn",,,false
48,1,1,39.08,12.92,Rosenbaum-Zulauf,,,false
49,1,2,32.57,2.64,McKenzie LLC,,,false
50,1,3,47.9,3.43,"Cremin, Zboncak and Rice",,,false
51,1,3,24.18,8.98,Kunde-Renner,,,false
52,1,0,30.25,14.1,"Hamill, Strosin and Willms",,,false
53,1,6,20.32,10.85,Johnson Group,,,false
54,1,1,23.77,2.53,Smitham-Becker,,,false
55,1,10,23.12,6.47,Hintz Group,,,false
56,1,0,45.89,7.02,Greenholt LLC,,,false
57,1,6,29.37,3.59,"Cole, Hoppe and Muller",,,false
58,1,0,42.3,7.85,Carter and Sons,,,false
59,1,5,43.29,14.82,Gibson-Schoen,,,false
60,1,5,31.13,1.18,Sporer-Hahn,,,false
61,1,8,26.51,13.01,"Morar, Bednar and Rau",,,false
62,1,0,30.61,6.57,Batz-Halvorson,,,false
63,1,7,15.15,8.2,"Hickle, Friesen and Johnston",,,false
64,1,0,46.73,10.29,"Hickle, Bartell and Toy",,,false
65,1,8,33.04,14.42,Stamm-Wisoky,,,false
66,1,2,39.48,6.65,"Fay, Marquardt and Grimes",,,false
67,1,9,26.17,3.63,"Hermiston, Corwin and Schulist",,,false
68,1,6,39.83,8.9,Schumm-Lang,,,false
69,1,0,45.17,14.19,Dooley-Thiel,,,false
70,1,3,45.74,11.82,Gutmann Group,,,false
71,1,7,31.12,7.22,Friesen-Grant,,,false
72,1,8,15.98,13.82,"Osinski, Zieme and Keebler",,,false
73,1,2,27.47,8.7,Walker Group,,,false
74,1,9,48.86,7.12,Ziemann-Von,,,false
75,1,6,20.9,12.19,"Kunze, Little and Feest",,,false
76,1,10,48.09,9.56,Maggio-Hettinger,,,false
77,1,7,39.36,2.92,Bauch-Okuneva,,,false
78,1,1,30.89,11.71,"Rolfson, Beer and Gottlieb",,,false
79,1,7,22.45,3.03,"Hammes, Daniel and Hauck",,,false
80,1,6,41.96,7.19,Wisoky Inc,,,false
81,1,1,31.47,9.96,Larkin Group,,,false
82,1,8,41.73,11.55,Satterfield-Ritchie,,,false
83,1,8,45.34,2.9,"Koelpin, O'Connell and Hane",,,false
84,1,2,49.36,10.62,Conn-Mraz,,,false
85,1,1,30.03,1.44,Nolan Inc,,,false
86,1,1,38.58,7.01,"Yost, Zboncak and Gottlieb",,,false
87,1,3,18.12,2.93,"Blanda, Brekke and Dare",,,false
88,1,0,44.97,4.56,Baumbach and Sons,,,false
89,1,9,16.18,5.81,Skiles LLC,,,false
90,1,6,20.51,14.24,Strosin Group,,,false
91,1,2,23.37,1.22,Auer Inc,,,false
92,1,6,31.62,6.17,Cole-Kuhlman,,,false
93,1,10,30.14,14.61,"Parker, Jast and Windler",,,false
94,1,1,25.27,8.37,"Lesch, Mertz and White",,,false
95,1,7,16.83,11.45,Kshlerin-Parisian,,,false
96,1,4,25.64,6.12,Rempel and Sons,,,false
97,1,8,30.3,4.19,Waters LLC,,,false
98,1,9,45.82,5.25,"Hayes, Wisoky and Bayer",,,false
99,1,6,47.51,6.31,O'Connell-Schneider,,,false
100,1,0,21.65,9.26,Nader Group,,,false
101,1,4,42.42,7.56,Kuphal Inc,,,false
1,2,7,17.33,8.17,Nienow Inc,,,false
2,2,3,15.68,1.78,"Bins, Lind and Veum",,,false
3,2,6,24.98,1.73,Bosco Inc,,,false
4,2,8,21.28,7.4,Spinka Inc,,,false
5,2,6,16.03,11.13,Boyle LLC,,,false
6,2,8,19.85,8.02,Considine LLC,,,false
7,2,9,41.04,8.76,"Green, Daugherty and Boyer",,,false
8,2,1,37.17,14.35,O'Conner-Schoen,,,false
9,2,3,38.43,7.69,"Goodwin, Von and Kilback",,,false
10,2,3,41.44,5.42,"Abernathy, Robel and Anderson",,,false
11,2,9,24.78,12.78,Hilll-Green,,,false
12,2,8,43.59,13.24,Harris Group,,,false
13,2,1,48.9,8.32,Kozey-Keebler,,,false
14,2,8,41.14,7.45,"Lueilwitz, Considine and Parker",,,false
15,2,0,36.94,1.77,Altenwerth-Lesch,,,false
16,2,6,47.73,2.45,"Bernhard, Stark and Gusikowski",,,false
17,2,7,38.85,14.11,"Schowalter, Auer and Hegmann",,,false
18,2,8,34.72,11.66,"Herzog, Miller and Botsford",,,false
19,2,6,35.47,1.59,"Dicki, Hane and Anderson",,,false
20,2,7,30.06,8.6,"Hane, West and Pfeffer",,,false
21,2,9,30.34,9.77,"Frami, Reichel and Cassin",,,false
22,2,3,42.97,6.11,Legros-Lind,,,false
23,2,9,38.96,7.09,Labadie-Runolfsdottir,,,false
24,2,1,17.27,6.2,Hirthe-Block,,,false
25,2,7,47.36,2.31,Flatley-Collier,,,false
26,2,9,31.57,4.96,Blanda Group,,,false
27,2,6,17.36,10.2,Waters and Sons,,,false
28,2,2,46.09,8.75,"Mraz, Walker and Ledner",,,false
29,2,6,38.58,6.63,"Hamill, Barrows and Runolfsson",,,false
30,2,8,19.49,11.78,"Champlin, Dibbert and Gislason",,,false
31,2,9,42.14,7.1,Schimmel-Crona,,,false
32,2,7,20.21,4.89,Parker-Fay,,,false
33,2,7,24.6,11.98,Maggio-Gusikowski,,,false
34,2,5,25.32,6.33,Rutherford-Rippin,,,false
35,2,5,48.95,8.34,"Emard, Cremin and Mills",,,false
36,2,7,49.59,14.68,Fahey-Kuhn,,,false
37,2,10,39.81,7.25,"Fahey, Medhurst and O'Connell",,,false
38,2,0,45.99,13.27,Ward-Ruecker,,,false
39,2,5,44.26,10.99,"Beatty, O'Keefe and Rath",,,false
40,2,1,21.56,7.96,"Bartell, Fadel and Legros",,,false
41,2,0,16.48,12.41,Bruen and Sons,,,false
42,2,9,47.99,10.45,Ritchie Inc,,,false
43,2,6,48.04,13.74,Quigley-Bauch,,,false
44,2,3,18.42,13.89,Ondricka-Parker,,,false
45,2,2,45.18,14.22,Ritchie-Welch,,,false
46,2,5,27.62,14.17,Hirthe-Beahan,,,false
47,2,5,47.2,7.95,"Fay, Ruecker and Hills",,,false
48,2,3,47.94,7.62,MacGyver Inc,,,false
49,2,5,25.0,1.21,"Hansen, Bosco and Klein",,,false
50,2,6,38.27,14.09,Senger Group,,,false
51,2,9,37.88,4.67,"Schiller, Collier and Abernathy",,,false
52,2,6,15.19,6.6,Langosh-Swaniawski,,,false
53,2,4,17.21,9.55,Tromp-D'Amore,,,false
54,2,1,33.45,10.22,Leffler Group,,,false
55,2,0,16.35,1.77,Smitham LLC,,,false
56,2,3,34.18,2.44,"Considine, Leffler and Trantow",,,false
57,2,1,27.56,13.03,Leuschke Inc,,,false
58,2,4,24.87,6.2,"Williamson, Jakubowski and Koss",,,false
59,2,0,45.44,3.39,"Donnelly, Ebert and Stehr",,,false
60,2,10,33.07,10.55,Champlin LLC,,,false
61,2,7,48.16,10.63,"Runolfsson, Walter and Kohler",,,false
62,2,5,43.26,7.48,Renner Group,,,false
63,2,0,33.85,1.98,Howe-Runte,,,false
64,2,4,48.98,11.6,Cronin-Cummings,,,false
65,2,7,35.47,4.83,"Powlowski, Keeling and Keebler",,,false
66,2,4,39.95,11.47,Oberbrunner and Sons,,,false
67,2,7,35.86,2.63,Bogisich-Farrell,,,false
68,2,9,49.01,10.87,"Yost, Medhurst and Dare",,,false
69,2,9,48.55,9.6,"Wuckert, Hettinger and Blick",,,false
70,2,7,33.22,12.12,"Stehr, Keeling and Morar",,,false
71,2,1,16.9,7.06,Balistreri-Adams,,,false
72,2,0,39.02,1.71,Rolfson-Goldner,,,false
73,2,4,44.63,6.29,Hilpert Group,,,false
74,2,4,40.69,8.95,"Ondricka, Beatty and Kozey",,,false
75,2,8,41.27,9.41,Zemlak-Bogisich,,,false
76,2,6,38.92,3.84,Bosco and Sons,,,false
77,2,4,25.93,11.17,Lang Group,,,false
78,2,1,36.87,14.6,"Farrell, Hickle and Weissnat",,,false
79,2,4,45.48,12.12,Quitzon Group,,,false
80,2,3,48.88,10.39,"Reilly, Hackett and Krajcik",,,false
81,2,9,30.26,14.72,Legros-Mayer,,,false
82,2,0,44.29,1.48,Fisher-Green,,,false
83,2,3,48.04,10.02,"Wiza, Kihn and Balistreri",,,false
84,2,8,41.86,8.09,Emmerich Inc,,,false
85,2,0,39.75,11.05,Blanda Group,,,false
86,2,5,31.72,5.42,Hoeger and Sons,,,false
87,2,9,46.55,9.45,"Okuneva, Kuhn and Gleichner",,,false
88,2,9,27.14,12.07,O'Conner-Rolfson,,,false
89,2,3,28.41,3.02,"Swaniawski, Kohler and Sauer",,,false
90,2,1,27.12,13.21,Rodriguez and Sons,,,false
91,2,1,42.15,6.84,"Glover, Feil and Harris",,,false
92,2,6,16.37,13.12,Ortiz Group,,,false
93,2,2,41.16,3.84,Boyer-Kiehn,,,false
94,2,1,43.23,10.85,Wiza-Oberbrunner,,,false
95,2,4,31.04,8.69,Rau-Thiel,,,false
96,2,10,31.92,9.9,Grady-Toy,,,false
97,2,9,23.03,13.84,Walsh-Stark,,,false
98,2,3,27.24,6.03,"Brekke, Quitzon and Oberbrunner",,,false
99,2,10,39.17,9.1,"Gorczany, Gutmann and Murphy",,,false
100,2,8,31.75,6.01,Abernathy LLC,,,false
101,2,9,36.57,2.87,Gleason-O'Hara,,,false
1,3,7,42.67,5.48,Bartell LLC,,,false
2,3,1,44.25,2.64,"Kub, Parisian and Pacocha",,,false
3,3,3,26.07,2.78,"Feest, Kessler and Funk",,,false
4,3,5,35.96,2.31,Vandervort and Sons,,,false
5,3,8,32.39,4.2,Littel-Marquardt,,,false
6,3,2,34.12,10.29,McKenzie LLC,,,false
7,3,4,46.77,9.88,"Zieme, Smitham and Conroy",,,false
8,3,8,49.44,12.15,Tremblay-Rippin,,,false
9,3,0,25.49,9.58,"Paucek, Daniel and Jenkins",,,false
10,3,9,43.85,3.37,Moen-Medhurst,,,false
11,3,6,30.59,13.1,"Lynch, Anderson and Price",,,false
12,3,10,46.94,3.06,Strosin-Turner,,,false
13,3,0,37.54,1.48,VonRueden-Fay,,,false
14,3,1,15.16,13.81,"Zboncak, Ferry and MacGyver",,,false
15,3,9,38.71,10.53,Altenwerth-Renner,,,false
16,3,2,32.5,10.74,Raynor-MacGyver,,,false
17,3,2,23.66,8.96,"Volkman, Sauer and Bosco",,,false
18,3,10,39.4,7.4,Harber and Sons,,,false
19,3,8,17.31,5.88,Ernser LLC,,,false
20,3,10,26.5,4.83,"Kris, Rice and Deckow",,,false
21,3,1,47.88,3.65,"Cummerata, McKenzie and Blanda",,,false
22,3,6,37.29,6.12,Beatty LLC,,,false
23,3,9,22.59,2.35,"Bins, Williamson and Rodriguez",,,false
24,3,9,25.74,3.64,Maggio-Bogan,,,false
25,3,7,27.81,4.61,Kihn LLC,,,false
26,3,9,26.89,3.09,"Schultz, Smitham and Flatley",,,false
27,3,0,49.63,4.11,"Funk, Dietrich and Johnston",,,false
28,3,10,18.0,6.6,"Kassulke, VonRueden and Streich",,,false
29,3,4,22.22,8.98,Hudson-Douglas,,,false
30,3,9,31.87,13.72,Schroeder LLC,,,false
31,3,4,37.8,10.61,"Dare, Gutmann and Lindgren",,,false
32,3,6,31.31,6.98,"Pacocha, Kovacek and Vandervort",,,false
33,3,4,17.54,6.7,Bogisich LLC,,,false
34,3,6,22.36,4.95,"Sporer, Larson and Ebert",,,false
35,3,6,33.73,2.63,"Gorczany, Waelchi and Abshire",,,false
36,3,5,35.99,7.82,"Greenholt, Hahn and Bahringer",,,false
37,3,8,45.42,5.46,"Ondricka, Breitenberg and Kautzer",,,false
38,3,1,30.85,13.18,Ebert-Donnelly,,,false
39,3,9,33.52,13.93,Veum-Weissnat,,,false
40,3,5,16.6,7.76,"Lueilwitz, Hagenes and VonRueden",,,false
41,3,3,28.24,5.2,Hintz-Shanahan,,,false
42,3,9,40.79,5.6,Maggio and Sons,,,false
43,3,1,47.17,10.7,Cremin Inc,,,false
44,3,1,32.04,12.35,Hermann and Sons,,,false
45,3,3,45.15,4.7,Ruecker-Witting,,,false
46,3,4,41.79,14.38,Adams and Sons,,,false
47,3,2,37.95,10.13,Moen Group,,,false
48,3,0,48.47,13.74,Abshire and Sons,,,false
49,3,2,18.99,11.13,Mraz LLC,,,false
50,3,8,20.44,10.4,Monahan Group,,,false
51,3,5,30.11,9.05,Oberbrunner-Johns,,,false
52,3,4,46.86,12.99,"Hamill, Hudson and Robel",,,false
53,3,0,25.79,12.95,"Lynch, McKenzie and Murphy",,,false
54,3,7,39.53,8.63,Pouros-Lebsack,,,false
55,3,9,38.79,10.12,Vandervort LLC,,,false
56,3,7,46.33,14.78,Gorczany-Bode,,,false
57,3,0,40.17,6.7,O'Hara-Quigley,,,false
58,3,10,37.95,2.12,"Stamm, Hartmann and Kerluke",,,false
59,3,6,33.05,6.12,Senger-Skiles,,,false
60,3,6,35.66,12.53,Hammes-Marquardt,,,false
61,3,8,35.46,8.1,DuBuque-Dicki,,,false
62,3,4,40.23,6.51,Kreiger-Goyette,,,false
63,3,3,47.91,3.08,Bednar Group,,,false
64,3,2,49.95,11.45,Daniel Inc,,,false
65,3,7,34.34,10.02,Hoeger-Grady,,,false
66,3,0,39.67,6.56,Runolfsson Group,,,false
67,3,5,18.46,12.19,Stokes LLC,,,false
68,3,6,48.21,10.03,"Mueller, Wolff and West",,,false
69,3,2,32.97,14.16,Cartwright-Lehner,,,false
70,3,2,31.35,10.44,Schmeler and Sons,,,false
71,3,10,39.26,1.06,"Botsford, Raynor and Heaney",,,false
72,3,9,44.39,10.83,Hills-Johnston,,,false
73,3,6,28.35,6.03,Schroeder Inc,,,false
74,3,0,18.3,7.44,Hills Group,,,false
75,3,6,25.59,1.18,Aufderhar-Goyette,,,false
76,3,6,26.73,5.63,"Rippin, Lehner and Kovacek",,,false
77,3,0,33.16,1.86,"Hayes, Stark and Williamson",,,false
78,3,7,15.05,13.48,Gulgowski-Okuneva,,,false
79,3,1,48.83,12.43,"Bashirian, Homenick and Gutkowski",,,false
80,3,10,32.18,3.44,Bergnaum LLC,,,false
81,3,6,19.08,10.93,Kuhic-Veum,,,false
82,3,5,33.53,2.5,"Bosco, Luettgen and Greenholt",,,false
83,3,5,47.64,4.18,Stokes Group,,,false
84,3,3,45.31,13.99,Romaguera-Little,,,false
85,3,5,35.04,7.96,"Cruickshank, Kunde and Crooks",,,false
86,3,0,32.11,6.07,"Homenick, Waelchi and Schroeder",,,false
87,3,10,23.41,1.91,"Collier, Hermiston and Spinka",,,false
88,3,7,31.15,1.34,"Wiegand, Wyman and Mayer",,,false
89,3,8,27.87,1.77,Jacobson-Schneider,,,false
90,3,9,49.69,12.25,Mann Inc,,,false
91,3,6,36.85,2.52,"Frami, Hartmann and Schaden",,,false
92,3,6,15.46,13.34,"Thiel, Jakubowski and Turcotte",,,false
93,3,4,40.92,14.75,"Daugherty, Walsh and Rippin",,,false
94,3,6,29.48,9.45,Heathcote-Kuhlman,,,false
95,3,10,27.81,14.94,Dach-McClure,,,false
96,3,7,24.85,11.69,"Johnston, Graham and Kuvalis",,,false
97,3,7,49.49,11.15,"Cummings, Lehner and Gleichner",,,false
98,3,7,36.66,9.07,Schaden Group,,,false
99,3,7,39.52,6.12,Dare-Towne,,,false
100,3,6,23.27,12.71,Jacobi-Nicolas,,,false
101,3,0,30.38,7.86,Schuster and Sons,,,false
