product_id,name,brand,category,vendor,description,visible_to_clients,commissionable,discontinued,discontinued_reasons,alternative_product_ids,deleted
8,Aerodynamic Linen Gloves,Chromium,Electronics,Conroy LLC,Non magni suscipit.,true,true,false,,,false
16,Practical Steel Table,Vanadium,Computers,Roob LLC,"",true,true,false,,,false
15,Intelligent Plastic Pants,Antimony,Jewelry,"O'Kon, McCullough and Fahey","",false,true,false,,,false
4,Awesome Plastic Pants,Gallium,Garden,Stehr Group,"",true,true,false,,,false
5,Fantastic Concrete Bottle,Sodium,Music,"Williamson, Turner and Dare","",true,true,false,,,false
14,Lightweight Wool Hat,Chromium,Shoes,"Welch, Pollich and Harris","",false,true,false,,,false
11,Awesome Iron Bench,Silicon,Health,O'Connell-Sanford,Et aut est.,false,true,false,,,false
19,Mediocre Aluminum Table,Magnesium,Jewelry,Towne Group,"",true,false,false,,,false
3,Durable Plastic Chair,Sulfur,Jewelry,"Powlowski, O'Hara and Leannon","",true,false,false,,,false
7,Lightweight Silk Plate,Neon,Music,"Schneider, Murazik and Thiel",Et quidem sed.,false,true,false,,,false
18,Intelligent Bronze Clock,Tantalum,Garden,"Reichel, Russel and Breitenberg","",true,true,false,,,false
9,Fantastic Granite Plate,Oganesson,Outdoors,Rodriguez-Schoen,"",true,true,false,,,false
1,Enormous Wool Knife,Sodium,Grocery,"Champlin, Bartell and Ernser","",true,true,false,,,false
17,Sleek Silk Pants,Cesium,Shoes,Lehner-Lowe,Quis cupiditate dolore.,true,true,false,,,false
6,Sleek Granite Hat,Palladium,Industrial,Johns-Kshlerin,Repellendus fugiat quo.,true,true,false,,,false
13,Lightweight Silk Bench,Carbon,Tools,Weber LLC,Officiis atque aut.,true,false,false,,,false
20,Fantastic Wooden Computer,Technetium,Games,"Jast, Bechtelar and Lindgren",Non a modi.,true,true,false,,,false
12,Aerodynamic Paper Bag,Magnesium,Sports,Abernathy-Ullrich,Consequatur atque et.,true,true,false,,,false
10,Fantastic Copper Plate,Holmium,Movies,Kiehn-Ernser,"",true,true,false,,,false
2,Rustic Plastic Shirt,Meitnerium,Baby,Nitzsche and Sons,Hic accusamus optio.,true,true,false,,,false
