product_id,name,brand,category,vendor,description,visible_to_clients,commissionable,discontinued,discontinued_reasons,alternative_product_ids,deleted
10,Lightweight Linen Bench,Lawrencium,Games,"Ryan, Champlin and MacGyver","",true,true,false,,,false
8,Lightweight Plastic Car,Nitrogen,Tools,Heidenreich Group,Autem quo sunt.,true,true,false,,,false
20,Synergistic Iron Watch,Palladium,Industrial,Shanahan Inc,Sit ut corrupti.,false,true,false,,,false
13,Durable Iron Car,Uranium,Outdoors,Kutch Inc,"",true,true,false,,,false
7,Aerodynamic Granite Bag,Hassium,Beauty,Shields Group,"",true,true,false,,,false
19,Practical Steel Bottle,Gallium,Garden,"Mills, Schmeler and Braun","",true,true,false,,,false
18,Gorgeous Granite Computer,Tantalum,Computers,"Hartmann, Hodkiewicz and Rath","",true,true,false,,,false
16,Intelligent Paper Table,Sodium,Toys,Daugherty LLC,Vero provident atque.,true,true,false,,,false
14,Heavy Duty Wooden Shirt,Niobium,Toys,Dickens and Sons,"",true,true,false,,,false
12,Sleek Cotton Bottle,Platinum,Electronics,"Morissette, Buckridge and Bruen",Aperiam debitis culpa.,false,true,false,,,false
5,Intelligent Granite Bottle,Erbium,Health,McClure-Krajcik,Recusandae et voluptatum.,true,false,false,,,false
6,Ergonomic Wool Clock,Tungsten,Music,Hand-Renner,"",true,true,false,,,false
2,Ergonomic Steel Plate,Darmstadtium,Books,"Ryan, Graham and Lubowitz","",true,true,false,,,false
3,Awesome Aluminum Pants,Livermorium,Baby,"Leuschke, Frami and Dibbert","",true,true,false,,,false
9,Gorgeous Iron Chair,Argon,Beauty,Schoen Group,Ut omnis consectetur.,true,true,false,,,false
11,Incredible Granite Keyboard,Tennessine,Kids,"Cummings, Bins and D'Amore","",true,true,false,,,false
15,Incredible Wool Gloves,Antimony,Kids,White LLC,Et adipisci quisquam.,true,true,false,,,false
4,Aerodynamic Linen Coat,Helium,Grocery,O'Connell Inc,Similique aut accusantium.,true,true,false,,,false
1,Synergistic Iron Hat,Hydrogen,Shoes,Orn-Reilly,"",true,true,false,,,false
17,Sleek Rubber Pants,Americium,Jewelry,"Grant, Predovic and Kshlerin","",true,true,false,,,false
