product_id,name,brand,category,vendor,description,visible_to_clients,commissionable,discontinued,discontinued_reasons,alternative_product_ids,deleted
13,Sleek Wooden Hat,Oxygen,Home,"Rutherford, Graham and Weber","",true,true,false,,,false
3,Sleek Silk Hat,Lanthanum,Industrial,"Jaskolski, Schultz and Dare",Et et nostrum.,true,true,false,,,false
11,Synergistic Rubber Shirt,Rubidium,Baby,Watsica-Marks,"",true,true,false,,,false
6,Small Leather Bottle,Americium,Garden,Gerlach and Sons,Similique dolor fuga.,true,true,false,,,false
4,Ergonomic Cotton Watch,Potassium,Games,"Hirthe, Monahan and Weimann",Animi repellendus omnis.,true,true,false,,,false
2,Heavy Duty Plastic Shoes,Lutetium,Health,Tillman-Howell,Vel possimus dicta.,true,true,false,,,false
7,Small Wool Coat,Roentgenium,Jewelry,Harvey-Howe,Nam accusantium velit.,true,true,false,,,false
9,Mediocre Marble Car,Indium,Toys,"Dietrich, Howe and Bradtke",Reiciendis molestiae magni.,true,true,false,,,false
20,Aerodynamic Marble Bottle,Hafnium,Computers,"Herman, Maggio and McKenzie",Autem modi vel.,true,true,false,,,false
12,Lightweight Silk Gloves,Osmium,Grocery,"Lebsack, Maggio and Dibbert","",true,true,false,,,false
17,Sleek Rubber Plate,Tungsten,Clothing,Kohler-Bayer,Autem deserunt non.,true,true,false,,,false
10,Durable Paper Clock,Iodine,Grocery,"Feeney, Schinner and Wilderman","",true,true,false,,,false
19,Heavy Duty Bronze Bag,Lead,Books,Skiles-Bechtelar,Repudiandae alias quia.,true,true,false,,,false
1,Enormous Marble Knife,Indium,Computers,Kozey-Glover,Voluptas sed eos.,true,true,false,,,false
15,Awesome Aluminum Coat,Chromium,Baby,"Aufderhar, Feeney and Feil",Aut voluptas qui.,true,true,false,,,false
5,Ergonomic Leather Clock,Neon,Baby,"Mohr, Sauer and Lynch",Quibusdam ea temporibus.,true,true,false,,,false
18,Fantastic Bronze Gloves,Carbon,Baby,Wuckert LLC,Ex magnam qui.,false,true,false,,,false
16,Small Iron Keyboard,Indium,Books,"Goodwin, Beer and Skiles",Blanditiis qui voluptatem.,true,false,false,,,false
8,Aerodynamic Paper Bottle,Californium,Shoes,Grimes-Wisoky,"",false,true,false,,,false
14,Small Wooden Clock,Flerovium,Industrial,"White, Stark and Schimmel","",true,true,false,,,false
