sku_id,product_id,name,number,barcode,target_quantity,alert_threshold,deleted
84,10,Chocolate,3760,g160609502,57,3,false
93,4,Yellow,2668,6705549420,76,5,false
34,7,Fuchsia,4510,18893g7907,24,6,false
87,20,Teal,390,0562915581,64,4,false
35,11,Cerulean,2282,9905v68837,56,2,false
92,17,Purple,7143,0579325088,41,3,false
99,20,Sky,6877,95l3553457,78,5,false
17,8,Ivory,1025,2d88319291,44,9,false
67,20,Cerise,4491,1140u85919,85,5,false
96,19,Violet,5845,8756p62680,78,6,false
90,2,Sapphire,3146,8708020282,63,4,false
88,3,Cerise,3462,5830j04345,20,0,false
73,12,Jade,5415,n896384301,40,3,false
41,4,Coffee,9405,7660030667,34,9,false
38,13,Apricot,4010,866271t083,34,1,false
8,16,Taupe,9498,66m1123900,77,9,false
7,14,Teal,4176,5532464463,96,2,false
4,8,Ivory,3503,192043v830,100,3,false
26,19,Ochre,4677,43g6341725,90,3,false
78,4,Plum,7576,92769t5100,69,0,false
27,10,Amber,8649,55760139i3,38,1,false
59,1,Violet,1280,11978i2285,53,5,false
98,16,Coffee,2981,6437762322,41,2,false
14,1,Champagne,6882,103z005408,49,0,false
45,14,Emerald,145,758789018l,65,3,false
66,17,Indigo,8480,7883157920,85,10,false
18,9,Black,5449,6309966971,100,6,false
100,10,Cerise,7325,5897p23550,79,9,false
25,18,Crimson,498,8284904z10,75,6,false
49,11,Orchid,7516,0800897437,73,6,false
22,12,Salmon,2790,2872305219,74,10,false
77,14,Aquamarine,8616,06346691c6,55,1,false
74,15,Puce,4013,218629455i,79,4,false
54,5,Ruby,1291,50i4873974,88,3,false
81,2,Violet,4830,45208o2509,88,4,false
48,14,Champagne,5432,6127893502,55,10,false
62,6,Brown,2573,9077089402,73,10,false
95,18,Fuchsia,3596,79g9481350,91,8,false
60,14,Carmine,109,1845828510,22,6,false
91,7,Teal,6018,457528o620,54,6,false
72,18,Fuchsia,7395,86033708f6,82,6,false
12,5,Viridian,856,7911650292,98,0,false
37,3,Orchid,3684,1678336g95,99,9,false
39,15,Yellow,6875,0025287940,82,5,false
33,9,Olive,9245,21856l4885,34,9,false
83,14,Gold,7677,73k8794497,83,4,false
58,3,Viridian,1808,610898818i,31,2,false
6,11,Ochre,8332,y148692381,87,0,false
1,2,Lavender,726,0816101113,59,9,false
101,17,Olive,3235,2374076s85,24,4,false
65,12,Amaranth,1425,104387m268,92,10,false
76,3,White,8357,8861297848,22,9,false
2,9,Ultramarine,7592,232635v322,86,7,false
53,14,Amaranth,3491,h098319328,68,10,false
10,13,Raspberry,2374,039972929e,31,3,false
89,9,Maroon,1745,3172886507,23,1,false
30,17,White,5235,2478794n50,51,9,false
82,8,Lemon,8571,0460a05632,96,2,false
32,13,Yellow,7422,7987207s66,66,3,false
11,10,Sky,9837,8967698785,33,8,false
52,14,Purple,2137,21357066l8,60,8,false
40,4,Tan,1575,8m20454286,85,5,false
71,18,Sangria,9893,247446c723,83,10,false
94,20,Purple,2524,6540658686,83,9,false
21,14,Champagne,9143,0100430516,45,8,false
68,5,Pear,8850,6360s74927,89,5,false
3,6,Orchid,114,427875v663,25,9,false
20,4,Jade,5103,579m199195,100,4,false
19,6,Taupe,5041,4379183m54,79,0,false
55,4,Ultramarine,2513,8521d76056,66,1,false
47,17,Blush,7586,256528m970,77,1,false
69,15,Lilac,5218,71f7627413,32,1,false
56,12,Sapphire,9587,r669841949,43,7,false
51,12,Rose,9564,62217b7373,46,4,false
31,15,Tan,290,4935959r28,43,7,false
97,1,Coral,7973,1585f80625,94,9,false
75,19,Crimson,2444,4597070274,38,4,false
24,7,Tan,2715,0680256810,68,9,false
57,5,Cerise,8938,622j256493,59,4,false
13,17,Gray,3012,73682883p3,96,4,false
80,11,Violet,2707,n679679907,48,10,false
42,20,Ruby,9428,30850d7517,64,4,false
28,15,Ultramarine,9076,367x901237,55,6,false
46,5,Gold,3101,4v65074789,25,5,false
29,16,Orchid,9113,6150513786,84,1,false
9,2,Ochre,3750,h468983460,72,0,false
70,20,Black,2506,5983925131,48,8,false
61,7,Fuchsia,7829,8276448341,84,9,false
16,9,Ruby,515,9436459702,43,10,false
36,6,Scarlet,9846,96711413i5,84,10,false
64,2,Viridian,1468,1066849749,87,9,false
85,1,Lavender,5588,97v7915643,52,6,false
44,13,Coffee,7483,7350p60412,87,4,false
50,8,Maroon,9127,293j871328,81,0,false
63,11,Tan,747,8762807474,70,5,false
43,11,Black,1393,9283566640,42,9,false
23,18,Azure,952,46891917n0,96,6,false
86,9,Red,4860,0483z93840,42,8,false
15,3,Erin,7064,6616878236,27,8,false
79,8,Indigo,7808,0760019257,22,1,false
