sku_id,product_id,name,number,barcode,target_quantity,alert_threshold,deleted
50,8,Yellow,4643,p955264085,72,3,false
97,15,Ivory,8958,201z833398,83,2,false
18,2,Lime,6139,344575585f,24,4,false
91,7,Beige,9032,19099v1047,93,1,false
55,15,Crimson,5563,64f7738532,69,3,false
65,9,Pink,8615,12571r6738,60,10,false
1,6,Coffee,9181,6803q94558,96,3,false
25,10,Blush,8057,4711095017,30,8,false
73,20,Apricot,3212,979k822372,88,5,false
17,5,Pink,4496,5410383917,53,10,false
9,11,Azure,9453,1322706391,68,0,false
90,10,Rose,4672,18323391p6,50,6,false
15,20,Ochre,7713,41570x3359,26,1,false
29,18,Yellow,7389,838u971005,32,3,false
96,13,Gray,8673,3541732v55,41,4,false
28,19,Blush,7136,z824470407,31,3,false
75,5,Lime,2681,737875843e,85,7,false
89,7,Blue,3241,072368154k,71,1,false
10,13,Lavender,5363,38391648y8,31,8,false
64,7,Ochre,5664,2443916366,21,7,false
81,19,Indigo,9685,31j9255235,40,7,false
99,5,Azure,913,5149910i16,33,10,false
49,19,Carmine,2821,7673074y71,72,8,false
23,16,Black,9643,2828641792,94,5,false
13,4,Lavender,9225,637i164546,79,8,false
38,14,Scarlet,3817,9570i42300,81,4,false
71,15,Gold,4063,9699621882,77,9,false
83,4,Champagne,6602,0906275657,94,2,false
78,12,Ruby,3154,0020621015,69,7,false
77,17,Gray,365,9487705291,31,10,false
11,4,Coffee,1502,384g301159,29,9,false
67,2,Olive,9608,064482u149,37,5,false
57,10,Aquamarine,3706,836880h806,36,0,false
8,10,Lavender,3906,64e0890577,58,2,false
63,19,Sapphire,7662,8e77338139,60,5,false
84,17,Jade,3579,1011002406,73,5,false
82,4,Ivory,184,767075039u,54,2,false
16,8,Apricot,3282,96573f9518,48,1,false
70,11,Violet,2050,1760f67330,31,4,false
54,13,Brown,167,261727455k,85,3,false
80,10,Teal,7093,5732549850,65,4,false
26,10,Orange,5433,8817u36982,44,4,false
51,3,Tan,7502,2464403q99,52,0,false
27,7,Gray,1707,7419476347,41,3,false
14,12,Aquamarine,3236,k839333095,54,9,false
35,3,Coral,488,k931579891,87,4,false
98,2,Pear,4845,2573735546,37,0,false
30,3,Maroon,8476,42446610l5,30,5,false
7,12,Green,269,505z356381,27,2,false
44,17,Puce,2346,1484798433,83,5,false
52,14,Amethyst,1136,9601003079,94,4,false
85,3,Coral,5207,u892160413,29,2,false
24,11,Fuchsia,8429,915b228343,69,9,false
100,8,Gray,4021,3z11354655,27,5,false
36,14,Sky,6712,960r330382,78,0,false
3,15,Bronze,6122,756n059849,94,0,false
69,17,Sapphire,5451,28126v5417,93,0,false
86,15,Brown,5056,6642e07982,81,3,false
37,2,Lavender,2906,710748794m,99,2,false
32,5,Pink,5425,7131563474,51,10,false
2,12,Magenta,9261,60u8879703,36,1,false
87,6,Blue,9924,052278748v,39,10,false
62,2,Byzantium,8998,3833226m42,68,5,false
72,20,Teal,1419,5222327023,23,1,false
5,10,Blush,1650,5795811552,78,3,false
66,17,Harlequin,5119,1996h96937,24,6,false
39,5,Aquamarine,8440,42118f1842,89,9,false
20,19,Carmine,5938,7001819056,49,8,false
101,16,Carmine,9174,c836103655,71,8,false
56,14,Lavender,9121,7v56396493,35,1,false
60,15,Cerise,7164,q280128641,82,0,false
76,12,Gold,5520,4838530117,94,2,false
45,18,Lime,6091,45641436t8,41,6,false
61,6,Maroon,8601,031m394801,68,9,false
53,16,Turquoise,1440,l049986078,85,7,false
79,15,Puce,3862,36f1132812,83,9,false
22,15,Tan,3705,152134783x,42,8,false
33,6,Turquoise,7405,8077732722,98,2,false
68,3,Red,1673,2824800034,31,9,false
94,16,Byzantium,7524,367311j112,94,3,false
74,20,Purple,8348,0411080637,50,5,false
19,16,Erin,5964,1791905684,20,1,false
41,16,Harlequin,1072,4412106u66,55,9,false
42,15,Coral,2010,956g404174,45,7,false
58,15,Apricot,2234,7110249a37,28,0,false
93,1,Maroon,6323,9307l70534,100,5,false
40,16,Amethyst,2685,65561103m6,96,0,false
46,3,Azure,3831,5113744601,22,4,false
88,2,Green,8655,6c81072153,70,1,false
59,14,Pink,5140,2227831812,60,7,false
43,10,Salmon,4234,8787823t94,67,7,false
4,5,Pink,4560,8913500303,45,3,false
6,12,Copper,1030,52094242n9,86,2,false
92,4,Ruby,4026,092993c915,44,0,false
95,18,Coffee,6029,7178120675,49,10,false
34,6,Silver,3059,3822006976,49,3,false
21,6,Viridian,1252,5614958637,85,6,false
47,18,Viridian,1569,31g1731106,20,6,false
12,6,Mauve,9098,6u80547695,97,9,false
31,7,Turquoise,1801,1518518q62,93,6,false
