sku_id,product_id,name,number,barcode,target_quantity,alert_threshold,deleted
97,5,Coral,4677,n974257659,57,1,false
29,18,Pink,3444,4008996w95,47,7,false
32,4,Pink,6314,2d38599570,49,0,false
10,15,Salmon,1628,817m487055,85,3,false
34,14,Orchid,6701,0624478548,32,8,false
80,10,Maroon,4719,4466d37552,92,3,false
79,3,Crimson,3102,56e5888341,69,0,false
58,20,Lime,3780,61674303x8,21,9,false
35,17,Champagne,4663,6757g52665,43,0,false
40,2,Blush,3353,6269r13068,89,7,false
9,5,Cerulean,3076,j139137300,39,3,false
59,14,Azure,86,4a84298326,28,9,false
61,18,Azure,4293,2w27245230,83,6,false
49,11,Ochre,166,60377698y3,64,6,false
63,19,Black,1423,867d333458,23,1,false
18,16,Bronze,6528,8404860348,98,9,false
77,10,Tan,1294,814h311699,98,6,false
28,17,Black,1781,344836a638,72,3,false
81,8,Magenta,6514,87687u5470,49,9,false
53,13,Violet,3431,k163473894,53,7,false
64,14,Blue,4481,40i6760747,61,3,false
95,3,Amethyst,3106,2828z73482,92,7,false
51,7,Silver,4748,8038430374,33,7,false
68,8,Maroon,2632,5095749h97,37,7,false
69,14,Yellow,225,2268729p23,37,0,false
84,4,Champagne,3094,867761h914,86,4,false
33,5,Cyan,284,938j636763,73,8,false
2,20,Salmon,9225,h864989512,99,2,false
55,6,Coffee,9950,93014825s8,94,6,false
41,7,Purple,3087,r153384296,71,8,false
19,13,Aquamarine,8898,402205g796,62,10,false
6,19,Sangria,1982,2509349104,53,6,false
96,17,Lemon,1930,08630c6015,64,4,false
48,14,Coffee,6568,8112971032,30,3,false
99,11,Apricot,4343,7196144569,57,3,false
83,14,Sky,3402,1356405688,64,4,false
7,20,Violet,686,6091342395,69,8,false
36,6,Green,9333,9744560q73,60,1,false
87,18,Sapphire,7404,943369d331,97,6,false
65,18,Black,4627,5962869t73,83,5,false
26,6,Beige,2836,1971207165,96,3,false
23,20,Pear,3024,305y521981,47,2,false
15,17,Coffee,8964,3209101968,21,2,false
14,14,Pink,1326,8933520063,88,4,false
1,2,Gray,4832,271e088569,75,9,false
90,19,Lemon,7856,4680210224,68,8,false
67,17,Raspberry,6117,89783i9733,69,8,false
47,17,Gray,6332,4890951039,57,10,false
75,18,Green,776,2010477625,92,4,false
46,9,Viridian,2790,0747141854,30,3,false
17,19,Olive,1097,56752763x4,74,10,false
91,11,Magenta,6953,056231b089,33,5,false
54,10,Amaranth,2765,6269270393,53,9,false
100,20,Grey,7703,918149a405,73,8,false
92,3,Jade,586,86707i8155,90,0,false
37,20,White,7476,1386749395,37,6,false
73,15,Burgundy,3925,693u404260,74,9,false
57,10,Maroon,8192,083188h018,58,7,false
52,17,Bronze,8020,33840k3619,95,9,false
45,16,Bronze,7301,880647z272,33,3,false
39,17,Olive,7196,819w624449,71,7,false
76,7,Rose,9424,90412m4232,94,10,false
50,1,Yellow,3271,7021790266,38,2,false
16,4,Periwinkle,3073,309c328940,79,8,false
3,17,Ivory,3526,6o45111831,55,6,false
66,10,Beige,7315,492209020h,94,6,false
94,5,Teal,5665,l594503384,52,7,false
42,10,Yellow,3200,309651v296,86,3,false
93,10,Coffee,9350,2935178595,100,8,false
25,14,Sapphire,5046,8383647385,31,0,false
72,9,Brown,1898,9768228645,87,4,false
11,10,Lime,6781,2179507996,69,5,false
60,6,Amethyst,8810,27705v6676,25,7,false
8,7,Brown,3615,6522413484,48,4,false
21,3,Burgundy,8881,9845120651,26,7,false
71,16,Gold,1320,2757530448,57,2,false
13,20,Cerulean,3460,254578w330,85,6,false
98,7,Cyan,3628,8351760m35,95,8,false
85,9,Carmine,452,c787938738,77,4,false
44,14,Lavender,5902,7346083195,67,5,false
70,3,Periwinkle,8542,0976a47939,92,6,false
74,15,Olive,5577,6372f75343,84,7,false
38,9,Carmine,4517,664767525t,86,4,false
24,7,Ivory,4437,7389427771,82,9,false
88,15,Maroon,6246,89980068a9,78,0,false
4,15,Lilac,5240,8220114902,22,5,false
78,2,Viridian,4509,0388767n99,50,6,false
20,9,Green,3772,742c674057,63,4,false
5,17,Gray,5437,4r36621479,98,5,false
86,9,Copper,9453,p210789040,46,5,false
31,4,Gold,5842,8w20240278,66,1,false
27,6,Lavender,4697,b370803205,50,5,false
12,7,Plum,4826,9r17551433,93,7,false
82,7,Carmine,1241,0b25591644,93,5,false
43,5,Harlequin,5412,9394294u86,66,9,false
22,9,Amber,2801,2u22841458,82,9,false
89,9,Cerulean,9179,5068346123,69,5,false
30,1,Amethyst,8919,b599563091,79,3,false
56,5,Beige,2218,217646886a,31,0,false
101,17,Taupe,2608,9804449841,55,0,false
