sku_id,location_id,quantity,price,cost,vendor,expiration_date,stock_type,deleted
1,1,2,18.21,6.67,"Ratke, Schuster and Blanda",,,false
2,1,4,40.46,1.27,Ferry-Morar,,,false
3,1,1,43.94,13.65,Abbott-Kautzer,,,false
4,1,8,23.67,2.33,"Berge, Stehr and Labadie",,,false
5,1,2,41.34,9.39,Koch-Botsford,,,false
6,1,10,34.8,4.82,Nienow LLC,,,false
7,1,6,49.08,10.28,"O'Keefe, Koelpin and Waters",,,false
8,1,3,40.28,1.89,Gibson-Berge,,,false
9,1,4,16.41,2.19,Simonis LLC,,,false
10,1,7,23.99,8.32,"Hermiston, VonRueden and Beatty",,,false
11,1,4,32.44,4.3,Jerde Group,,,false
12,1,5,41.08,14.79,"Anderson, Walsh and West",,,false
13,1,6,22.88,13.99,Mueller LLC,,,false
14,1,6,27.34,9.38,Murphy-Wehner,,,false
15,1,2,31.87,5.12,Braun Inc,,,false
16,1,7,15.91,7.8,Sawayn Group,,,false
17,1,5,28.41,14.94,"Walter, Crist and Koch",,,false
18,1,1,47.04,9.68,"Hudson, Gaylord and Casper",,,false
19,1,5,29.62,14.61,"Moen, Runolfsson and Feest",,,false
20,1,10,37.84,4.18,Turcotte Group,,,false
21,1,1,43.78,5.56,Hane-Littel,,,false
22,1,3,25.65,3.39,"Casper, Hand and Anderson",,,false
23,1,2,29.65,5.63,Hayes and Sons,,,false
24,1,6,40.95,14.41,"Kling, Davis and Kozey",,,false
25,1,4,21.61,6.62,"Wolff, Hauck and Bayer",,,false
26,1,10,26.47,8.29,Dickinson-Zemlak,,,false
27,1,4,31.48,13.18,Jenkins-Roberts,,,false
28,1,7,47.96,5.78,D'Amore-Swaniawski,,,false
29,1,10,27.2,1.17,Windler-Wisozk,,,false
30,1,10,48.19,10.53,"Stroman, Schmitt and Stokes",,,false
31,1,10,19.83,5.52,Schulist-Cartwright,,,false
32,1,6,29.24,7.04,Barrows-Wolf,,,false
33,1,6,16.7,8.8,"Hessel, Zboncak and Nienow",,,false
34,1,5,26.64,2.7,"Veum, Schmeler and Smith",,,false
35,1,1,31.1,7.62,Spencer-Gislason,,,false
36,1,3,19.19,4.4,Kirlin Group,,,false
37,1,8,43.97,13.22,"Ratke, Mante and Zboncak",,,false
38,1,0,15.94,9.54,Little Inc,,,false
39,1,6,40.26,10.99,Ratke-Schowalter,,,false
40,1,3,26.24,5.91,Durgan LLC,,,false
41,1,7,32.0,3.91,Kuhlman LLC,,,false
42,1,6,42.27,1.78,Nader-Schulist,,,false
43,1,5,37.77,7.91,Gerhold-Olson,,,false
44,1,4,26.47,6.33,Gleichner-Braun,,,false
45,1,5,29.11,14.32,"Weber, Carter and Emmerich",,,false
46,1,10,19.21,3.86,Berge-Howe,,,false
47,1,6,31.37,6.85,Becker and Sons,,,false
48,1,0,40.48,11.43,McClure Inc,,,false
49,1,10,32.18,11.98,Sipes-Lakin,,,false
50,1,5,19.17,10.59,Medhurst LLC,,,false
51,1,6,31.72,1.45,Hills Inc,,,false
52,1,2,43.97,14.73,"McGlynn, Glover and Howe",,,false
53,1,6,24.12,14.14,"Kassulke, Von and Medhurst",,,false
54,1,3,31.31,6.83,Crona-Klein,,,false
55,1,7,15.81,6.94,Pouros Group,,,false
56,1,1,42.14,13.11,Pfeffer Group,,,false
57,1,7,36.37,14.18,Hickle and Sons,,,false
58,1,10,15.12,5.03,Crooks-Doyle,,,false
59,1,8,33.22,4.26,Abbott LLC,,,false
60,1,8,46.29,1.52,"Johnson, Crona and Kohler",,,false
61,1,6,40.7,2.9,"Leannon, Lindgren and Kemmer",,,false
62,1,1,18.05,12.02,Kub LLC,,,false
63,1,6,17.97,12.07,"Barrows, Abbott and Willms",,,false
64,1,6,35.34,7.8,Boyle Inc,,,false
65,1,8,46.48,2.19,Gleason Inc,,,false
66,1,2,17.49,8.22,"Dietrich, O'Kon and Toy",,,false
67,1,9,46.04,5.83,Gaylord Group,,,false
68,1,1,30.07,11.15,"Anderson, Barton and White",,,false
69,1,7,17.63,2.08,Cremin LLC,,,false
70,1,7,16.18,13.93,"Heathcote, Sporer and Dickinson",,,false
71,1,0,30.54,10.35,"Walter, Ebert and Kiehn",,,false
72,1,3,28.96,7.35,Douglas-Dickens,,,false
73,1,0,20.75,7.3,Conroy Inc,,,false
74,1,2,41.71,5.69,Ryan and Sons,,,false
75,1,3,34.57,4.69,"Aufderhar, Rice and Bode",,,false
76,1,8,36.17,4.47,Lubowitz Group,,,false
77,1,2,34.35,14.96,McGlynn Group,,,false
78,1,5,35.53,9.97,"Predovic, Brown and Olson",,,false
79,1,1,19.71,6.45,Jacobi Group,,,false
80,1,5,16.64,9.33,"Lueilwitz, Wolf and Bradtke",,,false
81,1,1,26.18,3.73,Stamm Inc,,,false
82,1,1,24.32,7.31,O'Reilly-Rice,,,false
83,1,3,35.14,13.92,Block-Schinner,,,false
84,1,6,26.43,13.75,"Runolfsdottir, Lemke and Buckridge",,,false
85,1,7,49.93,7.24,"Cummings, Hauck and Nolan",,,false
86,1,8,38.76,7.72,Morar Group,,,false
87,1,8,34.92,9.36,Luettgen Group,,,false
88,1,5,24.55,5.54,"Hand, Weimann and Osinski",,,false
89,1,4,21.37,10.11,"Tillman, Renner and Howell",,,false
90,1,8,24.08,9.41,Ankunding LLC,,,false
91,1,6,29.73,6.9,Hudson-Klein,,,false
92,1,3,26.87,12.28,"Nitzsche, Goodwin and Goldner",,,false
93,1,3,44.78,9.93,Douglas Group,,,false
94,1,10,20.39,5.95,Schamberger LLC,,,false
95,1,1,33.65,1.76,"Walter, Spencer and Jast",,,false
96,1,10,18.54,11.25,Beier and Sons,,,false
97,1,7,39.91,8.19,"Von, Blanda and Sporer",,,false
98,1,5,35.3,12.1,Jacobs Group,,,false
99,1,9,30.99,12.05,Kohler-Greenfelder,,,false
100,1,4,19.01,2.01,Krajcik LLC,,,false
101,1,8,45.32,5.26,Cartwright-Wyman,,,false
1,2,9,45.23,6.84,Moen-Effertz,,,false
2,2,3,27.39,5.43,Parisian-Rolfson,,,false
3,2,7,33.25,9.42,Ebert Inc,,,false
4,2,4,26.41,5.85,"Quigley, Schaden and Roob",,,false
5,2,2,34.63,5.26,Schultz-McLaughlin,,,false
6,2,0,27.61,4.27,McGlynn Inc,,,false
7,2,5,39.7,6.63,Schaden Group,,,false
8,2,9,49.25,9.42,"Wiegand, Parisian and Steuber",,,false
9,2,2,28.5,9.73,Balistreri and Sons,,,false
10,2,0,29.46,2.32,Johns LLC,,,false
11,2,7,28.32,8.12,Langworth Inc,,,false
12,2,3,45.03,4.45,Mraz LLC,,,false
13,2,5,21.51,3.38,Marvin Group,,,false
14,2,7,16.25,11.74,Parker Group,,,false
15,2,4,43.86,9.74,Goyette-Olson,,,false
16,2,8,21.98,5.18,"Heaney, Jenkins and Wisozk",,,false
17,2,8,19.3,5.24,McLaughlin Inc,,,false
18,2,2,40.75,3.19,Runolfsdottir-Upton,,,false
19,2,7,24.7,12.39,Littel Group,,,false
20,2,5,47.86,6.14,"Mayer, Crona and Grady",,,false
21,2,10,15.27,8.3,"Berge, Kihn and D'Amore",,,false
22,2,0,44.52,5.58,Feeney Group,,,false
23,2,6,49.37,1.79,"Mohr, Hartmann and Smith",,,false
24,2,7,42.77,7.85,"Reynolds, Kovacek and Schinner",,,false
25,2,2,27.17,13.73,"Homenick, Torp and Herman",,,false
26,2,10,21.45,8.17,"Lehner, Hauck and Bruen",,,false
27,2,5,35.13,8.72,Larkin-O'Connell,,,false
28,2,0,21.35,11.94,Braun and Sons,,,false
29,2,9,22.11,1.93,Jacobson-Macejkovic,,,false
30,2,4,17.34,4.4,Pfeffer Inc,,,false
31,2,5,43.65,5.73,"Jakubowski, Kilback and Blick",,,false
32,2,2,41.53,10.75,Hartmann-Cartwright,,,false
33,2,9,43.62,6.88,Gibson-Bartoletti,,,false
34,2,0,42.44,4.38,Carroll and Sons,,,false
35,2,3,21.68,3.17,"Gutkowski, Dicki and Bahringer",,,false
36,2,1,17.76,2.86,"Shanahan, McLaughlin and Douglas",,,false
37,2,1,21.07,4.83,Kuhn-Kunze,,,false
38,2,10,33.21,14.03,"Runte, Kirlin and Friesen",,,false
39,2,7,16.12,1.55,Funk-Schoen,,,false
40,2,1,26.56,10.04,Hessel Group,,,false
41,2,2,27.82,12.07,"Orn, Gaylord and Rogahn",,,false
42,2,9,30.88,9.39,Stehr Inc,,,false
43,2,7,21.18,9.07,Harris-Gottlieb,,,false
44,2,3,44.54,6.72,Pouros Inc,,,false
45,2,4,28.88,11.54,"Balistreri, Bahringer and Hettinger",,,false
46,2,1,39.7,3.56,"Schneider, McKenzie and Hane",,,false
47,2,4,26.17,2.61,Goldner Group,,,false
48,2,4,45.11,9.29,"Schneider, Stokes and Hamill",,,false
49,2,3,32.44,10.31,Cummerata-Padberg,,,false
50,2,10,29.29,2.67,O'Connell Inc,,,false
51,2,9,46.41,1.0,"Botsford, Davis and Wiza",,,false
52,2,8,16.1,11.58,Lind-Haag,,,false
53,2,4,49.73,13.27,Marks and Sons,,,false
54,2,3,49.75,13.17,"Torp, Monahan and Hayes",,,false
55,2,5,47.26,10.43,"Predovic, Heaney and Quitzon",,,false
56,2,6,21.13,7.68,Heller LLC,,,false
57,2,10,24.92,7.79,Lemke-Lowe,,,false
58,2,1,19.56,14.19,Bartoletti and Sons,,,false
59,2,9,18.85,11.32,"Davis, Kreiger and Hartmann",,,false
60,2,10,49.2,1.06,DuBuque LLC,,,false
61,2,5,38.15,7.9,DuBuque-Renner,,,false
62,2,10,34.36,7.82,Gibson-Lakin,,,false
63,2,8,22.98,12.61,Jaskolski-Jast,,,false
64,2,4,34.12,14.1,Brown Group,,,false
65,2,9,26.16,12.19,Wisoky LLC,,,false
66,2,4,36.75,11.18,Lowe-Senger,,,false
67,2,4,37.06,11.14,Huels-Ferry,,,false
68,2,8,43.5,9.82,Daugherty-Wolff,,,false
69,2,1,36.06,6.46,Kilback Group,,,false
70,2,5,15.22,2.89,Marquardt-Moen,,,false
71,2,10,44.43,5.0,Wisoky Group,,,false
72,2,4,38.55,12.33,Larkin-Sauer,,,false
73,2,4,21.07,1.45,"Raynor, Bauch and Kreiger",,,false
74,2,3,35.37,14.79,"Reynolds, Hayes and Brown",,,false
75,2,9,45.44,14.64,Kshlerin Group,,,false
76,2,9,17.33,12.29,"Spinka, Dietrich and Labadie",,,false
77,2,9,20.23,14.93,"Aufderhar, Borer and Ryan",,,false
78,2,5,18.7,4.84,Kulas-Bartell,,,false
79,2,9,40.27,4.42,Collier Group,,,false
80,2,2,24.95,14.27,"Bailey, Lubowitz and McKenzie",,,false
81,2,7,29.45,7.58,Homenick LLC,,,false
82,2,10,29.17,2.62,Medhurst Group,,,false
83,2,9,32.03,3.94,Jerde Inc,,,false
84,2,5,33.07,1.58,Jacobi-Bahringer,,,false
85,2,0,29.54,10.84,"Weber, Smitham and Pacocha",,,false
86,2,4,36.52,10.15,Hane-Wiza,,,false
87,2,9,35.96,8.17,Schmidt Group,,,false
88,2,1,24.85,13.17,"Carter, Hamill and Zboncak",,,false
89,2,10,32.25,7.78,"Hamill, Vandervort and Prohaska",,,false
90,2,9,24.99,12.9,"DuBuque, Smith and Kub",,,false
91,2,1,47.98,8.11,Beahan Inc,,,false
92,2,0,32.29,3.04,"Cartwright, Dibbert and Kub",,,false
93,2,4,26.27,8.43,Weber Inc,,,false
94,2,3,39.0,9.0,DuBuque-Ferry,,,false
95,2,1,34.05,13.72,Keeling LLC,,,false
96,2,6,45.18,5.4,"Kling, Conroy and Abbott",,,false
97,2,4,20.56,13.68,"Moen, Ullrich and Mills",,,false
98,2,1,38.64,5.56,Fritsch LLC,,,false
99,2,3,19.68,11.63,Yost Inc,,,false
100,2,5,18.51,7.57,Mosciski LLC,,,false
101,2,4,27.56,13.25,Schuster and Sons,,,false
1,3,10,43.5,7.53,Zieme Inc,,,false
2,3,10,21.09,2.81,"Pacocha, Nader and Howe",,,false
3,3,7,34.23,4.5,Morar and Sons,,,false
4,3,0,30.11,9.69,"Wilkinson, Kunze and Mosciski",,,false
5,3,0,34.28,3.9,"Toy, Bins and Waelchi",,,false
6,3,0,43.45,11.66,"Brown, Price and Lesch",,,false
7,3,9,32.34,5.39,Reinger-Hilll,,,false
8,3,3,38.96,2.06,"Beatty, Zboncak and Gleason",,,false
9,3,10,26.95,5.47,Krajcik-Lockman,,,false
10,3,2,32.45,7.21,Labadie LLC,,,false
11,3,5,17.86,5.35,Cremin-Marquardt,,,false
12,3,6,25.46,11.67,Kuhlman and Sons,,,false
13,3,8,40.96,1.52,"Nitzsche, Hermiston and Watsica",,,false
14,3,8,37.25,2.35,Schmidt LLC,,,false
15,3,2,38.61,11.1,Kozey and Sons,,,false
16,3,10,42.99,11.78,Little Inc,,,false
17,3,2,41.76,8.15,Crist-Hyatt,,,false
18,3,3,15.03,3.33,Monahan-Paucek,,,false
19,3,8,27.2,4.35,Kuvalis LLC,,,false
20,3,0,29.07,5.42,Hagenes Inc,,,false
21,3,3,16.59,2.99,Emmerich-Bednar,,,false
22,3,4,39.23,12.93,Turner-Buckridge,,,false
23,3,9,43.46,5.52,Wyman-Pfeffer,,,false
24,3,0,41.73,14.59,"West, Zemlak and Bednar",,,false
25,3,7,21.58,2.07,Raynor-Lubowitz,,,false
26,3,1,47.53,8.86,Walter-Kerluke,,,false
27,3,9,27.04,13.62,Ziemann-Cummings,,,false
28,3,0,35.8,9.11,Collins and Sons,,,false
29,3,10,35.17,11.66,Mayer LLC,,,false
30,3,9,47.76,14.95,"Schaefer, Fisher and Rempel",,,false
31,3,7,23.9,14.48,"Rempel, Bode and Kovacek",,,false
32,3,6,45.42,11.2,"Quitzon, Mueller and Breitenberg",,,false
33,3,5,21.3,5.57,Franecki-Cruickshank,,,false
34,3,6,48.13,3.22,Turcotte LLC,,,false
35,3,10,23.98,1.02,Bailey-Bartell,,,false
36,3,6,31.54,5.84,"Harvey, Walker and Volkman",,,false
37,3,7,33.99,4.72,Bode-Cummings,,,false
38,3,1,49.6,13.13,"Dach, Zulauf and DuBuque",,,false
39,3,5,28.3,2.98,"Wilderman, Senger and Sauer",,,false
40,3,2,27.22,12.32,Cummings-O'Conner,,,false
41,3,9,26.27,14.99,Parker Group,,,false
42,3,2,35.27,12.33,Gottlieb-Cruickshank,,,false
43,3,0,37.18,9.62,Kutch and Sons,,,false
44,3,6,28.7,14.22,"Armstrong, Rempel and Olson",,,false
45,3,6,18.11,12.26,"Rogahn, Nicolas and Kemmer",,,false
46,3,8,35.65,2.57,Nitzsche-Kilback,,,false
47,3,4,44.95,12.39,Harber-Breitenberg,,,false
48,3,10,22.5,7.69,Reilly-Koepp,,,false
49,3,10,39.39,6.12,"Jakubowski, Daugherty and Tillman",,,false
50,3,6,42.46,7.28,Hilpert and Sons,,,false
51,3,1,22.22,3.85,"Prohaska, Jaskolski and Leffler",,,false
52,3,8,32.69,4.35,"Stark, Torp and Kemmer",,,false
53,3,10,15.23,11.25,Sauer-Wehner,,,false
54,3,3,41.14,13.72,Harvey Inc,,,false
55,3,0,45.58,5.96,"Keeling, Cummerata and Lemke",,,false
56,3,4,29.85,4.99,Macejkovic-Bosco,,,false
57,3,10,16.68,13.66,Emard and Sons,,,false
58,3,7,28.48,1.36,Bode Group,,,false
59,3,9,42.91,12.77,"Gulgowski, Sipes and Fahey",,,false
60,3,4,42.86,7.72,"Buckridge, Champlin and Gleichner",,,false
61,3,5,34.41,7.54,Heathcote LLC,,,false
62,3,6,21.7,12.9,"Wuckert, Abbott and Kshlerin",,,false
63,3,1,27.91,6.23,"Dickinson, Williamson and Wyman",,,false
64,3,2,49.67,10.33,McClure and Sons,,,false
65,3,10,37.62,7.98,"Buckridge, Kuhlman and Grady",,,false
66,3,5,49.79,3.0,Bartell Group,,,false
67,3,7,18.14,2.27,Wehner-Schamberger,,,false
68,3,4,28.71,12.42,"Erdman, Raynor and Goyette",,,false
69,3,10,43.27,14.7,"Friesen, Jones and Langworth",,,false
70,3,10,45.5,11.5,"Balistreri, Pouros and Runolfsdottir",,,false
71,3,7,28.09,13.49,Lockman Group,,,false
72,3,10,24.81,8.88,Jaskolski Group,,,false
73,3,1,36.62,12.81,"Tremblay, Willms and Ortiz",,,false
74,3,10,19.18,11.85,"Lakin, Reynolds and King",,,false
75,3,5,27.32,5.06,"Hettinger, Huel and Mayer",,,false
76,3,5,18.15,9.0,"Morar, Pagac and Graham",,,false
77,3,2,20.28,7.83,Cormier-Hoppe,,,false
78,3,8,35.53,11.42,"Hilpert, Lesch and Hermann",,,false
79,3,8,30.28,11.94,Lang-Durgan,,,false
80,3,10,21.32,6.3,Harris-Price,,,false
81,3,2,27.02,9.89,"Cummings, Ziemann and Rowe",,,false
82,3,0,29.96,13.73,Stark Inc,,,false
83,3,9,35.21,1.25,Weber-Bernier,,,false
84,3,3,17.22,14.18,Krajcik-Jakubowski,,,false
85,3,9,18.38,13.06,Schmitt and Sons,,,false
86,3,1,16.29,4.93,Rath Group,,,false
87,3,6,19.02,14.65,Abernathy-Bernhard,,,false
88,3,6,36.8,7.95,Weimann LLC,,,false
89,3,3,26.61,4.52,"Daniel, Price and Mohr",,,false
90,3,7,49.49,10.54,Jacobi and Sons,,,false
91,3,2,45.37,12.18,Streich and Sons,,,false
92,3,3,45.41,11.14,"Lehner, Ankunding and Satterfield",,,false
93,3,5,24.51,13.27,Kuphal-Herzog,,,false
94,3,8,20.65,14.0,Brakus Inc,,,false
95,3,1,45.99,4.98,Hamill LLC,,,false
96,3,3,17.9,13.24,Jacobi Group,,,false
97,3,5,18.1,11.28,Tremblay and Sons,,,false
98,3,10,48.45,12.38,Johnston-Halvorson,,,false
99,3,5,35.76,13.07,"Kihn, Schuppe and Lubowitz",,,false
100,3,1,41.67,1.18,Rohan Group,,,false
101,3,3,29.48,2.62,Nitzsche-Zemlak,,,false
