sku_id,product_id,name,number,barcode,target_quantity,alert_threshold,deleted
67,6,Lime,7912,8072161a75,50,5,false
75,6,Cyan,8717,7q72340821,28,0,false
70,17,Copper,5799,8175227077,56,5,false
37,11,Burgundy,4734,8r61626755,32,3,false
52,14,Cyan,9328,m019206165,46,2,false
71,18,Gray,1678,412873248a,48,10,false
28,18,Burgundy,6457,1111456764,21,3,false
29,12,Purple,5292,7760258857,46,2,false
24,12,Harlequin,1351,0029629z72,87,0,false
4,5,Cyan,3759,7745483x79,74,1,false
90,1,Yellow,7166,3400461674,91,5,false
68,16,Sky,2602,72020y7204,66,6,false
9,20,Champagne,9179,98z1935639,22,8,false
87,15,Orange,447,535c790183,65,10,false
58,4,Peach,2125,5537640886,71,7,false
36,18,Taupe,3598,92031713q8,88,10,false
39,19,Blue,9896,2372346l06,47,2,false
89,4,Copper,6847,44229972f8,33,1,false
78,20,Sky,5444,t302083226,47,1,false
7,14,Erin,7635,629867q217,29,2,false
3,2,Orange,229,470596323e,21,5,false
48,4,Magenta,1771,3062051m45,39,8,false
56,2,Gold,2020,1031368316,65,6,false
84,13,Orchid,2023,434302789b,33,0,false
21,10,Silver,4326,56478o8578,44,7,false
40,12,Scarlet,5011,2987286109,37,3,false
64,20,Sapphire,130,9435418657,32,9,false
33,4,Plum,8062,2603w82821,32,10,false
82,12,Peach,6261,x449879027,55,7,false
43,18,Red,8668,554h161307,72,0,false
101,20,Yellow,1445,1200m62105,70,6,false
31,2,Azure,2836,3352o78752,54,3,false
91,9,Lilac,8254,8574628w28,100,8,false
79,10,Pear,2547,1731546660,37,5,false
35,14,Ivory,2260,41748z8364,80,7,false
22,5,Raspberry,1759,126o874556,55,8,false
92,14,Fuchsia,6170,44612s6104,36,6,false
45,6,Magenta,7006,6675387f27,31,7,false
85,18,Ultramarine,1216,2680917941,62,7,false
17,13,Rose,7382,9794572u59,31,2,false
74,12,Indigo,4330,91335002g3,36,10,false
1,6,Brown,6090,5577557855,58,0,false
99,19,Coffee,6093,4963570u55,33,2,false
80,13,Bronze,266,3m40566792,21,7,false
54,20,Jade,3193,0787125882,56,6,false
97,17,Bronze,5791,2449791164,57,3,false
100,12,Lavender,8987,7368m10579,80,9,false
53,4,Amaranth,3246,401053569w,20,10,false
12,8,Coffee,9440,3052125436,98,0,false
59,4,Ochre,4963,03233548d0,71,3,false
57,19,Amethyst,8483,7209140936,66,8,false
32,8,Indigo,6741,594c144598,53,3,false
98,8,Puce,4640,39r6252433,24,3,false
50,13,Burgundy,1808,72400534k2,70,6,false
38,6,Sapphire,4720,0465822364,86,0,false
13,6,Sky,5944,3918o36975,88,6,false
94,8,Orchid,2645,2980001800,83,1,false
34,13,Pink,7566,010452t850,21,8,false
16,5,Mauve,7645,7712206o62,26,2,false
26,4,Plum,5266,368722664b,63,4,false
10,16,Harlequin,612,00185904l7,43,0,false
96,13,Gold,9762,596393j368,99,5,false
81,17,Cerulean,287,7161260828,50,0,false
63,7,Black,51,6t52277188,37,0,false
42,10,Orchid,5361,71909771h8,39,2,false
51,18,Ruby,1138,0542855l30,53,6,false
66,6,Lemon,1734,2232438683,83,4,false
25,15,Maroon,7827,490398558l,91,4,false
46,20,Salmon,5760,8041481665,23,7,false
15,10,Green,5894,9115545043,92,3,false
8,16,Ultramarine,8216,5339934x34,75,8,false
30,11,Amethyst,582,3949219u51,58,9,false
77,10,Amaranth,8496,55927e9018,40,2,false
61,8,Coral,2207,33171736d0,54,3,false
60,4,Champagne,4652,0p68614650,52,9,false
93,7,Ochre,1857,0d45946852,99,2,false
5,9,Aquamarine,5371,5360q97818,51,10,false
55,20,Teal,3439,2y53479577,56,6,false
88,15,Plum,5706,18793s2593,81,5,false
62,10,Viridian,2860,8360596d71,57,4,false
14,7,Erin,1058,u437659952,93,10,false
2,12,Lavender,8007,942v934463,62,3,false
41,9,Olive,9913,9927712384,29,4,false
95,7,Yellow,5664,2500818y51,25,9,false
49,5,Chocolate,7329,68k9806299,87,8,false
83,14,Silver,9161,0016227618,42,3,false
19,10,Turquoise,2513,5952600876,94,5,false
72,7,Turquoise,6705,40566469d9,77,1,false
6,9,Champagne,5507,27h9827416,44,7,false
86,15,Coral,6624,27e2943630,49,5,false
47,6,Burgundy,6887,4145704300,59,6,false
44,15,Scarlet,3837,440s872324,58,0,false
69,6,Byzantium,7882,460j037448,91,2,false
18,10,Coffee,1637,75496b2661,21,7,false
20,9,Brown,1158,4125160933,48,4,false
23,4,Puce,251,242116s003,24,0,false
65,13,Maroon,4621,c542076675,33,10,false
73,20,Aquamarine,1096,35r2397763,59,10,false
76,20,Gray,4386,8020610916,91,1,false
27,3,Taupe,8258,9u78303036,34,10,false
