sku_id,product_id,name,number,barcode,target_quantity,alert_threshold,deleted
19,4,Ultramarine,5051,2f08250920,91,10,false
31,2,Apricot,9782,1149841713,78,6,false
40,2,Carmine,4819,8131545646,45,10,false
85,5,Amaranth,6142,39451d8684,22,10,false
24,17,Scarlet,9886,2077387281,60,1,false
94,14,Orchid,3199,760573280k,21,2,false
5,5,Fuchsia,8501,8996333240,63,9,false
63,4,Gray,3101,0677211408,96,4,false
62,5,Sapphire,4802,i697224896,35,3,false
83,15,Amethyst,6112,2415611922,71,5,false
15,4,Bronze,8143,2z58092489,30,9,false
68,10,Olive,8517,686883i366,22,6,false
87,10,Silver,9623,j033845829,98,7,false
73,11,Pear,2510,27455971x4,21,0,false
65,18,Pink,903,800930488l,95,4,false
43,17,Purple,9471,721694429v,88,5,false
54,13,Beige,1759,0839875688,69,2,false
26,18,Turquoise,5382,030q355834,53,5,false
17,18,Amaranth,456,2373374617,81,8,false
93,2,White,8970,2283067079,36,9,false
1,11,Jade,9722,83999i4097,52,0,false
51,15,Maroon,8577,2s96792022,52,7,false
11,12,Apricot,4093,3237758228,65,9,false
32,11,Yellow,8015,691557710x,45,1,false
91,4,Amaranth,7922,3098002791,41,7,false
36,9,Yellow,6117,6361705135,24,10,false
79,15,Purple,9971,2696323997,99,0,false
8,20,Beige,401,z864370736,22,8,false
3,15,Carmine,6035,279j845044,67,5,false
95,2,Beige,8344,902p964078,72,1,false
22,3,Tan,2916,68906540t9,54,0,false
33,20,Sangria,4030,89118352k8,82,0,false
30,7,Lemon,9065,09s6333550,57,4,false
38,18,Peach,9004,8099h95007,27,2,false
16,7,Rose,943,3108c07676,73,8,false
61,7,Periwinkle,442,99974881r5,71,5,false
66,16,Byzantium,4928,598713609n,23,2,false
96,19,Puce,4971,06a8881014,70,3,false
77,5,Copper,8465,288621u141,40,10,false
90,12,Beige,1376,5358613776,29,4,false
42,4,Coffee,8217,2958094h03,64,0,false
27,3,Azure,962,3t85536826,30,8,false
2,17,Copper,6007,1592680102,45,7,false
82,5,Lilac,1512,8572l35596,45,9,false
18,13,White,1359,4w41042149,38,6,false
35,5,Erin,2451,70128r7877,87,4,false
100,12,Violet,8755,6207379421,45,4,false
75,7,Brown,8945,s240906713,92,5,false
57,10,Chocolate,8608,9277319069,31,6,false
39,11,Orange,6852,1964878210,86,3,false
23,19,Periwinkle,7510,z566585059,62,10,false
41,9,Brown,8837,d520559598,99,9,false
72,14,Lime,7580,01753275k0,83,7,false
29,5,Champagne,9781,3s98619935,26,10,false
55,10,Magenta,9783,903039q128,98,1,false
67,9,Orchid,265,1y75053331,23,1,false
48,20,Yellow,5894,656414346a,79,8,false
13,13,Lilac,3409,7u88528551,53,2,false
34,17,Erin,2190,7334459n45,70,5,false
89,4,Rose,6407,13d0362151,84,7,false
25,16,White,1437,0603477313,36,8,false
53,15,Coffee,634,9617i56596,79,9,false
74,13,Gray,3657,12598053y8,80,1,false
101,10,Sky,8532,490820156i,22,2,false
47,6,Mauve,1688,6741916b98,57,4,false
64,6,Raspberry,8182,515h505494,86,6,false
98,9,Plum,2117,08v7008479,88,5,false
58,20,Salmon,420,22077975o8,45,6,false
28,18,Emerald,2653,69z3071933,97,8,false
45,4,Indigo,8257,5436382058,63,7,false
14,14,Gray,7952,0840371435,34,7,false
56,17,Burgundy,1312,283814x354,64,6,false
78,5,Red,5469,16a1394842,86,4,false
80,20,Peach,7034,3076402664,69,8,false
46,1,Lavender,7821,180900878c,99,0,false
44,4,Cyan,6919,0549868232,70,2,false
71,10,Champagne,8797,029u277536,42,10,false
92,4,Brown,3069,84480y0062,50,5,false
99,12,Violet,7688,1278452439,54,7,false
84,10,Taupe,4950,08109x6097,78,7,false
97,12,Ochre,3163,0801032851,26,10,false
9,1,Coffee,7308,243761828n,21,1,false
69,12,Puce,2919,b646987512,78,1,false
12,11,Lime,7209,2592u24147,38,3,false
7,16,White,3360,29971l7691,93,0,false
70,1,Carmine,7234,9281559j46,80,10,false
20,7,Aquamarine,1797,0463486n66,37,8,false
52,19,Turquoise,9948,42231080k0,24,8,false
60,3,Black,8013,095s609426,22,3,false
37,4,Maroon,4017,4331017065,85,4,false
49,16,Brown,190,2492143113,96,7,false
81,18,Maroon,9564,809017605n,75,9,false
50,13,Violet,6082,542j060651,51,6,false
88,19,Brown,897,6428009q89,56,1,false
59,9,Lilac,7217,6u51813086,97,1,false
10,18,Blush,7792,797w935888,50,2,false
6,9,Sky,2772,425651u898,93,10,false
76,7,Cerulean,9718,83729138p1,56,2,false
4,9,White,7244,368730995c,75,7,false
86,10,Pear,5176,1671567414,38,5,false
