sku_id,location_id,quantity,price,cost,vendor,expiration_date,stock_type,deleted
1,1,5,22.21,2.78,"Mohr, Ledner and Stracke",,,false
2,1,1,35.34,1.73,Kling and Sons,,,false
3,1,2,31.11,8.72,"Beatty, Larson and Halvorson",,,false
4,1,0,27.72,14.08,Runolfsson-Koss,,,false
5,1,8,31.08,8.68,Luettgen Inc,,,false
6,1,4,27.8,12.5,Flatley-Beahan,,,false
7,1,3,45.77,9.12,"Schaefer, Pouros and Bruen",,,false
8,1,6,15.3,11.64,"Kling, Dietrich and Oberbrunner",,,false
9,1,3,27.8,6.9,"Kris, Hodkiewicz and Ziemann",,,false
10,1,1,28.49,12.0,"Dietrich, Halvorson and Daugherty",,,false
11,1,1,43.33,13.42,"Mann, Larson and Cassin",,,false
12,1,2,39.22,13.62,Crist Inc,,,false
13,1,10,17.93,4.6,Von-Adams,,,false
14,1,1,24.23,7.9,Spinka-Reynolds,,,false
15,1,3,30.89,6.81,Gottlieb Inc,,,false
16,1,8,39.74,4.58,Sauer-Borer,,,false
17,1,10,27.6,7.7,Okuneva Inc,,,false
18,1,9,20.86,5.22,"Keeling, Kirlin and Thompson",,,false
19,1,4,30.77,9.3,"O'Connell, Bartoletti and Hagenes",,,false
20,1,7,39.51,9.29,Simonis-Ernser,,,false
21,1,7,24.77,7.97,Bechtelar Group,,,false
22,1,6,32.29,11.01,"Keebler, Hilpert and Pfeffer",,,false
23,1,1,33.74,11.85,Bruen-Rempel,,,false
24,1,7,46.24,6.66,"Bosco, Medhurst and Jerde",,,false
25,1,2,15.34,6.22,Champlin-Bernier,,,false
26,1,9,31.8,6.9,Hahn LLC,,,false
27,1,3,42.12,3.33,Graham and Sons,,,false
28,1,0,19.57,2.17,Gusikowski Inc,,,false
29,1,7,18.76,7.32,Yost-Gleichner,,,false
30,1,7,35.86,5.37,Block Inc,,,false
31,1,1,30.0,3.44,Gorczany Group,,,false
32,1,10,46.43,7.8,Zemlak-Christiansen,,,false
33,1,2,48.79,7.93,Terry-Schiller,,,false
34,1,4,46.03,1.95,Prohaska-Rippin,,,false
35,1,0,19.47,11.47,Schaefer Inc,,,false
36,1,6,21.63,12.24,Witting Inc,,,false
37,1,5,31.78,9.3,"Bayer, Grady and Rutherford",,,false
38,1,1,41.27,13.2,"Medhurst, Raynor and Kuvalis",,,false
39,1,7,41.67,4.94,Christiansen and Sons,,,false
40,1,6,39.75,1.74,Marvin and Sons,,,false
41,1,10,36.55,8.35,McClure-Beer,,,false
42,1,1,33.37,10.54,Senger-Klocko,,,false
43,1,5,33.68,8.39,Koepp-Toy,,,false
44,1,6,43.33,12.66,"Macejkovic, Larkin and Dietrich",,,false
45,1,0,29.63,10.52,Grimes-Corkery,,,false
46,1,9,45.54,12.74,"Corwin, Smitham and Batz",,,false
47,1,4,21.95,4.44,"Gottlieb, Reilly and Russel",,,false
48,1,1,16.02,3.02,"Bogan, Kassulke and Harvey",,,false
49,1,10,40.3,14.23,"Legros, Reichel and Veum",,,false
50,1,9,25.27,12.53,Collier and Sons,,,false
51,1,0,33.64,5.82,"Sawayn, Zemlak and Kuhic",,,false
52,1,9,40.84,8.46,"Reinger, Hills and Reichert",,,false
53,1,3,40.78,10.69,Walter-Ankunding,,,false
54,1,4,41.91,3.79,Bailey and Sons,,,false
55,1,4,47.81,10.66,"Larkin, Thompson and Ferry",,,false
56,1,1,39.69,4.92,"Spencer, O'Kon and Luettgen",,,false
57,1,7,48.16,14.13,"Quitzon, Toy and Hessel",,,false
58,1,0,37.54,7.43,Spencer and Sons,,,false
59,1,4,29.76,9.53,"Stiedemann, Lueilwitz and Baumbach",,,false
60,1,2,46.13,10.86,Rutherford Group,,,false
61,1,1,27.97,5.36,"Zboncak, Hirthe and Schroeder",,,false
62,1,3,33.39,8.5,"Hansen, Wolff and Kshlerin",,,false
63,1,5,22.73,6.55,"Gusikowski, Prosacco and Berge",,,false
64,1,5,22.21,10.76,Barton-Hermann,,,false
65,1,2,21.38,14.06,"Jacobson, Feeney and Tromp",,,false
66,1,2,21.72,2.6,Murazik-Howe,,,false
67,1,8,19.16,11.21,Kub Group,,,false
68,1,8,35.61,4.08,Spinka-Runolfsson,,,false
69,1,8,43.16,7.43,"Kulas, Leffler and Skiles",,,false
70,1,0,38.09,6.77,Grady LLC,,,false
71,1,4,36.1,14.5,"Rodriguez, Heaney and Glover",,,false
72,1,10,22.58,9.11,"Moore, Cormier and Brakus",,,false
73,1,5,16.77,11.58,Kessler LLC,,,false
74,1,9,48.44,5.43,Runolfsdottir-Effertz,,,false
75,1,4,26.41,9.84,White-Wisozk,,,false
76,1,6,28.34,6.2,Welch-McLaughlin,,,false
77,1,1,34.14,3.14,Schowalter-Mann,,,false
78,1,5,43.41,4.23,Okuneva and Sons,,,false
79,1,8,28.93,13.38,Ferry-Steuber,,,false
80,1,7,23.52,12.51,Kuhn-Wiegand,,,false
81,1,8,35.26,4.81,Kovacek and Sons,,,false
82,1,7,42.09,14.92,Wolf-Treutel,,,false
83,1,4,37.09,6.71,Beer and Sons,,,false
84,1,3,22.5,10.6,Altenwerth and Sons,,,false
85,1,10,39.4,11.04,Kling LLC,,,false
86,1,2,48.06,12.75,"Boehm, Gerhold and Schulist",,,false
87,1,8,41.08,9.44,"Goyette, Schimmel and Lesch",,,false
88,1,9,19.78,9.15,"Hermiston, Walter and Bailey",,,false
89,1,1,24.0,10.08,Gislason and Sons,,,false
90,1,3,46.93,12.21,Zboncak-Beer,,,false
91,1,6,45.06,10.0,Abshire Group,,,false
92,1,2,46.21,10.86,Abbott-Dicki,,,false
93,1,6,36.75,14.67,"Hayes, Ondricka and Dach",,,false
94,1,8,49.3,1.48,Rogahn-Hills,,,false
95,1,6,46.62,1.35,Rempel-Christiansen,,,false
96,1,8,15.98,7.02,Kirlin-Schinner,,,false
97,1,8,20.27,5.41,Shanahan Group,,,false
98,1,9,20.57,4.56,Kuphal-Hettinger,,,false
99,1,8,26.42,14.8,"McCullough, O'Hara and O'Reilly",,,false
100,1,8,47.28,10.07,Erdman-D'Amore,,,false
101,1,5,42.29,11.06,Oberbrunner-Feeney,,,false
1,2,9,22.62,2.36,"Parisian, Pollich and Larkin",,,false
2,2,10,37.27,3.19,"Hickle, Lind and O'Hara",,,false
3,2,3,45.6,4.49,Dooley-Collier,,,false
4,2,10,29.5,2.49,Gutkowski-Kulas,,,false
5,2,4,43.22,13.99,Rath Inc,,,false
6,2,9,27.63,13.15,"Ruecker, Jast and Murray",,,false
7,2,8,26.12,10.88,"Dicki, Price and Trantow",,,false
8,2,2,26.89,4.48,Heller and Sons,,,false
9,2,6,38.51,13.61,"Toy, Langworth and Welch",,,false
10,2,7,16.79,4.26,Waters-Labadie,,,false
11,2,1,38.07,8.35,Mills-Oberbrunner,,,false
12,2,0,46.64,7.81,"Moen, Wisoky and Roberts",,,false
13,2,8,49.44,13.11,Lakin Group,,,false
14,2,3,16.1,6.58,Yost Group,,,false
15,2,10,21.99,8.66,Hamill Group,,,false
16,2,5,48.99,10.81,Gaylord Group,,,false
17,2,1,36.78,14.25,Rath-Rosenbaum,,,false
18,2,5,32.43,7.72,"Quitzon, Leannon and Kuhlman",,,false
19,2,4,27.75,13.49,Lesch and Sons,,,false
20,2,4,41.68,11.97,Klocko and Sons,,,false
21,2,0,39.33,5.64,"Schneider, Buckridge and Senger",,,false
22,2,4,18.67,13.32,Orn LLC,,,false
23,2,9,16.02,13.86,"Feil, Bode and Crooks",,,false
24,2,1,28.23,6.67,"Powlowski, Shields and Armstrong",,,false
25,2,0,43.42,12.27,Gislason-Witting,,,false
26,2,9,31.03,6.95,"Strosin, Schuster and Spinka",,,false
27,2,9,27.65,7.16,"Huels, Daugherty and Wintheiser",,,false
28,2,1,47.26,11.74,Herman-Barrows,,,false
29,2,4,47.86,2.52,Treutel-Larson,,,false
30,2,4,32.9,9.38,Toy-Schuppe,,,false
31,2,0,39.4,5.93,Deckow-Walsh,,,false
32,2,4,23.03,12.28,"Crona, Block and Rowe",,,false
33,2,0,48.02,6.13,Wisozk and Sons,,,false
34,2,8,20.2,4.85,Jakubowski-Jerde,,,false
35,2,1,33.35,11.6,Fadel-Goyette,,,false
36,2,9,29.36,7.54,Roob and Sons,,,false
37,2,3,21.07,1.22,"Ernser, Haag and Bahringer",,,false
38,2,0,19.14,9.71,Smitham Inc,,,false
39,2,4,44.94,2.69,Donnelly and Sons,,,false
40,2,3,27.75,2.47,"Little, Boyle and Stamm",,,false
41,2,1,42.5,12.02,Zieme-DuBuque,,,false
42,2,8,25.97,12.83,McDermott-Gutmann,,,false
43,2,4,36.52,11.17,Gleason LLC,,,false
44,2,9,27.38,11.36,Klocko Group,,,false
45,2,5,21.9,8.43,Bechtelar Group,,,false
46,2,8,36.35,1.67,"Gislason, Gleichner and Franecki",,,false
47,2,2,39.72,11.04,Torphy and Sons,,,false
48,2,10,44.88,9.63,Fisher LLC,,,false
49,2,10,45.04,5.62,"Thompson, Yost and Kub",,,false
50,2,1,44.56,6.76,"Grant, Feest and Sporer",,,false
51,2,5,35.27,6.99,"Heller, Klocko and Weber",,,false
52,2,9,42.61,12.91,Monahan-Bogisich,,,false
53,2,7,21.5,5.89,Rosenbaum-Franecki,,,false
54,2,6,34.38,12.75,Turcotte Inc,,,false
55,2,5,48.2,9.95,Rippin-Gutmann,,,false
56,2,5,23.77,11.64,Becker LLC,,,false
57,2,2,47.67,1.56,Effertz-Stark,,,false
58,2,0,24.89,6.56,"Trantow, Batz and Bechtelar",,,false
59,2,0,15.42,12.93,"Wilderman, Schroeder and Carroll",,,false
60,2,0,41.81,3.49,Runolfsson LLC,,,false
61,2,6,41.66,14.34,"Nicolas, Brakus and Konopelski",,,false
62,2,3,45.5,2.39,"Harvey, Vandervort and Grimes",,,false
63,2,3,26.03,2.56,"Kshlerin, Kassulke and Walker",,,false
64,2,5,19.54,12.82,"Keeling, Raynor and Cummerata",,,false
65,2,4,38.02,6.37,"Stanton, Cruickshank and Dickinson",,,false
66,2,2,49.29,7.78,Witting-Farrell,,,false
67,2,10,39.03,2.3,"Langosh, Bartell and Ebert",,,false
68,2,1,34.08,4.74,Bailey-Schmeler,,,false
69,2,7,23.65,5.76,Herman-Flatley,,,false
70,2,4,20.01,4.16,Rempel Inc,,,false
71,2,10,47.77,7.43,Boehm and Sons,,,false
72,2,6,33.46,8.75,"Hilll, Hagenes and Connelly",,,false
73,2,5,43.92,10.11,"Goodwin, Borer and Hammes",,,false
74,2,10,39.14,11.11,"Kassulke, Hilpert and Schroeder",,,false
75,2,0,25.24,4.52,Bergnaum-Langosh,,,false
76,2,3,39.77,14.37,Terry LLC,,,false
77,2,5,44.94,11.41,"Lemke, Dibbert and Runolfsdottir",,,false
78,2,10,38.83,7.4,"Leannon, Schuster and Cassin",,,false
79,2,7,46.3,5.61,Bergstrom and Sons,,,false
80,2,0,41.94,10.19,Emard Group,,,false
81,2,7,38.8,7.6,Reichel and Sons,,,false
82,2,8,25.18,13.35,Erdman-Kreiger,,,false
83,2,7,44.51,5.58,Nitzsche Group,,,false
84,2,8,26.71,1.11,DuBuque-Terry,,,false
85,2,2,29.47,6.95,Hegmann-Witting,,,false
86,2,2,23.99,9.47,"Hilll, Runolfsson and Mertz",,,false
87,2,0,44.07,10.99,"Senger, Gleason and Collins",,,false
88,2,5,42.61,14.3,"Becker, King and Batz",,,false
89,2,10,39.7,1.5,"Littel, Ullrich and Mayert",,,false
90,2,6,46.24,3.21,"Fritsch, Swift and Dicki",,,false
91,2,2,47.43,4.73,Dickens-Ankunding,,,false
92,2,7,18.09,2.35,Wolff-Hermann,,,false
93,2,9,26.15,1.28,Olson Group,,,false
94,2,4,22.54,12.79,O'Connell-Lockman,,,false
95,2,10,28.2,6.43,Ryan-Schroeder,,,false
96,2,3,20.77,4.23,Rosenbaum-Hyatt,,,false
97,2,2,35.01,14.66,Nolan-Gottlieb,,,false
98,2,9,18.19,6.67,Bogisich-Okuneva,,,false
99,2,4,42.13,9.61,Padberg-Smith,,,false
100,2,5,33.15,10.17,Robel Inc,,,false
101,2,4,37.29,4.04,Lind Inc,,,false
1,3,7,33.18,10.49,Schmeler-Green,,,false
2,3,2,29.22,2.63,O'Keefe-Ortiz,,,false
3,3,4,17.49,4.68,"Heaney, Schuster and Ratke",,,false
4,3,9,21.71,9.49,McGlynn Inc,,,false
5,3,6,16.86,13.44,"Kerluke, Murphy and Rohan",,,false
6,3,9,46.73,3.93,"Huel, Russel and Harvey",,,false
7,3,0,48.88,6.88,Fadel Inc,,,false
8,3,9,44.23,14.92,Lind Group,,,false
9,3,9,34.8,8.47,Schmeler-Gorczany,,,false
10,3,4,49.23,12.43,"Borer, Gibson and Flatley",,,false
11,3,4,28.5,6.03,Parisian-Murray,,,false
12,3,1,23.98,12.35,Gutmann-Lueilwitz,,,false
13,3,10,19.51,9.94,Doyle Group,,,false
14,3,6,37.07,14.01,"Torphy, Kuvalis and Reilly",,,false
15,3,7,23.48,6.17,Bosco and Sons,,,false
16,3,3,22.18,2.97,Brekke Inc,,,false
17,3,5,41.18,9.41,Bailey-Zieme,,,false
18,3,6,34.81,10.36,Hamill LLC,,,false
19,3,9,40.17,3.32,Beahan Inc,,,false
20,3,10,23.05,6.08,Pollich-Hane,,,false
21,3,3,19.82,10.06,Hartmann-Anderson,,,false
22,3,3,28.77,7.0,Rempel Group,,,false
23,3,6,45.42,8.17,"Leannon, Greenfelder and Volkman",,,false
24,3,6,24.02,11.6,Bechtelar-Murazik,,,false
25,3,8,46.72,3.37,Hilll-Ziemann,,,false
26,3,5,30.28,2.24,Schultz Group,,,false
27,3,1,21.0,9.63,DuBuque LLC,,,false
28,3,7,17.31,2.88,Daniel Group,,,false
29,3,3,32.22,6.12,"Hahn, Gaylord and Koss",,,false
30,3,1,28.12,9.14,Mraz-Ankunding,,,false
31,3,10,35.93,13.17,Huel-Blick,,,false
32,3,6,42.24,13.29,Cremin-Hyatt,,,false
33,3,9,25.3,11.24,Harris-Effertz,,,false
34,3,4,45.35,6.65,Wintheiser-Russel,,,false
35,3,7,16.37,5.13,"Reichel, Ledner and Prosacco",,,false
36,3,5,38.66,5.75,Blanda-Kuhic,,,false
37,3,6,15.58,11.56,Lebsack-Rath,,,false
38,3,8,33.75,14.35,"Pfannerstill, Littel and Beahan",,,false
39,3,2,18.87,13.61,Green-Macejkovic,,,false
40,3,4,46.07,14.62,"Huels, Hickle and Murphy",,,false
41,3,3,28.5,6.15,Upton-Abshire,,,false
42,3,3,48.22,8.0,"Heidenreich, O'Keefe and Lowe",,,false
43,3,0,47.76,10.53,Stehr-Purdy,,,false
44,3,3,47.08,13.05,"Ondricka, Thompson and Mosciski",,,false
45,3,3,36.4,14.12,"Rutherford, Harvey and Senger",,,false
46,3,0,43.94,3.3,"Waters, Howe and Marks",,,false
47,3,6,16.71,6.32,"Goyette, Fadel and Goldner",,,false
48,3,8,47.65,7.49,Ebert and Sons,,,false
49,3,10,39.37,14.01,"Kunde, Moore and Hickle",,,false
50,3,7,48.9,2.13,Reilly and Sons,,,false
51,3,7,32.7,13.46,Konopelski Inc,,,false
52,3,1,47.68,11.58,Terry-Little,,,false
53,3,1,42.49,3.12,Anderson-Cole,,,false
54,3,4,25.37,4.0,"Medhurst, Tremblay and Wolf",,,false
55,3,2,30.23,7.76,Anderson and Sons,,,false
56,3,7,20.78,8.63,"Rolfson, O'Kon and Greenholt",,,false
57,3,2,37.94,14.59,Bailey-O'Reilly,,,false
58,3,1,28.75,6.65,Schuppe-Koch,,,false
59,3,10,39.7,9.57,"Marks, Kohler and Kilback",,,false
60,3,7,37.95,12.4,"Gerlach, Runte and Stanton",,,false
61,3,0,25.94,9.87,"Waelchi, Pouros and Reilly",,,false
62,3,6,20.4,2.99,"Bartell, Treutel and Wuckert",,,false
63,3,10,34.16,9.25,"Jenkins, Daniel and Murphy",,,false
64,3,7,19.41,6.22,"Grimes, Robel and Denesik",,,false
65,3,7,43.01,12.83,Hoeger-Greenfelder,,,false
66,3,1,39.78,13.0,Terry Group,,,false
67,3,7,16.92,1.26,Waelchi-Deckow,,,false
68,3,4,47.69,10.33,"Hegmann, O'Reilly and Cruickshank",,,false
69,3,8,41.58,6.54,Shanahan and Sons,,,false
70,3,3,41.39,7.42,Brakus-Kreiger,,,false
71,3,3,23.16,14.33,Yundt LLC,,,false
72,3,0,17.2,10.38,"Smith, Reilly and Prohaska",,,false
73,3,9,18.02,1.14,"Cartwright, Legros and Sipes",,,false
74,3,8,30.7,14.29,Wilkinson-Parker,,,false
75,3,10,40.53,5.29,"Lowe, Haley and Gulgowski",,,false
76,3,3,40.35,4.6,"Frami, Stracke and Bauch",,,false
77,3,1,42.24,11.97,Mante and Sons,,,false
78,3,10,22.48,8.9,Purdy LLC,,,false
79,3,8,16.44,3.36,Toy-Buckridge,,,false
80,3,2,45.39,7.44,"Sauer, Sipes and O'Kon",,,false
81,3,5,27.92,3.9,"Heaney, Simonis and Auer",,,false
82,3,7,45.95,9.86,O'Connell and Sons,,,false
83,3,4,36.34,2.75,Luettgen Group,,,false
84,3,2,31.98,12.57,"Cole, Kovacek and Hilll",,,false
85,3,10,31.43,9.28,Mann LLC,,,false
86,3,9,28.88,14.28,Kulas Group,,,false
87,3,6,29.22,1.4,O'Reilly and Sons,,,false
88,3,9,39.49,1.43,Lemke-Blick,,,false
89,3,7,43.25,7.79,Durgan and Sons,,,false
90,3,1,21.84,8.77,Prosacco Group,,,false
91,3,2,44.05,9.58,Gibson LLC,,,false
92,3,8,36.61,4.25,"Dach, Murazik and Wintheiser",,,false
93,3,0,19.34,8.7,Howell and Sons,,,false
94,3,5,25.08,12.96,"Halvorson, Gottlieb and DuBuque",,,false
95,3,4,35.13,4.26,Ratke-Yost,,,false
96,3,7,48.42,5.96,"Bins, Sanford and Jacobson",,,false
97,3,8,23.81,12.06,Frami Group,,,false
98,3,1,48.47,14.17,Davis Group,,,false
99,3,8,38.07,2.62,"Considine, Muller and Rempel",,,false
100,3,1,24.93,10.25,Sawayn-Pollich,,,false
101,3,10,39.22,8.89,White-Paucek,,,false
