product_id,name,brand,category,vendor,description,visible_to_clients,commissionable,discontinued,discontinued_reasons,alternative_product_ids,deleted
18,Mediocre Cotton Keyboard,Americium,Toys,"Waelchi, Bruen and Wyman",Sequi quasi quis.,true,true,false,,,false
11,Aerodynamic Plastic Watch,Manganese,Jewelry,"Zboncak, Bailey and Brekke",Et minima voluptatem.,true,true,false,,,false
20,Incredible Bronze Bottle,Oganesson,Garden,Medhurst-Oberbrunner,"",true,true,false,,,false
6,Mediocre Silk Bench,Oxygen,Kids,Windler and Sons,Sapiente quo ex.,true,true,false,,,false
5,Ergonomic Cotton Hat,Nitrogen,Grocery,"Kiehn, Beahan and Rippin",Dolore autem minima.,true,true,false,,,false
19,Lightweight Concrete Plate,Technetium,Clothing,Kuvalis and Sons,Et est laboriosam.,true,true,false,,,false
16,Practical Paper Gloves,Antimony,Toys,"Koch, Greenfelder and Gibson","",true,true,false,,,false
3,Durable Silk Watch,Nitrogen,Baby,Hegmann Inc,Expedita aliquid vel.,true,true,false,,,false
13,Incredible Aluminum Chair,Titanium,Music,Hahn-Nienow,"",true,true,false,,,false
8,Mediocre Steel Clock,Mercury,Jewelry,"Jaskolski, Tromp and Zemlak","",true,true,false,,,false
14,Intelligent Wooden Lamp,Strontium,Tools,"Rowe, Bailey and Smitham","",true,true,false,,,false
1,Enormous Plastic Clock,Bromine,Beauty,Pollich LLC,"",true,true,false,,,false
17,Lightweight Rubber Hat,Gold,Games,Stark-Kirlin,Nobis asperiores rerum.,true,true,false,,,false
10,Intelligent Linen Shoes,Dysprosium,Home,"Bergnaum, Hegmann and Green",Impedit dolorum aliquid.,true,true,false,,,false
2,Ergonomic Leather Chair,Xenon,Jewelry,Emard and Sons,Et quae magni.,true,true,false,,,false
7,Intelligent Linen Computer,Silver,Books,Romaguera-Jacobs,"",true,true,false,,,false
12,Intelligent Silk Keyboard,Germanium,Garden,Marvin LLC,Modi sequi fugit.,true,true,false,,,false
4,Enormous Wool Hat,Lawrencium,Industrial,Rowe-Bartell,Rem iste est.,true,true,false,,,false
9,Synergistic Wool Plate,Thallium,Tools,Legros-Shields,Dolorum ad dolores.,true,true,false,,,false
15,Small Cotton Lamp,Rutherfordium,Games,Abernathy-Dooley,"",true,true,false,,,false
