sku_id,product_id,name,number,barcode,target_quantity,alert_threshold,deleted
1,19,Tan,7446,685k627649,58,5,false
88,18,Jade,7884,098a074586,93,4,false
47,18,Gray,7668,9786123700,78,9,false
11,17,Green,3033,579i313983,41,1,false
100,13,Sangria,7528,k915696085,41,4,false
8,3,Puce,851,3075u63520,48,3,false
19,17,Sangria,4241,3523985487,96,8,false
64,6,Grey,4613,72453209x8,49,5,false
20,17,Red,2976,43762a1599,65,4,false
51,5,Beige,4552,5392548796,69,1,false
46,14,Blush,9936,68037083e9,62,9,false
82,6,Harlequin,2600,a744123275,51,1,false
89,20,Sapphire,2587,8092z58854,84,2,false
4,13,Indigo,67,388698j632,86,9,false
30,9,Aquamarine,9036,1i20749205,56,5,false
62,7,Black,4792,198028221i,55,8,false
48,4,Blue,717,6334662269,74,9,false
2,11,Ruby,907,3911661958,27,3,false
27,3,Coral,1566,290r225231,84,2,false
7,8,Black,6969,4706q97049,42,0,false
22,16,Pink,8638,663308e800,63,0,false
14,20,Sapphire,3725,1278y14146,90,0,false
93,4,Blue,7572,18306a9740,83,6,false
45,7,Harlequin,7919,4935280887,89,2,false
13,15,Emerald,5517,7555747s50,43,9,false
70,19,Lavender,614,2793762373,95,10,false
80,4,Purple,506,76406a4151,54,4,false
35,13,Pear,1985,1953911096,40,6,false
43,12,Cerulean,3157,00057a1100,23,1,false
73,11,Cyan,279,84919082i4,59,8,false
52,13,Plum,8081,9202385328,52,4,false
38,20,Maroon,6590,01458h4378,90,1,false
59,13,Maroon,6740,1008145051,47,2,false
85,7,Lime,1898,5394839093,96,8,false
40,15,Sangria,3777,j693378882,51,9,false
10,20,Orange,7701,9462192r46,77,8,false
83,8,Emerald,8771,0n04273501,47,8,false
96,2,Byzantium,4740,0918147183,61,8,false
66,1,Purple,7214,00100h5638,89,6,false
25,8,Taupe,574,f984567636,74,8,false
36,9,Green,716,105187o843,45,4,false
72,18,Lilac,6942,3560r37885,33,5,false
55,9,Cerulean,834,3b34626166,83,3,false
9,8,Lemon,7936,36586435z1,20,1,false
34,14,Lime,7674,6686542751,20,9,false
81,19,Silver,5071,246h822443,41,4,false
84,17,Ruby,9756,1317639190,93,7,false
94,1,Blush,4648,99t5842663,65,10,false
29,15,Red,6161,5659205245,75,9,false
49,5,Lime,5981,q581426580,36,8,false
56,1,Coral,418,6261993621,79,0,false
28,16,Sapphire,5737,5q09430091,59,6,false
61,11,Puce,5931,6192075882,64,5,false
78,19,Gold,946,7618887707,43,10,false
39,8,Tan,1260,221s185727,90,0,false
101,16,Sky,157,r427572314,63,8,false
16,13,Amber,1743,236e862313,83,1,false
3,15,Harlequin,9800,4208071138,50,7,false
53,1,Raspberry,9302,v975632916,61,5,false
12,12,Raspberry,581,9445429362,61,6,false
77,16,Turquoise,9022,76403191q7,87,7,false
63,7,Orchid,6398,0y09006609,71,0,false
21,16,Coral,2589,0323000067,37,5,false
6,3,Champagne,7987,14741524x9,40,7,false
5,3,Cerise,9678,6s18633128,82,3,false
31,8,Jade,2018,31693709s9,94,0,false
58,1,Sapphire,2499,1r12519171,39,9,false
98,5,Plum,1696,259427776o,99,8,false
69,13,Turquoise,6915,5375770h89,49,6,false
86,10,Turquoise,523,3031r50582,78,0,false
50,5,Chocolate,5390,061215g798,58,2,false
41,14,Yellow,2086,1736341m04,75,7,false
90,19,Lemon,938,6820885618,99,8,false
91,18,Jade,4391,6w76316908,39,7,false
33,6,Amber,6579,8x69665751,51,10,false
79,7,Bronze,5823,851643b472,85,0,false
18,15,Amaranth,2367,00i1097006,33,5,false
32,6,Lemon,7179,4725045493,72,6,false
65,13,Tan,8927,327950600a,32,8,false
15,3,Lime,117,67691i4498,96,3,false
74,2,Indigo,1654,454969l083,44,8,false
42,16,Ultramarine,6001,439921b974,23,9,false
37,19,Yellow,5304,144c760751,41,6,false
24,2,Blue,3950,w335584150,52,7,false
68,7,Blush,6378,1444679953,38,6,false
60,1,Fuchsia,5030,06514b0002,60,5,false
23,16,Lilac,8451,3w18882677,70,5,false
76,9,Ruby,47,53581e0493,78,3,false
67,16,Ivory,7182,683z123183,99,2,false
75,11,Ultramarine,2584,0708969835,82,10,false
71,9,Lavender,5510,80a1196885,73,4,false
92,15,Rose,4009,5877565806,92,7,false
17,8,Brown,101,431017291k,58,9,false
54,20,Burgundy,5191,9430063776,30,0,false
95,10,Ivory,5770,4185626432,69,2,false
99,11,White,2738,33084188m2,25,5,false
57,10,Raspberry,3374,6798701634,45,3,false
44,8,Maroon,9330,v457052615,52,4,false
87,3,Byzantium,2753,423733c850,47,8,false
97,8,Cyan,163,437018j656,78,8,false
