product_id,name,brand,category,vendor,description,visible_to_clients,commissionable,discontinued,discontinued_reasons,alternative_product_ids,deleted
15,Aerodynamic Marble Computer,Indium,Industrial,"Schinner, Rogahn and Stracke","",true,true,false,,,false
18,Lightweight Leather Wallet,Roentgenium,Industrial,Corwin-Hahn,Temporibus tenetur suscipit.,true,true,false,,,false
6,Practical Wool Computer,Californium,Music,Parker-Olson,"",true,true,false,,,false
5,Durable Steel Wallet,Manganese,Beauty,"Adams, Cremin and Dickinson",Amet dolorum aut.,true,true,false,,,false
19,Rustic Cotton Coat,Arsenic,Books,Toy-Olson,Ea culpa qui.,false,true,false,,,false
16,Durable Rubber Chair,Ruthenium,Industrial,Mosciski and Sons,"",true,true,false,,,false
20,Sleek Steel Computer,Einsteinium,Shoes,Rau-Daugherty,"",true,true,false,,,false
3,Fantastic Cotton Bag,Americium,Electronics,"Kovacek, Murphy and Cremin",Sunt ab qui.,true,true,false,,,false
7,Practical Copper Knife,Zinc,Beauty,Hauck Inc,Rerum animi quia.,true,true,false,,,false
11,Mediocre Rubber Bag,Einsteinium,Movies,Krajcik Group,Suscipit consequatur exercitationem.,true,true,false,,,false
13,Durable Iron Shoes,Nihonium,Electronics,Aufderhar Inc,"",true,true,false,,,false
12,Gorgeous Silk Bag,Molybdenum,Garden,"Bauch, Balistreri and Stanton",Tempora provident dolorem.,true,true,false,,,false
2,Gorgeous Cotton Coat,Darmstadtium,Health,Cummerata Inc,Dolorum voluptas nobis.,true,true,false,,,false
17,Synergistic Steel Coat,Beryllium,Movies,Keeling Inc,Sed inventore nihil.,true,true,false,,,false
8,Awesome Cotton Coat,Titanium,Jewelry,Hansen-Fisher,Eaque necessitatibus est.,false,false,false,,,false
10,Lightweight Steel Keyboard,Promethium,Automotive,"Stokes, Walker and Conroy","",false,true,false,,,false
9,Mediocre Iron Shirt,Mercury,Baby,Schaefer-Moore,Amet facilis iure.,true,true,false,,,false
4,Synergistic Copper Wallet,Ruthenium,Shoes,Kuhn-Ledner,Soluta saepe commodi.,true,true,false,,,false
1,Practical Bronze Watch,Thulium,Baby,Runolfsdottir-Oberbrunner,"",false,true,false,,,false
14,Small Leather Car,Livermorium,Computers,Hagenes-Heaney,Possimus dolorem saepe.,true,true,false,,,false
