sku_id,product_id,name,number,barcode,target_quantity,alert_threshold,deleted
76,20,Tan,8614,1224415114,28,8,false
88,3,Red,7181,l875026201,54,1,false
94,19,Azure,9601,4738u14163,92,8,false
98,16,Brown,2732,8382958296,78,8,false
1,11,Harlequin,5004,485i010783,48,1,false
5,5,Emerald,1378,h120088866,62,6,false
80,4,Amethyst,8719,9696548407,68,10,false
6,18,Scarlet,2335,4889w30802,32,6,false
3,6,Olive,5297,19y3533712,53,4,false
34,14,Sapphire,6282,6981d87403,61,0,false
68,8,Blue,8640,41190v0593,97,2,false
22,15,Teal,9977,75224811g5,56,9,false
86,16,Mauve,9621,6221340725,24,7,false
23,5,Rose,5416,62236575h3,58,4,false
57,1,Cerulean,2206,6882636203,96,7,false
81,16,Ruby,2188,47l3050162,60,7,false
15,10,Rose,1983,6867894505,83,2,false
24,5,Lemon,4904,v898997387,22,10,false
69,14,Carmine,4767,7071109876,74,5,false
52,19,Champagne,2542,x539442186,93,2,false
14,16,Green,8281,02s4562580,92,0,false
44,9,Burgundy,6660,149291q184,36,6,false
29,14,Aquamarine,5366,3q00402405,87,5,false
40,4,Copper,2088,28920v0364,46,5,false
26,5,Magenta,560,451181442x,38,10,false
99,4,Gold,1976,503o567263,28,10,false
91,7,Raspberry,6590,812633962t,80,6,false
45,14,Lemon,2666,8243786497,35,1,false
20,12,Salmon,5820,7842w28248,57,7,false
97,15,Silver,5293,732735q600,25,8,false
84,16,Tan,2528,433769w118,71,7,false
101,2,Apricot,6080,83255k0437,24,1,false
47,18,White,5823,3070602344,44,10,false
87,11,Ruby,8449,5589977i23,99,4,false
77,14,Amaranth,9782,7x54273249,94,4,false
21,8,Cyan,5954,1653002030,46,4,false
85,16,Lime,7817,8941n26731,69,2,false
48,11,Coffee,3589,5209187113,45,10,false
38,15,Amaranth,2847,6541432515,44,8,false
36,13,Puce,2178,997577p906,47,8,false
10,1,Ultramarine,3504,4746366974,61,4,false
93,17,Apricot,3605,980860433e,83,8,false
18,12,Cerise,502,4m38046769,73,4,false
17,4,Peach,1869,4984488400,27,1,false
79,17,Maroon,8374,014o447714,73,6,false
8,19,Azure,8864,111851239b,67,8,false
19,3,Amaranth,5075,5558338358,74,4,false
83,14,Harlequin,6966,9116c46398,45,7,false
27,6,Blue,3882,800y880873,85,9,false
71,5,Harlequin,9635,0182172028,58,4,false
82,14,Emerald,4971,6177618322,23,10,false
35,8,Copper,8805,7511334455,83,8,false
11,5,Plum,6530,1450629728,36,10,false
72,13,Chocolate,8616,81034398l8,100,8,false
67,19,Blush,3598,72862u0850,37,8,false
12,17,Red,4610,3902769594,85,1,false
75,16,Cerulean,1837,49031m5697,41,9,false
62,9,Chocolate,8486,329960677s,49,4,false
56,6,Purple,8542,0949657948,38,1,false
4,8,Gold,6994,9175y95695,25,4,false
2,12,Taupe,7194,7504843176,79,4,false
49,19,Cerise,983,35118x8730,95,10,false
60,4,Teal,2112,8c46109044,93,10,false
65,8,Blush,7222,123b860754,51,10,false
46,4,Byzantium,8040,23840395v8,35,1,false
90,8,Magenta,6465,18002m7800,70,2,false
73,17,Bronze,3330,848m705645,76,5,false
74,1,Maroon,2994,2297368761,99,10,false
59,3,Violet,3683,0349723d52,53,5,false
89,3,Silver,2857,204409j511,86,10,false
61,3,Sangria,6240,651k207699,56,2,false
92,18,Green,8161,1051057743,43,7,false
58,17,Teal,7844,876299174b,91,10,false
55,8,Salmon,990,43752y5751,32,0,false
39,17,Orange,6708,0808715936,50,4,false
53,8,Ochre,3807,7049z65124,63,6,false
30,10,Sapphire,9668,0863715190,95,5,false
66,16,Ochre,3731,3816x30738,81,0,false
9,14,Taupe,2283,4984y46266,75,10,false
43,7,Turquoise,5694,3476375568,53,5,false
31,16,White,4606,3986382267,40,3,false
78,8,Blue,1672,184847k153,48,6,false
41,12,Pear,7455,429b972904,90,6,false
33,13,Coral,4876,18753183x3,44,7,false
95,13,Gray,9254,6940615934,88,8,false
51,18,Scarlet,9969,3x68402648,93,9,false
50,19,Black,782,221v449812,23,0,false
13,8,Periwinkle,5358,0h20901960,67,7,false
25,14,White,3168,0351135809,89,6,false
42,3,Crimson,4404,28r3703734,47,9,false
70,11,Byzantium,4635,84i3521264,42,2,false
96,17,Azure,2296,1729164633,79,6,false
32,9,Gold,7154,9h16014842,50,0,false
16,20,Pear,2800,5244651360,25,7,false
64,15,Amaranth,9345,4024339463,86,5,false
54,5,Silver,5693,6072943572,96,5,false
63,18,Turquoise,9466,d831794860,37,2,false
7,20,Yellow,6814,39743p4102,70,3,false
100,14,Coffee,7322,646g574548,71,5,false
28,7,Taupe,2723,15k1800281,91,3,false
