product_id,name,brand,category,vendor,description,visible_to_clients,commissionable,discontinued,discontinued_reasons,alternative_product_ids,deleted
7,Synergistic Plastic Lamp,Aluminum,Shoes,"Harber, Bogan and Block",Ipsum sed doloremque.,true,true,false,,,false
20,Practical Linen Plate,Antimony,Automotive,"Pagac, Maggio and Hermann",Rerum aperiam sed.,true,true,false,,,false
6,Durable Iron Gloves,Osmium,Music,Schoen-Reinger,Sit aut sit.,true,true,false,,,false
4,Fantastic Iron Bench,Roentgenium,Music,Casper and Sons,Explicabo sit praesentium.,true,true,false,,,false
9,Small Aluminum Hat,Phosphorus,Garden,"Schulist, Bernhard and Walter","",true,true,false,,,false
10,Lightweight Leather Chair,Osmium,Health,McLaughlin-Pfannerstill,"",true,true,false,,,false
14,Gorgeous Silk Bench,Carbon,Tools,Schmidt-Rohan,"",true,true,false,,,false
1,Enormous Cotton Car,Nobelium,Home,Gutkowski Group,Perferendis optio deserunt.,true,true,false,,,false
2,Durable Marble Computer,Mendelevium,Kids,Konopelski-Homenick,"",true,true,false,,,false
12,Rustic Marble Hat,Bromine,Grocery,Hermiston-Huel,Praesentium ut totam.,true,true,false,,,false
5,Durable Concrete Coat,Sulfur,Beauty,Considine and Sons,"",false,false,false,,,false
15,Heavy Duty Bronze Plate,Dubnium,Health,Prohaska Group,Voluptatum dolore beatae.,true,true,false,,,false
3,Synergistic Plastic Keyboard,Strontium,Baby,Steuber Group,Tenetur qui molestiae.,true,true,false,,,false
11,Intelligent Wooden Hat,Boron,Automotive,Hills-Osinski,"",true,true,false,,,false
16,Heavy Duty Granite Car,Carbon,Home,"Lind, Skiles and Marvin","",true,true,false,,,false
19,Mediocre Silk Bottle,Erbium,Tools,"Cole, Romaguera and Kub",Non porro ducimus.,false,true,false,,,false
8,Intelligent Wooden Car,Calcium,Industrial,Effertz Inc,"",true,true,false,,,false
17,Aerodynamic Leather Bench,Potassium,Movies,"O'Reilly, Weimann and Bartoletti",Placeat quidem in.,true,true,false,,,false
18,Small Silk Clock,Cerium,Jewelry,Walker-Cummerata,Voluptas molestias eum.,true,true,false,,,false
13,Awesome Steel Keyboard,Uranium,Baby,Zemlak and Sons,Quos enim veniam.,true,true,false,,,false
