sku_id,product_id,name,number,barcode,target_quantity,alert_threshold,deleted
12,5,Lilac,9998,369k246318,34,6,false
98,2,Raspberry,5881,5583960w55,49,1,false
49,6,Ruby,5646,79p5646303,74,2,false
41,12,Carmine,1563,742u096840,34,8,false
65,5,Taupe,5049,790536x192,38,5,false
23,19,Orange,377,939629824x,77,9,false
30,11,Green,737,45w4563074,44,2,false
37,15,Amethyst,4559,7915q58026,61,1,false
1,16,Mauve,6583,52736444l4,98,9,false
77,16,Viridian,8541,8566173q16,53,7,false
27,1,Lemon,2167,956515m393,73,10,false
74,2,Ruby,7641,2603z16381,89,1,false
80,20,Olive,9582,s595150756,95,9,false
31,12,Blush,5102,70964740x5,28,1,false
32,10,Grey,9349,0501148937,36,0,false
20,3,Crimson,7030,22814l0042,42,10,false
88,12,Sangria,5373,2366522368,75,2,false
59,20,Aquamarine,2021,9d65108804,46,8,false
28,17,Apricot,6389,998312927a,90,5,false
45,1,Beige,9019,7826110156,28,3,false
84,13,Olive,2806,3677088541,46,4,false
3,4,Erin,6355,i970037251,36,6,false
94,2,Lavender,1546,39614572x0,66,2,false
71,6,Bronze,6823,1954f39408,75,0,false
58,12,Taupe,9769,3608787022,46,6,false
24,8,Rose,5093,f742940428,53,10,false
69,7,Viridian,7387,2417976124,94,3,false
68,19,Pear,1250,508025k074,89,8,false
66,4,Cerulean,3406,391483800x,28,2,false
95,7,Tan,9099,3564614176,32,1,false
82,2,Mauve,9893,2599110y56,79,4,false
90,18,Plum,3595,381776c490,61,9,false
99,18,Pink,8488,9r94531900,50,3,false
14,10,Orange,6621,6436368058,31,7,false
96,9,Gold,4402,3623h79764,92,10,false
17,17,Black,265,0174m35593,51,7,false
62,16,Viridian,4054,2683y39957,76,3,false
40,13,Champagne,4597,814307367y,64,10,false
46,19,Blush,4970,871a595578,31,1,false
4,7,Plum,5730,42181991a7,92,5,false
47,12,Pink,3384,634j604185,22,5,false
21,6,Aquamarine,9791,83p3958596,84,4,false
55,6,Violet,3349,02439259f4,47,0,false
9,2,Gold,6671,0q90634030,83,4,false
29,15,Burgundy,7336,85184g5815,81,10,false
6,12,Beige,3470,236584672v,83,6,false
53,16,Ruby,4211,6109398982,37,5,false
25,19,Orchid,2953,9663q59558,85,7,false
44,15,Azure,1343,s268573136,31,0,false
57,14,White,2402,2611463q90,79,2,false
101,19,Salmon,6647,2716022472,75,8,false
50,11,Blush,98,9098249578,23,8,false
63,10,Ultramarine,8811,1009446b50,99,3,false
48,7,Peach,7920,m774581244,72,8,false
76,6,Cerulean,9629,15117z3068,73,10,false
89,8,Sky,9563,74851v8267,75,4,false
5,17,Sangria,554,0a06270429,92,0,false
36,14,Coral,6261,05259r3204,20,10,false
75,15,Champagne,1334,8589641062,84,4,false
86,3,Cerise,7109,2752817151,30,9,false
52,6,Cerise,9293,5q27257846,45,8,false
83,5,Amber,2941,v199849139,55,8,false
8,7,Cyan,1908,2040359957,29,2,false
54,16,Turquoise,9836,n878193778,66,1,false
10,9,Bronze,4867,9352114381,32,0,false
16,14,Amber,3584,9293673s91,30,8,false
13,5,Pink,8244,9912085941,63,8,false
34,5,Orchid,3915,1322814848,60,9,false
39,9,Violet,7842,83838835a4,60,4,false
85,13,Emerald,3442,55786267o9,49,9,false
43,4,Magenta,1314,8041756887,35,4,false
97,6,Cerise,6115,175g074454,34,9,false
87,3,Cerulean,4624,6324005525,46,6,false
38,11,Sky,9372,5t59772403,62,10,false
100,16,Purple,8826,895523072t,57,10,false
92,6,Taupe,30,9v53216807,96,4,false
93,7,Brown,3286,5941891o24,98,10,false
33,6,Gold,3065,576584y768,91,7,false
64,3,Yellow,5041,7844110m93,49,6,false
79,1,Olive,5680,1579668m58,80,4,false
26,9,Sky,8620,0408429713,92,7,false
19,17,Azure,420,756714x832,77,3,false
73,19,Gold,3267,99447092h7,33,0,false
78,4,Orchid,980,0906898838,48,10,false
70,18,Turquoise,5434,5786772805,82,8,false
11,12,Taupe,6863,5739389w20,74,1,false
61,7,Sky,7181,k770527053,20,0,false
81,5,Sapphire,2306,747011013k,52,7,false
60,11,Byzantium,6942,9637313405,67,10,false
22,13,Rose,4067,5262361813,92,1,false
42,10,Erin,8485,309872l354,40,9,false
72,15,Puce,9776,699e903652,96,9,false
18,18,Chocolate,7665,6565221547,79,10,false
35,10,Ivory,1185,5901541258,64,8,false
91,2,Coral,1404,084f014588,44,10,false
2,5,Violet,3438,378967271e,27,4,false
15,19,Carmine,3035,7213078344,47,7,false
67,3,Fuchsia,727,61h7792764,100,10,false
56,1,Gold,9055,k480535281,59,10,false
51,10,Teal,1307,k060382655,33,7,false
