sku_id,product_id,name,number,barcode,target_quantity,alert_threshold,deleted
94,7,Amaranth,3348,5049z02934,41,9,false
53,10,Jade,7080,7p98106004,59,0,false
54,6,Sangria,4473,4591644807,78,9,false
47,18,Indigo,8983,257592i327,77,2,false
61,11,Apricot,2829,272177986b,46,1,false
80,13,Red,2344,49621e1814,89,7,false
83,20,Blush,4680,963n467728,58,0,false
67,5,Taupe,9712,66436922g6,76,10,false
16,8,Red,738,08328o1975,67,4,false
100,16,Bronze,8040,501697462h,28,9,false
49,11,Cerise,548,9202v74836,36,10,false
26,6,Raspberry,4107,6776995464,79,0,false
55,18,Sky,4742,05649s1668,91,9,false
17,9,Aquamarine,2735,9222961120,32,3,false
90,8,Coral,3407,32690125f9,42,4,false
79,1,Gold,837,0807610499,24,4,false
36,3,Bronze,5572,20l4623596,69,8,false
68,15,Burgundy,4740,5v20237973,76,0,false
37,9,Taupe,8010,1780k59895,36,2,false
71,15,Mauve,1324,2216p61947,37,4,false
46,4,Azure,1801,4589913433,54,3,false
1,17,Emerald,2174,6351347659,42,0,false
82,16,Burgundy,4317,n199316649,51,5,false
35,6,Viridian,9634,85008557z5,58,8,false
57,9,Lime,6977,7499740334,33,4,false
98,15,Gray,2959,7044497712,51,6,false
28,5,Sangria,4970,904064l311,66,7,false
12,4,Cerulean,6581,927w837875,57,6,false
87,18,Champagne,8884,2725h93066,33,4,false
8,12,Coffee,3001,521740594c,51,1,false
21,3,Indigo,2439,u900770509,83,4,false
60,6,Red,192,404259s710,93,2,false
63,10,Mauve,3057,4152676p37,52,6,false
77,19,Beige,5291,9374921928,76,2,false
69,13,Amber,2479,8777308270,60,10,false
32,17,Fuchsia,4148,63l9531497,99,6,false
34,18,Jade,4939,o035640763,92,3,false
76,2,Red,3898,2866083313,41,8,false
89,11,Harlequin,4289,9s07262219,93,8,false
78,10,Amber,5102,192872k313,77,9,false
38,2,Olive,1780,6833991854,92,1,false
62,12,Burgundy,3593,29376165l7,22,7,false
19,10,Violet,8348,2228627023,94,1,false
42,6,Carmine,5463,3314711347,25,2,false
15,14,Burgundy,3972,4562748d01,42,1,false
14,9,Crimson,9337,8361t20022,23,10,false
7,18,Orchid,183,9n82374307,43,6,false
31,5,Amethyst,1844,r419041898,75,4,false
93,8,Teal,2275,46a8182685,42,2,false
50,14,Sangria,1433,1634840m76,58,0,false
70,1,Copper,6846,505b224260,49,5,false
51,15,Peach,4539,619460w878,51,0,false
52,5,Scarlet,339,4108477892,24,8,false
29,2,Violet,8169,8005z77109,97,6,false
3,16,Magenta,8764,12682h4884,78,8,false
20,13,Puce,4676,26125y3806,42,0,false
81,2,Violet,7076,517668907n,55,1,false
86,4,Indigo,581,7521173145,32,0,false
24,16,Green,3394,8228628789,67,4,false
99,2,Bronze,5991,486438528u,62,8,false
88,15,Bronze,3534,6132500989,94,10,false
59,11,Lemon,6514,178336x589,39,7,false
101,8,Azure,6941,7468802644,27,7,false
66,9,Olive,5870,z616359172,73,5,false
22,9,Beige,6678,4809392j47,26,6,false
5,11,Scarlet,5901,d367491711,29,4,false
43,7,Coral,1081,128067482w,56,1,false
58,1,Red,1144,4101766w96,28,1,false
74,4,Black,1593,11394f0953,99,2,false
92,12,Erin,1327,5269165135,97,0,false
40,15,Bronze,9570,o367984581,84,0,false
65,7,Emerald,7210,66477270d3,83,3,false
18,1,Teal,6502,319366595w,75,10,false
64,20,Copper,7147,167190w052,25,8,false
48,5,Copper,2266,02265337z2,24,10,false
41,9,Turquoise,4538,r890365211,88,1,false
73,12,Indigo,190,480995735i,46,5,false
85,10,Champagne,6118,787314g156,97,9,false
39,6,Teal,5321,5156225m28,71,5,false
91,4,Cerulean,5019,540l978234,42,10,false
96,6,Orange,9612,5982301526,44,2,false
75,16,Cyan,9993,9880312455,79,3,false
2,4,Coffee,547,805365o489,79,6,false
84,16,Bronze,300,09168e1291,87,2,false
44,11,Sky,858,354290295t,73,0,false
97,7,Black,2079,49117429m6,31,9,false
45,15,Green,5399,2m08743267,94,4,false
27,12,Blush,5732,423189p720,93,4,false
23,16,Teal,3555,889692424f,65,7,false
72,10,Yellow,8325,852129g047,45,1,false
95,2,Pink,9905,9362214t46,37,0,false
25,1,Jade,3420,713731o514,64,6,false
11,11,White,9874,5907244850,24,5,false
6,9,Taupe,9565,8h63709204,36,5,false
13,18,Puce,4127,r604328460,61,1,false
33,9,Fuchsia,9818,1713048496,63,8,false
4,15,Crimson,3497,323769c290,81,9,false
56,1,Silver,7324,v874399342,94,6,false
9,1,Tan,6357,55528q9268,98,6,false
30,18,Salmon,7790,4860j90951,28,10,false
