sku_id,location_id,quantity,price,cost,vendor,expiration_date,stock_type,deleted
1,1,4,26.75,12.61,Hoeger-Grimes,,,false
2,1,2,41.16,5.44,"Bahringer, Deckow and Skiles",,,false
3,1,10,23.29,2.97,Bayer Group,,,false
4,1,5,34.16,3.34,"Gibson, Rau and Stark",,,false
5,1,10,49.72,1.16,Pfeffer-Robel,,,false
6,1,5,41.39,14.68,"Brekke, O'Connell and Dickinson",,,false
7,1,4,44.95,5.24,Turcotte-Franecki,,,false
8,1,9,46.91,3.3,Durgan Group,,,false
9,1,1,44.82,1.45,"Okuneva, Konopelski and Terry",,,false
10,1,2,23.86,2.28,Goodwin Group,,,false
11,1,6,30.09,14.8,Bednar and Sons,,,false
12,1,10,29.38,12.17,Jast LLC,,,false
13,1,9,42.3,12.0,Huels and Sons,,,false
14,1,7,44.14,3.58,"Lynch, Hackett and Stamm",,,false
15,1,5,38.08,1.14,Runte LLC,,,false
16,1,10,19.92,6.32,O'Keefe LLC,,,false
17,1,8,31.33,13.03,Tromp-Botsford,,,false
18,1,10,19.28,10.35,Abshire and Sons,,,false
19,1,1,25.9,5.78,"Luettgen, Durgan and Rosenbaum",,,false
20,1,8,30.8,1.28,Roberts and Sons,,,false
21,1,4,24.22,9.42,Hoppe-Ratke,,,false
22,1,6,49.51,13.18,Nader Inc,,,false
23,1,9,19.13,2.5,Ferry and Sons,,,false
24,1,8,49.52,11.43,Hettinger Inc,,,false
25,1,9,38.33,7.1,Senger-Toy,,,false
26,1,9,26.73,11.46,Stehr Inc,,,false
27,1,1,48.74,5.7,Lueilwitz LLC,,,false
28,1,9,17.31,7.69,"Gulgowski, Collins and Ullrich",,,false
29,1,7,45.3,11.31,Predovic and Sons,,,false
30,1,3,27.09,14.15,Kertzmann-Hettinger,,,false
31,1,0,40.75,12.66,"Hermiston, Skiles and McGlynn",,,false
32,1,6,36.66,7.18,Bartell-Gleichner,,,false
33,1,10,15.19,5.37,Conroy Inc,,,false
34,1,9,16.58,8.83,"Koch, Wehner and Skiles",,,false
35,1,0,33.59,3.45,Kassulke and Sons,,,false
36,1,7,29.21,6.54,"Reichert, Mayert and Waelchi",,,false
37,1,6,19.84,12.21,Ziemann LLC,,,false
38,1,5,24.85,5.99,Runte-Kuphal,,,false
39,1,6,26.95,13.01,"Wisoky, Rau and Metz",,,false
40,1,0,41.47,9.42,Rice-Hickle,,,false
41,1,9,17.1,3.63,Rutherford-Sauer,,,false
42,1,9,35.14,11.45,Gibson and Sons,,,false
43,1,8,25.65,11.37,Bernhard Inc,,,false
44,1,2,47.37,12.93,"Hegmann, Kulas and Hilll",,,false
45,1,10,29.26,8.06,Runolfsson-Orn,,,false
46,1,7,39.1,10.59,Steuber Inc,,,false
47,1,3,40.54,2.24,"Ferry, Dicki and Dibbert",,,false
48,1,5,22.96,2.45,"Jakubowski, Schamberger and Wiegand",,,false
49,1,5,19.27,6.22,"Williamson, Erdman and Shanahan",,,false
50,1,9,42.69,9.16,Carroll-Swift,,,false
51,1,3,47.86,7.98,Nitzsche Group,,,false
52,1,9,32.94,2.93,Kub Group,,,false
53,1,10,45.65,1.7,"Turner, Heidenreich and Ziemann",,,false
54,1,3,18.09,12.96,"Ebert, Terry and Kertzmann",,,false
55,1,1,36.47,6.73,Rutherford LLC,,,false
56,1,0,24.87,3.1,Nitzsche Group,,,false
57,1,3,34.84,4.24,"Russel, Grant and Fay",,,false
58,1,2,25.55,11.47,"Haag, Lynch and Crona",,,false
59,1,4,43.02,8.79,Bode Inc,,,false
60,1,9,49.1,1.75,Connelly and Sons,,,false
61,1,1,43.37,7.85,Robel Inc,,,false
62,1,7,25.79,9.98,Boyer Inc,,,false
63,1,9,36.29,5.39,"Kuphal, Willms and Kertzmann",,,false
64,1,3,44.52,8.65,Hilpert-Erdman,,,false
65,1,9,34.7,5.57,Lesch-Leannon,,,false
66,1,0,45.95,3.45,"Kuhn, Nikolaus and Langosh",,,false
67,1,5,37.7,14.46,Hamill-Kub,,,false
68,1,8,48.93,7.46,"Grimes, Hintz and Gerhold",,,false
69,1,9,18.92,6.0,Heller-Pfannerstill,,,false
70,1,0,19.63,14.85,"Hilpert, Rowe and Douglas",,,false
71,1,2,40.71,1.93,Zemlak-Quigley,,,false
72,1,8,26.2,10.25,Stark-Daniel,,,false
73,1,2,22.27,12.09,"Barton, Jaskolski and Emmerich",,,false
74,1,2,26.08,3.26,Morar Inc,,,false
75,1,3,25.07,11.02,Will-Howe,,,false
76,1,6,44.02,13.22,Hilpert-White,,,false
77,1,4,24.06,7.36,Watsica-Lowe,,,false
78,1,4,26.62,9.15,Dach Inc,,,false
79,1,7,27.19,12.71,Bailey LLC,,,false
80,1,4,21.3,13.97,Denesik and Sons,,,false
81,1,4,19.74,11.36,Adams-Heathcote,,,false
82,1,4,49.76,6.44,O'Kon-Fritsch,,,false
83,1,9,31.2,4.87,Will and Sons,,,false
84,1,5,26.7,7.13,"Hills, Toy and Hahn",,,false
85,1,1,34.49,8.66,Brakus-Wisozk,,,false
86,1,4,36.42,5.78,"Jaskolski, Wolf and Nader",,,false
87,1,3,29.72,3.31,Buckridge-Romaguera,,,false
88,1,4,47.11,11.74,"Corwin, Schmitt and Marvin",,,false
89,1,3,40.83,9.46,Denesik-Greenfelder,,,false
90,1,3,36.8,3.28,Bosco-O'Connell,,,false
91,1,4,32.9,5.25,"Powlowski, Mraz and Quigley",,,false
92,1,2,20.07,6.56,Ankunding and Sons,,,false
93,1,8,38.44,13.32,Cassin-Runte,,,false
94,1,9,19.25,12.63,Nicolas-Kihn,,,false
95,1,6,28.47,2.12,"Heidenreich, Denesik and Christiansen",,,false
96,1,4,39.24,8.81,Swaniawski-Upton,,,false
97,1,7,41.54,8.92,"Dare, Brakus and Kiehn",,,false
98,1,8,38.42,5.99,"Collins, Pollich and Gerlach",,,false
99,1,8,24.19,5.29,Kshlerin Inc,,,false
100,1,6,29.39,3.36,Mante LLC,,,false
101,1,6,48.12,14.86,"Goodwin, Murray and Bauch",,,false
1,2,2,29.05,4.86,Heaney-Williamson,,,false
2,2,5,45.25,2.51,"Reichert, Donnelly and Wilkinson",,,false
3,2,8,33.92,9.84,"Walker, Stiedemann and Hirthe",,,false
4,2,2,42.26,2.81,Jacobs-Bednar,,,false
5,2,10,20.46,3.27,"Jacobs, Balistreri and Pollich",,,false
6,2,10,47.56,11.49,Stokes and Sons,,,false
7,2,3,26.66,10.92,"Medhurst, Gislason and Nitzsche",,,false
8,2,9,35.87,3.44,"Hermiston, Murphy and Rosenbaum",,,false
9,2,3,47.6,9.46,Will Inc,,,false
10,2,6,33.89,11.27,Streich and Sons,,,false
11,2,5,40.79,8.47,Murray-Zulauf,,,false
12,2,3,18.83,2.0,Sauer-Upton,,,false
13,2,10,24.02,14.72,"Jacobson, Wisozk and Goyette",,,false
14,2,3,42.11,6.85,Shields-Daugherty,,,false
15,2,3,47.12,6.6,Fay-Senger,,,false
16,2,7,31.9,1.34,Schiller-Graham,,,false
17,2,7,27.25,1.12,Parker-Hessel,,,false
18,2,8,37.83,1.93,Ortiz-Pouros,,,false
19,2,8,34.5,4.64,"Bashirian, Altenwerth and Lockman",,,false
20,2,0,42.88,10.62,Rippin-Hegmann,,,false
21,2,9,24.19,5.15,"Terry, Hettinger and Jerde",,,false
22,2,8,44.31,6.31,Maggio-Grant,,,false
23,2,8,17.36,4.05,"Stamm, Hudson and Hermiston",,,false
24,2,3,38.3,8.71,"Brekke, McLaughlin and Morissette",,,false
25,2,7,17.47,9.2,Williamson LLC,,,false
26,2,7,19.72,3.43,Gottlieb-Powlowski,,,false
27,2,0,39.83,2.11,"Cronin, Romaguera and Boyle",,,false
28,2,2,36.97,5.93,Nader-Wintheiser,,,false
29,2,2,31.58,1.58,"Howe, Hickle and Metz",,,false
30,2,6,25.7,14.42,Mosciski-McClure,,,false
31,2,7,32.2,10.72,"Ritchie, Rodriguez and Emard",,,false
32,2,5,17.63,14.86,"Reichel, Kshlerin and Cartwright",,,false
33,2,8,29.76,11.23,Jones-Rodriguez,,,false
34,2,6,24.11,10.67,"Kovacek, Thompson and Kunze",,,false
35,2,6,35.16,10.43,"Thiel, Auer and Hayes",,,false
36,2,0,16.91,11.12,Beatty Group,,,false
37,2,5,30.73,4.7,McClure-Skiles,,,false
38,2,6,24.42,8.24,"Wehner, Schoen and Carroll",,,false
39,2,1,32.07,7.52,Turner-Hessel,,,false
40,2,1,38.64,9.4,Connelly LLC,,,false
41,2,10,32.72,1.45,Pfannerstill-Satterfield,,,false
42,2,9,19.21,3.33,"Schuppe, Armstrong and Gutmann",,,false
43,2,5,34.93,14.79,O'Keefe-Torp,,,false
44,2,1,40.63,3.62,Christiansen-McCullough,,,false
45,2,3,39.24,13.99,Greenfelder and Sons,,,false
46,2,10,46.74,1.95,Haley Inc,,,false
47,2,4,43.67,14.47,Stracke-Nader,,,false
96,3,6,32.57,13.33,Schoen-Weber,,,false
48,2,9,40.43,6.73,"Hodkiewicz, Klein and Ratke",,,false
49,2,10,41.1,7.62,Thompson-Weissnat,,,false
50,2,6,46.53,3.53,Ryan Inc,,,false
51,2,7,44.47,14.33,Nader-Kilback,,,false
52,2,1,19.95,10.31,Marks-Beahan,,,false
53,2,10,42.82,7.34,"Hansen, Wilkinson and Koepp",,,false
54,2,5,39.49,9.89,Parker-Crist,,,false
55,2,2,17.74,11.19,Feest-Will,,,false
56,2,1,46.75,12.86,"Blanda, Dickens and Haag",,,false
57,2,9,36.27,8.82,"Denesik, Schmeler and Dietrich",,,false
58,2,6,15.34,5.97,Quigley-Buckridge,,,false
59,2,7,36.29,3.12,Lind-Kessler,,,false
60,2,3,45.12,3.05,Schultz LLC,,,false
61,2,10,30.57,8.58,Dicki-Gutkowski,,,false
62,2,6,48.37,4.27,Boyle-Kris,,,false
63,2,8,15.95,1.5,Cartwright-Funk,,,false
64,2,10,22.21,3.29,Bernier-Kuphal,,,false
65,2,1,28.92,11.42,Hackett-Predovic,,,false
66,2,2,36.29,5.02,"O'Kon, Frami and Conn",,,false
67,2,3,41.17,12.01,Flatley-West,,,false
68,2,9,28.43,13.66,Labadie-Wuckert,,,false
69,2,6,16.05,5.98,Batz and Sons,,,false
70,2,10,31.07,1.45,Wolff-Beier,,,false
71,2,5,19.75,14.7,Kub-Tromp,,,false
72,2,0,43.63,1.26,Ferry-Windler,,,false
73,2,0,25.65,6.66,"Reichert, Schimmel and Cassin",,,false
74,2,8,49.77,11.7,"Purdy, Goldner and Brakus",,,false
75,2,0,37.26,6.61,Ratke Group,,,false
76,2,7,44.06,6.83,"Boehm, Batz and Bauch",,,false
77,2,1,37.26,9.89,"Carroll, Sporer and Connelly",,,false
78,2,10,18.6,2.47,"Haag, Wisozk and Marks",,,false
79,2,6,19.45,14.71,Blick and Sons,,,false
80,2,5,46.74,1.82,Leannon LLC,,,false
81,2,7,34.51,2.44,Torphy-Lakin,,,false
82,2,5,49.28,8.83,"Pfannerstill, Rolfson and Kuhn",,,false
83,2,9,40.76,5.02,Grady-Lesch,,,false
84,2,6,38.11,5.45,Hagenes-Hoeger,,,false
85,2,0,42.88,3.01,Konopelski-Rohan,,,false
86,2,9,28.6,5.57,Kling-Monahan,,,false
87,2,10,28.07,2.03,"Corwin, Mitchell and Reichert",,,false
88,2,7,39.69,5.22,"Sporer, Dooley and Turner",,,false
89,2,2,42.87,1.15,Kiehn-McGlynn,,,false
90,2,7,21.95,9.92,Koelpin Group,,,false
91,2,4,23.82,8.13,Bosco and Sons,,,false
92,2,9,46.73,3.04,Rippin and Sons,,,false
93,2,10,46.54,12.67,Schowalter-Zemlak,,,false
94,2,8,20.15,11.71,Pacocha-Kub,,,false
95,2,8,20.0,9.91,Larson-Crona,,,false
96,2,4,37.49,6.24,Murray and Sons,,,false
97,2,10,23.08,2.14,"Swaniawski, Baumbach and Gerhold",,,false
98,2,10,36.0,8.27,"Hirthe, Feest and Borer",,,false
99,2,8,28.76,7.52,Bruen-Fahey,,,false
100,2,8,28.39,2.79,"Lueilwitz, Barton and Goldner",,,false
101,2,10,48.17,11.92,O'Reilly-Miller,,,false
1,3,3,18.59,4.96,Keebler Inc,,,false
2,3,2,20.95,8.07,Nicolas-Kerluke,,,false
3,3,6,26.44,9.76,Kling-Hermann,,,false
4,3,1,43.0,13.96,Prosacco-Towne,,,false
5,3,3,29.91,3.34,"Littel, Senger and Emmerich",,,false
6,3,6,22.64,14.5,Bernier-Lockman,,,false
7,3,1,46.09,12.56,Casper-Hegmann,,,false
8,3,1,41.64,1.11,"Fahey, Smitham and Upton",,,false
9,3,9,25.8,9.75,Barrows-Altenwerth,,,false
10,3,9,34.24,3.68,"Weber, Skiles and Schimmel",,,false
11,3,4,15.79,4.15,"Kuhic, Leffler and Glover",,,false
12,3,8,31.4,13.35,Gibson LLC,,,false
13,3,5,42.98,1.11,Muller LLC,,,false
14,3,6,43.83,10.33,"Dicki, West and Huel",,,false
15,3,9,33.94,7.36,"Bruen, Runte and Wiegand",,,false
16,3,9,34.19,1.43,Gulgowski and Sons,,,false
17,3,2,45.54,11.82,"Hansen, Bins and Renner",,,false
18,3,6,33.46,10.5,Rempel LLC,,,false
19,3,5,20.08,3.23,"Erdman, Hammes and Murazik",,,false
20,3,4,43.27,4.53,"Kohler, Hessel and Purdy",,,false
21,3,9,36.98,13.3,"Gleason, Simonis and Fisher",,,false
22,3,6,24.13,9.95,Lesch-Krajcik,,,false
23,3,4,29.81,2.48,Howell-Bechtelar,,,false
24,3,8,15.01,8.35,Langosh LLC,,,false
25,3,7,17.41,6.02,Hand Group,,,false
26,3,6,35.28,5.02,Swift Group,,,false
27,3,3,16.77,9.72,"Reilly, Roob and Marvin",,,false
28,3,5,16.86,9.77,Schmidt-White,,,false
29,3,6,35.68,14.13,"Marvin, Wolff and Konopelski",,,false
30,3,3,43.66,9.22,"Kuphal, Schmeler and Rutherford",,,false
31,3,6,41.3,10.51,Smitham-Grady,,,false
32,3,10,49.35,2.5,Johnston Group,,,false
33,3,10,25.57,7.7,Koss-Blick,,,false
34,3,4,29.33,3.59,Yundt-Doyle,,,false
35,3,10,33.74,11.35,Ernser and Sons,,,false
36,3,1,38.28,12.7,Schaden LLC,,,false
37,3,5,32.74,1.29,Crooks-Ziemann,,,false
38,3,10,25.28,14.65,Herman LLC,,,false
39,3,4,45.9,6.09,"Hane, Ruecker and Gutkowski",,,false
40,3,6,22.28,9.06,Brakus Group,,,false
41,3,1,22.94,2.38,Ruecker-Pollich,,,false
42,3,5,18.6,1.49,Auer-Stamm,,,false
43,3,4,25.24,14.57,"D'Amore, Ortiz and Harber",,,false
44,3,3,33.85,11.4,Muller-Kilback,,,false
45,3,3,27.11,1.6,"Schneider, Borer and Goldner",,,false
46,3,8,32.75,5.97,Borer Group,,,false
47,3,7,38.52,14.92,Tromp-Ryan,,,false
48,3,0,25.5,14.66,Green LLC,,,false
49,3,4,32.45,6.94,"Leannon, Langosh and Langosh",,,false
50,3,3,34.4,9.72,Lind Group,,,false
51,3,5,20.19,1.91,Crona Inc,,,false
52,3,9,35.96,5.73,Barrows Inc,,,false
53,3,6,33.0,12.77,"Brekke, Ebert and Konopelski",,,false
54,3,5,29.07,4.99,Schumm-Morar,,,false
55,3,10,25.11,1.56,"Gaylord, McCullough and Herman",,,false
56,3,7,36.17,5.44,Kihn Group,,,false
57,3,1,18.87,4.9,"Schuppe, Lebsack and Sporer",,,false
58,3,9,34.02,11.45,Runte Group,,,false
59,3,8,47.05,3.48,Beier Inc,,,false
60,3,6,44.28,11.22,Ryan-White,,,false
61,3,1,24.13,4.44,"Dare, Cartwright and Bins",,,false
62,3,7,42.84,13.92,"Senger, Oberbrunner and Wisozk",,,false
63,3,7,38.77,12.05,Cummerata and Sons,,,false
64,3,10,42.45,11.04,Hand Inc,,,false
65,3,5,38.17,10.46,"Kuhn, Collier and Buckridge",,,false
66,3,10,23.06,10.52,Spinka-Raynor,,,false
67,3,7,37.26,9.12,Koepp LLC,,,false
68,3,5,43.49,4.9,"Little, Barton and Jerde",,,false
69,3,10,30.21,9.79,"Hettinger, King and Nolan",,,false
70,3,8,45.88,2.02,Macejkovic and Sons,,,false
71,3,7,20.69,1.78,Schultz Group,,,false
72,3,5,15.81,10.8,Reynolds-Bernier,,,false
73,3,7,23.19,10.97,Hane-Zieme,,,false
74,3,7,35.51,9.23,Kirlin and Sons,,,false
75,3,0,20.89,2.85,Schowalter-Kulas,,,false
76,3,9,31.44,1.8,Witting and Sons,,,false
77,3,5,49.31,12.31,Balistreri-Durgan,,,false
78,3,10,38.81,5.36,"Kovacek, Graham and Corwin",,,false
79,3,9,21.53,7.23,"Rosenbaum, Roob and Goldner",,,false
80,3,9,33.72,9.84,"Feeney, Johnston and Friesen",,,false
81,3,1,39.48,6.35,Hermiston Inc,,,false
82,3,0,20.28,13.06,"Cremin, Heidenreich and Raynor",,,false
83,3,9,15.3,2.55,"Schmitt, Labadie and O'Kon",,,false
84,3,6,34.15,12.42,Tromp Inc,,,false
85,3,8,19.98,3.21,"DuBuque, Gibson and Nolan",,,false
86,3,10,45.76,11.3,"Kris, Quitzon and Sipes",,,false
87,3,1,15.23,6.45,Turcotte-Olson,,,false
88,3,2,37.87,6.96,Quigley-Mann,,,false
89,3,5,34.12,4.29,"Orn, Okuneva and Williamson",,,false
90,3,3,43.93,1.81,"Zemlak, Kiehn and Beatty",,,false
91,3,7,28.16,8.26,"Schamberger, Brekke and Reynolds",,,false
92,3,2,33.96,13.34,Hodkiewicz Inc,,,false
93,3,4,21.59,7.74,Gottlieb-Gottlieb,,,false
94,3,9,21.98,14.41,Wisoky Inc,,,false
95,3,6,49.59,14.49,Hintz LLC,,,false
97,3,2,48.73,10.4,"Harber, Morissette and Johnson",,,false
98,3,2,32.65,11.39,Mraz LLC,,,false
99,3,10,31.15,2.27,"Osinski, Kozey and Christiansen",,,false
100,3,1,27.46,14.74,"Paucek, Waters and Bernier",,,false
101,3,6,22.41,2.08,Bogisich-Conn,,,false
