product_id,name,brand,category,vendor,description,visible_to_clients,commissionable,discontinued,discontinued_reasons,alternative_product_ids,deleted
5,Heavy Duty Aluminum Lamp,Polonium,Home,"Zemlak, Purdy and Kub","",true,true,false,,,false
7,Lightweight Concrete Coat,Uranium,Kids,Zieme LLC,Voluptatibus ut alias.,true,true,false,,,false
13,Rustic Plastic Hat,Zirconium,Games,Graham-Oberbrunner,Rerum cumque asperiores.,true,true,false,,,false
18,Awesome Wool Shirt,Curium,Movies,"Barton, Strosin and Hansen",A magni qui.,true,true,false,,,false
10,Sleek Rubber Bench,Strontium,Sports,Mayert-Kerluke,In fugit voluptatem.,true,true,false,,,false
11,Sleek Bronze Car,Yttrium,Jewelry,Schneider and Sons,"",true,true,false,,,false
8,Small Cotton Keyboard,Sodium,Health,"Friesen, Bailey and Bode",Laborum quas placeat.,true,true,false,,,false
19,Ergonomic Linen Chair,Iron,Industrial,Zemlak-Quitzon,Velit assumenda molestiae.,true,false,false,,,false
17,Heavy Duty Granite Keyboard,Hydrogen,Baby,Oberbrunner-Towne,Ea delectus saepe.,true,true,false,,,false
2,Awesome Granite Keyboard,Potassium,Home,"Kuhlman, Murphy and Stehr",Quia qui cumque.,true,true,false,,,false
4,Small Wool Chair,Cerium,Computers,Bauch Group,"",true,true,false,,,false
20,Rustic Concrete Plate,Tellurium,Sports,"Hane, Homenick and Hodkiewicz","",true,true,false,,,false
1,Awesome Linen Table,Thallium,Games,"Mitchell, Botsford and Dickinson","",true,true,false,,,false
12,Awesome Linen Pants,Nobelium,Jewelry,"Champlin, Bradtke and Auer",Blanditiis numquam ad.,true,true,false,,,false
9,Sleek Aluminum Chair,Cesium,Baby,Koepp-Mraz,Numquam libero ea.,true,true,false,,,false
16,Incredible Silk Coat,Einsteinium,Games,Klein Inc,"",true,true,false,,,false
3,Gorgeous Wooden Bag,Terbium,Health,"Cormier, Haag and Borer",A itaque molestiae.,true,true,false,,,false
14,Intelligent Wool Wallet,Iodine,Movies,Hilpert-Crona,Porro beatae ipsa.,true,true,false,,,false
15,Rustic Cotton Hat,Manganese,Baby,Feil-Kuhn,Occaecati qui pariatur.,true,true,false,,,false
6,Lightweight Silk Lamp,Einsteinium,Garden,Gorczany LLC,"",true,true,false,,,false
