product_id,name,brand,category,vendor,description,visible_to_clients,commissionable,discontinued,discontinued_reasons,alternative_product_ids,deleted
16,Aerodynamic Linen Plate,Platinum,Home,Watsica-Marquardt,"",true,true,false,,,false
15,Heavy Duty Plastic Bag,Molybdenum,Tools,"Brown, Feil and Aufderhar","",false,true,false,,,false
9,Intelligent Cotton Bottle,Iron,Sports,Kunze-Harber,"",true,true,false,,,false
7,Mediocre Steel Gloves,Nihonium,Outdoors,Gutkowski-Kshlerin,Accusantium sed repellendus.,true,true,false,,,false
3,Sleek Plastic Computer,Americium,Outdoors,Prohaska-D'Amore,"",true,true,false,,,false
17,Awesome Marble Hat,Lutetium,Garden,Gorczany Inc,Tenetur et perferendis.,true,true,false,,,false
2,Gorgeous Aluminum Wallet,Darmstadtium,Beauty,Flatley and Sons,"",true,true,false,,,false
1,Durable Bronze Chair,Promethium,Outdoors,"Orn, Marks and Koelpin","",true,true,false,,,false
6,Awesome Rubber Plate,Antimony,Sports,Bradtke-Hoppe,Ab ea aperiam.,false,true,false,,,false
5,Small Silk Bench,Iodine,Garden,Bashirian and Sons,"",true,true,false,,,false
19,Awesome Rubber Plate,Fluorine,Jewelry,Leffler-Torp,Quae qui tempora.,true,true,false,,,false
20,Enormous Granite Chair,Barium,Automotive,"Hintz, McDermott and Haley",Minus praesentium reiciendis.,true,true,false,,,false
4,Heavy Duty Aluminum Shirt,Selenium,Music,Bruen-Abernathy,"",false,false,false,,,false
14,Sleek Paper Computer,Actinium,Clothing,Nienow Inc,"",false,true,false,,,false
18,Aerodynamic Steel Table,Silver,Outdoors,Gaylord-Rau,Ipsam enim exercitationem.,true,true,false,,,false
12,Enormous Wooden Chair,Bohrium,Movies,Maggio LLC,"",false,true,false,,,false
13,Enormous Wooden Lamp,Berkelium,Home,"Kulas, Rice and Simonis","",true,true,false,,,false
10,Synergistic Marble Watch,Selenium,Sports,Wiegand-Bayer,Eum debitis et.,true,true,false,,,false
8,Enormous Paper Hat,Boron,Music,"Morissette, Renner and Rippin",Et saepe minima.,true,false,false,,,false
11,Lightweight Silk Shoes,Mercury,Books,"Gaylord, Murazik and Schmidt","",true,true,false,,,false
