product_id,name,brand,category,vendor,description,visible_to_clients,commissionable,discontinued,discontinued_reasons,alternative_product_ids,deleted
8,Small Silk Watch,Tennessine,Tools,"Nader, Osinski and O'Conner","",true,true,false,,,false
17,Rustic Linen Hat,Antimony,Baby,Walter Inc,"",true,true,false,,,false
16,Durable Steel Chair,Dubnium,Sports,Koelpin-Corwin,Facere veniam incidunt.,true,false,false,,,false
5,Incredible Cotton Knife,Niobium,Shoes,"Ullrich, Smith and Haag","",true,true,false,,,false
6,Durable Steel Car,Americium,Industrial,"Cummerata, Champlin and Hackett","",true,true,false,,,false
12,Lightweight Linen Lamp,Thorium,Shoes,"Kerluke, Zulauf and Pfeffer","",false,true,false,,,false
7,Sleek Copper Gloves,Fluorine,Toys,"Conn, Johns and Rohan","",true,true,false,,,false
1,Durable Bronze Chair,Neodymium,Beauty,"Williamson, Bahringer and Stoltenberg","",true,true,false,,,false
14,Small Aluminum Hat,Gallium,Computers,"Kessler, Hane and Cremin","",true,true,false,,,false
10,Small Steel Plate,Holmium,Outdoors,Bailey Group,Autem quam est.,true,true,false,,,false
2,Small Wool Table,Hafnium,Books,"Waters, Jacobs and Grant","",true,true,false,,,false
3,Synergistic Iron Plate,Silver,Baby,Friesen Inc,"",false,true,false,,,false
15,Lightweight Iron Table,Germanium,Industrial,Marquardt-Grant,Voluptas eum odio.,true,true,false,,,false
9,Synergistic Bronze Pants,Gadolinium,Shoes,Tromp LLC,Dignissimos perspiciatis ducimus.,true,true,false,,,false
20,Incredible Wool Pants,Barium,Movies,"Zboncak, Howell and Pfannerstill",Porro dolore qui.,true,true,false,,,false
4,Small Marble Wallet,Gallium,Industrial,Dicki-Abshire,Temporibus quo voluptatem.,true,true,false,,,false
18,Small Aluminum Plate,Gallium,Kids,Runolfsdottir LLC,Consequatur ea facere.,true,false,false,,,false
13,Rustic Iron Bottle,Phosphorus,Baby,Oberbrunner and Sons,Voluptas dolore est.,true,true,false,,,false
11,Lightweight Cotton Bag,Sodium,Health,Schuppe-Schiller,"",true,true,false,,,false
19,Aerodynamic Cotton Coat,Polonium,Music,Moore-Steuber,Architecto omnis aut.,true,true,false,,,false
