sku_id,product_id,name,number,barcode,target_quantity,alert_threshold,deleted
15,14,Peach,7472,6460283477,84,5,false
38,8,Gold,1072,309974t440,65,1,false
5,14,Amber,5367,786106m179,66,3,false
83,9,Emerald,9764,5115531916,93,3,false
58,14,Green,2324,76v9808847,61,7,false
75,4,Green,9384,3496128863,78,9,false
57,16,Puce,4689,0846510465,61,6,false
79,13,Burgundy,5611,4u63561589,100,1,false
78,14,Ultramarine,2819,5399432506,66,5,false
60,6,Red,2499,9622682462,31,0,false
101,3,Indigo,470,3488832302,99,8,false
22,16,Yellow,2352,670k814075,90,9,false
24,5,Red,2989,94674717m3,63,9,false
66,5,Sapphire,3876,7e50946097,48,6,false
30,6,Blue,4219,529x753119,79,0,false
9,16,Red,439,5769933836,59,9,false
36,1,Cerise,1389,2022732192,96,6,false
81,17,Harlequin,7640,34116j5452,95,9,false
76,1,White,8458,4581t25987,34,5,false
70,17,Blush,1684,3037866051,63,2,false
77,17,Cyan,3236,69808w6575,73,6,false
42,18,Pink,1131,6142774079,75,10,false
7,3,Yellow,5022,79g3333445,27,2,false
39,2,Blue,9429,871736969c,83,5,false
95,16,Plum,164,699674b513,48,10,false
93,18,Coffee,4834,238084z219,27,5,false
90,14,Sangria,2066,119a579563,94,5,false
20,2,Coffee,4955,266790760c,64,2,false
65,4,Purple,3244,6705p75963,74,0,false
100,10,Magenta,8105,030483l462,48,10,false
54,5,Erin,6865,p269591759,100,2,false
26,14,Turquoise,322,41073w0729,26,9,false
61,4,Azure,884,8635682s03,53,8,false
10,2,Magenta,5232,919757606c,54,5,false
50,19,Yellow,171,129296279t,28,4,false
11,3,Coral,8080,66772l5718,50,8,false
88,4,Mauve,5388,5845316509,96,9,false
74,3,Silver,914,4348761554,74,7,false
91,5,Ivory,2961,84761642i1,30,4,false
87,1,Ruby,5939,1244m05110,80,8,false
6,8,Taupe,9785,42049573u7,24,8,false
48,7,Crimson,7889,70z4269242,54,2,false
94,9,Maroon,7332,88827z7752,53,9,false
44,8,Blush,3881,8700i01467,92,8,false
86,2,Turquoise,466,1551949130,46,9,false
43,19,Raspberry,5823,4748k71741,94,1,false
69,9,Fuchsia,2423,225990s852,100,2,false
40,19,Grey,7925,3557t79922,55,9,false
51,10,Cyan,4843,252747d797,94,1,false
84,6,Purple,8794,30038891k1,74,6,false
3,7,Magenta,1477,a400678214,53,3,false
32,12,Scarlet,2724,368738i170,46,1,false
8,15,Plum,5468,85616o9388,73,10,false
19,4,Azure,3460,4263808645,90,1,false
25,15,Red,9338,32299963z8,51,6,false
16,18,Copper,2580,2088974775,36,6,false
67,20,Viridian,510,70069169o4,83,8,false
1,4,Lime,8060,1731732579,61,9,false
12,12,Harlequin,3284,36685m8335,26,3,false
97,11,Lime,3520,2b06366720,91,7,false
56,8,Beige,2925,2102u66166,85,5,false
31,5,Carmine,3212,7157839056,37,8,false
72,7,Periwinkle,9972,2v95588986,67,1,false
98,5,Sapphire,5294,70241q3808,23,4,false
68,15,Turquoise,9094,468t222925,49,10,false
99,8,Lilac,6927,6551m55656,68,2,false
80,16,Puce,6425,4291797409,92,8,false
27,17,Apricot,1300,4921692404,75,0,false
18,14,Viridian,4748,7703h06728,70,6,false
41,17,Coffee,4357,4560675543,54,9,false
37,5,Purple,3971,3894i96538,52,2,false
89,6,Aquamarine,5283,44q7691645,100,4,false
47,14,Scarlet,5821,912697428s,34,2,false
59,6,Olive,1182,8851z84681,28,3,false
62,4,Champagne,449,o753080781,24,6,false
33,15,Sangria,4848,0510985394,86,10,false
85,14,Rose,9440,21a8854797,85,7,false
2,2,Emerald,1289,52116r1168,80,7,false
64,17,Teal,3122,010704900n,93,9,false
73,15,Maroon,8829,068840547i,90,5,false
4,18,Rose,8691,b926336113,76,2,false
82,5,Sapphire,560,7z25266547,43,9,false
13,2,Violet,1487,458754c843,53,8,false
45,17,Sapphire,9138,336171818r,100,5,false
14,19,Taupe,414,37o1930505,93,5,false
53,4,Olive,5391,1999u32934,20,1,false
23,6,Pear,7207,589614k994,21,9,false
29,8,Turquoise,1499,1944519559,57,3,false
35,20,Carmine,3534,366s976408,81,7,false
71,13,Indigo,4683,2945893822,60,9,false
52,10,Crimson,8144,688000p997,92,9,false
92,2,Tan,6379,3515895471,93,9,false
34,8,Maroon,6179,99829177a7,30,5,false
63,16,Green,7304,9419h09928,37,9,false
96,10,Sky,5755,6760779963,24,5,false
17,5,Magenta,9534,55n1648045,65,6,false
28,11,Cyan,3379,138369953v,54,6,false
46,3,Indigo,4945,4891846086,28,4,false
55,1,Turquoise,5858,9107652780,92,9,false
49,12,Emerald,5007,p933577660,90,4,false
