sku_id,product_id,name,number,barcode,target_quantity,alert_threshold,deleted
31,3,Violet,8020,4882066d65,61,1,false
20,4,Erin,5230,11335276i1,60,5,false
17,14,Champagne,1385,6084668182,54,4,false
67,14,Periwinkle,1478,8599302790,91,3,false
53,13,Raspberry,408,76030j0914,40,7,false
5,5,Cerulean,2249,4953707456,30,2,false
64,9,Cyan,5919,67643c5928,71,5,false
2,10,Green,7307,u007402139,38,7,false
58,9,White,5524,970741h522,56,2,false
30,5,Mauve,3022,7767w83483,61,10,false
71,11,Scarlet,9092,021537119g,50,0,false
65,19,Erin,6132,648929s455,98,5,false
35,9,Mauve,9898,2208309f72,88,8,false
44,8,Carmine,6720,98854960c2,80,7,false
96,13,Turquoise,9035,57126336o8,78,6,false
93,12,Puce,6936,518283156t,52,0,false
47,7,Mauve,327,784q520345,76,5,false
34,17,Lavender,8081,5759270861,51,10,false
98,8,Red,3605,4986095909,43,1,false
73,20,Lime,5213,1291e09046,85,7,false
57,9,Burgundy,4757,515738782r,28,9,false
27,8,Olive,674,r578001678,23,0,false
46,19,Purple,4214,156z987134,34,3,false
12,2,Magenta,4931,54682251p9,64,9,false
41,11,Lime,7382,9073230719,49,3,false
51,11,Lavender,7,61435e4513,32,0,false
36,17,Gold,6453,344193g786,22,4,false
50,20,Copper,3880,u514649914,22,5,false
94,18,Black,3913,7626522412,75,4,false
83,4,Magenta,7670,23527l5118,65,8,false
77,20,Amaranth,577,79z6586431,38,6,false
14,7,Aquamarine,5249,78634218x5,21,5,false
61,6,Carmine,5207,2976561725,72,7,false
84,6,Crimson,1384,52g3787141,98,7,false
74,14,Yellow,3824,0085799683,65,7,false
76,17,Black,5196,7w25211092,92,2,false
11,10,Violet,8382,286011t547,66,1,false
32,19,Lavender,3469,l548373536,98,7,false
60,6,Raspberry,970,h811636845,64,4,false
6,15,Purple,9183,495o999753,75,7,false
25,9,Rose,1635,939n609179,50,2,false
15,3,Ochre,5802,9735384961,96,10,false
91,19,Scarlet,525,3642736186,27,2,false
100,20,Harlequin,438,0075930g19,31,0,false
99,13,Carmine,3425,55t6025078,21,5,false
4,13,Byzantium,5004,797t945570,46,1,false
10,9,Ochre,3778,7787224199,57,5,false
19,7,Plum,4371,057297156w,38,7,false
55,13,White,629,79f7851909,54,1,false
7,7,Silver,9779,45878960l1,68,6,false
1,12,Apricot,5241,956080e947,100,4,false
88,11,Lime,6323,620102y539,99,9,false
13,8,Tan,8532,14036391w9,60,1,false
89,18,Purple,4525,5132967248,82,4,false
43,8,Emerald,7813,58674222j2,64,1,false
95,9,Orchid,5047,5901b48667,27,8,false
9,7,Coral,676,01589g4126,94,1,false
18,5,Rose,5811,7t43853039,96,0,false
80,6,Purple,8151,2162950017,59,8,false
33,20,Viridian,1749,k281276760,41,7,false
48,7,Erin,4880,u994399290,48,8,false
28,15,Emerald,6753,7158209374,37,0,false
45,1,Bronze,4839,94408t4502,51,3,false
62,18,Orchid,3908,4994726648,38,4,false
38,6,White,7278,231y919281,84,2,false
86,7,Raspberry,6631,5665s58405,43,4,false
3,19,White,8981,4855581206,51,6,false
101,14,Ultramarine,4312,6o75288750,35,3,false
21,13,Maroon,5122,849731u006,46,1,false
87,14,Taupe,6863,182325235v,77,4,false
26,7,Cerulean,824,1061291394,73,3,false
23,1,Jade,2866,734z626952,54,9,false
37,5,Maroon,3313,2705710165,21,8,false
85,12,Azure,5173,89h5175052,85,7,false
78,8,Aquamarine,8372,806b090607,72,8,false
29,12,Sapphire,2374,99649r4711,47,3,false
49,19,Beige,23,749h085001,77,10,false
69,9,Ivory,4577,701s402036,50,0,false
66,5,Ruby,1130,1035p36054,31,0,false
82,7,Green,8042,1450468715,23,3,false
68,14,Lavender,1686,8835276034,51,10,false
81,8,Coffee,7729,94988346f8,84,1,false
42,15,Pink,4323,598419746s,56,9,false
56,11,Periwinkle,2242,1635981672,23,8,false
75,3,Cerulean,7057,145698836b,54,7,false
70,14,Ultramarine,1675,5958444038,69,6,false
54,19,Pear,748,31255l8484,66,10,false
52,16,Ochre,2970,4595351965,97,3,false
79,10,Cerulean,9764,9279n43911,46,3,false
40,18,Viridian,289,8739n27571,25,7,false
16,20,Salmon,2847,6737v85757,47,2,false
90,7,Orchid,4161,8205059672,64,9,false
59,10,Raspberry,1849,8467221093,92,7,false
22,18,Byzantium,9257,8880105742,20,5,false
24,2,Amber,4048,66210z7674,38,0,false
63,10,Lemon,1147,362j238248,42,5,false
92,7,Copper,6957,8444p78382,75,6,false
72,3,Fuchsia,5623,19987o7628,74,4,false
97,20,Grey,1287,527913b097,31,9,false
39,9,Salmon,9364,606100x216,20,8,false
