sku_id,location_id,quantity,price,cost,vendor,expiration_date,stock_type,deleted
1,1,3,39.53,1.78,"Schmeler, Orn and Runte",,,false
2,1,4,20.68,10.72,Balistreri LLC,,,false
3,1,7,45.48,11.91,Marquardt-Lebsack,,,false
4,1,6,40.46,2.63,Anderson-Wilkinson,,,false
5,1,8,46.53,9.13,"Kihn, Armstrong and Morar",,,false
6,1,3,41.39,1.93,"Goldner, Kulas and Leffler",,,false
7,1,1,48.34,11.75,Kuhic-Dooley,,,false
8,1,1,40.0,14.99,Schultz-Ullrich,,,false
9,1,10,41.22,3.27,Greenfelder and Sons,,,false
10,1,5,18.65,11.95,Zboncak-Lynch,,,false
11,1,2,43.63,11.1,Lynch Group,,,false
12,1,10,27.84,14.44,Tromp Group,,,false
13,1,7,44.22,5.44,Balistreri Group,,,false
14,1,10,26.16,13.57,Mann Inc,,,false
15,1,6,33.07,10.13,"Willms, Will and Schmeler",,,false
16,1,1,46.19,3.65,Bauch-Hahn,,,false
17,1,2,22.3,6.27,Osinski-Homenick,,,false
18,1,6,19.8,12.52,Lubowitz-Dare,,,false
19,1,10,33.92,11.55,Daugherty LLC,,,false
20,1,1,36.6,10.28,Johnson-Brown,,,false
21,1,5,22.78,6.02,"Rath, Veum and Volkman",,,false
22,1,1,28.42,3.56,"O'Connell, Lehner and Orn",,,false
23,1,8,37.59,5.24,"Stanton, Gulgowski and Dooley",,,false
24,1,9,47.82,1.03,Schiller LLC,,,false
25,1,0,30.21,4.45,"Schneider, Greenfelder and Mills",,,false
26,1,10,24.69,13.91,"Feil, Lynch and Jacobi",,,false
27,1,9,35.1,1.29,McClure-Torp,,,false
28,1,3,45.63,10.52,"Purdy, Schinner and Lindgren",,,false
29,1,8,19.97,13.33,"Erdman, Kihn and Becker",,,false
30,1,1,32.87,13.14,Runolfsson Inc,,,false
31,1,2,44.57,7.93,Huel-Jacobi,,,false
32,1,10,22.36,13.7,Pfannerstill and Sons,,,false
33,1,2,26.0,14.8,Hessel-Rodriguez,,,false
34,1,0,16.72,12.56,"Haag, Kling and Frami",,,false
35,1,4,40.52,10.48,McLaughlin-Spinka,,,false
36,1,7,46.05,14.49,Ullrich-Hayes,,,false
37,1,10,40.36,3.72,Runte and Sons,,,false
38,1,4,36.67,11.63,"McLaughlin, Romaguera and Goyette",,,false
39,1,3,17.58,8.32,"Graham, Bernier and Sipes",,,false
40,1,6,24.4,4.53,Mohr-Denesik,,,false
41,1,0,19.63,10.1,Mosciski Group,,,false
42,1,10,23.01,8.85,"Spencer, Purdy and Carroll",,,false
43,1,3,41.13,6.05,Parker and Sons,,,false
44,1,0,17.99,5.88,"Hyatt, Howe and Rodriguez",,,false
45,1,0,49.08,6.29,Reichert LLC,,,false
46,1,7,48.6,7.74,"Green, Krajcik and Rodriguez",,,false
47,1,10,35.05,4.8,Mueller-Schneider,,,false
48,1,2,17.58,8.18,Will-VonRueden,,,false
49,1,0,27.9,5.84,Armstrong Inc,,,false
50,1,7,32.01,8.22,"Lynch, Bauch and Osinski",,,false
51,1,3,47.53,4.25,"Heidenreich, Langworth and Hahn",,,false
52,1,1,32.41,9.8,"Morar, Schaden and Champlin",,,false
53,1,1,42.21,4.33,Strosin-Konopelski,,,false
54,1,6,38.47,5.66,Davis-Stark,,,false
55,1,6,45.87,5.93,Adams Inc,,,false
56,1,6,44.87,6.54,Runolfsdottir-Carter,,,false
57,1,5,20.43,9.52,"Purdy, Bailey and Abbott",,,false
58,1,4,19.26,10.77,"Kilback, Bayer and Effertz",,,false
59,1,3,41.8,4.26,King-Smith,,,false
60,1,5,38.31,5.66,Dietrich and Sons,,,false
61,1,7,21.85,6.8,Shanahan-Franecki,,,false
62,1,3,37.54,5.7,Pfannerstill LLC,,,false
63,1,7,21.78,6.47,"VonRueden, Weber and Bechtelar",,,false
64,1,7,38.0,11.17,"Jakubowski, Lindgren and McGlynn",,,false
65,1,5,31.01,5.76,O'Keefe Inc,,,false
66,1,7,46.62,12.21,Keeling-Mayer,,,false
67,1,10,42.77,10.87,Heidenreich and Sons,,,false
68,1,0,30.01,9.0,"Schuster, Mitchell and Hermiston",,,false
69,1,1,33.7,5.56,"Lind, Pollich and Johnston",,,false
70,1,2,44.18,8.78,Crist LLC,,,false
71,1,1,49.63,8.17,Donnelly-Kuhn,,,false
72,1,4,39.98,14.84,"Maggio, Jenkins and Keeling",,,false
73,1,0,28.4,12.2,Runolfsson-Sanford,,,false
74,1,5,38.43,10.26,Little and Sons,,,false
75,1,5,33.79,11.77,"Mills, Keebler and Dicki",,,false
76,1,3,45.04,5.19,Strosin-Morissette,,,false
77,1,6,49.23,5.74,Schinner-Auer,,,false
78,1,10,35.46,9.5,"O'Keefe, Sipes and Becker",,,false
79,1,6,25.43,8.36,Maggio and Sons,,,false
80,1,8,33.12,11.01,"Mitchell, Schultz and Flatley",,,false
81,1,6,47.69,5.64,Legros-Cormier,,,false
82,1,5,15.79,10.39,Gulgowski Group,,,false
83,1,3,15.91,3.76,Labadie-Larson,,,false
84,1,3,24.2,6.16,Leannon-Larkin,,,false
85,1,4,31.04,11.56,Wilkinson-Towne,,,false
86,1,9,48.98,1.32,Howe Inc,,,false
87,1,6,32.05,14.58,Kutch-Kuhlman,,,false
88,1,2,40.29,11.4,Schmidt-Harris,,,false
89,1,4,29.54,4.27,Rolfson LLC,,,false
90,1,7,48.35,6.26,Satterfield-Paucek,,,false
91,1,7,17.71,3.27,Bechtelar-Keebler,,,false
92,1,1,17.09,3.19,"Wisoky, Lockman and Bartoletti",,,false
93,1,6,37.82,1.6,Weber Group,,,false
94,1,3,44.58,13.1,"Senger, Streich and Batz",,,false
95,1,10,29.13,9.52,Hermiston LLC,,,false
96,1,7,24.97,7.66,Considine LLC,,,false
97,1,6,45.45,9.5,"Ondricka, Effertz and Littel",,,false
98,1,0,46.72,6.06,Schroeder-Osinski,,,false
99,1,4,16.43,5.61,Hansen-Cummings,,,false
100,1,4,45.31,3.64,Keebler Group,,,false
101,1,10,27.82,7.84,"Wisozk, Lockman and Walter",,,false
1,2,4,36.93,6.71,"Cole, Feeney and Wyman",,,false
2,2,6,34.23,13.93,"Kunde, Daniel and Schroeder",,,false
3,2,4,26.33,13.92,Harris-Barton,,,false
4,2,0,37.89,7.18,Schultz-Lesch,,,false
5,2,6,39.22,9.9,"Volkman, Thompson and Kling",,,false
6,2,0,30.41,2.66,Medhurst-Walsh,,,false
7,2,1,34.5,9.29,Lemke-Gerhold,,,false
8,2,6,27.85,14.14,Turner-Howell,,,false
9,2,0,39.99,10.82,Cremin-Braun,,,false
10,2,4,24.44,14.27,"Hilpert, Haag and Miller",,,false
11,2,4,26.09,11.96,O'Reilly-Stokes,,,false
12,2,1,41.94,14.04,Waters-Balistreri,,,false
13,2,1,28.51,14.32,Turcotte Inc,,,false
14,2,1,46.39,6.74,Kub-Boehm,,,false
15,2,5,21.07,10.24,Little Inc,,,false
16,2,3,40.02,6.61,Glover-Wintheiser,,,false
17,2,5,20.62,11.61,"Bogisich, Wilkinson and Mills",,,false
18,2,7,44.93,10.61,Donnelly Inc,,,false
19,2,1,41.84,4.44,Kiehn LLC,,,false
20,2,8,41.4,9.85,Hills-Hintz,,,false
21,2,8,25.23,12.55,Nader-Gusikowski,,,false
22,2,0,33.27,13.14,"Williamson, Pagac and Orn",,,false
23,2,3,42.61,2.6,Pacocha LLC,,,false
24,2,1,23.69,2.97,Runte-Schuppe,,,false
25,2,1,44.77,3.42,Halvorson LLC,,,false
26,2,5,23.5,2.82,Kirlin and Sons,,,false
27,2,1,26.1,9.52,Altenwerth Inc,,,false
28,2,3,40.43,6.56,Morissette-Reinger,,,false
29,2,10,45.69,6.03,Ondricka-Rogahn,,,false
30,2,10,15.52,10.34,Batz-Kub,,,false
31,2,1,21.54,1.51,Luettgen LLC,,,false
32,2,2,27.51,10.82,Murazik-Murazik,,,false
33,2,2,18.76,3.58,Muller-Pouros,,,false
34,2,10,37.68,3.34,Dooley Group,,,false
35,2,1,41.01,3.49,Farrell Inc,,,false
36,2,3,46.62,7.5,"Reynolds, Labadie and Hilll",,,false
37,2,8,42.89,2.97,Pollich-Shields,,,false
38,2,0,42.89,9.98,Stokes-Nolan,,,false
39,2,1,23.39,12.95,Schmidt-Nitzsche,,,false
40,2,9,29.76,4.39,"Nicolas, Borer and Lakin",,,false
41,2,1,26.67,12.99,Lang-Schulist,,,false
42,2,0,19.64,2.62,"Tillman, Jerde and Conroy",,,false
43,2,3,22.57,7.65,Boyle-Funk,,,false
44,2,3,40.83,9.81,Bahringer-Morissette,,,false
45,2,6,38.46,9.92,Lowe-Robel,,,false
46,2,0,32.57,7.55,Zieme Inc,,,false
47,2,2,20.32,2.62,"Raynor, Trantow and Goodwin",,,false
48,2,2,37.2,1.86,Mraz-Parisian,,,false
49,2,4,30.38,5.29,Koelpin Group,,,false
50,2,1,48.47,14.49,"Hahn, Bashirian and Schmitt",,,false
51,2,7,34.63,10.54,Hayes-Wisoky,,,false
52,2,8,47.19,5.25,"Farrell, Huels and Wintheiser",,,false
53,2,10,22.75,7.39,Sanford Inc,,,false
54,2,8,21.38,2.74,"Ortiz, Walter and Powlowski",,,false
55,2,0,43.9,12.14,Ankunding and Sons,,,false
56,2,4,47.8,2.14,King and Sons,,,false
57,2,8,38.86,8.67,Osinski Inc,,,false
58,2,9,41.9,14.64,"Williamson, Jacobs and Bogan",,,false
59,2,2,47.0,13.07,"Turcotte, Mosciski and Pouros",,,false
60,2,9,43.31,12.49,Ratke LLC,,,false
61,2,1,44.71,1.41,Armstrong-Hettinger,,,false
62,2,0,37.31,7.36,Bahringer-Moore,,,false
63,2,9,28.52,8.79,"Sipes, VonRueden and Boehm",,,false
64,2,4,39.46,3.26,Bauch-Green,,,false
65,2,3,25.62,12.77,Walter Group,,,false
66,2,4,30.28,3.81,"Cartwright, Romaguera and Funk",,,false
67,2,4,15.23,8.67,Borer Inc,,,false
68,2,3,28.08,6.27,Turner-Bernier,,,false
69,2,8,19.99,7.59,Hermann Group,,,false
70,2,10,35.02,5.16,"Blanda, Corwin and Stanton",,,false
71,2,5,49.06,13.92,Bode-Little,,,false
72,2,6,47.1,3.0,Raynor LLC,,,false
73,2,1,28.87,14.57,"Toy, Hegmann and Brown",,,false
74,2,8,29.7,14.44,Fadel Inc,,,false
75,2,1,29.39,1.61,"Krajcik, Lindgren and Sanford",,,false
76,2,6,48.24,14.68,"Walter, Gerlach and Becker",,,false
77,2,5,42.79,6.13,"Kozey, Gleason and Swaniawski",,,false
78,2,5,30.68,8.86,"Ullrich, Morissette and Bauch",,,false
79,2,9,21.15,3.19,Davis LLC,,,false
80,2,6,27.6,3.65,Satterfield-Morar,,,false
81,2,0,39.99,4.16,"Stiedemann, Champlin and Stanton",,,false
82,2,9,22.19,4.52,Mosciski Inc,,,false
83,2,8,42.79,9.1,"Wiegand, Dare and Herman",,,false
84,2,2,44.89,8.29,Stoltenberg-Schinner,,,false
85,2,8,29.45,11.15,"Rice, McCullough and Buckridge",,,false
86,2,2,49.69,9.27,"Little, Franecki and Homenick",,,false
87,2,2,25.54,6.93,"Boyer, Russel and Waters",,,false
88,2,5,18.42,1.52,"Turcotte, Rempel and Quigley",,,false
89,2,6,18.48,1.08,Haley LLC,,,false
90,2,9,37.3,5.41,Powlowski and Sons,,,false
91,2,9,23.57,3.59,Herman-Christiansen,,,false
92,2,7,38.24,9.59,Marquardt and Sons,,,false
93,2,6,37.7,3.3,McKenzie Inc,,,false
94,2,8,22.5,3.43,Jerde and Sons,,,false
95,2,6,15.71,6.5,"Olson, Marks and Renner",,,false
96,2,10,30.35,10.31,Yost-Lemke,,,false
97,2,10,25.36,5.72,White Inc,,,false
98,2,2,48.46,8.49,Murray-Gutkowski,,,false
99,2,5,40.01,12.21,Beatty-Rice,,,false
100,2,4,42.98,12.08,"Goldner, Haley and Reilly",,,false
101,2,0,40.53,7.25,Turner Inc,,,false
1,3,0,45.74,11.68,Koepp Inc,,,false
2,3,1,22.7,4.54,McKenzie-O'Kon,,,false
3,3,4,21.21,8.33,Grady Inc,,,false
4,3,8,15.54,5.65,Upton Group,,,false
5,3,8,40.32,6.91,"Jenkins, Botsford and Steuber",,,false
6,3,2,42.98,4.83,"Orn, Walker and Wintheiser",,,false
7,3,10,36.13,14.29,Bogan-Bogisich,,,false
8,3,5,34.97,1.69,Blanda LLC,,,false
9,3,1,16.55,1.03,Feil-Williamson,,,false
10,3,5,47.33,5.71,Mueller and Sons,,,false
11,3,10,41.13,9.44,Conroy Inc,,,false
12,3,5,29.26,8.33,Wisozk-Harris,,,false
13,3,7,33.6,13.01,"Harber, Hermiston and Hilpert",,,false
14,3,5,32.68,11.42,West LLC,,,false
15,3,2,24.62,4.79,VonRueden-O'Keefe,,,false
16,3,6,36.29,13.8,Towne-Schamberger,,,false
17,3,2,39.16,14.0,Deckow LLC,,,false
18,3,2,47.42,6.47,Willms Inc,,,false
19,3,8,38.45,11.21,"Mayert, Mante and Ritchie",,,false
20,3,0,36.21,5.2,Bradtke LLC,,,false
21,3,9,24.79,14.82,Moore-Boehm,,,false
22,3,6,45.73,12.1,"Mante, Armstrong and Ziemann",,,false
23,3,10,41.04,14.87,"Hackett, Turcotte and Simonis",,,false
24,3,5,44.95,5.84,"Crooks, Hamill and Kuhn",,,false
25,3,6,43.3,2.9,"Tromp, Tillman and Boyer",,,false
26,3,5,40.12,8.45,Ernser LLC,,,false
27,3,6,26.12,8.83,"Zboncak, Beer and Renner",,,false
28,3,9,20.87,10.9,"Torphy, Howe and Davis",,,false
29,3,8,37.97,11.08,Rowe-Lehner,,,false
30,3,7,22.13,10.18,Muller and Sons,,,false
31,3,1,43.24,6.01,Rosenbaum-Quigley,,,false
32,3,6,48.08,8.75,"Cronin, Schulist and Goodwin",,,false
33,3,3,19.39,2.51,Cruickshank and Sons,,,false
34,3,4,35.49,8.29,Jacobs and Sons,,,false
35,3,6,27.79,6.38,Baumbach and Sons,,,false
36,3,2,21.39,6.9,"Leannon, Haley and Runolfsson",,,false
37,3,5,34.75,9.72,Powlowski and Sons,,,false
38,3,7,28.61,10.58,"Marks, Thiel and Feest",,,false
39,3,10,22.34,3.74,Hansen-Larkin,,,false
40,3,6,17.6,7.2,"Bernhard, Hilpert and Hackett",,,false
41,3,1,44.55,2.15,Hammes and Sons,,,false
42,3,5,39.42,5.7,"Buckridge, Beatty and Dibbert",,,false
43,3,3,21.04,7.0,"Kuvalis, Gottlieb and Casper",,,false
44,3,10,46.04,1.16,"Casper, Turner and Reynolds",,,false
45,3,5,47.89,8.36,Reinger LLC,,,false
46,3,5,37.36,9.69,Trantow-O'Hara,,,false
47,3,5,19.42,12.67,Moen-Baumbach,,,false
48,3,9,15.36,5.61,"Hudson, Runte and Homenick",,,false
49,3,1,17.8,8.9,"Spinka, Ferry and Torphy",,,false
50,3,0,41.35,10.55,Gorczany Group,,,false
51,3,4,44.76,13.58,Hudson LLC,,,false
52,3,10,21.15,12.6,Bergstrom-Konopelski,,,false
53,3,6,35.12,10.07,Towne-Thiel,,,false
54,3,8,16.49,14.35,Hegmann-Erdman,,,false
55,3,6,27.65,6.3,"O'Hara, Gorczany and Lowe",,,false
56,3,7,47.34,14.62,Larkin-Greenfelder,,,false
57,3,10,27.26,8.15,Witting Group,,,false
58,3,1,30.45,14.89,Kunde Inc,,,false
59,3,1,16.36,6.09,"Witting, Paucek and Wunsch",,,false
60,3,9,37.37,14.37,Strosin-Towne,,,false
61,3,4,32.46,12.45,Buckridge and Sons,,,false
62,3,4,23.16,1.72,"Pollich, Stehr and Beatty",,,false
63,3,10,36.43,10.22,"O'Keefe, Torp and McLaughlin",,,false
64,3,1,37.29,2.78,"Kutch, Hodkiewicz and Kunze",,,false
65,3,0,16.21,6.68,"Kutch, Kuhic and Kub",,,false
66,3,10,31.39,12.5,"Bednar, Moen and Lynch",,,false
67,3,10,22.58,4.65,Jakubowski LLC,,,false
68,3,0,31.68,11.13,"Batz, Hansen and Keebler",,,false
69,3,7,35.28,9.75,Davis-Cummings,,,false
70,3,4,36.31,3.87,"Abbott, Torp and Harris",,,false
71,3,10,16.77,6.47,"Hilpert, Gutkowski and O'Connell",,,false
72,3,0,21.39,1.52,Torphy Inc,,,false
73,3,8,17.45,11.98,"Veum, Grant and Haley",,,false
74,3,0,34.52,8.79,"Becker, Yundt and Waelchi",,,false
75,3,6,20.29,10.76,Beier Group,,,false
76,3,10,26.22,13.46,Murray Inc,,,false
77,3,5,42.5,3.13,Pfannerstill-Nolan,,,false
78,3,4,40.3,2.39,"Volkman, King and Erdman",,,false
79,3,4,46.47,7.39,Kulas LLC,,,false
80,3,2,31.18,6.89,Tromp Inc,,,false
81,3,9,20.98,14.77,"Fisher, Schumm and Koelpin",,,false
82,3,6,29.83,4.23,Senger and Sons,,,false
83,3,4,28.94,14.72,Abbott Group,,,false
84,3,4,44.33,6.42,"Barrows, Gleason and Toy",,,false
85,3,2,27.56,7.69,"Langosh, Lockman and Dickens",,,false
86,3,7,21.46,12.88,Rice-Wyman,,,false
87,3,9,37.04,13.65,"Schulist, Schamberger and Ruecker",,,false
88,3,4,49.05,9.5,"Brekke, Schuppe and Schmeler",,,false
89,3,4,34.06,12.24,Kunze-Mohr,,,false
90,3,6,22.96,8.3,Koch Group,,,false
91,3,4,48.44,3.87,Ward-Hagenes,,,false
92,3,9,19.58,13.62,Ernser and Sons,,,false
93,3,8,43.16,10.9,Morissette and Sons,,,false
94,3,6,15.46,5.69,"Crona, Lebsack and Reilly",,,false
95,3,0,41.42,9.26,Lebsack-Hegmann,,,false
96,3,9,20.28,10.29,"Walsh, Crona and Russel",,,false
97,3,8,21.64,6.5,"Weissnat, Beahan and Runolfsson",,,false
98,3,0,40.78,11.96,Stracke Group,,,false
99,3,6,31.57,11.99,Williamson-Conn,,,false
100,3,3,37.54,12.49,Haley LLC,,,false
101,3,5,40.12,7.24,Rempel-Conn,,,false
