sku_id,location_id,quantity,price,cost,vendor,expiration_date,stock_type,deleted
1,1,8,45.69,8.44,"Schamberger, Kautzer and Kilback",,,false
2,1,6,17.21,9.43,Lubowitz-Kerluke,,,false
3,1,9,46.03,6.13,Bruen Inc,,,false
4,1,5,26.06,9.2,Emmerich Inc,,,false
5,1,2,37.25,9.29,Hansen Group,,,false
6,1,0,33.35,14.27,Lakin LLC,,,false
7,1,8,35.89,11.36,Jacobson-Schumm,,,false
8,1,1,30.34,13.18,Dibbert-Greenfelder,,,false
9,1,9,37.83,10.61,Schmitt-Donnelly,,,false
10,1,1,46.72,12.1,"Ortiz, Blick and Bernhard",,,false
11,1,6,38.02,6.01,"Schuppe, Bauch and Durgan",,,false
12,1,2,24.42,4.38,Bailey-Conn,,,false
13,1,2,20.47,3.99,Schowalter and Sons,,,false
14,1,5,18.38,4.72,Steuber-Ryan,,,false
15,1,2,39.36,2.25,Schmitt-Pfannerstill,,,false
16,1,9,17.89,2.16,Ortiz Inc,,,false
17,1,6,36.72,4.67,Haag Inc,,,false
18,1,3,26.73,12.76,Hansen and Sons,,,false
19,1,10,15.1,7.36,Mante Group,,,false
20,1,4,33.2,6.33,"Barrows, Schiller and Olson",,,false
21,1,7,31.32,12.78,Turcotte LLC,,,false
22,1,4,18.81,12.16,Corkery-Jacobi,,,false
23,1,2,42.9,6.84,Fisher-Bartoletti,,,false
24,1,5,22.53,13.56,Quigley Inc,,,false
25,1,5,45.99,7.87,"Quitzon, Gorczany and Morar",,,false
26,1,3,35.21,11.85,"Bogan, Dibbert and Frami",,,false
27,1,2,39.4,6.83,Keeling-Wiza,,,false
28,1,6,46.8,14.16,"Collins, Hammes and Ondricka",,,false
29,1,9,36.21,14.49,Collier LLC,,,false
30,1,5,38.79,6.56,Grimes-Wintheiser,,,false
31,1,4,15.22,13.33,Lueilwitz Group,,,false
32,1,5,45.84,8.66,Mante LLC,,,false
33,1,4,18.27,7.18,Lindgren-Parker,,,false
34,1,1,16.27,4.94,Walker-Paucek,,,false
35,1,1,25.93,13.01,"Mayert, Marvin and Considine",,,false
36,1,10,33.16,12.24,Waelchi-Crona,,,false
37,1,1,25.78,6.66,Lebsack Group,,,false
38,1,9,38.63,5.71,Ratke Group,,,false
39,1,8,47.03,9.6,MacGyver-Yundt,,,false
40,1,0,17.93,11.23,"Marks, Macejkovic and Rowe",,,false
41,1,10,25.37,13.34,"Casper, Orn and Ernser",,,false
42,1,5,34.29,13.8,Graham-Waelchi,,,false
43,1,0,31.09,1.83,Koelpin-Pfannerstill,,,false
44,1,1,40.67,6.47,"Carroll, Hoppe and Hessel",,,false
45,1,3,35.14,11.38,Fritsch and Sons,,,false
46,1,0,47.27,11.8,Prosacco-Beer,,,false
47,1,3,45.65,6.8,Gislason-Hagenes,,,false
48,1,6,22.6,1.32,Bernier Group,,,false
49,1,1,29.78,10.48,"Vandervort, Gorczany and Luettgen",,,false
50,1,2,41.37,14.83,"Aufderhar, Denesik and Kiehn",,,false
51,1,8,29.61,7.31,"Schimmel, Towne and Hilpert",,,false
52,1,6,36.42,11.62,Jacobson-Rosenbaum,,,false
53,1,7,43.74,6.34,Zboncak Group,,,false
54,1,2,46.78,12.34,Rodriguez-Stokes,,,false
55,1,10,24.54,12.94,McDermott Inc,,,false
56,1,2,39.05,1.62,"Crona, Friesen and Powlowski",,,false
57,1,10,44.21,7.19,Reinger-Kub,,,false
58,1,5,35.14,5.43,Crist-Walsh,,,false
59,1,3,26.71,2.55,"Krajcik, Stanton and Douglas",,,false
60,1,0,18.91,13.94,"Cormier, Bartoletti and Tremblay",,,false
61,1,3,20.49,6.08,"Mitchell, Morar and Tillman",,,false
62,1,5,37.29,8.86,"Macejkovic, Ferry and Bogisich",,,false
63,1,7,31.7,9.57,Conroy-Mayert,,,false
64,1,6,38.75,14.06,McDermott-Harvey,,,false
65,1,2,41.29,2.72,"Wisoky, Lehner and Muller",,,false
66,1,9,47.67,10.78,Rosenbaum Inc,,,false
67,1,10,46.79,12.79,Upton and Sons,,,false
68,1,1,37.41,2.16,Heathcote Inc,,,false
69,1,10,41.41,8.42,"Larson, Carter and Hintz",,,false
70,1,10,19.62,9.45,Gorczany LLC,,,false
71,1,0,26.24,14.97,"Beahan, Torp and Gulgowski",,,false
72,1,9,39.77,3.91,Murphy-Jaskolski,,,false
73,1,5,22.74,7.69,Kunze Inc,,,false
74,1,2,26.84,13.45,"Wiegand, Lockman and Heathcote",,,false
49,2,0,33.84,3.49,Wisoky LLC,,,false
75,1,1,44.33,5.99,Hodkiewicz and Sons,,,false
76,1,5,22.14,4.56,Kuphal LLC,,,false
77,1,7,34.81,2.14,Kihn-Ledner,,,false
78,1,1,16.0,9.42,"Hayes, Ledner and Pacocha",,,false
79,1,5,19.02,10.55,Schmidt-Adams,,,false
80,1,8,40.51,6.64,"Muller, Cummerata and Langosh",,,false
81,1,8,41.95,7.29,"Wyman, Beier and Lang",,,false
82,1,2,40.18,13.56,"Shanahan, Langosh and Rohan",,,false
83,1,7,20.74,2.74,"Goyette, Feil and Hirthe",,,false
84,1,9,19.83,6.75,Fisher LLC,,,false
85,1,4,28.16,10.18,Schowalter Group,,,false
86,1,6,40.83,12.92,"Hayes, Harber and Luettgen",,,false
87,1,1,31.71,4.2,Boyer-Tromp,,,false
88,1,6,39.77,4.21,Bednar-Monahan,,,false
89,1,0,33.52,12.55,Dickens and Sons,,,false
90,1,6,19.28,9.07,Armstrong and Sons,,,false
91,1,9,25.18,2.22,Larkin LLC,,,false
92,1,3,29.4,12.33,Lind LLC,,,false
93,1,0,46.67,10.81,Cremin-Abbott,,,false
94,1,7,29.48,10.31,"Larkin, Wilderman and Grady",,,false
95,1,7,33.16,2.3,"Zulauf, Bailey and Schaden",,,false
96,1,8,20.45,7.73,Gutmann-Jacobson,,,false
97,1,2,35.59,2.62,Leannon-Braun,,,false
98,1,8,36.85,5.13,Braun-Nolan,,,false
99,1,4,28.78,2.0,Jaskolski Inc,,,false
100,1,0,20.63,6.49,Wilkinson Inc,,,false
101,1,7,30.8,5.29,Larson Group,,,false
1,2,5,47.41,12.54,"Schulist, Wisoky and Jast",,,false
2,2,2,32.34,14.01,"Beer, Dickens and McKenzie",,,false
3,2,1,30.82,8.42,Kertzmann-Ferry,,,false
4,2,0,38.13,11.15,"Hessel, Hickle and Skiles",,,false
5,2,3,26.47,1.94,Keebler LLC,,,false
6,2,0,22.92,9.05,Balistreri LLC,,,false
7,2,7,46.16,5.69,Kirlin Inc,,,false
8,2,2,46.38,9.16,"Friesen, Wunsch and Stoltenberg",,,false
9,2,1,15.35,4.32,Pfeffer Inc,,,false
10,2,8,35.18,12.3,Zboncak-Quitzon,,,false
11,2,0,21.32,9.71,"Pouros, Kshlerin and Quitzon",,,false
12,2,0,22.82,5.84,McCullough Group,,,false
13,2,9,25.28,5.82,"Roberts, Koch and Hodkiewicz",,,false
14,2,3,39.73,14.93,Barton LLC,,,false
15,2,3,23.98,13.78,Gutkowski-Gutkowski,,,false
16,2,10,27.45,7.61,Hartmann LLC,,,false
17,2,7,45.19,3.26,"Erdman, Kuhic and Ondricka",,,false
18,2,0,24.64,11.53,Borer-Feest,,,false
19,2,5,34.29,5.32,Cormier-Kulas,,,false
20,2,7,18.39,3.47,Predovic LLC,,,false
21,2,4,35.22,7.22,Rohan-Corkery,,,false
22,2,0,28.6,11.66,Predovic-Grant,,,false
23,2,4,35.28,10.76,"Schiller, Bogisich and Koepp",,,false
24,2,4,22.37,9.12,Rippin Inc,,,false
25,2,0,18.6,13.77,Koepp Inc,,,false
26,2,7,32.04,6.77,"Parisian, Moen and Kunze",,,false
27,2,9,29.24,9.32,Kautzer Inc,,,false
28,2,2,16.72,3.53,Bosco LLC,,,false
29,2,8,24.17,13.25,"Fisher, Larkin and Lynch",,,false
30,2,10,35.82,9.58,"Schamberger, Koch and Lebsack",,,false
31,2,0,20.2,6.11,Cassin-Littel,,,false
32,2,6,22.54,12.42,"Bins, Casper and Cassin",,,false
33,2,8,47.7,3.46,D'Amore LLC,,,false
34,2,10,42.11,7.26,Schmidt Inc,,,false
35,2,0,33.75,6.05,McGlynn-Swaniawski,,,false
36,2,7,45.18,10.33,"Huels, Kub and Larson",,,false
37,2,6,44.74,5.0,"Miller, Bechtelar and Schulist",,,false
38,2,5,40.15,2.41,Hackett Group,,,false
39,2,0,34.92,14.45,Will-Marvin,,,false
40,2,2,30.09,12.35,Sawayn-Ebert,,,false
41,2,6,44.22,1.83,Runolfsson and Sons,,,false
42,2,9,45.36,6.3,Hartmann and Sons,,,false
43,2,1,21.48,9.47,Altenwerth-O'Hara,,,false
44,2,8,20.12,1.07,Turcotte-Robel,,,false
45,2,6,16.04,1.82,Conn Inc,,,false
46,2,6,49.21,6.82,"Luettgen, Witting and Ernser",,,false
47,2,7,25.54,1.01,Runolfsson-Thiel,,,false
48,2,10,38.8,8.7,"DuBuque, Adams and Rau",,,false
50,2,2,21.3,4.29,Mitchell LLC,,,false
51,2,0,26.91,10.65,"Little, Langosh and Harvey",,,false
52,2,10,30.7,5.81,"Gulgowski, Murray and Ruecker",,,false
53,2,4,39.55,6.86,Emmerich LLC,,,false
54,2,2,22.01,12.0,Douglas-Brown,,,false
55,2,2,24.02,5.83,"Powlowski, Denesik and Lakin",,,false
56,2,2,21.41,1.79,Heaney and Sons,,,false
57,2,5,34.42,1.15,O'Conner and Sons,,,false
58,2,7,21.56,13.58,Jakubowski Group,,,false
59,2,0,49.83,14.43,Wolf and Sons,,,false
60,2,5,33.28,11.49,Bogisich-Waters,,,false
61,2,4,48.2,1.64,Balistreri Inc,,,false
62,2,9,18.35,9.92,Runolfsdottir Inc,,,false
63,2,2,27.85,2.94,Kuvalis-Pfannerstill,,,false
64,2,8,18.5,5.93,Fadel Group,,,false
65,2,7,41.46,2.62,"Walter, Mante and Murazik",,,false
66,2,4,35.95,5.41,"Dickinson, Koss and Lind",,,false
67,2,10,42.03,10.82,Ruecker LLC,,,false
68,2,7,37.3,10.32,Goyette-Hudson,,,false
69,2,0,23.13,12.08,"Douglas, Kertzmann and Lang",,,false
70,2,3,48.9,6.29,Rath and Sons,,,false
71,2,0,39.86,1.91,Kilback-Stanton,,,false
72,2,9,18.05,10.3,Swift Inc,,,false
73,2,0,32.21,9.67,"Nienow, Hodkiewicz and Goodwin",,,false
74,2,7,19.03,7.4,Adams Group,,,false
75,2,6,45.07,8.93,"Price, Rempel and Mante",,,false
76,2,6,23.98,12.13,Cassin LLC,,,false
77,2,10,47.6,3.98,Fisher-Conn,,,false
78,2,7,42.0,6.73,"Balistreri, Brekke and Fahey",,,false
79,2,5,25.65,12.34,Cummerata-O'Kon,,,false
80,2,7,19.87,2.62,Greenfelder Group,,,false
81,2,8,28.32,13.83,Kris-Graham,,,false
82,2,3,41.12,1.76,Wehner-Ritchie,,,false
83,2,10,23.85,2.28,"Kassulke, Fay and Blick",,,false
84,2,8,42.73,4.36,"Hirthe, Beer and Gleichner",,,false
85,2,1,34.54,12.4,Walter-Bauch,,,false
86,2,7,46.38,6.7,Pfeffer and Sons,,,false
87,2,6,37.88,9.65,West-Strosin,,,false
88,2,5,17.24,8.66,"Rippin, Torp and Ullrich",,,false
89,2,6,27.32,7.6,Johnston-Robel,,,false
90,2,6,35.2,5.37,Legros Inc,,,false
91,2,8,17.43,2.64,Lynch-Russel,,,false
92,2,1,34.55,12.32,McKenzie LLC,,,false
93,2,1,42.43,12.28,"Lehner, Schoen and Ziemann",,,false
94,2,4,44.67,8.71,Torphy-Sawayn,,,false
95,2,5,41.23,1.23,"Marvin, Hyatt and Daniel",,,false
96,2,10,49.25,11.47,"Keeling, Spinka and Windler",,,false
97,2,3,29.36,5.49,Ondricka-Schamberger,,,false
98,2,6,18.46,9.06,Schulist-Torp,,,false
99,2,6,33.4,1.51,Mills-Heaney,,,false
100,2,6,47.0,8.33,Jacobson Inc,,,false
101,2,0,49.03,10.67,Rogahn-MacGyver,,,false
1,3,7,30.2,4.61,Hirthe LLC,,,false
2,3,10,33.06,2.75,Collier-Walker,,,false
3,3,2,49.73,6.21,Wolf-Buckridge,,,false
4,3,6,44.18,7.75,Balistreri Inc,,,false
5,3,7,37.36,6.76,Emard Inc,,,false
6,3,7,46.48,12.43,"Bradtke, Hodkiewicz and Halvorson",,,false
7,3,10,45.14,12.97,Deckow-Hansen,,,false
8,3,1,30.47,9.51,"Skiles, Russel and Price",,,false
9,3,2,30.74,5.92,"Jacobi, Glover and Schultz",,,false
10,3,3,37.81,2.95,Bradtke LLC,,,false
11,3,7,38.97,8.57,"Gulgowski, Dibbert and Hoeger",,,false
12,3,0,38.17,1.01,Stroman Group,,,false
13,3,2,33.75,13.09,Wuckert and Sons,,,false
14,3,10,16.64,14.94,Reynolds-Kassulke,,,false
15,3,9,17.24,3.42,"Botsford, Marvin and O'Kon",,,false
16,3,6,25.05,3.58,Denesik Inc,,,false
17,3,8,16.78,11.26,Howe-Lind,,,false
18,3,0,24.58,11.26,Thiel Group,,,false
19,3,5,45.01,1.7,Toy Inc,,,false
20,3,5,43.66,1.03,"Bartoletti, Lueilwitz and Rippin",,,false
21,3,1,44.48,1.24,Bednar-Dickens,,,false
22,3,9,45.39,10.31,"Quigley, Okuneva and Hickle",,,false
23,3,5,17.87,12.91,Schaden Inc,,,false
24,3,6,24.99,14.72,Kohler Group,,,false
25,3,7,18.93,2.01,"Roob, Schaden and Bosco",,,false
26,3,6,18.02,7.75,Feeney-Marquardt,,,false
27,3,7,42.63,2.78,Schneider Group,,,false
28,3,1,21.43,9.46,Ferry LLC,,,false
29,3,3,39.76,2.71,"Bode, Hartmann and Reilly",,,false
30,3,10,37.05,2.11,Heller-McClure,,,false
31,3,10,15.81,9.03,Stracke LLC,,,false
32,3,2,19.5,10.31,Feeney-Spencer,,,false
33,3,1,24.46,4.19,Altenwerth-Effertz,,,false
34,3,2,49.01,6.1,Ledner-Boyer,,,false
35,3,9,49.69,1.24,Hoeger-Gleichner,,,false
36,3,1,32.65,10.07,Okuneva Inc,,,false
37,3,6,49.1,9.61,Deckow-Reynolds,,,false
38,3,7,43.32,11.68,Bradtke and Sons,,,false
39,3,5,22.1,14.33,"Stanton, Murphy and Kessler",,,false
40,3,9,46.5,1.76,"Hodkiewicz, Schuster and Grant",,,false
41,3,2,19.56,13.15,Kub LLC,,,false
42,3,10,41.91,1.47,"Brown, Harvey and Flatley",,,false
43,3,0,33.98,9.84,Vandervort-Schamberger,,,false
44,3,3,35.84,13.78,Littel-Mitchell,,,false
45,3,9,22.83,9.38,Hintz Inc,,,false
46,3,1,41.87,11.04,Gleichner and Sons,,,false
47,3,4,47.09,3.26,Lehner LLC,,,false
48,3,1,49.76,8.72,Reichert-Krajcik,,,false
49,3,4,22.62,4.02,Morar Inc,,,false
50,3,0,26.76,4.24,"Kshlerin, Nolan and Kuhic",,,false
51,3,8,16.49,12.0,Hettinger-Conn,,,false
52,3,1,35.61,14.32,Kreiger and Sons,,,false
53,3,2,40.44,11.04,"Collier, Gibson and Buckridge",,,false
54,3,4,35.55,12.58,"Hodkiewicz, Abshire and Monahan",,,false
55,3,9,36.23,6.51,"Effertz, Schimmel and Hauck",,,false
56,3,5,40.73,8.95,Hansen and Sons,,,false
57,3,7,43.16,11.56,Shanahan-Cronin,,,false
58,3,7,26.18,1.92,Watsica Group,,,false
59,3,2,20.68,4.0,Dibbert Group,,,false
60,3,0,16.1,3.04,"Turcotte, Yost and Abshire",,,false
61,3,9,41.26,2.33,Veum-Schultz,,,false
62,3,3,22.51,10.28,Leannon Group,,,false
63,3,4,25.88,11.27,Schneider LLC,,,false
64,3,0,45.66,8.39,Mueller and Sons,,,false
65,3,6,23.4,2.27,Batz LLC,,,false
66,3,3,47.83,13.33,Wolf Inc,,,false
67,3,6,42.76,14.38,Pagac Group,,,false
68,3,2,24.69,12.45,Rippin LLC,,,false
69,3,0,24.81,3.69,Quigley Inc,,,false
70,3,6,34.01,12.57,"Denesik, Mante and Lakin",,,false
71,3,6,27.07,3.95,"Reichert, Feeney and Torp",,,false
72,3,4,40.55,9.98,"Herman, Strosin and Padberg",,,false
73,3,5,20.98,10.9,Kub-Hand,,,false
74,3,10,18.84,8.99,Graham Inc,,,false
75,3,1,46.79,9.15,Smitham LLC,,,false
76,3,9,18.89,13.59,Mueller Inc,,,false
77,3,3,33.29,4.86,Quitzon Group,,,false
78,3,8,34.91,10.92,Wilkinson-Lang,,,false
79,3,10,30.41,9.9,Muller-Cremin,,,false
80,3,4,38.13,9.38,Dibbert and Sons,,,false
81,3,5,48.87,1.11,"Torp, Denesik and Bernier",,,false
82,3,1,25.92,13.75,O'Connell-Reichert,,,false
83,3,5,21.11,7.38,"Crona, Marks and Harris",,,false
84,3,2,42.19,1.99,"Durgan, Breitenberg and Stark",,,false
85,3,8,17.59,2.28,Satterfield Inc,,,false
86,3,5,43.32,7.3,Hagenes-Morissette,,,false
87,3,10,20.58,5.82,Mohr and Sons,,,false
88,3,4,28.77,11.43,"Robel, Volkman and Aufderhar",,,false
89,3,7,37.86,6.73,Greenholt Inc,,,false
90,3,10,40.26,3.84,Schowalter-Bergstrom,,,false
91,3,2,23.34,13.23,Gorczany-Lynch,,,false
92,3,2,23.84,12.26,Swift LLC,,,false
93,3,3,29.87,10.25,"Larson, Heaney and Cruickshank",,,false
94,3,4,44.1,9.57,Brekke and Sons,,,false
95,3,9,47.66,2.43,"Deckow, Nader and Weber",,,false
96,3,3,24.5,13.92,Kerluke-Abernathy,,,false
97,3,2,47.7,7.17,"Schaefer, Aufderhar and Stamm",,,false
98,3,7,39.92,9.45,"Kilback, Flatley and Breitenberg",,,false
99,3,0,44.01,9.59,Dickens-Wehner,,,false
100,3,6,43.2,1.74,"Price, Raynor and Hahn",,,false
101,3,4,46.08,5.21,Rohan Inc,,,false
