sku_id,product_id,name,number,barcode,target_quantity,alert_threshold,deleted
24,1,Apricot,5236,24322n0729,45,6,false
14,19,Aquamarine,3306,4746930855,39,10,false
43,3,Orange,3286,e880875194,54,3,false
19,15,Red,8505,5226r69940,50,8,false
7,10,Orange,8626,7914525068,27,2,false
41,14,Fuchsia,7634,8474486039,67,2,false
71,19,Orchid,8246,34n0014460,21,4,false
81,16,Maroon,3075,9523268494,74,4,false
50,20,Salmon,2781,29n8050124,54,4,false
63,10,Amber,1013,16440x7364,45,8,false
86,10,Puce,1213,130453a549,23,8,false
17,17,Indigo,1535,1654014040,85,3,false
8,4,Copper,3754,8079762232,68,2,false
56,4,Byzantium,7860,6s02111465,82,10,false
77,13,Bronze,1545,731432k725,67,2,false
4,6,Lime,778,6399345k14,75,8,false
37,19,Indigo,1312,g815886922,39,2,false
9,13,Bronze,5898,7431159784,43,0,false
29,7,Cerulean,6521,0355715853,40,8,false
3,17,Magenta,5452,7623791789,62,4,false
101,14,Jade,7094,211f139768,24,0,false
93,13,Grey,9528,d269969370,54,3,false
96,19,Pear,3855,5642855275,93,1,false
79,15,Cerulean,5614,149747l369,59,2,false
48,9,Salmon,3574,832869759g,33,1,false
10,12,Aquamarine,2471,917612776k,64,3,false
80,19,Apricot,7883,030312b815,43,1,false
33,13,Ruby,351,74570m3007,34,3,false
72,6,Amber,216,9950374441,26,4,false
28,5,Teal,2095,k566243217,83,10,false
90,9,Amber,399,6886072874,81,2,false
76,9,Teal,6283,956039488d,88,2,false
57,16,Bronze,1618,430746790j,21,10,false
64,12,Scarlet,434,77p1937574,61,6,false
59,8,Black,7560,05033y4735,98,5,false
22,13,Scarlet,9489,79u1339492,92,4,false
89,12,Teal,1024,528087a274,27,4,false
42,18,Green,6347,061130801m,36,1,false
60,5,Scarlet,9907,1590044382,30,8,false
46,13,Viridian,7599,0545676906,94,2,false
15,8,Lemon,4762,953409c108,55,0,false
91,17,Chocolate,5958,72u8598965,38,5,false
92,12,Plum,1671,6694896033,22,4,false
26,3,Sky,1068,4598484072,85,1,false
54,20,Burgundy,1456,123641003m,75,6,false
20,5,Black,3938,2236414128,97,7,false
6,12,Tan,710,9y34997453,33,7,false
45,7,Chocolate,4778,3930055622,22,7,false
52,18,Ultramarine,2764,013374k679,34,5,false
99,12,Scarlet,8032,790z467536,38,7,false
49,18,Red,6549,365493064o,24,5,false
85,2,Sky,5408,3109176q71,91,9,false
13,12,Apricot,734,o279408026,85,0,false
74,2,Tan,8036,6563544739,67,9,false
70,2,Jade,5925,11369121i9,38,7,false
62,10,Byzantium,2734,3953332k52,45,8,false
34,10,Ivory,9138,73555452i3,38,4,false
40,1,Carmine,5582,440679k412,59,5,false
1,13,Tan,8941,e067915590,33,6,false
55,3,Sky,6404,00241g0130,45,9,false
69,20,Maroon,5311,1636l65081,42,2,false
98,17,Copper,6854,03n2742761,97,2,false
95,18,Copper,7569,c105413461,66,7,false
78,1,Carmine,617,3104407319,72,10,false
84,5,Salmon,1692,7453210683,76,10,false
73,2,Champagne,8875,4215135887,100,3,false
61,9,Maroon,8802,4220871929,88,10,false
11,3,Chocolate,6840,51589b6972,31,7,false
18,14,Ruby,4020,4269352869,71,1,false
75,2,Olive,9958,6z03717457,53,7,false
44,14,Erin,7822,1682435535,85,5,false
23,6,Viridian,4083,3236251829,43,2,false
21,4,Pink,991,615e943787,91,10,false
87,11,Fuchsia,8827,q939285427,24,10,false
100,4,Carmine,1562,2143746i94,80,6,false
12,3,Byzantium,801,833964e248,73,5,false
35,20,Amber,3293,6y04142667,29,0,false
82,1,Champagne,5743,0463q27432,60,4,false
68,1,Sapphire,1902,7164642479,30,3,false
65,2,Aquamarine,5171,2192824801,26,4,false
66,19,Fuchsia,3340,h299802008,80,10,false
30,19,White,4280,6254716598,33,8,false
31,3,Pear,7310,9322519z10,23,7,false
53,3,Raspberry,5959,53538945t3,55,1,false
58,17,Bronze,8889,796132573g,47,4,false
32,5,Emerald,8834,71q2100129,22,3,false
88,20,Indigo,1755,85728570j1,88,1,false
47,19,Magenta,4601,h894330061,92,10,false
83,6,Indigo,7492,2903k76708,66,6,false
16,2,Magenta,1676,h875166308,20,7,false
51,15,Lemon,4581,0991620544,92,2,false
39,3,Salmon,8601,y604952487,97,9,false
94,2,Taupe,4263,070r046668,88,5,false
67,3,Bronze,1487,742236r266,23,7,false
5,8,Taupe,1091,559171a565,99,2,false
36,15,Ochre,4952,640296t505,92,9,false
25,16,Crimson,5433,063223h290,49,2,false
2,15,Rose,2330,0059719259,83,5,false
38,9,Coral,6755,187t896620,64,10,false
97,9,Harlequin,7957,5i76893015,53,9,false
