product_id,name,brand,category,vendor,description,visible_to_clients,commissionable,discontinued,discontinued_reasons,alternative_product_ids,deleted
5,Awesome Leather Pants,Rhenium,Sports,Kuhn and Sons,"",true,false,false,,,false
6,Synergistic Marble Bottle,Erbium,Home,"Koch, Mayert and Leffler","",true,true,false,,,false
12,Synergistic Bronze Car,Lead,Sports,Murray LLC,Recusandae et dolores.,true,true,false,,,false
17,Rustic Steel Clock,Holmium,Beauty,Hills-Pacocha,"",false,true,false,,,false
3,Heavy Duty Rubber Keyboard,Samarium,Sports,Jaskolski and Sons,"",true,true,false,,,false
15,Intelligent Plastic Gloves,Copper,Beauty,"Hickle, Stroman and Nienow","",true,true,false,,,false
7,Practical Bronze Bag,Seaborgium,Beauty,"Prosacco, McDermott and Ritchie","",true,true,false,,,false
2,Sleek Paper Car,Beryllium,Automotive,Orn-Erdman,"",true,true,false,,,false
10,Rustic Marble Shoes,Indium,Games,Gleichner Inc,Dolores incidunt quia.,true,true,false,,,false
20,Rustic Copper Lamp,Titanium,Beauty,"Hudson, McKenzie and Hyatt",Aut ut deleniti.,true,true,false,,,false
19,Aerodynamic Paper Chair,Uranium,Books,"Hickle, Schinner and Dach",Molestiae qui ea.,true,true,false,,,false
16,Fantastic Bronze Table,Iodine,Movies,Rice-Nitzsche,"",true,true,false,,,false
1,Gorgeous Paper Keyboard,Hassium,Music,Legros LLC,"",true,true,false,,,false
18,Rustic Cotton Plate,Beryllium,Health,"Spinka, Fisher and Anderson",Expedita sit maiores.,true,true,false,,,false
14,Enormous Rubber Bench,Copernicium,Clothing,"Schuster, Runolfsson and Mann",Quisquam voluptatem temporibus.,false,true,false,,,false
9,Heavy Duty Bronze Bottle,Samarium,Toys,Muller-Bernier,"",true,true,false,,,false
4,Lightweight Copper Watch,Magnesium,Clothing,Collins Group,Repudiandae optio repellat.,true,true,false,,,false
8,Aerodynamic Paper Plate,Tungsten,Health,Tromp LLC,"",true,false,false,,,false
11,Ergonomic Leather Chair,Gold,Health,"Mohr, Bode and O'Reilly",Qui quas animi.,true,true,false,,,false
13,Practical Plastic Bottle,Potassium,Jewelry,Tromp Group,Ipsa cupiditate autem.,true,true,false,,,false
