sku_id,location_id,quantity,price,cost,vendor,expiration_date,stock_type,deleted
1,1,0,30.75,11.04,Miller-Hoeger,,,false
2,1,10,29.22,7.13,"Collier, Lehner and Swift",,,false
3,1,3,16.54,7.43,Mante-Jakubowski,,,false
4,1,10,44.73,13.44,Connelly-Becker,,,false
5,1,2,17.57,8.74,West and Sons,,,false
6,1,4,48.94,7.52,Schaefer LLC,,,false
7,1,6,24.02,1.11,"Schmidt, Kessler and Wuckert",,,false
8,1,3,24.79,6.82,"Pollich, Weimann and Metz",,,false
9,1,1,32.55,4.05,"Boyle, Dickens and Cummerata",,,false
10,1,8,43.37,13.34,"Auer, Boyer and Kunze",,,false
11,1,8,15.38,10.4,Stamm Inc,,,false
12,1,10,23.64,1.65,Huels Group,,,false
13,1,4,26.47,11.2,Crooks-Gerhold,,,false
14,1,4,42.93,7.95,"Daniel, Larkin and Cummerata",,,false
15,1,5,17.3,1.91,Mraz-Walker,,,false
16,1,9,32.72,14.79,Carroll-Shields,,,false
17,1,9,19.75,10.61,"Vandervort, Jones and Hane",,,false
18,1,5,19.37,12.0,"Nicolas, Kirlin and Auer",,,false
19,1,9,46.59,5.53,Schumm LLC,,,false
20,1,4,30.58,7.91,Okuneva LLC,,,false
21,1,6,45.67,1.63,Trantow and Sons,,,false
22,1,0,46.65,3.43,Witting-Ullrich,,,false
23,1,7,42.67,3.39,Buckridge and Sons,,,false
24,1,6,32.33,10.7,Kessler-Armstrong,,,false
25,1,8,39.34,14.37,Thiel-Hoppe,,,false
26,1,0,49.47,8.05,Price and Sons,,,false
27,1,5,31.71,10.7,Bogisich-Goyette,,,false
28,1,9,33.51,9.51,Effertz-Kuvalis,,,false
29,1,3,46.85,4.36,Bode and Sons,,,false
30,1,9,23.6,4.46,"Lebsack, Okuneva and Russel",,,false
31,1,1,15.53,3.42,Funk-Kirlin,,,false
32,1,2,47.11,1.75,Emmerich-Gleichner,,,false
33,1,3,24.75,3.56,Hackett-Kozey,,,false
34,1,4,46.08,2.03,"Mayer, Champlin and Emmerich",,,false
35,1,10,35.79,2.67,"Luettgen, Sauer and Quitzon",,,false
36,1,7,31.08,12.55,Wehner-Price,,,false
37,1,9,35.32,6.35,Herzog LLC,,,false
38,1,1,38.62,3.1,"White, Miller and Bednar",,,false
39,1,7,30.29,13.39,"Schroeder, Witting and Keebler",,,false
40,1,1,42.36,13.68,"Hand, Connelly and Jakubowski",,,false
41,1,9,24.03,13.09,Fisher and Sons,,,false
42,1,1,42.03,14.42,White-Beahan,,,false
43,1,1,31.09,9.8,Hickle-Goodwin,,,false
44,1,2,37.14,12.7,Effertz Group,,,false
45,1,7,47.99,11.14,Gerlach-Koch,,,false
46,1,2,17.16,8.13,Von LLC,,,false
47,1,2,21.09,14.3,"Murray, Fritsch and Schumm",,,false
48,1,1,28.93,1.05,Bartell-Torphy,,,false
49,1,2,33.45,13.28,Crooks-Boyle,,,false
50,1,9,34.86,5.87,"Hansen, Schumm and Konopelski",,,false
51,1,7,31.88,2.49,Rippin-Gusikowski,,,false
52,1,4,33.29,13.39,"West, Doyle and Lesch",,,false
53,1,5,46.46,8.89,"Walter, Kohler and Lockman",,,false
54,1,5,33.15,10.55,Tremblay Inc,,,false
55,1,7,21.04,2.84,Dicki Inc,,,false
56,1,2,16.32,10.14,Wiza-Ritchie,,,false
57,1,2,45.55,2.11,"Treutel, Blanda and Grady",,,false
58,1,8,37.12,13.23,Jacobs-Effertz,,,false
59,1,9,45.46,1.54,Weissnat LLC,,,false
60,1,9,26.67,12.5,"Greenholt, Witting and Hansen",,,false
61,1,1,29.13,4.01,Hudson-Padberg,,,false
62,1,5,18.43,7.88,"Veum, Schiller and Douglas",,,false
63,1,3,32.64,11.53,"Bernier, Turner and Haley",,,false
64,1,1,26.24,7.24,"Farrell, Stokes and Mante",,,false
65,1,0,48.16,8.96,Olson-Glover,,,false
66,1,1,28.36,9.0,"Dietrich, Borer and Zieme",,,false
67,1,7,21.41,3.06,"Bashirian, Kuhn and Rau",,,false
68,1,2,34.54,12.93,"Rempel, Boyle and Schmeler",,,false
69,1,5,45.02,12.17,"Muller, Legros and Heller",,,false
70,1,4,35.98,4.21,Sanford and Sons,,,false
71,1,8,24.28,4.87,Reilly and Sons,,,false
72,1,1,30.05,4.51,Reynolds-Gibson,,,false
73,1,8,37.05,3.43,Stark LLC,,,false
74,1,1,40.99,11.33,Hammes Inc,,,false
75,1,1,30.91,10.63,"Mante, Kulas and Ziemann",,,false
76,1,8,34.34,8.71,Barrows-Runolfsson,,,false
77,1,2,39.92,13.46,"Sawayn, Osinski and Abbott",,,false
78,1,9,31.81,2.73,Runte-Nolan,,,false
79,1,1,17.67,5.43,Harris Inc,,,false
80,1,8,45.96,13.34,Wilkinson LLC,,,false
81,1,6,21.75,14.18,Leuschke-O'Kon,,,false
82,1,1,44.54,3.72,"Luettgen, Swaniawski and Stanton",,,false
83,1,10,47.14,3.11,Lang-Spinka,,,false
84,1,2,27.2,9.71,Frami-Lebsack,,,false
85,1,4,33.82,6.57,"Cormier, Wilderman and Mueller",,,false
86,1,5,29.95,7.35,Hills-Paucek,,,false
87,1,1,38.69,13.01,Christiansen-Hintz,,,false
88,1,7,43.71,10.11,Gulgowski-Lueilwitz,,,false
89,1,4,24.29,10.06,Moen-Grant,,,false
90,1,9,38.95,9.66,Nitzsche-Dickens,,,false
91,1,0,19.39,10.32,"Dooley, Grimes and Grant",,,false
92,1,3,29.22,5.72,Bernier Inc,,,false
93,1,4,23.66,12.99,Hettinger Group,,,false
94,1,10,25.63,10.06,"Walker, Kiehn and Maggio",,,false
95,1,7,23.57,11.25,Buckridge Inc,,,false
96,1,5,17.66,3.71,Larkin LLC,,,false
97,1,7,22.06,7.12,Bechtelar-Mohr,,,false
98,1,9,42.36,10.25,Ritchie LLC,,,false
99,1,0,45.83,8.85,Klocko-Will,,,false
100,1,1,29.6,10.76,Lebsack-Macejkovic,,,false
101,1,2,40.34,7.55,"West, Schamberger and Boehm",,,false
1,2,9,16.05,14.75,"Crist, Cummerata and Dicki",,,false
2,2,1,38.09,3.42,Lemke-Swaniawski,,,false
3,2,6,16.37,12.67,Gorczany-Conn,,,false
4,2,6,35.95,1.99,Mosciski LLC,,,false
5,2,4,39.04,7.33,Grimes-Stoltenberg,,,false
6,2,6,17.56,8.04,Lynch-Quitzon,,,false
7,2,0,22.34,8.16,Toy and Sons,,,false
8,2,3,30.29,6.45,Raynor Inc,,,false
9,2,6,39.94,3.34,Witting-Auer,,,false
10,2,3,21.61,14.59,Gulgowski Inc,,,false
11,2,8,21.9,6.17,Hyatt-Kshlerin,,,false
12,2,3,18.02,6.06,"Satterfield, Boyer and Mosciski",,,false
13,2,5,46.57,10.62,Schowalter Inc,,,false
14,2,1,35.06,1.43,"Ferry, Aufderhar and Larkin",,,false
15,2,6,15.38,11.11,"Frami, Will and Huel",,,false
16,2,3,46.79,8.32,"Franecki, Nikolaus and Dare",,,false
17,2,1,32.77,5.78,"Gibson, Schmitt and Turner",,,false
18,2,4,29.71,7.1,Nicolas Inc,,,false
19,2,7,47.35,7.05,Hilpert-Hermann,,,false
20,2,0,36.69,9.84,Gutmann LLC,,,false
21,2,10,24.46,13.8,O'Conner-Macejkovic,,,false
22,2,10,16.01,14.66,Runolfsdottir-Renner,,,false
23,2,1,30.47,7.1,"Haag, O'Conner and Reynolds",,,false
24,2,0,44.43,11.14,"Cole, Kuphal and Kreiger",,,false
25,2,6,22.46,12.26,"O'Reilly, Corwin and McClure",,,false
26,2,0,22.38,1.6,Langworth Group,,,false
27,2,8,30.13,12.42,Bergstrom-Carroll,,,false
28,2,8,28.69,12.79,"Gerhold, Fahey and Hagenes",,,false
29,2,9,44.24,6.4,O'Conner LLC,,,false
30,2,0,26.3,11.19,Mosciski Group,,,false
31,2,0,28.3,12.69,Moore-Wehner,,,false
32,2,9,24.54,3.6,Casper-Robel,,,false
33,2,1,29.14,1.82,"Kuhn, Jenkins and Aufderhar",,,false
34,2,5,26.97,3.93,Trantow-Corwin,,,false
35,2,9,15.02,10.08,Dibbert Inc,,,false
36,2,2,25.23,2.4,Lynch-Waters,,,false
37,2,4,30.64,5.06,Bergnaum Inc,,,false
38,2,0,24.39,11.93,Hane LLC,,,false
39,2,0,43.6,1.77,Pfannerstill Inc,,,false
40,2,0,41.83,3.56,"Larkin, Barton and Dicki",,,false
41,2,8,21.52,4.46,Rodriguez-Ortiz,,,false
42,2,6,46.93,11.81,Breitenberg-Considine,,,false
43,2,7,22.5,6.78,"Feil, Dibbert and Konopelski",,,false
44,2,6,36.63,3.6,Shanahan Group,,,false
45,2,9,42.1,9.17,"Champlin, Lindgren and Schmidt",,,false
46,2,9,32.96,7.03,Durgan-Mante,,,false
47,2,7,34.53,10.94,DuBuque LLC,,,false
48,2,9,22.33,5.14,"Crooks, Rempel and Douglas",,,false
49,2,10,48.27,1.83,Harber and Sons,,,false
50,2,2,23.39,12.15,Kuvalis LLC,,,false
51,2,4,23.63,1.95,O'Reilly LLC,,,false
52,2,4,37.84,3.08,"Leannon, Weimann and Hilll",,,false
53,2,4,20.02,9.19,"Koss, Bernhard and Hilll",,,false
54,2,4,43.6,11.84,Hauck Inc,,,false
55,2,0,38.21,1.94,"Mann, Ortiz and Krajcik",,,false
56,2,4,35.96,6.24,Wilkinson Group,,,false
57,2,9,42.17,8.86,Walsh and Sons,,,false
58,2,4,38.63,5.77,Grady LLC,,,false
59,2,6,23.68,14.57,"Hayes, Quitzon and Ondricka",,,false
60,2,3,28.68,10.22,"Crooks, Fahey and Dooley",,,false
61,2,7,31.08,6.27,"Lehner, Harber and Rutherford",,,false
62,2,3,34.23,11.81,Frami and Sons,,,false
63,2,10,22.8,6.84,Hahn and Sons,,,false
64,2,1,36.93,10.5,Gerhold-Nitzsche,,,false
65,2,9,48.26,9.69,Frami Inc,,,false
66,2,7,43.14,14.19,Herman Inc,,,false
67,2,6,45.0,13.43,"Mertz, Kuvalis and Hackett",,,false
68,2,10,43.42,4.55,Mante Group,,,false
69,2,10,37.93,2.33,Bauch-Baumbach,,,false
70,2,7,39.58,13.4,Schowalter and Sons,,,false
71,2,1,18.48,8.98,Rolfson Group,,,false
72,2,9,38.84,6.84,"Waters, Beier and Orn",,,false
73,2,7,17.31,7.74,Zieme-Maggio,,,false
74,2,8,26.17,3.51,Stiedemann-Conroy,,,false
75,2,6,38.2,9.96,Harris-Gottlieb,,,false
76,2,5,36.92,12.38,"Gutmann, Labadie and Parisian",,,false
77,2,1,32.68,14.56,Kertzmann Group,,,false
78,2,1,37.68,2.71,"Williamson, O'Conner and Casper",,,false
79,2,5,24.51,11.14,Erdman-Grady,,,false
80,2,10,41.66,14.36,Ziemann Inc,,,false
81,2,7,26.57,8.86,"Lebsack, Ullrich and Rowe",,,false
82,2,3,35.94,6.97,"Ankunding, Lockman and Bergstrom",,,false
83,2,3,41.63,12.94,Keeling LLC,,,false
84,2,6,44.18,11.4,Price-Stehr,,,false
85,2,3,25.72,2.98,Beier-Lemke,,,false
86,2,7,16.58,12.44,"Greenholt, Green and Swaniawski",,,false
87,2,8,24.76,1.87,"Stiedemann, Hammes and Schiller",,,false
88,2,10,48.03,12.93,Maggio and Sons,,,false
89,2,0,22.53,1.64,"Moore, Weimann and Erdman",,,false
90,2,6,46.43,10.87,Stracke-Balistreri,,,false
91,2,3,24.18,14.89,Volkman-Mueller,,,false
92,2,5,16.52,1.38,Boehm and Sons,,,false
93,2,6,38.81,8.99,Bernhard-Doyle,,,false
94,2,2,23.7,14.13,"Ondricka, Hudson and Von",,,false
95,2,2,22.38,12.03,Torp-Leffler,,,false
96,2,9,22.94,8.8,"Mayer, Emard and Gibson",,,false
97,2,3,35.99,13.12,Ankunding and Sons,,,false
98,2,3,15.81,7.71,"Dickens, Hodkiewicz and Roob",,,false
99,2,9,47.97,1.57,Jacobi-Conroy,,,false
100,2,6,33.22,14.93,Deckow LLC,,,false
101,2,10,26.4,5.27,Cruickshank-Jerde,,,false
1,3,6,20.81,4.23,Ritchie-Schaden,,,false
2,3,5,32.58,13.04,Kozey-Berge,,,false
3,3,2,18.21,3.04,"O'Kon, Blanda and Halvorson",,,false
4,3,0,45.16,7.03,Marvin-Johnston,,,false
5,3,9,22.06,7.71,Nader-Nicolas,,,false
6,3,0,33.57,3.17,Reinger Group,,,false
7,3,10,44.48,10.2,"Bauch, Roob and Emmerich",,,false
8,3,6,19.21,10.12,Stracke-Goodwin,,,false
9,3,0,30.09,9.24,McClure-Lueilwitz,,,false
10,3,8,42.11,9.08,Haley-Dietrich,,,false
11,3,7,29.08,7.36,"Bogan, Lakin and Shields",,,false
12,3,7,45.28,2.27,Kohler-Satterfield,,,false
13,3,6,39.19,12.6,"Schultz, Beatty and Sauer",,,false
14,3,0,28.26,3.48,"Kohler, Walsh and Fadel",,,false
15,3,1,38.74,13.5,Reichert-Goodwin,,,false
16,3,4,15.16,5.76,Tremblay-Steuber,,,false
17,3,8,48.14,4.74,Konopelski LLC,,,false
18,3,4,26.49,4.61,"McCullough, Krajcik and Kovacek",,,false
19,3,7,39.21,6.64,Mante and Sons,,,false
20,3,1,24.68,4.14,Maggio Inc,,,false
21,3,9,38.36,13.97,Beier-Stroman,,,false
22,3,1,25.82,2.6,Crona-Lebsack,,,false
23,3,4,35.26,8.01,Kreiger LLC,,,false
24,3,4,41.49,8.79,Crona and Sons,,,false
25,3,10,18.48,7.65,Glover and Sons,,,false
26,3,10,26.65,14.0,"Torphy, Wiza and Bernhard",,,false
27,3,6,42.74,8.43,"Jaskolski, King and Labadie",,,false
28,3,7,47.81,6.13,Monahan and Sons,,,false
29,3,2,27.74,13.19,Waters and Sons,,,false
30,3,6,25.81,4.07,"Herzog, Bauch and Marks",,,false
31,3,4,45.94,11.45,Towne-Mann,,,false
32,3,7,16.07,11.14,"Prosacco, Emard and Nader",,,false
33,3,9,21.78,14.83,"Veum, Durgan and Gottlieb",,,false
34,3,7,23.18,6.9,"Gorczany, Wiegand and Jenkins",,,false
35,3,9,30.44,10.46,"Labadie, Dickinson and Kilback",,,false
36,3,4,34.03,2.0,Ernser Group,,,false
37,3,8,41.88,13.19,Hermiston-Hagenes,,,false
38,3,0,31.7,5.94,"Hoppe, Brakus and Leffler",,,false
39,3,3,39.66,11.95,Kling-Hartmann,,,false
40,3,1,20.5,11.44,Hackett Inc,,,false
41,3,5,39.12,13.2,Jacobs Inc,,,false
42,3,0,44.91,12.62,Spencer-Mueller,,,false
43,3,2,46.3,4.51,"Davis, Carter and Mertz",,,false
44,3,2,35.48,5.11,Will LLC,,,false
45,3,9,28.33,5.75,Buckridge Group,,,false
46,3,7,21.01,6.33,"Kovacek, Greenfelder and Krajcik",,,false
47,3,3,47.02,11.56,"Towne, Aufderhar and Gorczany",,,false
48,3,1,37.88,11.98,Donnelly LLC,,,false
49,3,3,26.46,4.34,"Collier, Hills and Tromp",,,false
50,3,6,34.59,2.15,"Connelly, Turner and Smitham",,,false
51,3,4,41.77,13.12,"Satterfield, Bogan and Braun",,,false
52,3,1,40.85,5.11,Conroy-Brekke,,,false
53,3,7,46.83,3.29,Hartmann Inc,,,false
54,3,6,18.99,2.39,Emmerich and Sons,,,false
55,3,1,47.05,8.5,"Kovacek, Bartoletti and Marvin",,,false
56,3,5,39.36,2.85,Strosin Group,,,false
57,3,5,47.52,3.92,"Mann, Boyle and Ward",,,false
58,3,7,30.28,13.07,Runolfsdottir Group,,,false
59,3,8,37.79,14.1,"Pouros, Connelly and Hackett",,,false
60,3,2,39.34,3.78,"Heaney, Simonis and Aufderhar",,,false
61,3,2,42.71,2.34,Kub Group,,,false
62,3,2,37.35,12.05,Johnston LLC,,,false
63,3,0,45.03,6.78,"Green, Boyer and Larkin",,,false
64,3,8,48.81,10.41,Tromp-Murphy,,,false
65,3,6,17.76,4.7,Rodriguez LLC,,,false
66,3,6,36.2,13.2,Quigley-Von,,,false
67,3,9,35.09,3.31,"Denesik, Thiel and Schiller",,,false
68,3,0,41.85,13.57,Senger-Bayer,,,false
69,3,3,48.56,3.42,Smitham-Mayer,,,false
70,3,0,15.02,5.61,"Abshire, Murphy and Wilkinson",,,false
71,3,7,35.39,6.42,Kris LLC,,,false
72,3,0,34.73,8.1,Metz and Sons,,,false
73,3,0,46.11,13.23,"Hyatt, Ebert and Shanahan",,,false
74,3,7,21.77,10.39,Kulas Inc,,,false
75,3,8,20.05,4.25,Koelpin-Mraz,,,false
76,3,1,35.38,6.39,Shanahan Inc,,,false
77,3,0,48.47,6.04,Rath-Mohr,,,false
78,3,7,36.46,3.2,"Muller, Thiel and Bayer",,,false
79,3,0,33.74,4.89,"Brekke, Cassin and Ferry",,,false
80,3,2,16.64,13.28,Farrell LLC,,,false
81,3,9,24.73,1.81,"Satterfield, Kuphal and Jerde",,,false
82,3,0,25.07,5.39,"Hilll, Stoltenberg and Koelpin",,,false
83,3,9,21.19,8.22,"O'Keefe, Baumbach and Lakin",,,false
84,3,6,33.67,7.64,Spinka and Sons,,,false
85,3,1,24.57,8.76,"Frami, Reichert and Kihn",,,false
86,3,2,15.28,9.36,Watsica-Walsh,,,false
87,3,4,48.01,8.09,"Ortiz, Pouros and Jacobson",,,false
88,3,5,34.14,8.84,Nitzsche Inc,,,false
89,3,8,30.48,3.24,"Feeney, Torphy and Anderson",,,false
90,3,1,44.03,12.37,Keeling-Altenwerth,,,false
91,3,7,15.9,1.49,Stamm-Goodwin,,,false
92,3,8,41.64,11.69,Hackett-Emard,,,false
93,3,2,28.96,5.54,"Farrell, Lubowitz and Kerluke",,,false
94,3,4,29.13,6.21,Cruickshank-Cartwright,,,false
95,3,3,46.86,2.89,Jacobs-Jaskolski,,,false
96,3,10,33.8,13.46,Fisher LLC,,,false
97,3,0,31.54,4.51,Schroeder-Borer,,,false
98,3,4,36.42,10.33,Effertz and Sons,,,false
99,3,4,24.52,13.85,Kirlin LLC,,,false
100,3,5,31.51,14.68,"Wunsch, Bechtelar and Reynolds",,,false
101,3,9,38.48,9.47,Haley-Stehr,,,false
