product_id,name,brand,category,vendor,description,visible_to_clients,commissionable,discontinued,discontinued_reasons,alternative_product_ids,deleted
3,Durable Leather Hat,Livermorium,Outdoors,Lynch LLC,Odit ea molestiae.,true,true,false,,,false
16,Enormous Granite Table,Actinium,Movies,Cronin-D'Amore,Velit et magnam.,true,true,false,,,false
13,Ergonomic Rubber Chair,Palladium,Computers,"Kuhlman, Walter and Ryan","",true,true,false,,,false
5,Aerodynamic Copper Bottle,Neodymium,Electronics,Langworth-Schoen,Vero incidunt et.,true,true,false,,,false
18,Synergistic Silk Coat,Einsteinium,Kids,Tremblay LLC,Consequatur recusandae tempore.,false,true,false,,,false
14,Fantastic Steel Watch,Antimony,Jewelry,Christiansen-Towne,"",true,true,false,,,false
15,Rustic Plastic Lamp,Nihonium,Clothing,"Treutel, Osinski and Cole",Tempora eum quam.,true,true,false,,,false
6,Rustic Paper Lamp,Xenon,Jewelry,"Skiles, Kuhlman and Abbott",Rem iste quos.,true,true,false,,,false
2,Rustic Silk Knife,Indium,Games,"Yost, Schumm and Nader","",false,true,true,,,false
1,Fantastic Paper Table,Ytterbium,Automotive,Lehner Inc,"",true,true,false,,,false
7,Rustic Linen Plate,Scandium,Books,O'Hara-Stark,"",true,true,false,,,false
9,Mediocre Wooden Lamp,Oxygen,Outdoors,"Collier, Armstrong and Weimann",Est aut omnis.,true,true,false,,,false
20,Intelligent Wool Plate,Radon,Movies,Doyle-Hermann,Tempora ab et.,true,true,false,,,false
19,Fantastic Concrete Chair,Calcium,Health,"Lindgren, Nicolas and Lindgren",Optio doloremque qui.,true,true,false,,,false
11,Ergonomic Marble Shirt,Selenium,Electronics,Von-Koss,"",true,true,false,,,false
10,Rustic Linen Car,Livermorium,Shoes,Huel-Schaefer,Voluptatibus ea dolorem.,true,true,false,,,false
4,Incredible Wooden Bottle,Protactinium,Health,Denesik-Kuhlman,Voluptas facilis ex.,true,true,false,,,false
12,Aerodynamic Rubber Coat,Meitnerium,Garden,"Kub, Waelchi and Stracke",Eligendi et dolores.,true,false,false,,,false
17,Gorgeous Plastic Chair,Plutonium,Industrial,Zboncak-Zulauf,"",true,true,false,,,false
8,Gorgeous Cotton Bench,Dubnium,Electronics,Wisozk Inc,Consequatur sit vel.,true,true,false,,,false
