product_id,name,brand,category,vendor,description,visible_to_clients,commissionable,discontinued,discontinued_reasons,alternative_product_ids,deleted
16,Enormous Steel Car,Californium,Kids,"Goodwin, Mayer and Harris","",true,false,false,,,false
6,Enormous Cotton Hat,Californium,Games,"McGlynn, Mante and O'Conner","",true,true,false,,,false
11,Aerodynamic Plastic Clock,Tantalum,Music,Swift and Sons,Magnam velit optio.,true,true,false,,,false
7,Enormous Bronze Lamp,Nickel,Sports,Conn LLC,Voluptatem animi quo.,true,true,false,,,false
1,Enormous Bronze Lamp,Thallium,Baby,Carroll Inc,"",true,true,false,,,false
5,Incredible Paper Knife,Manganese,Clothing,Stamm and Sons,"",true,true,false,,,false
19,Intelligent Linen Pants,Plutonium,Shoes,Flatley LLC,Voluptatem et inventore.,true,false,false,,,false
9,Rustic Bronze Bottle,Tantalum,Music,"Kunze, Predovic and Shields","",true,true,false,,,false
20,Heavy Duty Iron Computer,Palladium,Music,Rau-Mohr,Qui consequuntur provident.,true,true,false,,,false
8,Lightweight Wool Gloves,Thorium,Jewelry,Langworth-Gerlach,"",true,false,false,,,false
12,Gorgeous Wooden Pants,Osmium,Baby,Gulgowski-Wisozk,Vero illum commodi.,true,true,false,,,false
2,Awesome Bronze Table,Thorium,Shoes,Runte and Sons,Quisquam veritatis id.,false,true,false,,,false
3,Awesome Wooden Clock,Samarium,Kids,Flatley Inc,Id ad quae.,true,false,false,,,false
4,Enormous Silk Bag,Osmium,Jewelry,Oberbrunner-Fritsch,Enim et ex.,true,true,false,,,false
17,Fantastic Cotton Pants,Holmium,Toys,Johnston Inc,Doloribus quia quia.,false,true,false,,,false
13,Practical Wool Table,Selenium,Baby,"Kozey, Bergnaum and Koelpin",Est omnis autem.,true,true,false,,,false
14,Awesome Wooden Plate,Palladium,Health,Effertz-Oberbrunner,Doloribus totam nihil.,true,true,false,,,false
15,Sleek Granite Bottle,Sodium,Beauty,Durgan-Hagenes,"",true,true,false,,,false
18,Durable Leather Computer,Niobium,Home,Klein and Sons,Voluptate fugit labore.,true,true,false,,,false
10,Aerodynamic Silk Shirt,Lead,Sports,"Keebler, Tillman and Wuckert",Sed voluptas alias.,true,true,false,,,false
