sku_id,location_id,quantity,price,cost,vendor,expiration_date,stock_type,deleted
1,1,1,31.85,13.91,"Johns, Gaylord and Stroman",,,false
2,1,10,15.06,14.38,"Cormier, Hammes and Glover",,,false
3,1,9,39.11,9.38,Hudson-Jacobi,,,false
4,1,7,25.86,4.3,"Herman, Mohr and D'Amore",,,false
5,1,10,35.45,7.96,Breitenberg-Vandervort,,,false
6,1,7,44.31,7.3,Wunsch-Rippin,,,false
7,1,8,16.77,10.31,Jakubowski-Collins,,,false
8,1,3,27.63,10.85,Borer Inc,,,false
9,1,6,25.08,4.01,Lubowitz LLC,,,false
10,1,5,44.67,4.72,Hahn LLC,,,false
11,1,10,48.92,5.12,"Hartmann, O'Keefe and Trantow",,,false
12,1,4,18.64,3.17,"Flatley, Tromp and Price",,,false
13,1,6,39.56,13.17,Hessel-Roob,,,false
14,1,4,18.57,1.94,Hartmann-Morissette,,,false
15,1,0,38.48,2.65,Wilderman-Kunde,,,false
16,1,10,23.93,3.26,Murphy-Muller,,,false
17,1,8,19.77,8.92,Corwin Group,,,false
18,1,3,20.3,12.69,"Considine, Rice and Witting",,,false
19,1,1,19.76,2.32,Denesik-Legros,,,false
20,1,8,48.67,2.25,Jacobi-Lubowitz,,,false
21,1,1,40.68,4.82,Marquardt-Roob,,,false
22,1,8,19.37,14.11,Will-Sipes,,,false
23,1,0,36.5,11.91,Littel Inc,,,false
24,1,8,19.27,13.11,Brown Inc,,,false
25,1,2,44.98,10.28,"Daniel, Aufderhar and Boyer",,,false
26,1,8,43.58,5.27,Upton-Yundt,,,false
27,1,9,29.92,11.67,Schaefer and Sons,,,false
28,1,0,44.82,1.19,"Legros, Bradtke and Bogan",,,false
29,1,6,19.49,2.22,Pagac Inc,,,false
30,1,10,38.07,11.64,West-Douglas,,,false
31,1,3,20.73,1.85,"Reichert, Pagac and Thompson",,,false
32,1,7,27.7,10.46,"Gutkowski, Simonis and Maggio",,,false
33,1,9,21.84,1.36,Osinski Group,,,false
34,1,9,22.61,11.25,Romaguera-Keeling,,,false
35,1,9,23.38,7.12,Rempel LLC,,,false
36,1,7,20.73,12.66,"Pagac, Mills and Feeney",,,false
37,1,9,46.88,9.5,"Miller, Homenick and Mitchell",,,false
38,1,5,39.55,4.93,Sauer-Carter,,,false
39,1,8,30.57,4.45,Torphy-Kessler,,,false
40,1,4,22.16,11.79,Rempel-Lemke,,,false
41,1,8,21.55,4.93,"Tillman, Pfannerstill and Hudson",,,false
42,1,4,29.88,8.05,Witting LLC,,,false
43,1,8,27.92,6.55,Legros Inc,,,false
44,1,4,35.09,6.85,Gleason Inc,,,false
45,1,8,30.51,1.93,"Daniel, Volkman and Graham",,,false
46,1,6,45.3,8.26,"Boyer, Frami and Homenick",,,false
47,1,8,45.42,1.28,"Smitham, Weissnat and Stiedemann",,,false
48,1,7,48.54,10.37,"Stanton, Nienow and Stroman",,,false
49,1,8,41.93,7.16,Lesch LLC,,,false
50,1,3,15.36,10.52,"Mitchell, Kirlin and Schinner",,,false
51,1,7,24.39,5.64,"Sawayn, Lakin and Blick",,,false
52,1,10,45.64,14.61,Bosco Group,,,false
53,1,0,48.44,2.53,"Torphy, Stoltenberg and Trantow",,,false
54,1,6,31.32,13.94,Dietrich LLC,,,false
55,1,3,33.46,11.61,McGlynn-Nienow,,,false
56,1,8,21.34,10.66,Kuhic-Balistreri,,,false
57,1,9,38.59,10.94,Gleason-Emard,,,false
58,1,3,29.66,10.85,Metz Inc,,,false
59,1,0,40.91,4.14,"Stokes, Hammes and Baumbach",,,false
60,1,3,20.72,14.37,Mitchell-Cremin,,,false
61,1,7,46.66,5.41,Cartwright Inc,,,false
62,1,8,49.46,1.79,"Cassin, Wuckert and Watsica",,,false
63,1,0,17.75,7.61,Goldner-Nolan,,,false
64,1,10,47.37,8.71,Runolfsdottir-Turner,,,false
65,1,2,21.43,9.51,"Dietrich, Walker and Schuppe",,,false
66,1,9,29.36,6.89,"Gibson, Gleichner and Greenholt",,,false
67,1,9,32.23,13.38,Thiel-Orn,,,false
68,1,2,44.06,5.23,Kihn-Hoeger,,,false
69,1,8,38.03,14.01,Volkman-Lesch,,,false
70,1,10,18.64,3.62,Gleichner LLC,,,false
71,1,9,16.88,10.11,Heathcote-Von,,,false
72,1,7,42.27,11.82,"Lehner, Macejkovic and Littel",,,false
73,1,5,26.02,2.4,Leuschke and Sons,,,false
74,1,7,43.73,1.35,"Pollich, McCullough and Beahan",,,false
75,1,9,41.68,4.15,Russel-Quitzon,,,false
76,1,8,36.67,2.87,Nader-Cummerata,,,false
77,1,10,32.99,6.54,Dickinson Inc,,,false
78,1,4,36.74,6.46,"McLaughlin, Stehr and Senger",,,false
79,1,3,28.06,3.03,Stracke-Parisian,,,false
80,1,2,30.72,8.33,Kuhn-O'Connell,,,false
81,1,5,27.49,3.8,Hane LLC,,,false
82,1,1,45.8,7.14,Heathcote-Runte,,,false
83,1,8,34.31,5.58,Kohler-Littel,,,false
84,1,10,45.62,12.85,Braun-Mraz,,,false
85,1,3,49.67,6.97,"Feil, Nolan and Wiegand",,,false
86,1,10,30.26,14.8,Fay and Sons,,,false
87,1,3,28.75,3.22,Bogisich Group,,,false
88,1,2,28.59,10.94,"Swift, Marks and Jacobi",,,false
89,1,5,40.06,10.97,"Cummings, Sawayn and Beier",,,false
90,1,3,45.1,5.01,Gibson-Friesen,,,false
91,1,9,25.16,7.02,Jenkins-Keebler,,,false
92,1,3,49.71,13.18,"Bosco, Kulas and Gutkowski",,,false
93,1,6,36.83,3.94,Russel-Beatty,,,false
94,1,10,43.93,2.99,Swift Group,,,false
95,1,2,21.41,1.71,Abshire-Volkman,,,false
96,1,10,31.32,3.67,Schiller LLC,,,false
97,1,7,24.94,5.02,"Gibson, Glover and Kub",,,false
98,1,8,24.76,4.88,Leffler Group,,,false
99,1,0,21.94,3.6,Hyatt Inc,,,false
100,1,5,41.66,11.08,Kilback and Sons,,,false
101,1,4,40.47,13.65,"Moen, Herman and Effertz",,,false
1,2,2,37.33,10.69,Schultz and Sons,,,false
2,2,9,39.23,8.21,Block Group,,,false
3,2,3,25.28,6.01,"Wintheiser, Schimmel and Lubowitz",,,false
4,2,6,41.85,1.43,Price-Greenholt,,,false
5,2,0,37.53,4.32,Marvin-Yundt,,,false
6,2,4,23.17,3.19,"Harris, Considine and Nicolas",,,false
7,2,5,35.48,6.65,"Hammes, Lindgren and Hills",,,false
8,2,10,23.79,3.89,Lindgren and Sons,,,false
9,2,5,38.6,9.71,"Carter, Hamill and Ondricka",,,false
10,2,6,36.65,11.02,Ziemann and Sons,,,false
11,2,8,40.15,7.65,Klein and Sons,,,false
12,2,7,23.34,2.63,"Lynch, Treutel and Kuvalis",,,false
13,2,8,40.64,11.5,"Buckridge, Halvorson and Kling",,,false
14,2,0,48.62,9.94,Nicolas Inc,,,false
15,2,4,40.78,14.31,Keebler and Sons,,,false
16,2,10,49.37,10.11,Kassulke-Keebler,,,false
17,2,7,36.36,7.81,"Kautzer, Lockman and Fisher",,,false
18,2,3,43.6,6.77,"Sporer, Kuhlman and Prohaska",,,false
19,2,5,21.74,10.29,Crooks Group,,,false
20,2,8,49.03,11.76,"Wiza, Greenholt and Bradtke",,,false
21,2,3,24.21,10.44,Ziemann-Kozey,,,false
22,2,10,29.82,5.09,"Grant, Harber and Kutch",,,false
23,2,5,24.31,13.62,Renner-Cartwright,,,false
24,2,2,43.58,6.72,Spencer-MacGyver,,,false
25,2,1,40.13,7.8,"Raynor, Kovacek and Gibson",,,false
26,2,10,31.66,3.99,Glover LLC,,,false
27,2,7,48.29,14.56,"Bayer, Gutmann and Halvorson",,,false
28,2,8,28.63,13.1,Kling-Greenholt,,,false
29,2,5,28.88,14.51,Upton Group,,,false
30,2,4,20.88,2.27,"Willms, Swift and Haag",,,false
31,2,5,27.54,3.41,Orn-Gaylord,,,false
32,2,1,28.35,2.25,Howe-Hegmann,,,false
33,2,6,49.44,5.02,Beahan Group,,,false
34,2,4,16.9,2.94,Prohaska LLC,,,false
35,2,5,27.0,7.27,Welch LLC,,,false
36,2,8,46.87,13.5,"Auer, Hilpert and Terry",,,false
37,2,8,29.2,12.04,Gleichner-Orn,,,false
38,2,3,25.7,11.38,"Ratke, Runolfsson and Abshire",,,false
39,2,0,39.37,3.67,Renner-Friesen,,,false
40,2,8,26.32,7.35,MacGyver-Bergnaum,,,false
41,2,3,41.47,14.44,Ondricka-Gutmann,,,false
42,2,0,17.45,9.36,Heaney-Schaefer,,,false
43,2,0,38.2,5.85,Witting LLC,,,false
44,2,8,43.24,11.95,Krajcik-Deckow,,,false
45,2,2,28.13,1.48,Rowe and Sons,,,false
46,2,1,46.18,4.38,Considine and Sons,,,false
47,2,7,49.54,3.63,Rowe-Ruecker,,,false
48,2,1,16.72,11.69,White LLC,,,false
49,2,4,25.41,4.74,Volkman LLC,,,false
50,2,1,38.6,6.16,"Miller, Vandervort and Leuschke",,,false
51,2,1,33.05,10.08,"Williamson, Batz and Miller",,,false
52,2,3,30.06,6.14,"Ruecker, Orn and Moore",,,false
53,2,1,45.83,6.29,Weber and Sons,,,false
54,2,5,44.05,13.07,Wisozk-Kertzmann,,,false
55,2,4,47.25,2.39,Buckridge Group,,,false
56,2,0,31.95,5.79,"Thiel, Breitenberg and Bailey",,,false
57,2,2,23.93,8.66,Wehner-Fisher,,,false
58,2,9,18.45,12.97,Halvorson and Sons,,,false
59,2,6,33.9,12.13,"Rowe, Shields and Beer",,,false
60,2,4,26.64,1.31,"Kilback, Cole and Friesen",,,false
61,2,3,28.55,7.02,Lang and Sons,,,false
62,2,3,29.38,11.3,"Dickinson, Buckridge and Prosacco",,,false
63,2,0,19.02,8.13,Hartmann Group,,,false
64,2,7,42.07,2.7,Watsica-Schiller,,,false
65,2,10,17.96,13.91,"McGlynn, Beier and Tremblay",,,false
66,2,6,36.37,12.67,Grady-Bartoletti,,,false
67,2,8,17.37,14.41,Klein-Schulist,,,false
68,2,2,40.65,7.88,Murphy Inc,,,false
69,2,3,45.64,1.73,"Ebert, Shanahan and Prohaska",,,false
70,2,1,37.65,8.86,"Johnson, Grady and O'Hara",,,false
71,2,7,21.02,1.0,Robel-Veum,,,false
72,2,1,45.31,12.98,"VonRueden, Murphy and Bergnaum",,,false
73,2,3,47.42,10.2,Bins LLC,,,false
74,2,2,25.98,6.87,"Keebler, Conn and West",,,false
75,2,7,28.47,13.7,"Fisher, Welch and Runte",,,false
76,2,3,48.87,6.78,Rosenbaum-Schaefer,,,false
77,2,9,48.06,10.92,Rogahn Group,,,false
78,2,5,44.1,7.07,Bartell Inc,,,false
79,2,10,26.39,10.51,"Cruickshank, Hirthe and Rath",,,false
80,2,5,46.54,13.82,"Marquardt, Strosin and Windler",,,false
81,2,7,20.33,12.73,Denesik-Reynolds,,,false
82,2,0,24.74,4.08,Dickens LLC,,,false
83,2,2,46.52,1.83,"Witting, McClure and Koepp",,,false
84,2,4,21.36,1.38,McGlynn Inc,,,false
85,2,9,41.67,10.17,Cartwright Group,,,false
86,2,3,28.2,11.38,Wehner-Altenwerth,,,false
87,2,5,25.79,7.31,Kris LLC,,,false
88,2,3,18.57,14.54,Harber Group,,,false
89,2,5,45.5,9.01,"Kuhlman, Lubowitz and Moen",,,false
90,2,1,18.4,12.57,Oberbrunner-Funk,,,false
91,2,10,32.53,8.97,Hayes Group,,,false
92,2,6,23.49,5.13,"Gislason, D'Amore and Halvorson",,,false
93,2,3,38.49,9.0,"Hickle, Fay and Monahan",,,false
94,2,3,26.96,2.7,"Emard, Effertz and West",,,false
95,2,7,31.39,14.54,Satterfield-Bosco,,,false
96,2,0,42.73,1.8,"Dooley, Hoeger and Smitham",,,false
97,2,6,41.89,14.91,DuBuque and Sons,,,false
98,2,2,41.03,14.08,Schowalter-Russel,,,false
99,2,1,18.09,7.86,Kshlerin-Runolfsson,,,false
100,2,3,48.75,7.94,"Marks, Price and O'Keefe",,,false
101,2,0,43.34,4.69,"Goyette, Murray and Rutherford",,,false
1,3,8,22.86,14.8,Marvin-Witting,,,false
2,3,3,18.14,1.76,"Spencer, Schroeder and Stark",,,false
3,3,10,30.95,11.32,Nienow-Bernhard,,,false
4,3,7,37.95,14.58,Glover Group,,,false
5,3,5,25.12,4.28,Reinger Inc,,,false
6,3,6,37.86,9.97,Breitenberg-Altenwerth,,,false
7,3,5,23.76,9.8,Morar-Bashirian,,,false
8,3,2,29.05,14.92,Hagenes-Treutel,,,false
9,3,6,37.11,10.38,"Harber, Lindgren and Parisian",,,false
10,3,5,24.49,2.67,Bosco-Cummings,,,false
11,3,9,35.48,14.06,Dibbert and Sons,,,false
12,3,3,41.12,2.24,Funk-Rolfson,,,false
13,3,0,38.16,10.28,Ankunding LLC,,,false
14,3,1,19.89,13.7,Moore and Sons,,,false
15,3,6,44.07,9.4,"Feeney, Batz and O'Connell",,,false
16,3,5,29.96,5.12,"Konopelski, Grady and Waters",,,false
17,3,0,21.77,2.53,Blick LLC,,,false
18,3,6,46.04,5.17,"Ziemann, Schamberger and Skiles",,,false
19,3,2,40.01,8.4,Vandervort-Beer,,,false
20,3,8,19.87,6.71,Leffler-Kling,,,false
21,3,3,27.73,14.43,Cartwright LLC,,,false
22,3,0,33.35,5.06,Beier Group,,,false
23,3,7,42.2,3.35,Zemlak LLC,,,false
24,3,5,42.24,13.84,"Bogan, Kassulke and Wyman",,,false
25,3,8,33.72,4.82,Mitchell-Nolan,,,false
26,3,2,19.14,6.17,Armstrong-Carroll,,,false
27,3,9,44.9,13.03,Corkery and Sons,,,false
28,3,7,48.28,7.83,"Collier, Ratke and Schimmel",,,false
29,3,2,26.39,10.17,Gutmann LLC,,,false
30,3,5,37.39,4.13,"Mante, Hintz and Terry",,,false
31,3,5,16.24,13.54,Flatley Inc,,,false
32,3,8,24.41,6.02,Vandervort and Sons,,,false
33,3,3,25.31,8.77,"Heathcote, Douglas and Hilll",,,false
34,3,9,40.38,5.15,Predovic and Sons,,,false
35,3,4,35.27,14.28,Quitzon Inc,,,false
36,3,2,23.64,1.8,Purdy-Ziemann,,,false
37,3,6,22.67,11.67,"Bartell, Von and Mills",,,false
38,3,4,36.23,6.01,Hudson-Raynor,,,false
39,3,5,23.17,1.3,McKenzie and Sons,,,false
40,3,0,40.19,6.55,Kirlin-Ziemann,,,false
41,3,0,44.14,11.44,"Quigley, Feest and Marvin",,,false
42,3,5,21.28,7.62,Boehm and Sons,,,false
43,3,0,37.42,13.47,"Mayert, Stehr and Baumbach",,,false
44,3,9,35.0,7.79,Feeney-Wilkinson,,,false
45,3,1,49.61,12.76,"Donnelly, Sporer and O'Connell",,,false
46,3,0,15.83,4.71,Wilkinson-Feeney,,,false
47,3,0,34.49,1.42,Zemlak-Legros,,,false
48,3,3,27.19,10.97,Abernathy Group,,,false
49,3,10,35.89,2.52,Rogahn-Stiedemann,,,false
50,3,10,21.98,1.29,"Lockman, Swaniawski and Fadel",,,false
51,3,2,18.57,8.64,Johns-Hansen,,,false
52,3,1,28.06,3.81,Simonis-Powlowski,,,false
53,3,6,32.46,6.28,"Tremblay, Kiehn and Wilkinson",,,false
54,3,8,21.18,9.43,Mayert LLC,,,false
55,3,0,42.4,6.05,Hartmann and Sons,,,false
56,3,5,42.13,14.12,Crooks and Sons,,,false
57,3,10,28.42,11.96,"Powlowski, Lemke and Rempel",,,false
58,3,7,37.03,5.12,Schaefer-Abernathy,,,false
59,3,2,44.27,13.24,Okuneva-Heaney,,,false
60,3,1,37.2,5.97,"Adams, Nicolas and Quitzon",,,false
61,3,3,19.97,7.28,Ondricka Inc,,,false
62,3,10,44.67,7.72,Windler Group,,,false
63,3,5,35.14,7.51,"Heidenreich, Kuhic and Kovacek",,,false
64,3,2,33.56,11.72,"Goodwin, Harvey and Schroeder",,,false
65,3,5,42.13,1.03,"Ebert, Kassulke and Von",,,false
66,3,6,24.26,14.1,"Wisozk, Langosh and Krajcik",,,false
67,3,8,45.46,10.24,"Streich, Howe and Wisozk",,,false
68,3,5,35.38,4.83,Runolfsdottir LLC,,,false
69,3,10,31.4,11.96,Jaskolski-Haley,,,false
70,3,6,22.17,4.71,Emmerich-Walker,,,false
71,3,0,26.24,3.2,Bartoletti-Kassulke,,,false
72,3,7,31.34,5.35,Koepp-Von,,,false
73,3,10,28.77,3.84,"Hammes, O'Connell and Gislason",,,false
74,3,1,45.06,7.16,Hahn-Purdy,,,false
75,3,10,23.64,9.33,Weimann and Sons,,,false
76,3,2,25.24,11.27,Dickens-Effertz,,,false
77,3,6,19.4,3.99,Lemke-Skiles,,,false
78,3,1,41.77,10.63,Gorczany LLC,,,false
79,3,2,15.56,1.43,Ernser Inc,,,false
80,3,8,30.54,9.19,"Corwin, Kihn and Luettgen",,,false
81,3,10,15.4,12.17,"Pfannerstill, Pagac and Towne",,,false
82,3,8,42.64,2.59,Rempel LLC,,,false
83,3,0,20.14,5.77,"Koepp, Vandervort and Crooks",,,false
84,3,3,26.87,4.79,Kiehn Inc,,,false
85,3,4,35.58,13.15,Hettinger and Sons,,,false
86,3,10,29.75,11.85,Wolff Group,,,false
87,3,7,45.37,10.55,Stroman Inc,,,false
88,3,0,26.95,6.36,Terry-Spencer,,,false
89,3,9,27.31,2.35,Schultz-Bradtke,,,false
90,3,3,18.25,7.91,Runolfsdottir-Harber,,,false
91,3,8,42.06,13.26,"Boyer, Mraz and Gutmann",,,false
92,3,5,42.13,3.79,Nitzsche-Mertz,,,false
93,3,9,49.86,1.38,Schulist-McLaughlin,,,false
94,3,0,46.06,7.07,Stiedemann-Smitham,,,false
95,3,9,30.27,6.65,"Greenholt, Murphy and Waelchi",,,false
96,3,0,25.49,1.59,Schuppe LLC,,,false
97,3,7,29.77,2.04,"D'Amore, Kshlerin and Mante",,,false
98,3,5,27.54,12.52,Bayer Group,,,false
99,3,5,45.9,3.88,Will-Mitchell,,,false
100,3,5,34.39,8.64,"McGlynn, Daugherty and Miller",,,false
101,3,9,24.98,4.08,Kuhn-Rosenbaum,,,false
