sku_id,location_id,quantity,price,cost,vendor,expiration_date,stock_type,deleted
1,1,2,25.58,8.89,"Runolfsson, Morissette and Bogan",,,false
2,1,6,17.5,7.43,"O'Reilly, Kautzer and Turcotte",,,false
3,1,5,36.3,8.07,Rempel-Dach,,,false
4,1,5,23.09,3.9,"Schuppe, Kessler and Cruickshank",,,false
5,1,10,35.48,4.3,"Herman, Murphy and Heathcote",,,false
6,1,10,27.93,8.89,Klocko Inc,,,false
7,1,9,32.5,13.46,Huels Inc,,,false
8,1,7,42.3,13.67,Kuvalis Group,,,false
9,1,3,28.99,1.79,Crist-Konopelski,,,false
10,1,7,23.52,14.31,Parisian-Bogan,,,false
11,1,7,24.75,7.17,"Walsh, Ratke and Blick",,,false
12,1,2,23.7,10.43,"Muller, Willms and Gusikowski",,,false
13,1,6,35.23,7.55,"Cremin, Bayer and Casper",,,false
14,1,9,48.26,5.12,Spencer LLC,,,false
15,1,4,17.2,12.5,Gusikowski-Mertz,,,false
16,1,8,26.98,11.49,Wiza LLC,,,false
17,1,0,34.58,2.65,Jaskolski Inc,,,false
18,1,8,24.9,14.28,"Cruickshank, Predovic and Klocko",,,false
19,1,3,25.83,8.9,Wisozk-Jenkins,,,false
20,1,5,46.64,10.15,Boyer-Cummings,,,false
21,1,8,19.53,7.64,Dickinson-Hermiston,,,false
22,1,7,33.72,1.07,Wyman and Sons,,,false
23,1,3,29.79,6.58,McDermott-Brown,,,false
24,1,3,29.92,9.64,"Blick, Kulas and Kassulke",,,false
25,1,4,19.74,6.41,Fritsch LLC,,,false
26,1,5,29.37,11.74,"Lang, Lockman and Corkery",,,false
27,1,3,37.82,8.91,Yundt Group,,,false
28,1,1,44.16,6.48,Russel and Sons,,,false
29,1,9,32.85,13.94,"Cassin, Toy and Boyer",,,false
30,1,3,39.49,6.74,Bartoletti LLC,,,false
31,1,7,40.2,14.3,Flatley-Funk,,,false
32,1,6,42.02,9.49,Champlin LLC,,,false
33,1,6,48.63,2.96,Pagac Inc,,,false
34,1,5,25.49,13.47,"Swift, Labadie and O'Reilly",,,false
35,1,1,19.21,4.76,Reynolds-Schaden,,,false
36,1,2,32.84,7.2,Erdman and Sons,,,false
37,1,7,33.95,14.45,"McGlynn, Durgan and Prosacco",,,false
38,1,8,29.14,13.93,"Brekke, Barton and Hodkiewicz",,,false
39,1,1,16.12,1.72,Dicki and Sons,,,false
40,1,3,24.94,10.58,Ritchie LLC,,,false
41,1,7,30.53,12.81,"Jones, Langworth and Schimmel",,,false
42,1,2,38.75,5.9,"Zieme, Hettinger and Barton",,,false
43,1,1,43.16,13.48,McCullough Group,,,false
44,1,9,45.23,5.06,Collier-Runolfsdottir,,,false
45,1,10,16.49,2.76,Russel and Sons,,,false
46,1,8,31.35,12.65,Grady-Padberg,,,false
47,1,3,45.94,13.35,Hauck Group,,,false
48,1,10,34.17,5.04,"Hansen, Cole and Kertzmann",,,false
49,1,3,46.89,9.98,"Bogan, Tillman and Monahan",,,false
50,1,6,20.96,11.51,Dibbert-Blanda,,,false
51,1,5,32.48,2.26,Hills-Swift,,,false
52,1,7,16.37,8.97,"Conn, Sawayn and Powlowski",,,false
53,1,7,36.05,1.06,"McGlynn, Parker and Langosh",,,false
54,1,10,40.98,9.17,Russel-Cummerata,,,false
55,1,6,29.62,4.23,Crooks-Wunsch,,,false
56,1,1,49.53,8.88,"Quitzon, Koch and Considine",,,false
57,1,1,33.22,8.5,Runolfsdottir-Hilpert,,,false
58,1,5,48.49,14.59,Mante-Koss,,,false
59,1,8,44.22,11.12,Turcotte-Berge,,,false
60,1,9,19.76,1.66,"Hamill, Ritchie and Harber",,,false
61,1,2,38.14,10.24,Hilll LLC,,,false
62,1,0,26.18,1.26,Walter-Quigley,,,false
63,1,3,31.17,14.04,Kutch-Predovic,,,false
64,1,3,30.62,14.75,"Steuber, O'Reilly and Hoeger",,,false
65,1,1,42.96,1.57,Dach and Sons,,,false
66,1,5,37.88,12.98,Mitchell Group,,,false
67,1,6,48.73,5.33,Runolfsson Inc,,,false
68,1,9,41.21,14.26,Hartmann-Bayer,,,false
69,1,3,49.97,9.88,"Paucek, Bruen and Barton",,,false
70,1,2,42.56,5.17,"Crona, Quitzon and Doyle",,,false
71,1,10,22.24,1.41,Erdman-Nicolas,,,false
72,1,6,39.71,7.61,Denesik-Jacobson,,,false
73,1,4,25.42,13.85,"Gislason, Cassin and Barton",,,false
74,1,9,43.07,3.59,Little-Farrell,,,false
75,1,3,15.94,4.29,"Mills, Hane and Rogahn",,,false
76,1,3,25.99,4.87,Doyle LLC,,,false
77,1,8,19.18,11.22,Anderson-Wiegand,,,false
78,1,9,46.85,1.73,Ledner Inc,,,false
79,1,1,39.82,14.92,Dach Inc,,,false
80,1,1,35.33,2.69,Gibson Inc,,,false
81,1,2,17.84,4.17,Treutel-Thompson,,,false
82,1,7,20.38,1.03,"Crooks, O'Kon and Beatty",,,false
83,1,0,37.56,4.5,Stroman-Reichel,,,false
84,1,4,28.65,11.36,Rau-Reynolds,,,false
85,1,1,37.04,13.21,Luettgen-Orn,,,false
86,1,2,36.76,5.29,"Boyer, Bergstrom and Denesik",,,false
87,1,3,43.52,7.42,D'Amore-Price,,,false
88,1,1,35.16,6.81,"Bednar, O'Kon and Murazik",,,false
89,1,2,29.99,4.6,"O'Kon, Friesen and McLaughlin",,,false
90,1,7,41.32,10.61,Boehm Inc,,,false
91,1,0,19.88,6.41,Shields LLC,,,false
92,1,0,42.66,2.97,"Hoppe, Grimes and Green",,,false
93,1,7,18.8,9.42,Miller-Gulgowski,,,false
94,1,7,44.83,14.06,Jones-Stokes,,,false
95,1,9,35.63,12.78,Funk LLC,,,false
96,1,9,16.44,11.62,Gibson-Frami,,,false
97,1,9,42.37,14.19,"Hegmann, Hermiston and Pollich",,,false
98,1,2,18.21,6.18,Wolf-D'Amore,,,false
99,1,9,40.93,6.45,Wehner LLC,,,false
100,1,2,18.71,11.55,Kris-Haley,,,false
101,1,3,31.45,10.17,"Feeney, Keeling and O'Reilly",,,false
1,2,7,32.87,1.28,Kutch LLC,,,false
2,2,9,24.26,10.01,"Corkery, Romaguera and Hagenes",,,false
3,2,3,19.58,5.82,Cormier-Batz,,,false
4,2,9,29.95,14.43,Fahey-O'Connell,,,false
5,2,6,15.06,14.23,"Hammes, Kuvalis and Osinski",,,false
6,2,0,22.33,10.34,Turner Inc,,,false
7,2,10,32.08,13.88,O'Reilly-Shields,,,false
8,2,5,44.61,4.68,Turner-Wisozk,,,false
9,2,0,31.27,6.99,Windler and Sons,,,false
10,2,9,31.99,11.81,"Green, Kertzmann and Roberts",,,false
11,2,6,15.57,1.99,Hintz Inc,,,false
12,2,10,21.02,8.97,Morissette-Langosh,,,false
13,2,2,37.9,1.84,"Schaden, Boyle and Terry",,,false
14,2,8,18.41,11.57,Hand Group,,,false
15,2,3,30.15,3.56,Gulgowski LLC,,,false
16,2,9,38.66,4.29,Frami Inc,,,false
17,2,8,40.4,10.09,D'Amore Group,,,false
18,2,2,31.25,2.97,Hilpert Group,,,false
19,2,5,17.7,7.83,Veum-Rowe,,,false
20,2,2,36.1,4.97,"Hoeger, Roob and Wintheiser",,,false
21,2,5,24.17,9.03,Erdman Group,,,false
22,2,9,18.97,10.58,"Schaefer, Schinner and Ziemann",,,false
23,2,7,29.03,6.9,Abernathy LLC,,,false
24,2,0,33.55,4.61,Nader Group,,,false
25,2,3,21.97,5.79,Bailey-Kirlin,,,false
26,2,6,18.14,12.53,"O'Keefe, Bogan and Skiles",,,false
27,2,6,44.66,3.11,"Hansen, Reichel and Harris",,,false
28,2,7,27.11,9.65,"Brekke, Windler and Stokes",,,false
29,2,8,40.61,10.35,Runolfsdottir and Sons,,,false
30,2,4,37.83,8.25,Gleason LLC,,,false
31,2,0,41.34,12.04,"Cremin, Gutkowski and Tromp",,,false
32,2,2,49.01,14.46,Medhurst-Stokes,,,false
33,2,4,39.32,14.09,O'Kon and Sons,,,false
34,2,3,29.86,6.59,Little Inc,,,false
35,2,2,23.57,9.12,Price-Anderson,,,false
36,2,0,26.14,8.09,"McClure, Schmidt and Cole",,,false
37,2,7,40.84,7.27,Auer-Orn,,,false
38,2,1,30.6,14.16,"Gibson, Altenwerth and Tromp",,,false
39,2,2,29.3,1.01,Terry-Streich,,,false
40,2,4,40.16,3.98,"Emard, Weber and Crona",,,false
41,2,3,36.32,5.69,Bauch Group,,,false
42,2,8,39.64,7.12,Boehm-Wisozk,,,false
43,2,2,34.75,12.58,"Hansen, Bernhard and Bayer",,,false
44,2,0,18.89,13.09,"Bartell, Tillman and Kunde",,,false
45,2,3,46.78,7.32,King LLC,,,false
46,2,10,20.45,4.5,Hodkiewicz-Considine,,,false
47,2,0,29.72,3.4,Schumm-Altenwerth,,,false
48,2,9,18.53,10.29,Vandervort Group,,,false
49,2,4,48.02,1.72,Lowe-Strosin,,,false
50,2,1,31.53,11.29,"Fahey, Jast and Jacobson",,,false
51,2,5,31.16,7.93,"Sauer, Graham and Maggio",,,false
52,2,2,29.54,5.81,Boehm LLC,,,false
53,2,4,45.01,9.03,Rath-Dickens,,,false
54,2,1,38.43,13.15,Lowe LLC,,,false
55,2,3,43.2,4.54,Buckridge-West,,,false
56,2,6,48.44,2.7,Lesch-Auer,,,false
57,2,10,36.29,7.19,"Tromp, Bode and Kerluke",,,false
58,2,7,15.92,13.79,Hintz-Brakus,,,false
59,2,0,31.22,6.57,Rempel and Sons,,,false
60,2,10,40.71,9.46,Howe Group,,,false
61,2,4,40.96,1.12,Moore-Cassin,,,false
62,2,0,25.74,1.89,Bergnaum Inc,,,false
63,2,6,41.33,2.56,Rau-Larkin,,,false
64,2,9,15.0,11.47,Lehner LLC,,,false
65,2,9,18.83,10.82,"Pacocha, Stoltenberg and Nader",,,false
66,2,5,33.91,10.9,Reichert-Hayes,,,false
67,2,8,23.58,14.48,Lesch-Hane,,,false
68,2,5,30.24,6.75,Wyman Inc,,,false
69,2,5,48.81,2.95,"Hagenes, Wehner and Prosacco",,,false
70,2,8,32.48,7.64,Luettgen-Roob,,,false
71,2,3,34.7,13.85,"Bailey, Gutkowski and McKenzie",,,false
72,2,6,18.65,13.06,Goyette and Sons,,,false
73,2,10,21.84,1.08,Gleichner LLC,,,false
74,2,2,41.08,1.57,Kuhlman LLC,,,false
75,2,10,25.95,5.63,Wisoky-Swift,,,false
76,2,5,21.26,2.57,Grimes Group,,,false
77,2,0,26.15,2.98,"Bashirian, Armstrong and Kling",,,false
78,2,6,39.57,12.61,Kunze-Wisozk,,,false
79,2,3,30.93,7.86,Hintz Group,,,false
80,2,3,48.97,9.91,Gleichner-Adams,,,false
81,2,7,28.14,3.86,"Yost, Klocko and Brown",,,false
82,2,3,20.78,9.66,"Hermiston, Parisian and Heller",,,false
83,2,8,41.34,4.98,Pouros-Paucek,,,false
84,2,0,15.13,7.24,"Runolfsdottir, DuBuque and Beatty",,,false
85,2,5,18.94,3.31,"Johns, Gerlach and Blanda",,,false
86,2,10,39.32,9.1,"Brown, Bins and Lehner",,,false
87,2,3,26.14,3.58,Hilll-Larkin,,,false
88,2,10,27.14,5.38,"Schamberger, Waelchi and Schinner",,,false
89,2,9,18.88,4.15,Emmerich-Will,,,false
90,2,4,47.6,11.24,"Barton, McCullough and Glover",,,false
91,2,7,42.03,8.97,Homenick LLC,,,false
92,2,0,31.34,3.91,Kuphal-Grimes,,,false
93,2,0,48.15,13.47,Kertzmann Group,,,false
94,2,8,34.49,3.25,Dibbert-Effertz,,,false
95,2,7,25.22,11.55,Jenkins Group,,,false
96,2,4,49.86,13.54,Will LLC,,,false
97,2,2,35.78,11.93,Spencer and Sons,,,false
98,2,2,23.53,1.36,"Sporer, O'Reilly and Gleichner",,,false
99,2,0,27.1,7.37,Stanton Group,,,false
100,2,1,29.82,10.48,McKenzie-Davis,,,false
101,2,2,48.08,10.73,Goyette Group,,,false
1,3,5,24.12,13.13,"Collins, McGlynn and Hoeger",,,false
2,3,10,30.19,10.33,Sauer-Kling,,,false
3,3,4,45.79,7.91,Bradtke-Kshlerin,,,false
4,3,3,45.4,10.1,Jones-Koepp,,,false
5,3,6,31.64,1.46,"Cronin, Reichert and Gottlieb",,,false
6,3,7,38.75,8.96,"Beatty, Ryan and Doyle",,,false
7,3,10,39.51,8.78,Kuhic LLC,,,false
8,3,9,22.04,9.91,Durgan-Wintheiser,,,false
9,3,4,38.99,5.14,Breitenberg Inc,,,false
10,3,7,21.58,2.47,Douglas Group,,,false
11,3,1,46.87,3.21,Thompson-Anderson,,,false
12,3,8,29.01,10.93,Cruickshank Group,,,false
13,3,2,35.31,9.33,Moen Inc,,,false
14,3,6,33.8,12.1,"Kris, Grant and Swaniawski",,,false
15,3,8,40.91,12.9,Bernhard and Sons,,,false
16,3,8,34.62,3.21,Corkery-Heller,,,false
17,3,4,38.16,10.91,Wisozk Inc,,,false
18,3,7,36.52,4.98,DuBuque-Mitchell,,,false
19,3,1,16.93,10.44,Harvey and Sons,,,false
20,3,7,35.3,3.72,Spencer-Hoeger,,,false
21,3,7,29.91,3.97,Bode-Nader,,,false
22,3,9,20.61,11.8,Mohr-Pfeffer,,,false
23,3,0,33.66,7.15,Fadel and Sons,,,false
24,3,5,17.68,3.81,Kub-Casper,,,false
25,3,1,42.26,5.06,"Mann, Herzog and Kutch",,,false
26,3,8,22.88,14.87,"Windler, Beatty and Jerde",,,false
27,3,0,45.08,13.17,Rippin-Langworth,,,false
28,3,8,42.94,13.25,Funk Inc,,,false
29,3,0,40.27,8.64,"Pagac, Renner and Schultz",,,false
30,3,6,42.09,7.63,Stehr Group,,,false
31,3,2,39.68,6.85,Trantow-Lowe,,,false
32,3,8,19.28,5.14,"Dibbert, Christiansen and Greenfelder",,,false
33,3,8,18.58,8.56,Kuhn-Dicki,,,false
34,3,1,35.66,12.97,"Russel, Hamill and Howe",,,false
35,3,3,41.93,8.19,Reilly LLC,,,false
36,3,0,40.22,14.44,"Littel, Schimmel and Sawayn",,,false
37,3,8,37.56,10.63,"Renner, Feeney and Bruen",,,false
38,3,0,47.1,13.45,Mertz-Nicolas,,,false
39,3,0,30.07,7.93,"Rippin, Kuphal and Balistreri",,,false
40,3,10,27.83,5.06,"Bins, Reinger and Welch",,,false
41,3,9,24.19,2.62,Hyatt-Yundt,,,false
42,3,1,49.89,3.51,"Shanahan, Fay and Lindgren",,,false
43,3,4,34.19,6.2,"Klocko, Waelchi and Collier",,,false
44,3,8,41.51,12.93,"Denesik, Wiegand and Baumbach",,,false
45,3,8,17.71,7.59,Satterfield LLC,,,false
46,3,2,45.51,9.63,"Sipes, Franecki and Cole",,,false
47,3,6,39.33,9.79,"Satterfield, Sporer and Jenkins",,,false
48,3,2,48.38,3.89,"Gislason, Walter and Armstrong",,,false
49,3,7,45.72,4.05,"Reinger, Lehner and Wyman",,,false
50,3,10,17.21,7.39,"Wolff, Cassin and Kautzer",,,false
51,3,2,48.76,12.96,Larson-Bechtelar,,,false
52,3,0,34.78,2.75,Weber-Yundt,,,false
53,3,1,31.46,11.8,Welch-Franecki,,,false
54,3,3,21.1,5.57,Grant-Ritchie,,,false
55,3,8,44.09,3.0,Klein-Reichel,,,false
56,3,2,43.95,11.39,Armstrong-Ziemann,,,false
57,3,10,33.26,13.67,Kris Inc,,,false
58,3,4,25.13,13.3,Sanford-Morar,,,false
59,3,6,20.82,4.89,"Romaguera, Hintz and McDermott",,,false
60,3,7,29.82,2.59,"Satterfield, Lowe and Larkin",,,false
61,3,2,39.06,7.63,Jast Inc,,,false
62,3,10,27.66,4.07,Kassulke Inc,,,false
63,3,6,42.78,4.91,Williamson-Bosco,,,false
64,3,3,43.51,10.32,"Schuppe, Macejkovic and Herman",,,false
65,3,0,23.49,10.97,Bartell and Sons,,,false
66,3,8,31.81,1.27,Block-Murazik,,,false
67,3,6,39.09,6.19,"Watsica, McKenzie and Boehm",,,false
68,3,10,44.07,8.62,Rutherford LLC,,,false
69,3,7,32.44,1.88,DuBuque Inc,,,false
70,3,1,48.72,7.9,Jenkins and Sons,,,false
71,3,5,39.47,5.34,Koepp-Daniel,,,false
72,3,2,16.18,6.89,"Harvey, MacGyver and Brakus",,,false
73,3,6,19.38,12.65,Yost and Sons,,,false
74,3,3,49.83,4.18,"Hagenes, Schultz and Farrell",,,false
75,3,4,48.3,12.76,"O'Conner, Hilpert and Kling",,,false
76,3,0,29.6,1.54,Pollich LLC,,,false
77,3,8,25.84,8.98,Emard-Lind,,,false
78,3,5,19.01,1.22,"Raynor, Bayer and Medhurst",,,false
79,3,4,45.65,5.99,Leuschke-Labadie,,,false
80,3,7,41.27,12.67,Rippin and Sons,,,false
81,3,10,45.69,10.83,Balistreri and Sons,,,false
82,3,10,28.89,4.63,Von-Kemmer,,,false
83,3,6,32.05,13.7,Mante-Wunsch,,,false
84,3,7,47.33,9.37,"Stokes, Turner and Wehner",,,false
85,3,4,28.86,9.28,"Morar, Ritchie and Haag",,,false
86,3,4,18.69,4.81,Leannon Group,,,false
87,3,0,43.29,6.61,Medhurst Inc,,,false
88,3,6,38.9,6.02,Kshlerin-Robel,,,false
89,3,2,24.68,8.54,Wolff and Sons,,,false
90,3,10,24.12,2.48,Upton Inc,,,false
91,3,6,49.77,2.44,Stracke Group,,,false
92,3,10,45.56,9.59,"Champlin, Boyer and Corwin",,,false
93,3,1,45.73,10.49,"Rosenbaum, Roob and Quitzon",,,false
94,3,9,39.0,7.73,Lehner-Flatley,,,false
95,3,9,44.63,11.6,Dare Group,,,false
96,3,3,35.98,7.58,"Smith, Hills and Kiehn",,,false
97,3,7,48.79,9.06,Boyer Group,,,false
98,3,4,26.29,14.09,Jacobi LLC,,,false
99,3,3,17.2,4.51,Kreiger LLC,,,false
100,3,0,43.65,10.21,Batz-Hansen,,,false
101,3,9,28.73,3.57,Leuschke-Purdy,,,false
