sku_id,location_id,quantity,price,cost,vendor,expiration_date,stock_type,deleted
1,1,10,34.65,5.49,Jast Group,,,false
2,1,4,28.52,6.47,Pacocha-Hand,,,false
3,1,7,21.29,11.91,Collins Group,,,false
4,1,10,47.94,13.54,Kovacek and Sons,,,false
5,1,6,38.93,11.96,"Schimmel, Nolan and Stokes",,,false
6,1,8,22.99,7.1,"Reichert, Johns and Huels",,,false
7,1,9,38.6,13.58,"Daniel, Okuneva and O'Hara",,,false
8,1,10,45.32,7.91,"Gusikowski, Goldner and Marquardt",,,false
9,1,10,39.74,12.44,"Bogan, Torp and Skiles",,,false
10,1,3,21.06,12.38,Hintz-Kemmer,,,false
11,1,4,27.89,9.19,"Wisozk, Nitzsche and Collins",,,false
12,1,4,43.5,1.77,Harber Group,,,false
13,1,6,46.73,12.82,"Johns, Rempel and Sawayn",,,false
14,1,6,40.59,11.23,Ankunding Inc,,,false
15,1,8,49.37,4.2,"Schaefer, Hammes and Rohan",,,false
16,1,8,18.44,4.81,Spencer Group,,,false
17,1,0,48.26,14.04,"Braun, Gorczany and Krajcik",,,false
18,1,8,49.43,2.13,Ward LLC,,,false
19,1,5,27.73,11.22,Williamson-Rosenbaum,,,false
20,1,1,27.32,10.7,"Cummings, Lowe and Nicolas",,,false
21,1,1,28.98,2.81,Mohr-Gibson,,,false
22,1,1,36.61,12.97,Harris-Konopelski,,,false
23,1,6,26.76,8.26,Howell and Sons,,,false
24,1,6,39.49,1.2,Fahey Inc,,,false
25,1,6,35.84,3.43,Hermiston-Weber,,,false
26,1,2,36.46,10.16,Marquardt-Paucek,,,false
27,1,10,15.49,3.35,"Keebler, Wolf and Roberts",,,false
28,1,10,23.4,1.04,"Kunde, Ebert and Wiegand",,,false
29,1,9,25.44,9.42,McDermott-Kihn,,,false
30,1,1,43.53,11.43,"Schowalter, Schmitt and Schmitt",,,false
31,1,3,24.02,1.23,Jones-Beahan,,,false
32,1,0,33.86,8.7,Spinka Group,,,false
33,1,1,20.67,4.1,Stark-Fay,,,false
34,1,6,16.46,4.55,Marks Inc,,,false
35,1,2,39.02,3.37,"Wisoky, Cassin and Lebsack",,,false
36,1,5,16.26,9.23,Towne Inc,,,false
37,1,9,32.63,6.46,"Metz, Weissnat and Auer",,,false
38,1,0,30.91,12.34,"Dickens, Bradtke and Hintz",,,false
39,1,10,36.4,12.74,"Schaefer, O'Connell and Bode",,,false
40,1,6,27.9,12.99,"Kozey, Funk and Walker",,,false
41,1,7,27.26,4.3,Thompson-Morissette,,,false
42,1,7,42.87,13.13,Carter-Stark,,,false
43,1,8,40.02,2.1,"Leannon, Carter and Dietrich",,,false
44,1,5,17.12,12.03,Pagac Group,,,false
45,1,2,46.93,13.46,Russel and Sons,,,false
46,1,0,49.4,8.62,"Huels, Emard and Thiel",,,false
47,1,4,45.79,5.73,Wintheiser-Davis,,,false
48,1,2,40.68,2.76,Schamberger Inc,,,false
49,1,6,49.53,14.54,"Blanda, McClure and Berge",,,false
50,1,1,21.55,14.03,Bashirian Group,,,false
51,1,4,23.8,8.3,Donnelly LLC,,,false
52,1,6,30.4,5.41,Zemlak-Moen,,,false
53,1,0,29.35,5.96,"Barrows, Doyle and Jacobi",,,false
54,1,1,45.55,3.35,"Sipes, Crona and Bashirian",,,false
55,1,1,19.17,9.84,Ritchie LLC,,,false
56,1,3,17.44,13.09,Hegmann Group,,,false
57,1,6,30.86,1.25,"Gusikowski, Reinger and Boyle",,,false
58,1,3,44.57,3.02,Grant and Sons,,,false
59,1,3,34.78,5.03,McCullough and Sons,,,false
60,1,5,33.07,11.07,Baumbach and Sons,,,false
61,1,2,41.82,4.53,"Mante, Thompson and Fritsch",,,false
62,1,0,18.16,12.78,"Bernhard, Mitchell and Funk",,,false
63,1,6,44.28,12.39,Marks-Hyatt,,,false
64,1,4,46.41,2.52,"Johns, Labadie and Volkman",,,false
65,1,5,24.75,8.02,"Kuhn, Fadel and Boyle",,,false
66,1,3,20.34,1.57,"Wolf, Bruen and Sauer",,,false
67,1,0,27.16,6.5,"Price, Schiller and Schuster",,,false
68,1,7,31.28,11.97,McLaughlin LLC,,,false
69,1,0,18.94,1.82,Schuster LLC,,,false
70,1,3,35.17,2.48,Friesen-Bashirian,,,false
71,1,3,40.47,4.97,Block LLC,,,false
72,1,0,26.6,10.28,Christiansen LLC,,,false
73,1,9,47.57,11.22,"Fadel, Wilkinson and Wiegand",,,false
74,1,9,43.4,13.27,Gutkowski LLC,,,false
75,1,9,49.68,4.63,"Ankunding, Koch and Ullrich",,,false
76,1,2,28.11,10.53,Haley Group,,,false
77,1,3,32.53,4.63,Hackett Inc,,,false
78,1,0,28.49,10.68,Carroll Inc,,,false
79,1,6,45.61,1.69,Prosacco LLC,,,false
80,1,7,28.11,14.57,"Hudson, Kiehn and Hackett",,,false
81,1,1,45.91,12.29,Terry LLC,,,false
82,1,1,32.45,6.86,"Steuber, Wisozk and Green",,,false
83,1,8,46.2,9.14,Towne-Huel,,,false
84,1,9,37.31,10.38,"Stark, Mertz and Wiegand",,,false
85,1,2,38.22,7.7,Dickens-Weimann,,,false
86,1,2,15.47,1.14,"Pfeffer, Parisian and Hammes",,,false
87,1,6,27.82,9.15,Miller Group,,,false
88,1,5,23.85,13.46,Lebsack-Jenkins,,,false
89,1,3,48.82,9.11,Rogahn Group,,,false
90,1,9,47.84,9.7,Beer Group,,,false
91,1,0,15.65,1.56,"Wunsch, Beahan and Hessel",,,false
92,1,8,26.64,5.76,Schaefer LLC,,,false
93,1,9,42.79,14.13,Little-Batz,,,false
94,1,10,37.63,10.77,O'Connell-Carter,,,false
95,1,2,41.12,6.84,Kub-Spencer,,,false
96,1,9,36.07,4.09,"McLaughlin, Lowe and Hayes",,,false
97,1,9,37.34,4.76,Ryan LLC,,,false
98,1,2,15.65,11.12,Weimann-Hintz,,,false
99,1,3,37.0,8.17,"Pfannerstill, Stroman and Leffler",,,false
100,1,3,28.62,8.88,"Christiansen, Balistreri and O'Kon",,,false
101,1,4,15.39,1.45,"Homenick, Davis and Considine",,,false
1,2,4,30.03,10.89,Bernier LLC,,,false
2,2,6,27.28,5.86,Lueilwitz-Abernathy,,,false
3,2,6,39.03,7.28,Skiles Inc,,,false
4,2,6,27.09,12.5,Wehner-Ankunding,,,false
5,2,3,37.28,6.7,Daugherty LLC,,,false
6,2,4,25.98,14.08,Dach Group,,,false
7,2,3,20.29,4.42,Medhurst Group,,,false
8,2,1,44.86,10.18,Krajcik-Corkery,,,false
9,2,0,21.17,3.83,"Brekke, Hoeger and Kreiger",,,false
10,2,5,18.31,7.5,"O'Hara, Thompson and Nolan",,,false
11,2,7,44.86,14.31,Mohr LLC,,,false
12,2,0,41.76,5.5,Herman Group,,,false
13,2,9,33.99,8.23,"Shanahan, Heaney and Brown",,,false
14,2,8,44.17,14.03,Smith LLC,,,false
15,2,10,18.3,13.52,Hoeger-Will,,,false
16,2,7,15.49,11.22,"Sipes, West and Rogahn",,,false
17,2,6,38.98,6.29,Mann-Schaefer,,,false
18,2,1,25.16,2.84,Heaney Group,,,false
19,2,8,28.32,1.98,Larson and Sons,,,false
20,2,5,31.11,12.94,Sanford-Kihn,,,false
21,2,5,18.48,11.66,Schinner Group,,,false
22,2,0,16.22,1.37,"Rosenbaum, Jacobs and Green",,,false
23,2,3,45.82,8.53,"Hammes, Emmerich and Towne",,,false
24,2,1,48.27,4.75,Wolff-Watsica,,,false
25,2,10,43.81,9.21,"Bashirian, Moore and Blanda",,,false
26,2,4,42.39,11.85,Bernier-Altenwerth,,,false
27,2,5,39.4,3.24,Rippin-Johnson,,,false
28,2,3,23.97,6.66,"Dibbert, Powlowski and Runolfsdottir",,,false
29,2,4,19.47,6.66,Bailey-Deckow,,,false
30,2,6,21.49,11.98,Zboncak-Hagenes,,,false
31,2,1,30.9,6.47,Schiller Inc,,,false
32,2,2,46.07,4.15,Jones LLC,,,false
33,2,2,30.56,9.13,Hamill-Keeling,,,false
34,2,2,32.47,14.43,Rowe-Romaguera,,,false
35,2,9,38.68,6.31,VonRueden LLC,,,false
36,2,3,35.42,14.13,Wisoky-Mosciski,,,false
37,2,3,32.23,8.33,Dare-Klocko,,,false
38,2,0,33.04,1.4,Vandervort-Schowalter,,,false
39,2,10,36.26,3.66,"Lemke, Conn and Collier",,,false
40,2,5,45.15,14.77,Leffler-Crona,,,false
41,2,3,19.0,5.95,Leffler LLC,,,false
42,2,7,23.07,5.06,"Pouros, Thiel and Dicki",,,false
43,2,10,20.21,9.62,O'Kon-Wyman,,,false
44,2,8,34.48,2.97,Koch-Lang,,,false
45,2,3,27.3,9.82,Towne-Brekke,,,false
46,2,9,23.22,6.45,"Leuschke, Grady and Leannon",,,false
47,2,6,17.64,4.96,Kris-Mante,,,false
48,2,7,15.52,6.63,Fritsch and Sons,,,false
97,3,1,17.62,9.14,Kohler Inc,,,false
49,2,10,45.75,12.22,Wilderman-Predovic,,,false
50,2,6,20.16,1.67,Lowe-Koepp,,,false
51,2,1,39.1,1.78,Abernathy Inc,,,false
52,2,2,34.06,3.28,Heidenreich-Schumm,,,false
53,2,2,39.88,11.72,Rippin-Ryan,,,false
54,2,2,43.51,5.3,Christiansen-Moore,,,false
55,2,9,46.32,1.57,Kuvalis and Sons,,,false
56,2,8,48.26,4.02,Schuppe-Deckow,,,false
57,2,3,22.85,7.54,Will-Kautzer,,,false
58,2,4,19.29,5.64,McCullough-Pagac,,,false
59,2,8,30.55,5.76,"Schimmel, Sauer and Carter",,,false
60,2,6,20.53,13.76,Bergnaum-Tremblay,,,false
61,2,4,42.99,3.21,"Stoltenberg, Upton and Rogahn",,,false
62,2,3,31.79,6.8,Beahan and Sons,,,false
63,2,10,27.67,14.78,Bartoletti-Hirthe,,,false
64,2,9,48.2,12.41,Bechtelar Inc,,,false
65,2,7,43.46,12.06,Ernser-Hayes,,,false
66,2,0,41.7,9.1,Boehm and Sons,,,false
67,2,5,16.4,6.29,"Abbott, Pagac and Kirlin",,,false
68,2,1,28.36,13.03,"Hudson, Rogahn and Beahan",,,false
69,2,3,49.23,11.89,"Daugherty, Wilkinson and Kuhic",,,false
70,2,6,15.96,14.84,"Wiza, Schuppe and Kreiger",,,false
71,2,6,16.79,10.21,"Fritsch, White and Rice",,,false
72,2,3,48.98,11.79,Collier-Watsica,,,false
73,2,7,33.54,1.16,"Parker, Langworth and Bode",,,false
74,2,7,17.41,4.62,Turner Group,,,false
75,2,2,16.9,12.28,Leannon LLC,,,false
76,2,9,32.74,12.87,Koepp-Bogisich,,,false
77,2,4,34.17,2.03,Sipes-Kertzmann,,,false
78,2,4,15.57,6.35,Beatty-Skiles,,,false
79,2,10,34.0,5.62,Greenfelder Inc,,,false
80,2,2,38.77,5.53,Lubowitz Group,,,false
81,2,3,17.34,13.59,Okuneva Inc,,,false
82,2,9,40.51,2.54,"Mills, Jaskolski and Botsford",,,false
83,2,1,42.17,9.62,"Leffler, Christiansen and Abernathy",,,false
84,2,2,37.61,7.12,Mitchell-Gibson,,,false
85,2,3,27.14,7.94,Hyatt-Bradtke,,,false
86,2,4,34.39,2.92,Berge-Ebert,,,false
87,2,8,39.38,6.25,Ullrich Group,,,false
88,2,0,25.15,7.49,Johns LLC,,,false
89,2,2,45.82,8.84,Kub-Jast,,,false
90,2,3,40.35,6.54,Schowalter Inc,,,false
91,2,7,27.8,2.51,"Breitenberg, MacGyver and Crooks",,,false
92,2,2,40.66,12.13,"Hagenes, Wolff and Walker",,,false
93,2,10,15.93,6.85,"Harvey, Bernhard and Haley",,,false
94,2,4,16.52,4.88,"Kozey, Bailey and Lindgren",,,false
95,2,1,16.94,1.14,Olson Inc,,,false
96,2,7,41.51,5.25,"Crooks, Ziemann and Boyer",,,false
97,2,2,49.04,12.59,Rice-Larkin,,,false
98,2,1,24.49,11.4,"Hermiston, Hessel and Torphy",,,false
99,2,0,29.09,7.29,Watsica Group,,,false
100,2,5,21.58,10.32,"Kunze, Jacobson and Emmerich",,,false
101,2,5,26.38,13.99,Mann-Keeling,,,false
1,3,2,25.65,1.36,Hegmann LLC,,,false
2,3,3,41.1,11.72,Gorczany-Koepp,,,false
3,3,9,17.11,5.52,"Reichert, Robel and Little",,,false
4,3,0,40.01,1.9,Lubowitz-Mraz,,,false
5,3,1,46.42,2.43,"Kilback, Waters and Anderson",,,false
6,3,5,48.42,3.3,Gutmann-Schuster,,,false
7,3,6,44.21,2.29,"Adams, Jacobi and MacGyver",,,false
8,3,0,33.3,8.99,Legros Inc,,,false
9,3,4,28.43,7.58,"Schowalter, Labadie and Sporer",,,false
10,3,9,18.03,10.7,DuBuque LLC,,,false
11,3,3,45.08,6.14,"Cummings, Schneider and Waters",,,false
12,3,7,15.19,6.97,Zieme-Sawayn,,,false
13,3,10,41.25,2.33,Jones Group,,,false
14,3,2,43.43,8.67,Schaefer-Brekke,,,false
15,3,6,17.69,3.76,"Nitzsche, Koch and Hodkiewicz",,,false
16,3,10,48.11,11.64,Champlin Group,,,false
17,3,7,17.73,4.97,Rempel and Sons,,,false
18,3,7,24.73,3.5,Hackett and Sons,,,false
19,3,9,20.48,8.83,"Padberg, Kautzer and Carter",,,false
20,3,6,17.99,1.48,"Gerlach, Osinski and Ratke",,,false
21,3,7,37.23,1.27,Kirlin-Walsh,,,false
22,3,10,41.26,5.86,Adams and Sons,,,false
23,3,0,19.31,3.74,"Monahan, Oberbrunner and Littel",,,false
24,3,2,42.79,13.81,"Quitzon, Pouros and Rempel",,,false
25,3,3,42.12,7.28,Greenfelder Inc,,,false
26,3,9,27.96,2.24,Hane-Glover,,,false
27,3,4,18.04,3.66,Funk LLC,,,false
28,3,2,19.94,1.81,"Towne, McCullough and Kozey",,,false
29,3,5,33.75,7.69,Cummerata-Heller,,,false
30,3,8,30.58,5.79,Jast Group,,,false
31,3,6,30.17,2.24,"Frami, Goodwin and Hirthe",,,false
32,3,0,34.44,2.26,"Price, Robel and Yost",,,false
33,3,4,37.48,1.58,"Bashirian, Bahringer and Feest",,,false
34,3,7,42.67,5.47,"Kirlin, Torphy and Cruickshank",,,false
35,3,3,47.78,10.57,Murazik-Moore,,,false
36,3,2,41.28,4.18,"Conn, Block and Pacocha",,,false
37,3,5,18.11,8.01,"Rogahn, Bode and Reichert",,,false
38,3,1,36.55,4.29,Berge-Kuhic,,,false
39,3,1,24.66,10.18,Stark Group,,,false
40,3,6,37.51,6.17,"Koelpin, Rogahn and Gleason",,,false
41,3,0,40.89,13.79,Wilkinson and Sons,,,false
42,3,0,17.86,13.4,"Turner, Hagenes and Yundt",,,false
43,3,8,25.97,4.34,Rippin-Roob,,,false
44,3,5,16.98,8.07,Larkin-Quigley,,,false
45,3,8,18.01,2.0,Heaney-Becker,,,false
46,3,10,48.68,7.98,Grady and Sons,,,false
47,3,1,42.07,7.31,Green-Considine,,,false
48,3,10,24.39,10.84,"Kozey, Beier and Bartoletti",,,false
49,3,2,25.14,1.98,Jaskolski and Sons,,,false
50,3,10,31.71,10.7,Wehner Group,,,false
51,3,7,26.94,4.01,"Kub, Hand and Schmeler",,,false
52,3,7,48.31,14.06,Kertzmann Group,,,false
53,3,1,36.13,12.52,Veum and Sons,,,false
54,3,2,21.22,11.48,Quitzon-Green,,,false
55,3,7,33.66,3.48,Farrell-Dickinson,,,false
56,3,9,47.89,14.73,Boyle-Anderson,,,false
57,3,9,38.43,5.82,"Kreiger, Howell and Johns",,,false
58,3,5,36.62,10.15,Trantow Inc,,,false
59,3,10,29.21,1.23,Klocko-Homenick,,,false
60,3,6,35.64,5.38,"Brekke, Bernier and Hickle",,,false
61,3,7,27.38,7.85,"Berge, Prohaska and Yundt",,,false
62,3,5,28.68,7.29,Goodwin Group,,,false
63,3,3,42.87,8.56,Bernier Inc,,,false
64,3,8,22.62,6.39,Schimmel Group,,,false
65,3,5,45.38,4.65,"Sawayn, Harris and Schmitt",,,false
66,3,9,31.55,14.52,Marks-Senger,,,false
67,3,6,27.92,10.24,Pacocha-Gerlach,,,false
68,3,2,32.66,7.34,Keebler-Strosin,,,false
69,3,5,44.3,7.52,Kshlerin Inc,,,false
70,3,3,47.25,12.71,"Stroman, Ferry and Veum",,,false
71,3,10,16.07,4.62,Jacobs-Mayer,,,false
72,3,4,25.65,7.18,"Stehr, Wisozk and Koelpin",,,false
73,3,6,26.7,5.68,"Murazik, Hudson and Fritsch",,,false
74,3,4,48.19,11.8,Schulist-Rippin,,,false
75,3,1,41.49,14.19,Ziemann Inc,,,false
76,3,10,40.54,5.52,Stroman Group,,,false
77,3,0,16.37,14.97,Ondricka-Connelly,,,false
78,3,7,38.03,12.29,Kessler and Sons,,,false
79,3,2,38.64,5.24,"Lehner, Shields and Simonis",,,false
80,3,4,23.56,9.81,Klein Group,,,false
81,3,6,47.68,3.32,Ruecker and Sons,,,false
82,3,7,28.06,1.76,Crona Inc,,,false
83,3,2,30.42,11.98,Rice-Strosin,,,false
84,3,2,40.38,9.12,Harvey Group,,,false
85,3,0,45.2,9.95,Homenick Inc,,,false
86,3,2,21.48,8.61,Carroll-Crooks,,,false
87,3,9,39.27,5.81,"Ziemann, Zboncak and Swaniawski",,,false
88,3,9,24.72,11.4,Haag-Ritchie,,,false
89,3,6,23.15,1.53,Klocko-Rutherford,,,false
90,3,2,40.11,1.59,Bode-Kunde,,,false
91,3,5,42.78,7.12,"Schuppe, Russel and Beahan",,,false
92,3,2,26.51,1.67,Lynch-Bergnaum,,,false
93,3,1,45.89,1.95,Pacocha-Ankunding,,,false
94,3,9,26.55,9.04,Kovacek LLC,,,false
95,3,0,26.07,2.19,Blanda-Mertz,,,false
96,3,6,33.47,10.94,"Renner, Ernser and Mraz",,,false
98,3,1,23.21,3.77,Hilll Inc,,,false
99,3,7,32.94,4.95,Schmitt Group,,,false
100,3,7,47.26,9.45,"Hegmann, Nikolaus and Hoppe",,,false
101,3,0,41.13,11.71,Breitenberg and Sons,,,false
