sku_id,location_id,quantity,price,cost,vendor,expiration_date,stock_type,deleted
1,1,5,24.1,14.76,O'Reilly-Donnelly,,,false
2,1,5,19.44,7.22,Gibson Group,,,false
3,1,8,23.48,11.65,Prohaska and Sons,,,false
4,1,1,20.36,8.97,Barrows Inc,,,false
5,1,5,42.33,11.0,Glover and Sons,,,false
6,1,6,23.0,9.01,Hegmann-Runte,,,false
7,1,5,32.06,5.49,Collier Group,,,false
8,1,9,36.09,13.27,"Beer, Koch and Miller",,,false
9,1,5,49.85,2.94,Doyle Group,,,false
10,1,8,41.43,6.5,Halvorson Inc,,,false
11,1,6,29.32,7.34,"Price, Ruecker and Friesen",,,false
12,1,8,18.88,2.55,Wunsch-Keeling,,,false
13,1,5,47.75,14.07,Kuphal LLC,,,false
14,1,2,44.87,3.07,Tromp LLC,,,false
15,1,5,32.78,13.46,Haag-Heaney,,,false
16,1,4,44.34,10.24,Emard Inc,,,false
17,1,2,47.92,14.07,Herzog-Herman,,,false
18,1,4,34.11,3.95,Hackett-Johnston,,,false
19,1,4,34.57,13.79,"Ernser, Jaskolski and Wunsch",,,false
20,1,0,15.75,4.41,Emmerich LLC,,,false
21,1,3,20.82,7.87,"Upton, Olson and Hills",,,false
22,1,5,15.87,5.05,Marks LLC,,,false
23,1,3,46.64,8.91,Schumm LLC,,,false
24,1,6,38.04,7.66,"Pacocha, Greenholt and Yundt",,,false
25,1,5,43.91,12.79,Hickle-Hayes,,,false
26,1,1,24.79,2.57,Reichert Inc,,,false
27,1,8,42.06,8.24,"Runolfsdottir, Murazik and Koch",,,false
28,1,7,37.87,10.51,Hilpert LLC,,,false
29,1,8,29.82,3.97,Cummings-Bayer,,,false
30,1,7,44.86,1.3,West-Rempel,,,false
31,1,5,16.77,12.89,Cummings LLC,,,false
32,1,7,41.53,2.62,Schaden-Beahan,,,false
33,1,1,25.88,6.54,"Gutmann, Green and Hammes",,,false
34,1,6,39.32,4.75,Murray and Sons,,,false
35,1,10,16.24,4.52,Barrows and Sons,,,false
36,1,6,32.72,10.56,Rosenbaum LLC,,,false
37,1,9,38.82,1.63,"Gottlieb, Hilpert and Collins",,,false
38,1,4,33.67,13.53,Paucek-Olson,,,false
39,1,3,24.14,12.68,Collier Inc,,,false
40,1,1,31.72,8.03,"Grimes, Huels and Hamill",,,false
41,1,7,48.26,10.73,"Wilkinson, O'Reilly and Davis",,,false
42,1,2,22.55,13.21,Mante LLC,,,false
43,1,2,42.2,11.14,Jacobs and Sons,,,false
44,1,5,26.08,2.49,Paucek-Lowe,,,false
45,1,8,36.37,4.52,"Walsh, Skiles and Lowe",,,false
46,1,3,26.98,5.66,"O'Kon, Smitham and Schmidt",,,false
47,1,1,34.99,10.46,Steuber-Zboncak,,,false
48,1,6,16.07,14.12,"McKenzie, Ratke and Harber",,,false
49,1,7,45.76,1.05,Rolfson-Hoppe,,,false
50,1,4,39.21,6.82,"Steuber, Hoppe and Heathcote",,,false
51,1,9,29.17,8.14,Jones-Leannon,,,false
52,1,8,17.02,6.21,Wiegand-McGlynn,,,false
53,1,9,38.97,11.69,"Mertz, Beahan and Fahey",,,false
54,1,7,34.78,11.83,"Smith, Conn and Murazik",,,false
55,1,0,43.64,9.94,"Breitenberg, Cruickshank and Schoen",,,false
56,1,9,27.91,11.48,"Murphy, Mante and Barrows",,,false
57,1,1,44.96,8.77,Nader Group,,,false
58,1,2,43.3,9.26,Boehm-Breitenberg,,,false
59,1,1,28.56,5.84,Schmeler and Sons,,,false
60,1,7,30.31,4.1,Fay and Sons,,,false
61,1,3,46.97,1.03,Mertz LLC,,,false
62,1,3,37.22,9.59,"Williamson, Steuber and Kling",,,false
63,1,1,34.04,3.37,"Padberg, Grant and Hyatt",,,false
64,1,10,22.58,12.25,Larson Inc,,,false
65,1,9,19.92,7.92,Yundt-Deckow,,,false
66,1,9,35.19,6.64,"Collins, Purdy and Morar",,,false
67,1,1,37.75,8.13,Yost-Price,,,false
68,1,0,25.91,12.92,Murphy and Sons,,,false
69,1,10,15.71,11.12,Ernser LLC,,,false
70,1,10,23.73,5.14,Hegmann Inc,,,false
71,1,5,30.38,5.65,Bradtke Group,,,false
72,1,5,44.14,1.92,O'Conner-Erdman,,,false
73,1,6,18.03,3.48,Ledner-Farrell,,,false
74,1,7,31.96,9.75,"Adams, Welch and Barton",,,false
75,1,6,21.89,6.99,"Rosenbaum, Krajcik and Veum",,,false
76,1,6,26.02,1.8,Fisher LLC,,,false
77,1,10,38.25,10.38,Moen LLC,,,false
78,1,2,19.03,10.92,"Sporer, Kreiger and Macejkovic",,,false
79,1,0,24.2,2.49,Little Inc,,,false
80,1,8,48.16,9.3,Kunze Group,,,false
81,1,2,18.48,1.54,Terry Inc,,,false
82,1,6,36.91,2.68,Zboncak and Sons,,,false
83,1,9,46.23,6.74,"Spinka, Schroeder and Morissette",,,false
84,1,0,45.4,14.22,Waelchi Inc,,,false
85,1,1,20.44,11.5,Price and Sons,,,false
86,1,5,25.24,4.17,Lehner-Kub,,,false
87,1,0,18.99,11.26,Harvey-Jerde,,,false
88,1,9,23.43,7.61,"Brown, O'Kon and Kovacek",,,false
89,1,9,26.02,1.5,Huels LLC,,,false
90,1,10,15.84,7.03,Predovic LLC,,,false
91,1,8,37.19,14.89,"Veum, Marks and Lehner",,,false
92,1,8,27.18,3.13,Gulgowski Inc,,,false
93,1,6,23.73,4.6,Effertz-Armstrong,,,false
94,1,5,42.67,4.15,Rowe-Kirlin,,,false
95,1,5,25.05,8.66,Nikolaus Inc,,,false
96,1,6,16.12,5.75,Goyette Group,,,false
97,1,0,33.96,7.39,"Pacocha, Bartoletti and Klein",,,false
98,1,1,46.4,12.06,Marvin Inc,,,false
99,1,2,35.37,14.06,Grady LLC,,,false
100,1,2,44.66,11.0,Yundt-Oberbrunner,,,false
101,1,3,20.47,11.67,Schowalter-Schaden,,,false
1,2,4,21.29,13.63,Torphy-Schneider,,,false
2,2,4,28.06,10.93,Boyle-Nicolas,,,false
3,2,8,30.39,2.83,Prosacco LLC,,,false
4,2,8,26.32,6.75,Donnelly-Zemlak,,,false
5,2,6,22.25,12.85,"Collins, Streich and Bernier",,,false
6,2,2,20.02,6.42,Kunze Group,,,false
7,2,10,37.48,9.93,"Smith, Raynor and Corwin",,,false
8,2,6,18.12,10.95,Padberg-Braun,,,false
9,2,7,30.82,7.99,Kilback-Roberts,,,false
10,2,8,31.3,14.39,Kessler-Sauer,,,false
11,2,8,22.19,7.91,"Schamberger, Hintz and Schaefer",,,false
12,2,3,32.53,12.08,Hudson Inc,,,false
13,2,2,40.4,1.84,Yundt LLC,,,false
14,2,1,26.01,2.06,Glover LLC,,,false
15,2,3,32.53,10.64,"Shanahan, Kutch and Wehner",,,false
16,2,5,20.67,10.81,"Emard, Weissnat and Mann",,,false
17,2,8,45.18,5.64,Parisian and Sons,,,false
18,2,2,26.08,8.15,Spencer-Anderson,,,false
19,2,10,19.8,5.25,Rippin-Kris,,,false
20,2,7,49.25,8.08,Lebsack Group,,,false
21,2,0,44.48,10.36,Monahan Inc,,,false
22,2,1,31.42,5.68,Heaney Inc,,,false
23,2,6,27.88,12.58,"Rau, Cummings and Donnelly",,,false
24,2,5,47.27,4.05,Stoltenberg and Sons,,,false
25,2,8,29.8,10.47,Abbott-Gerlach,,,false
26,2,10,34.88,2.17,Klocko Inc,,,false
27,2,9,46.6,11.95,Goyette-Quitzon,,,false
28,2,8,35.74,6.21,Kautzer-Schaefer,,,false
29,2,4,29.31,10.99,Bernier and Sons,,,false
30,2,8,49.92,4.63,Raynor Group,,,false
31,2,9,18.97,1.92,Fisher Group,,,false
32,2,2,32.88,13.87,Cormier-Cronin,,,false
33,2,5,30.75,8.99,"Brakus, Hayes and Kihn",,,false
34,2,10,29.69,6.71,Abbott-Murphy,,,false
35,2,9,47.47,3.89,"Fahey, Lehner and Davis",,,false
36,2,6,19.05,9.29,Brakus Inc,,,false
37,2,10,45.89,13.89,Auer LLC,,,false
38,2,8,22.65,9.11,Bergnaum-Ferry,,,false
39,2,6,46.48,3.12,Paucek-Klocko,,,false
40,2,0,32.72,9.63,Heathcote-Brown,,,false
41,2,5,31.41,9.78,Nikolaus-Stoltenberg,,,false
42,2,2,32.59,1.75,"Gleason, Schmitt and Botsford",,,false
43,2,10,31.45,6.7,Walter Inc,,,false
44,2,5,23.38,10.13,Spinka Group,,,false
45,2,3,39.26,3.53,"Bayer, Wuckert and Jerde",,,false
46,2,4,19.04,3.13,"Gutkowski, Armstrong and Oberbrunner",,,false
47,2,0,39.22,9.46,"Abbott, Franecki and Prosacco",,,false
48,2,8,45.02,6.22,Muller LLC,,,false
49,2,6,48.12,1.35,Schultz-Sanford,,,false
50,2,5,24.52,11.12,Lakin and Sons,,,false
51,2,3,20.56,14.81,Nolan-Jast,,,false
52,2,6,44.91,14.42,Robel and Sons,,,false
53,2,0,49.89,1.42,Hudson-Cremin,,,false
54,2,3,43.16,2.35,"Schumm, Doyle and Pacocha",,,false
55,2,9,15.38,10.85,Williamson LLC,,,false
56,2,8,49.01,5.16,Cruickshank and Sons,,,false
57,2,6,31.35,10.95,"Halvorson, Hodkiewicz and Herman",,,false
58,2,2,27.13,3.65,"Prosacco, Shields and Wunsch",,,false
59,2,3,27.71,6.02,Crooks Group,,,false
60,2,9,36.79,9.47,"Sauer, Bruen and Mills",,,false
61,2,4,47.73,9.76,Lemke-Shanahan,,,false
62,2,7,47.34,7.28,Mante Inc,,,false
63,2,5,45.26,1.8,Kertzmann-McDermott,,,false
64,2,0,43.63,3.16,"Romaguera, Wolf and Schroeder",,,false
65,2,0,23.61,6.82,"Prohaska, Crona and Borer",,,false
66,2,8,39.74,13.03,Swaniawski-Weimann,,,false
67,2,2,46.31,2.07,Shields-O'Conner,,,false
68,2,4,47.29,10.76,Runolfsson and Sons,,,false
69,2,7,27.73,10.26,"Rogahn, Price and Lockman",,,false
70,2,2,22.18,11.11,Klocko-Kessler,,,false
71,2,3,49.46,10.97,Lindgren Group,,,false
72,2,1,32.18,13.56,Bruen LLC,,,false
73,2,3,36.69,14.12,"Oberbrunner, Lemke and Stracke",,,false
74,2,4,48.07,8.4,"Skiles, Dickens and Willms",,,false
75,2,5,19.41,8.01,Stoltenberg-Tromp,,,false
76,2,1,47.89,4.51,Smith Group,,,false
77,2,9,35.78,7.42,Moen-Hoeger,,,false
78,2,1,18.0,11.27,Yundt Group,,,false
79,2,7,17.09,10.14,Baumbach-Stamm,,,false
80,2,9,45.83,14.37,"Schmeler, Barton and Barrows",,,false
81,2,10,25.39,4.05,Donnelly-Haag,,,false
82,2,5,48.79,11.07,"Ratke, Walter and Hartmann",,,false
83,2,9,16.37,7.55,O'Reilly LLC,,,false
84,2,0,34.42,8.07,Cassin-Kertzmann,,,false
85,2,4,17.8,2.48,"Simonis, Crist and Koelpin",,,false
86,2,4,26.79,13.16,Rodriguez Inc,,,false
87,2,3,32.49,6.22,Marvin-Schultz,,,false
88,2,7,38.88,12.33,Labadie Inc,,,false
89,2,4,28.3,5.89,Gleichner LLC,,,false
90,2,4,34.63,14.12,"Pacocha, Pfeffer and Mayer",,,false
91,2,7,25.15,4.6,Goldner and Sons,,,false
92,2,0,34.77,7.61,Crona and Sons,,,false
93,2,3,32.29,14.35,Little-O'Reilly,,,false
94,2,3,22.34,11.54,Vandervort-Dare,,,false
95,2,5,37.5,1.4,"Beatty, Veum and Weissnat",,,false
96,2,9,49.12,6.93,Dach-Torp,,,false
97,2,6,38.85,5.98,"Kutch, Boyle and Pouros",,,false
98,2,3,27.86,2.47,Grady Group,,,false
99,2,4,30.48,13.96,"Dickens, Stiedemann and Stokes",,,false
100,2,8,47.65,3.89,"Spencer, Swift and Yost",,,false
101,2,7,35.8,2.28,Bartell Inc,,,false
1,3,5,18.01,12.31,"Kilback, Rippin and Harber",,,false
2,3,6,28.68,3.91,Howe and Sons,,,false
3,3,3,17.58,4.37,"Blanda, Durgan and Brakus",,,false
4,3,8,18.28,2.23,Mann-Barton,,,false
5,3,9,16.17,3.84,"Koepp, Blanda and Johnston",,,false
6,3,5,15.08,11.67,"Gerhold, Ledner and Fritsch",,,false
7,3,2,29.95,1.62,Moore-Hoeger,,,false
8,3,7,38.24,11.43,Daniel-Johnston,,,false
9,3,7,18.28,8.51,Dare and Sons,,,false
10,3,7,25.14,3.97,"Bogan, Hahn and Wuckert",,,false
11,3,10,35.56,14.51,"Roob, O'Reilly and Wiegand",,,false
12,3,9,34.3,12.65,Bruen-Kassulke,,,false
13,3,10,22.33,11.64,"King, Ritchie and Flatley",,,false
14,3,5,17.3,6.63,Orn-Hammes,,,false
15,3,7,15.18,8.18,Brown-Kunze,,,false
16,3,6,15.13,1.72,"Cruickshank, Corwin and Cartwright",,,false
17,3,2,40.09,5.57,"Toy, Swift and Kohler",,,false
18,3,9,23.44,10.01,Rohan and Sons,,,false
19,3,1,33.39,9.66,Turner-VonRueden,,,false
20,3,2,39.7,5.48,Kuhn-Rowe,,,false
21,3,9,48.1,4.88,Reichert-Kirlin,,,false
22,3,3,31.91,12.89,Reynolds LLC,,,false
23,3,5,31.08,10.1,Rohan-Reilly,,,false
24,3,10,46.33,9.14,"Osinski, Herman and Reichert",,,false
25,3,10,19.9,9.95,"DuBuque, Kemmer and Bogan",,,false
26,3,8,43.91,1.46,Wisozk-Donnelly,,,false
27,3,9,16.0,8.07,Thompson Inc,,,false
28,3,5,19.46,5.23,"Jacobs, Denesik and Harris",,,false
29,3,7,36.27,11.13,"Wisozk, Schuster and Leffler",,,false
30,3,5,18.81,13.29,Gleichner Inc,,,false
31,3,2,41.6,3.37,Hettinger-Littel,,,false
32,3,10,18.0,10.72,Dickens-Johnson,,,false
33,3,2,36.59,12.37,"Schneider, Conn and Hansen",,,false
34,3,8,18.88,10.18,Wiza Group,,,false
35,3,5,24.46,5.55,"Christiansen, Schulist and Feil",,,false
36,3,3,23.89,10.91,Crona-Pagac,,,false
37,3,6,47.03,13.68,Kiehn LLC,,,false
38,3,4,25.53,7.88,Borer Inc,,,false
39,3,0,27.71,5.1,"Zemlak, Pollich and O'Hara",,,false
40,3,6,28.52,4.23,"Mills, Lindgren and Durgan",,,false
41,3,0,28.05,14.95,Schmeler LLC,,,false
42,3,8,47.59,8.63,Trantow-Breitenberg,,,false
43,3,0,25.32,9.98,Volkman-Armstrong,,,false
44,3,6,48.54,12.41,Block LLC,,,false
45,3,7,49.65,14.38,"Runolfsson, Tillman and O'Kon",,,false
46,3,3,38.6,8.77,Daugherty and Sons,,,false
47,3,2,17.33,2.8,"O'Connell, Nitzsche and Bradtke",,,false
48,3,1,21.17,11.41,Emmerich-Harris,,,false
49,3,2,26.14,12.42,"Wiza, Hansen and Feest",,,false
50,3,7,20.6,12.58,Smitham Inc,,,false
51,3,1,27.75,13.31,Moore-Kuhic,,,false
52,3,1,21.17,14.41,Jenkins-Mayert,,,false
53,3,9,19.75,7.87,Stokes-Crist,,,false
54,3,6,36.92,7.18,"Boehm, Stamm and Jast",,,false
55,3,2,34.75,12.58,Rau-Cartwright,,,false
56,3,0,20.63,12.45,"Pollich, Satterfield and Hilpert",,,false
57,3,8,39.39,9.55,Schuppe-Schulist,,,false
58,3,7,28.23,10.02,"Doyle, Parisian and Ankunding",,,false
59,3,4,38.22,3.67,Yundt-Kuphal,,,false
60,3,4,17.01,6.26,"Willms, Jast and O'Hara",,,false
61,3,9,32.97,7.03,Jacobson LLC,,,false
62,3,7,22.78,2.37,Reinger-Rowe,,,false
63,3,2,36.62,9.85,Mills Group,,,false
64,3,2,20.06,13.73,"Schaden, Torp and Mayert",,,false
65,3,5,40.09,12.67,Lowe Inc,,,false
66,3,6,20.59,10.44,Halvorson-Brown,,,false
67,3,0,45.03,8.93,"Monahan, Rowe and Graham",,,false
68,3,8,48.94,2.81,Fay and Sons,,,false
69,3,1,23.58,10.56,Effertz Inc,,,false
70,3,5,37.27,1.91,Lubowitz Group,,,false
71,3,10,26.64,14.62,Reinger-Wiegand,,,false
72,3,5,23.32,3.97,Torphy-Zieme,,,false
73,3,10,19.03,10.06,Wiza and Sons,,,false
74,3,9,29.42,4.59,"Tromp, Stokes and Turcotte",,,false
75,3,10,28.79,11.27,Kerluke Inc,,,false
76,3,4,23.67,9.34,"Batz, Okuneva and Glover",,,false
77,3,5,41.48,2.49,Kozey-Marquardt,,,false
78,3,8,49.65,5.73,Hoeger-Fisher,,,false
79,3,4,42.18,1.07,"Mosciski, Pollich and Emard",,,false
80,3,10,33.56,5.23,Berge Group,,,false
81,3,4,31.76,4.74,Wuckert-Gibson,,,false
82,3,9,15.61,6.21,Stoltenberg-Ruecker,,,false
83,3,1,48.25,11.32,"Padberg, Sporer and Bins",,,false
84,3,9,47.33,4.65,"Legros, Beier and Breitenberg",,,false
85,3,6,41.06,8.68,Pacocha-Mills,,,false
86,3,0,27.45,14.85,Nikolaus and Sons,,,false
87,3,6,40.93,12.52,Schamberger LLC,,,false
88,3,1,15.78,10.86,Bauch Group,,,false
89,3,1,31.53,2.21,Koepp Inc,,,false
90,3,6,38.68,6.29,Lehner Inc,,,false
91,3,2,45.54,12.05,Klocko-VonRueden,,,false
92,3,10,25.37,10.49,"Frami, Torphy and Kirlin",,,false
93,3,6,34.97,3.37,Rippin-Ritchie,,,false
94,3,6,17.93,5.27,"Schmeler, Reilly and Raynor",,,false
95,3,1,34.03,4.8,Streich-Hauck,,,false
96,3,8,18.23,8.15,Beahan and Sons,,,false
97,3,9,40.12,1.6,Heidenreich Inc,,,false
98,3,9,40.79,12.14,"Mitchell, Gleason and Rempel",,,false
99,3,7,47.11,14.7,"Crooks, Lindgren and Hodkiewicz",,,false
100,3,7,41.41,9.7,Emmerich and Sons,,,false
101,3,4,28.97,7.06,Kassulke and Sons,,,false
