sku_id,location_id,quantity,price,cost,vendor,expiration_date,stock_type,deleted
1,1,6,36.83,8.18,"Haag, Ward and Cremin",,,false
2,1,3,30.13,14.97,"Hegmann, Osinski and Roob",,,false
3,1,1,48.84,9.27,Cremin-Boehm,,,false
4,1,8,24.05,1.8,Grimes-Doyle,,,false
5,1,8,22.11,14.49,Kuphal-Quigley,,,false
6,1,9,24.08,11.65,Beier Inc,,,false
7,1,8,34.19,2.37,Gibson-Stiedemann,,,false
8,1,0,31.34,1.23,"Reichel, Smitham and Stokes",,,false
9,1,1,15.2,2.78,Dietrich Inc,,,false
10,1,2,31.04,10.33,Turner LLC,,,false
11,1,1,31.11,6.9,"Monahan, Hoppe and Johnston",,,false
12,1,1,49.08,2.35,Heaney Inc,,,false
13,1,10,19.56,9.33,Koepp Inc,,,false
14,1,7,48.89,13.31,Bernhard-Witting,,,false
15,1,2,15.95,14.11,Kerluke-Hammes,,,false
16,1,3,30.81,11.9,"Koepp, Predovic and Torphy",,,false
17,1,1,30.22,2.14,Hettinger Group,,,false
18,1,9,23.65,11.84,Pouros-Sporer,,,false
19,1,3,24.42,13.07,Corkery Inc,,,false
20,1,10,32.37,12.48,Hilpert-Johns,,,false
21,1,0,37.77,9.29,Bode-Aufderhar,,,false
22,1,7,25.37,2.33,Kulas-Parisian,,,false
23,1,5,24.63,7.34,Block-O'Conner,,,false
24,1,7,45.27,14.1,Waters LLC,,,false
25,1,0,16.98,11.21,Becker LLC,,,false
26,1,6,43.57,13.09,"Stroman, Zemlak and Purdy",,,false
27,1,7,18.8,4.93,Aufderhar and Sons,,,false
28,1,7,27.7,10.48,McLaughlin-Morissette,,,false
29,1,7,29.72,2.48,Altenwerth LLC,,,false
30,1,10,41.69,11.55,"Hahn, Hahn and Kuhlman",,,false
31,1,9,21.49,1.46,Dach-Parisian,,,false
32,1,7,46.47,2.05,Luettgen-Luettgen,,,false
33,1,1,43.01,5.96,Moen and Sons,,,false
34,1,3,33.79,10.01,Hoeger-Hammes,,,false
35,1,5,33.05,3.85,Torphy and Sons,,,false
36,1,3,22.87,5.52,Nicolas-Daugherty,,,false
37,1,5,17.82,7.55,Reynolds-Kuhn,,,false
38,1,0,19.79,1.22,"Kuvalis, Bernier and Quitzon",,,false
39,1,2,33.99,11.83,Nitzsche Group,,,false
40,1,0,44.64,2.16,"Nitzsche, Schmitt and Runolfsdottir",,,false
41,1,1,32.74,6.58,Hane LLC,,,false
42,1,7,24.76,10.25,Okuneva-Beatty,,,false
43,1,9,30.69,5.89,"Conn, Weimann and Abernathy",,,false
44,1,7,32.73,5.26,Breitenberg LLC,,,false
45,1,4,38.09,8.05,McGlynn-Berge,,,false
46,1,10,34.89,11.56,"Wuckert, Price and Wehner",,,false
47,1,1,37.16,14.17,Rohan-Nader,,,false
48,1,3,24.16,7.5,"Nikolaus, Fadel and Zieme",,,false
49,1,4,36.71,13.66,Willms LLC,,,false
50,1,6,23.23,5.87,"Jenkins, Huels and Kris",,,false
51,1,2,29.94,2.49,Green-Mills,,,false
52,1,1,24.04,9.82,"Borer, Hayes and Botsford",,,false
53,1,8,31.27,5.65,Hackett LLC,,,false
54,1,0,31.06,10.65,Wuckert-Frami,,,false
55,1,10,22.76,2.07,Buckridge-Schinner,,,false
56,1,5,41.74,6.6,Rogahn-Ratke,,,false
57,1,1,24.25,1.12,"Weimann, Daniel and Feest",,,false
58,1,9,39.5,4.27,Rohan-Jones,,,false
59,1,8,19.92,4.13,Hackett-Conroy,,,false
60,1,9,48.48,11.13,"Grimes, Gusikowski and Purdy",,,false
61,1,7,44.73,10.78,McClure and Sons,,,false
62,1,4,32.96,12.57,Gulgowski-Nienow,,,false
63,1,0,37.27,8.63,"Hauck, Schuster and Stroman",,,false
64,1,3,22.33,14.16,Gulgowski-Hansen,,,false
65,1,5,49.17,14.07,Koelpin Group,,,false
66,1,4,43.42,4.15,Balistreri-Kunze,,,false
67,1,1,38.0,8.03,Bartell-Crist,,,false
68,1,5,32.61,2.87,"Crona, Bogisich and Torp",,,false
69,1,5,40.25,6.47,Parker-Medhurst,,,false
70,1,2,30.11,11.14,Muller-Ruecker,,,false
71,1,5,36.0,2.08,Roob LLC,,,false
72,1,1,43.03,10.6,"Yost, Okuneva and Terry",,,false
73,1,10,49.69,11.25,"Koch, Zulauf and Ankunding",,,false
74,1,6,35.76,1.28,Zemlak-Beatty,,,false
75,1,0,35.32,3.65,Jenkins LLC,,,false
76,1,0,18.66,4.87,Osinski-Hayes,,,false
77,1,10,19.24,10.0,Sporer-Wehner,,,false
78,1,4,45.7,8.28,"Bode, Bartell and Konopelski",,,false
79,1,0,36.74,14.69,Okuneva and Sons,,,false
80,1,3,48.58,12.65,Schiller Group,,,false
81,1,0,39.48,7.64,"Krajcik, White and Cartwright",,,false
82,1,7,18.67,13.85,Dietrich Group,,,false
83,1,0,45.46,14.51,O'Connell-Lebsack,,,false
84,1,6,37.12,13.46,Hirthe-Hegmann,,,false
85,1,8,30.59,14.81,Feest and Sons,,,false
86,1,0,36.6,8.5,White LLC,,,false
87,1,8,40.83,12.08,"Kutch, Wintheiser and Weber",,,false
88,1,0,43.11,11.07,Will-Crooks,,,false
89,1,7,27.48,2.35,"Gislason, Steuber and Boyer",,,false
90,1,10,39.98,10.27,Lind Group,,,false
91,1,5,35.92,12.77,Rogahn-Lubowitz,,,false
92,1,0,37.03,12.0,Nader LLC,,,false
93,1,9,20.31,5.1,Bins LLC,,,false
94,1,5,23.77,4.22,Moore and Sons,,,false
95,1,0,17.23,11.09,Gulgowski-Erdman,,,false
96,1,9,19.51,5.29,Rogahn-Collier,,,false
97,1,6,42.68,11.63,Murray Inc,,,false
98,1,7,18.58,4.43,"Brakus, McLaughlin and Padberg",,,false
99,1,6,25.5,6.08,Bergstrom-Reilly,,,false
100,1,6,40.68,9.64,King LLC,,,false
101,1,6,23.2,5.85,"Volkman, Gottlieb and Senger",,,false
1,2,7,44.84,7.56,Homenick-Sporer,,,false
2,2,8,21.11,8.59,Von Group,,,false
3,2,3,20.73,11.31,Keebler Inc,,,false
4,2,6,25.58,7.36,"Balistreri, Collins and Bosco",,,false
5,2,2,25.01,13.06,Mitchell LLC,,,false
6,2,9,25.75,5.84,"Farrell, Feest and Baumbach",,,false
7,2,5,33.33,6.28,Fay-Lehner,,,false
8,2,5,31.63,10.98,"Carter, Lueilwitz and Emmerich",,,false
9,2,10,49.78,10.14,"Simonis, Schneider and Beer",,,false
10,2,4,21.46,6.53,Kozey Group,,,false
11,2,1,15.18,11.52,McKenzie Group,,,false
12,2,3,30.98,4.23,Nienow-Littel,,,false
13,2,8,26.0,14.29,Ziemann-Mann,,,false
14,2,6,18.48,6.83,Sipes-Keebler,,,false
15,2,0,41.8,3.67,"Wiegand, Schulist and Daugherty",,,false
16,2,7,44.58,5.09,"Waelchi, Heaney and Bergnaum",,,false
17,2,7,33.04,1.67,"Tremblay, Toy and Stehr",,,false
18,2,8,26.13,7.32,Beier Group,,,false
19,2,0,16.84,3.26,"Gibson, Howell and Sauer",,,false
20,2,1,43.7,2.99,Watsica-Kertzmann,,,false
21,2,1,22.38,3.92,"Davis, MacGyver and Jenkins",,,false
22,2,6,19.03,10.66,Zemlak-Skiles,,,false
23,2,7,21.85,14.48,"Smith, Krajcik and Yost",,,false
24,2,1,45.19,11.12,"McGlynn, Lemke and Pagac",,,false
25,2,10,18.53,7.21,Welch-Bruen,,,false
26,2,7,41.47,4.44,"Ryan, Feeney and Ryan",,,false
27,2,3,38.81,13.59,"Hackett, Parisian and Sauer",,,false
28,2,8,39.19,2.88,Torphy and Sons,,,false
29,2,7,21.23,8.97,Kuhic-Botsford,,,false
30,2,5,27.5,4.33,Braun-Kessler,,,false
31,2,6,48.54,11.17,Pouros LLC,,,false
32,2,1,48.04,3.92,Hoppe and Sons,,,false
33,2,4,37.32,14.25,Lehner Inc,,,false
34,2,10,47.5,14.27,Breitenberg-Dickinson,,,false
35,2,2,39.88,5.2,Boyle and Sons,,,false
36,2,9,31.4,13.16,Romaguera and Sons,,,false
37,2,2,29.44,13.4,Hauck LLC,,,false
38,2,4,18.96,7.75,"Ortiz, Stehr and Frami",,,false
39,2,4,49.93,14.02,"Romaguera, Purdy and Pfeffer",,,false
40,2,2,31.01,5.28,Rau Group,,,false
41,2,0,49.3,14.99,Weber LLC,,,false
42,2,3,43.23,11.59,"Dach, Carroll and Cassin",,,false
43,2,0,49.03,12.65,Keebler LLC,,,false
44,2,6,25.22,11.08,Reinger LLC,,,false
45,2,7,37.01,1.27,McClure-Corkery,,,false
46,2,7,26.38,13.28,Mertz and Sons,,,false
47,2,0,19.82,9.06,"Hammes, Goodwin and Crooks",,,false
48,2,3,39.56,5.52,"Vandervort, Welch and Swift",,,false
49,2,9,19.17,8.25,Halvorson-West,,,false
50,2,0,29.03,12.44,King-Cremin,,,false
51,2,3,25.97,5.08,Langworth-Mitchell,,,false
52,2,1,40.65,7.8,Grady-Bogisich,,,false
53,2,4,49.46,13.59,"Pollich, Leuschke and Welch",,,false
54,2,10,27.4,2.41,Boyle Inc,,,false
55,2,5,39.99,8.93,"Jast, Romaguera and Schoen",,,false
56,2,10,25.48,13.82,Feeney-Bailey,,,false
57,2,9,27.56,11.24,"Schmeler, Bahringer and Satterfield",,,false
58,2,4,39.53,10.63,"Mayer, Hansen and Mayert",,,false
59,2,10,32.39,6.55,"Wehner, Mills and Roob",,,false
60,2,1,47.26,8.48,Powlowski-Pagac,,,false
61,2,9,17.25,11.43,Aufderhar LLC,,,false
62,2,7,44.31,4.79,"Marks, Hartmann and Boehm",,,false
63,2,7,34.15,14.13,Crooks and Sons,,,false
64,2,8,19.61,4.14,Kihn LLC,,,false
65,2,0,27.76,4.97,Wiegand-Schulist,,,false
66,2,7,18.65,6.68,Cassin-Weissnat,,,false
67,2,9,29.52,4.27,Blanda LLC,,,false
68,2,9,24.23,1.79,"Kuhlman, Mante and Treutel",,,false
69,2,10,26.28,9.36,"Casper, Fisher and Jast",,,false
70,2,6,31.29,14.62,Crona LLC,,,false
71,2,10,34.62,2.7,Bernier and Sons,,,false
72,2,2,46.94,7.55,Tromp Inc,,,false
73,2,9,46.58,7.48,"Leuschke, Walsh and Borer",,,false
74,2,2,37.28,5.48,"Little, Rolfson and Stark",,,false
75,2,1,35.0,7.75,Leuschke-Terry,,,false
76,2,7,35.75,2.22,Padberg-Ritchie,,,false
77,2,2,31.38,7.64,"Ward, Hilpert and Hane",,,false
78,2,4,47.01,6.18,"Simonis, Bednar and Boehm",,,false
79,2,4,16.63,13.9,"Konopelski, Rath and Homenick",,,false
80,2,9,26.59,3.57,Predovic and Sons,,,false
81,2,1,17.02,14.79,"Bradtke, Barrows and Koelpin",,,false
82,2,1,16.04,7.38,Considine Group,,,false
83,2,1,28.26,2.16,"Heidenreich, Rohan and Collins",,,false
84,2,4,27.78,3.5,Hudson LLC,,,false
85,2,7,39.36,6.07,Olson and Sons,,,false
86,2,0,42.91,13.47,Thiel and Sons,,,false
87,2,9,43.82,3.36,"Swaniawski, Abernathy and Homenick",,,false
88,2,5,26.5,3.97,Von-Oberbrunner,,,false
89,2,7,42.88,11.05,Effertz-Altenwerth,,,false
90,2,5,41.85,3.43,Wilderman and Sons,,,false
91,2,10,17.54,14.98,Franecki LLC,,,false
92,2,8,27.59,12.71,"Dicki, Turner and Will",,,false
93,2,1,33.42,5.39,Lakin LLC,,,false
94,2,9,39.13,14.75,Mayer-Wolff,,,false
95,2,9,49.24,2.96,Kling-Macejkovic,,,false
96,2,1,36.77,5.71,Crooks-Lesch,,,false
97,2,3,22.19,11.99,McLaughlin LLC,,,false
98,2,8,19.26,1.08,Emmerich LLC,,,false
99,2,0,33.17,9.62,"Greenfelder, Bergstrom and Harber",,,false
100,2,2,29.74,8.31,"Wisozk, Metz and Nader",,,false
101,2,8,15.41,5.09,Green-Pacocha,,,false
1,3,6,30.63,6.89,Fisher Inc,,,false
2,3,3,44.6,10.33,"Kilback, Purdy and Bosco",,,false
3,3,1,15.93,5.23,"Flatley, Kautzer and Murray",,,false
4,3,0,28.11,10.91,Kovacek Group,,,false
5,3,9,48.66,5.67,"Schulist, Bayer and Hartmann",,,false
6,3,9,27.93,10.68,"Ratke, Mohr and Lehner",,,false
7,3,8,38.25,4.68,Pollich-Volkman,,,false
8,3,7,17.27,8.96,Steuber-Kerluke,,,false
9,3,4,34.61,12.93,Kshlerin Inc,,,false
10,3,3,26.39,14.92,Fritsch LLC,,,false
11,3,1,23.23,13.16,Kling-Stark,,,false
12,3,1,47.44,2.34,Kuhn-Hickle,,,false
13,3,5,42.93,5.52,Volkman Group,,,false
14,3,7,20.65,10.88,"Funk, Toy and Abernathy",,,false
15,3,1,49.58,1.43,Hermiston-Moore,,,false
16,3,8,33.23,10.43,Wisoky-Murazik,,,false
17,3,3,17.16,1.71,Stracke-Waters,,,false
18,3,5,23.9,13.9,Shields-Cormier,,,false
19,3,5,33.6,6.05,Predovic-Jast,,,false
20,3,7,27.0,1.46,"Donnelly, Harvey and Ortiz",,,false
21,3,5,25.05,14.95,Wiegand-Jacobs,,,false
22,3,1,45.2,10.59,Fadel-Ernser,,,false
23,3,3,38.18,7.51,Botsford LLC,,,false
24,3,7,18.95,8.32,"Ryan, Gleason and Shields",,,false
25,3,5,16.13,5.64,Kautzer Inc,,,false
26,3,0,39.13,1.78,Hyatt Group,,,false
27,3,7,48.25,8.45,Grimes and Sons,,,false
28,3,9,18.29,12.61,D'Amore LLC,,,false
29,3,9,49.78,2.24,"Quigley, Mills and Gleason",,,false
30,3,5,31.36,14.16,"Berge, Stark and Rath",,,false
31,3,7,33.83,6.94,Padberg-Heaney,,,false
32,3,3,27.47,7.63,"Abernathy, Miller and Tremblay",,,false
33,3,1,41.0,14.85,"Hahn, Ferry and Kirlin",,,false
34,3,3,49.58,8.6,Walter-Price,,,false
35,3,9,43.2,1.95,Witting and Sons,,,false
36,3,1,30.51,7.85,"Kirlin, Funk and Wisoky",,,false
37,3,10,32.02,11.99,Zemlak-Leffler,,,false
38,3,3,16.87,11.71,"Cummerata, Wiza and Osinski",,,false
39,3,0,48.62,1.8,Rolfson-Schamberger,,,false
40,3,9,20.72,12.56,Lehner-Lakin,,,false
41,3,3,17.1,2.57,Schultz-Renner,,,false
42,3,6,28.72,2.31,"Kertzmann, Sipes and Orn",,,false
43,3,7,21.68,6.53,"Ankunding, Keebler and Macejkovic",,,false
44,3,9,15.24,5.81,Franecki-Boehm,,,false
45,3,1,19.98,2.42,Torphy-Denesik,,,false
46,3,6,32.1,4.59,Harvey Inc,,,false
47,3,3,29.04,9.74,"Howell, Kemmer and Labadie",,,false
48,3,7,25.42,3.94,Murray and Sons,,,false
49,3,3,46.2,3.77,Reilly-Dare,,,false
50,3,8,38.28,12.79,"Klocko, Hammes and Russel",,,false
51,3,4,48.02,13.64,"Runolfsdottir, Schmeler and Aufderhar",,,false
52,3,3,25.9,6.03,Bogisich-Treutel,,,false
53,3,2,21.34,7.59,Senger-Larson,,,false
54,3,5,35.6,14.77,Bednar Group,,,false
55,3,10,41.8,9.14,"Pouros, Conn and Farrell",,,false
56,3,2,17.96,6.4,Bins and Sons,,,false
57,3,6,26.79,1.5,Brown Inc,,,false
58,3,9,19.63,2.55,Boyle and Sons,,,false
59,3,7,24.89,8.09,Stehr LLC,,,false
60,3,0,43.61,6.98,"Jast, Rolfson and Vandervort",,,false
61,3,3,17.23,5.7,"Farrell, Langworth and Labadie",,,false
62,3,4,24.51,10.44,Skiles LLC,,,false
63,3,10,47.72,6.73,"Franecki, Hermann and Ebert",,,false
64,3,4,47.6,6.63,"Waelchi, Pacocha and Purdy",,,false
65,3,0,28.45,7.15,Konopelski-Haley,,,false
66,3,0,34.61,4.1,Wisoky-Schneider,,,false
67,3,9,31.96,7.76,"Gleason, Abernathy and Walter",,,false
68,3,3,49.82,9.22,Cruickshank LLC,,,false
69,3,3,44.81,14.01,Lakin LLC,,,false
70,3,3,36.47,1.62,Kris LLC,,,false
71,3,6,46.69,6.87,Friesen Inc,,,false
72,3,4,28.51,14.12,"Skiles, Mraz and Cronin",,,false
73,3,5,29.57,1.75,"Schumm, Hauck and Dare",,,false
74,3,1,49.24,10.47,"Hickle, Schamberger and Gulgowski",,,false
75,3,3,39.96,9.28,Rice-Kilback,,,false
76,3,3,48.65,9.47,Harris Group,,,false
77,3,4,38.71,9.25,Braun-Parisian,,,false
78,3,0,44.45,8.26,Hermann and Sons,,,false
79,3,10,20.37,10.34,Lind Group,,,false
80,3,7,39.64,14.54,"Harvey, Robel and Franecki",,,false
81,3,4,48.96,4.11,Wehner-Connelly,,,false
82,3,1,23.63,8.39,Pollich and Sons,,,false
83,3,10,35.87,8.49,Miller Group,,,false
84,3,4,46.97,7.72,Turcotte-Robel,,,false
85,3,10,26.39,6.88,"Hintz, Deckow and Dibbert",,,false
86,3,3,16.72,6.46,"Leffler, Spencer and Hoppe",,,false
87,3,6,25.44,14.89,Volkman Inc,,,false
88,3,10,40.56,4.95,Kling and Sons,,,false
89,3,4,42.84,3.56,"Hammes, Kuhn and Kessler",,,false
90,3,0,35.5,4.85,"Lowe, Morissette and Bradtke",,,false
91,3,4,29.21,1.05,"Mitchell, Goodwin and Farrell",,,false
92,3,1,42.36,12.26,"Jaskolski, Wehner and Goodwin",,,false
93,3,1,46.41,10.72,Murphy-Lemke,,,false
94,3,2,15.38,12.5,"Parker, Homenick and Hirthe",,,false
95,3,10,45.04,12.8,"Reilly, Haley and Kohler",,,false
96,3,0,18.67,7.01,Feil-Schimmel,,,false
97,3,2,34.83,4.61,Mills-White,,,false
98,3,9,32.07,11.36,"Herman, Bogisich and McDermott",,,false
99,3,7,27.96,5.24,Dare-Ziemann,,,false
100,3,1,22.61,5.09,Stehr-Lehner,,,false
101,3,2,35.29,1.23,Klein-Kuphal,,,false
