sku_id,product_id,name,number,barcode,target_quantity,alert_threshold,deleted
53,9,Peach,8457,20923s0202,79,5,false
69,17,Lilac,8658,440351q931,41,4,false
24,10,Olive,7199,4476l25119,84,7,false
3,12,Coffee,1959,1p47822424,44,6,false
94,13,Gold,6534,7514615858,94,4,false
39,9,Pink,3723,1202915358,74,5,false
58,2,Brown,2949,5271150437,35,3,false
99,13,Chocolate,5481,81k8014984,90,7,false
97,15,Yellow,1344,2881r21185,24,4,false
92,3,White,3137,76976b6945,37,2,false
7,15,Lilac,8958,2760c89992,31,4,false
47,11,Burgundy,7597,03818i4502,72,10,false
15,19,Gray,4594,6883571a12,64,10,false
27,3,Ivory,8819,3354885443,54,2,false
8,11,Silver,2104,33b9298629,25,5,false
100,1,Amaranth,4908,16894k9122,46,3,false
21,10,Scarlet,1240,00343j9355,37,4,false
5,15,Lilac,836,24669w8648,92,6,false
2,12,Bronze,3165,1544639126,42,3,false
62,11,Magenta,8085,75862559q4,70,0,false
36,11,Puce,9981,p838888243,99,2,false
59,17,Puce,8290,7392o13537,32,4,false
14,5,Brown,6205,738x697469,82,5,false
83,1,Fuchsia,4035,5278688851,43,5,false
44,1,Teal,5422,57931f2853,72,8,false
28,15,Mauve,8898,8s22384630,83,5,false
35,1,Jade,4058,193151344a,61,7,false
77,13,Carmine,1335,410z408244,29,3,false
91,18,Indigo,3986,8408806563,86,10,false
84,13,Silver,967,2623n24273,84,4,false
10,7,Ultramarine,5874,285792v058,71,3,false
76,18,Violet,3718,080527n982,38,7,false
96,13,Amaranth,2310,j138421405,45,2,false
75,15,Indigo,3708,8673032697,81,2,false
87,4,Puce,7943,7541076613,92,1,false
33,9,Fuchsia,5453,029470403d,63,10,false
74,4,Cerulean,2755,1p31900028,65,5,false
56,6,Sky,4671,52588838y3,79,10,false
9,5,Cerulean,2276,6z61753151,56,4,false
93,8,Amaranth,5634,2237618592,79,5,false
46,5,Bronze,484,9610923321,62,6,false
70,12,Plum,6162,9921i68593,75,8,false
18,18,Coffee,7307,9291293744,64,10,false
4,12,Amethyst,2599,t182102058,84,10,false
78,13,Rose,1142,425735c711,28,3,false
29,6,Green,8280,6502909j39,83,10,false
63,10,Champagne,2415,497589b810,45,8,false
72,3,Mauve,2298,69454y9020,63,3,false
98,15,Scarlet,8485,8446759629,87,5,false
34,19,Olive,1787,4678904996,99,10,false
81,19,Ruby,6296,96b9788391,48,7,false
20,4,Tan,5519,472x389447,33,2,false
95,11,Black,1084,4k72932484,53,6,false
73,6,Orchid,3402,00876c9003,60,10,false
12,12,Rose,291,45c5757576,47,3,false
55,20,Silver,8947,7911673983,52,9,false
25,20,Blush,6765,8726h82608,82,9,false
31,18,Lavender,2570,376p404103,42,2,false
89,8,Copper,4282,3360288000,77,1,false
38,9,Cyan,1795,4798954954,21,0,false
1,10,Teal,3265,678360896r,88,10,false
52,20,Ultramarine,4191,382316105w,35,10,false
32,4,Chocolate,87,43604j0246,51,10,false
60,12,Teal,3609,31776268k1,32,1,false
43,1,Beige,8602,148441148k,34,0,false
48,7,Emerald,8653,3t11662044,91,1,false
41,8,Grey,2528,2g53456500,61,3,false
101,19,Beige,3465,1085u09275,60,10,false
57,20,Purple,3006,3282407674,24,2,false
68,9,Silver,8702,9605937473,56,6,false
66,16,White,6208,15937v7976,67,10,false
65,8,Peach,8779,6i88277346,57,1,false
51,1,Gray,316,0486548060,60,7,false
86,1,Mauve,5515,50967939u7,31,4,false
80,16,Salmon,3559,51r4557052,41,0,false
17,16,Black,4749,7741b32002,93,4,false
67,9,Peach,8470,5710944f65,31,5,false
16,20,Lavender,9107,6884675230,44,9,false
37,17,Mauve,3855,3561816925,30,4,false
50,4,Turquoise,1197,o271874682,87,0,false
42,11,Carmine,1103,9758299s73,65,2,false
22,10,Azure,3064,d537079065,43,5,false
45,18,Ochre,709,651r480821,27,10,false
71,17,Champagne,8786,8156422g10,95,9,false
79,19,Lime,6783,s162749557,25,1,false
54,13,Blush,3488,391n766801,51,1,false
90,17,Cyan,9869,4538299673,30,3,false
30,12,Indigo,5764,2s88809676,65,3,false
88,4,Grey,7087,3396o96982,90,10,false
61,20,Pink,6382,7g82841922,53,4,false
40,11,Ivory,4450,58509n6824,88,3,false
26,5,Lemon,3118,660082u560,54,3,false
11,8,Fuchsia,2812,5v87748491,24,3,false
64,17,Harlequin,5343,34220708k1,70,9,false
19,19,Chocolate,3635,g933663659,26,8,false
85,14,Champagne,9725,932493237f,32,9,false
13,14,Blush,4198,5492667826,30,8,false
82,2,Green,8537,3246483636,82,8,false
49,8,Raspberry,1965,1858u73647,70,7,false
6,13,Olive,9611,660344957j,40,0,false
