product_id,name,brand,category,vendor,description,visible_to_clients,commissionable,discontinued,discontinued_reasons,alternative_product_ids,deleted
14,Enormous Iron Computer,Iodine,Computers,Brakus and Sons,"",true,true,false,,,false
9,Intelligent Plastic Shirt,Dubnium,Clothing,Hackett LLC,"",true,true,false,,,false
11,Rustic Linen Lamp,Copernicium,Movies,Lesch Inc,"",true,true,false,,,false
2,Durable Cotton Wallet,Californium,Music,Stiedemann Inc,Porro sit cumque.,true,true,false,,,false
5,Lightweight Cotton Computer,Helium,Jewelry,"Schulist, Brakus and Stracke",Rerum illum quidem.,true,true,false,,,false
19,Awesome Iron Computer,Protactinium,Outdoors,Toy-Rau,Inventore atque ea.,true,true,false,,,false
1,Durable Aluminum Shirt,Iridium,Grocery,Sawayn-Armstrong,"",true,true,false,,,false
13,Practical Wooden Table,Zinc,Baby,Lowe-McGlynn,Quibusdam ea quia.,true,true,false,,,false
17,Enormous Iron Bag,Nihonium,Jewelry,Johnson and Sons,Architecto est qui.,true,true,false,,,false
7,Lightweight Cotton Watch,Phosphorus,Home,O'Conner LLC,Laboriosam aut in.,true,true,false,,,false
16,Enormous Cotton Shirt,Californium,Music,"Von, Kilback and Armstrong",Quasi dolor dolore.,true,true,false,,,false
8,Lightweight Iron Gloves,Americium,Health,Jakubowski Inc,"",true,true,false,,,false
3,Ergonomic Paper Gloves,Americium,Music,"Reynolds, Ziemann and Gerlach","",true,true,false,,,false
4,Awesome Plastic Lamp,Meitnerium,Computers,Moore-Wilderman,"",true,true,false,,,false
18,Enormous Plastic Bench,Lead,Clothing,Haley-Kutch,"",true,true,false,,,false
15,Fantastic Iron Pants,Aluminum,Baby,Heller-Dare,Illum voluptatum reiciendis.,true,true,false,,,false
12,Mediocre Steel Hat,Darmstadtium,Industrial,Legros-Heidenreich,"",true,true,false,,,false
20,Lightweight Paper Bag,Krypton,Baby,Jacobi Group,Non sint dicta.,true,true,false,,,false
6,Gorgeous Linen Bottle,Lead,Electronics,Bergstrom Group,Earum qui atque.,true,true,false,,,false
10,Awesome Paper Wallet,Roentgenium,Tools,Hintz-Okuneva,"",true,true,false,,,false
