child_id,client_id,deleted,pet_name
457,457,false,Coco
384,384,false,Jake
310,310,false,Baxter
1295,1295,false,Tucker
881,881,false,Diesel
1257,1257,false,Princess
1955,1955,false,Dixie
504,504,false,Jake
335,335,false,Ginger
1754,1754,false,Oreo
526,526,false,Taz
31,31,false,Abby
857,857,false,Baby
994,994,false,Sasha
1301,1301,false,Lilly
1378,1378,false,Precious
379,379,false,Maggie
1993,1993,false,Belle
1715,1715,false,Bear
1712,1712,false,Sammy
2000,2000,false,Annie
1239,1239,false,Sadie
1057,1057,false,Lucky
1115,1115,false,Teddy
644,644,false,Diamond
937,937,false,Snoopy
155,155,false,Rusty
1773,1773,false,Annie
4,4,false,Princess
1048,1048,false,Sassy
706,706,false,Bo
87,87,false,Chance
1912,1912,false,Ginger
969,969,false,Bandit
297,297,false,Cocoa
1707,1707,false,Roxy
475,475,false,Cooper
140,140,false,Jasmine
377,377,false,Rex
133,133,false,Jasmine
1192,1192,false,Bo
1564,1564,false,Charlie
204,204,false,Sassy
761,761,false,Bruno
1656,1656,false,Brutus
1940,1940,false,Buddy
1131,1131,false,Bubba
149,149,false,Cooper
1614,1614,false,Tyson
1651,1651,false,Tyson
354,354,false,Duke
1930,1930,false,Zoey
541,541,false,Lucky
467,467,false,Roxy
853,853,false,Jake
168,168,false,Roxie
1015,1015,false,Marley
569,569,false,Sasha
1833,1833,false,Mia
1696,1696,false,Lucky
1548,1548,false,Tyson
1524,1524,false,Cody
1861,1861,false,Pepper
1282,1282,false,Zeus
949,949,false,Snickers
476,476,false,Bella
1999,1999,false,Tyson
725,725,false,Jasper
859,859,false,Angel
445,445,false,Jake
1542,1542,false,Lilly
1266,1266,false,Bandit
1897,1897,false,Peanut
151,151,false,Lucy
1176,1176,false,Lily
1067,1067,false,Rusty
469,469,false,Buster
1932,1932,false,Riley
70,70,false,Cookie
187,187,false,Princess
84,84,false,Duke
1983,1983,false,Sassy
1663,1663,false,Lucy
548,548,false,Ruby
1586,1586,false,Rocky
1184,1184,false,Jasper
156,156,false,Snoopy
638,638,false,Brutus
389,389,false,Cody
985,985,false,Tucker
678,678,false,Shadow
1937,1937,false,Harvey
1891,1891,false,Sassy
1305,1305,false,Rocky
392,392,false,Bubba
1228,1228,false,Gracie
11,11,false,Gracie
1914,1914,false,Sugar
301,301,false,Sasha
1168,1168,false,Buster
1552,1552,false,Taz
981,981,false,Jasper
1399,1399,false,Peanut
1332,1332,false,Misty
1894,1894,false,Sassy
1479,1479,false,Taz
1721,1721,false,Jasmine
299,299,false,Sandy
900,900,false,Taz
1794,1794,false,Duke
687,687,false,Sammy
1383,1383,false,Max
1233,1233,false,Lucky
442,442,false,Cooper
311,311,false,Brutus
304,304,false,Lola
674,674,false,Cocoa
1796,1796,false,Sparky
228,228,false,Lily
1808,1808,false,Baxter
1971,1971,false,Oreo
1148,1148,false,Abby
1226,1226,false,Jasper
1850,1850,false,Sandy
139,139,false,Rosie
331,331,false,Casey
513,513,false,Baxter
1074,1074,false,Blue
1150,1150,false,Tyson
1662,1662,false,Misty
1118,1118,false,Maggie
1293,1293,false,Cocoa
679,679,false,Duke
1078,1078,false,Cody
1737,1737,false,Abby
1200,1200,false,Lucky
1169,1169,false,Tyson
426,426,false,Pepper
1012,1012,false,Maggie
1582,1582,false,Sadie
1153,1153,false,Penny
1349,1349,false,Tucker
1939,1939,false,Snoopy
1107,1107,false,Brutus
1984,1984,false,Sparky
1180,1180,false,Riley
29,29,false,Milo
869,869,false,Belle
421,421,false,Scooter
716,716,false,Precious
446,446,false,Sasha
1509,1509,false,Milo
1849,1849,false,Jasper
186,186,false,Angel
1946,1946,false,Penny
1839,1839,false,Angel
169,169,false,Baxter
327,327,false,Chance
231,231,false,Pepper
273,273,false,Sophie
277,277,false,Lucky
1650,1650,false,Mia
1920,1920,false,Duke
879,879,false,Belle
653,653,false,Diamond
1080,1080,false,Diesel
1985,1985,false,Buddy
1947,1947,false,Bruno
285,285,false,Sparky
405,405,false,Daisy
1189,1189,false,Sophie
1941,1941,false,Scooter
44,44,false,Lilly
477,477,false,Bandit
793,793,false,Gracie
1495,1495,false,Lucky
875,875,false,Harley
704,704,false,Sparky
598,598,false,Lola
632,632,false,Lexi
120,120,false,Toby
288,288,false,Baxter
1710,1710,false,Chance
1909,1909,false,Bo
1997,1997,false,Snickers
427,427,false,Shadow
1691,1691,false,Molly
1412,1412,false,Baby
1980,1980,false,Lucky
1438,1438,false,Bo
480,480,false,Lucy
838,838,false,Dakota
217,217,false,Roxie
351,351,false,Bandit
324,324,false,Max
1285,1285,false,Jack
54,54,false,Penny
1782,1782,false,Molly
1277,1277,false,Oscar
834,834,false,Marley
387,387,false,Jasmine
642,642,false,Cookie
887,887,false,Jack
1742,1742,false,Max
97,97,false,Coco
1617,1617,false,Lady
479,479,false,Missy
1713,1713,false,Milo
1706,1706,false,Sasha
1965,1965,false,Misty
1820,1820,false,Bear
997,997,false,Shadow
1843,1843,false,Chloe
1549,1549,false,Rascal
1249,1249,false,Rocky
1906,1906,false,Sassy
737,737,false,Lily
839,839,false,Annie
346,346,false,Sasha
370,370,false,Teddy
1162,1162,false,Abby
276,276,false,Riley
339,339,false,Zeus
1890,1890,false,Tucker
210,210,false,Jasper
1550,1550,false,Rusty
1108,1108,false,Harley
667,667,false,Murphy
386,386,false,Lady
577,577,false,Rusty
514,514,false,Molly
1442,1442,false,Oreo
1923,1923,false,Jasmine
1379,1379,false,Sophie
1112,1112,false,Bubba
827,827,false,Rex
1013,1013,false,Harley
1218,1218,false,Cooper
1803,1803,false,Baxter
1350,1350,false,Baby
611,611,false,Penny
1082,1082,false,Molly
1879,1879,false,Zoe
365,365,false,Sam
1957,1957,false,Bailey
1829,1829,false,Cookie
1071,1071,false,Bubba
522,522,false,Molly
906,906,false,Luna
617,617,false,Bandit
1860,1860,false,Gizmo
938,938,false,Annie
1339,1339,false,Precious
1215,1215,false,Roxie
1389,1389,false,Roxie
1386,1386,false,Diesel
1329,1329,false,Jake
464,464,false,Rascal
1629,1629,false,Lily
1323,1323,false,Penny
1470,1470,false,Honey
1229,1229,false,Harley
843,843,false,Penny
1720,1720,false,Roxy
749,749,false,Lady
932,932,false,Dakota
728,728,false,Bo
36,36,false,Missy
705,705,false,Princess
1687,1687,false,Peanut
2008,2008,false,Zoey
1405,1405,false,Marley
905,905,false,Chico
436,436,false,Scooter
1873,1873,false,Rocky
727,727,false,Sammy
765,765,false,Sammy
281,281,false,Misty
615,615,false,Bubba
1579,1579,false,Missy
1979,1979,false,Belle
1800,1800,false,Peanut
356,356,false,Chico
1020,1020,false,Gracie
1181,1181,false,Bo
1551,1551,false,Lexi
1759,1759,false,Bella
911,911,false,Duke
135,135,false,Bailey
1043,1043,false,Chloe
1441,1441,false,Baxter
1028,1028,false,Shelby
919,919,false,Rocky
1722,1722,false,Patches
1205,1205,false,Tyson
934,934,false,Rocky
260,260,false,Missy
166,166,false,Milo
1262,1262,false,Angel
1070,1070,false,Jasmine
1733,1733,false,Bear
1158,1158,false,Roxie
496,496,false,Taz
1120,1120,false,Angel
1187,1187,false,Angel
1543,1543,false,Taz
342,342,false,Ruby
1719,1719,false,Oreo
202,202,false,Dakota
1504,1504,false,Rosie
394,394,false,Snickers
1444,1444,false,Bandit
1711,1711,false,Cocoa
539,539,false,Bubba
806,806,false,Casey
977,977,false,Harley
1027,1027,false,Milo
1085,1085,false,Lola
1986,1986,false,Duke
1072,1072,false,Charlie
1368,1368,false,Penny
733,733,false,Tank
1102,1102,false,Rocky
575,575,false,Harvey
943,943,false,Rascal
1745,1745,false,Annie
755,755,false,Snickers
123,123,false,Lily
483,483,false,Buddy
1816,1816,false,Cocoa
415,415,false,Jasmine
764,764,false,Harley
1632,1632,false,Daisy
636,636,false,Sophie
385,385,false,Annie
1213,1213,false,Toby
535,535,false,Cookie
1904,1904,false,Abby
1673,1673,false,Lady
30,30,false,Coco
1008,1008,false,Ginger
245,245,false,Oscar
1976,1976,false,Zeus
2007,2007,false,Sophie
347,347,false,Lily
910,910,false,Abby
1981,1981,false,Shadow
1578,1578,false,Charlie
1494,1494,false,Mia
272,272,false,Annie
832,832,false,Charlie
1431,1431,false,Scooter
631,631,false,Jasper
1046,1046,false,Missy
1523,1523,false,Duke
227,227,false,Misty
931,931,false,Precious
688,688,false,Tank
867,867,false,Milo
568,568,false,Honey
1743,1743,false,Sam
795,795,false,Tucker
1921,1921,false,Blue
236,236,false,Zoey
538,538,false,Buster
1558,1558,false,Belle
119,119,false,Snoopy
1654,1654,false,Buddy
1099,1099,false,Gracie
1466,1466,false,Sam
46,46,false,Oreo
1275,1275,false,Blue
19,19,false,Missy
810,810,false,Zeus
1583,1583,false,Sadie
1502,1502,false,Lola
1294,1294,false,Bubba
448,448,false,Princess
552,552,false,Casey
1093,1093,false,Harley
1972,1972,false,Lucky
719,719,false,Cooper
1933,1933,false,Patches
682,682,false,Bailey
1345,1345,false,Roxy
232,232,false,Tyson
1003,1003,false,Rosie
145,145,false,Sophie
1375,1375,false,Honey
1124,1124,false,Missy
1627,1627,false,Lilly
1016,1016,false,Jake
1128,1128,false,Spike
197,197,false,Bruno
255,255,false,Dakota
1418,1418,false,Lola
1854,1854,false,Missy
763,763,false,Luna
1736,1736,false,Tyson
163,163,false,Oreo
1674,1674,false,Taz
574,574,false,Duke
788,788,false,Angel
1877,1877,false,Tyson
1094,1094,false,Chance
39,39,false,Patches
290,290,false,Bruno
873,873,false,Roxie
959,959,false,Maggie
1025,1025,false,Zeus
1197,1197,false,Milo
1423,1423,false,Bruno
1749,1749,false,Tank
336,336,false,Zoey
1899,1899,false,Blue
1110,1110,false,Sandy
1567,1567,false,Zoe
1002,1002,false,Bandit
640,640,false,Rex
216,216,false,Cody
1881,1881,false,Toby
1684,1684,false,Lily
66,66,false,Zoe
1194,1194,false,Scooter
1532,1532,false,Gizmo
315,315,false,Gizmo
1241,1241,false,Sassy
864,864,false,Abby
26,26,false,Bo
1780,1780,false,Shelby
90,90,false,Rascal
693,693,false,Jasper
1760,1760,false,Sophie
971,971,false,Misty
1817,1817,false,Abby
1017,1017,false,Murphy
1264,1264,false,Harvey
1515,1515,false,Lucky
816,816,false,Penny
1600,1600,false,Luna
93,93,false,Zeus
1491,1491,false,Misty
1142,1142,false,Ginger
1482,1482,false,Sammy
1416,1416,false,Chloe
25,25,false,Snickers
141,141,false,Dixie
128,128,false,Sugar
17,17,false,Murphy
1577,1577,false,Luna
848,848,false,Jack
1068,1068,false,Dixie
1304,1304,false,Lily
462,462,false,Abby
998,998,false,Milo
925,925,false,Bo
1243,1243,false,Annie
1055,1055,false,Sugar
20,20,false,Belle
179,179,false,Bailey
661,661,false,Chance
1166,1166,false,Rascal
1682,1682,false,Patches
359,359,false,Bubba
103,103,false,Ruby
1729,1729,false,Lilly
1281,1281,false,Lucky
295,295,false,Jack
1278,1278,false,Lady
1649,1649,false,Bandit
27,27,false,Roxy
1105,1105,false,Ginger
1064,1064,false,Snoopy
1747,1747,false,Dakota
612,612,false,Gracie
439,439,false,Baxter
247,247,false,Precious
1231,1231,false,Zoe
1931,1931,false,Sasha
831,831,false,Sasha
1201,1201,false,Princess
1382,1382,false,Diamond
188,188,false,Peanut
1208,1208,false,Angel
1795,1795,false,Bear
672,672,false,Baxter
561,561,false,Daisy
502,502,false,Roxie
160,160,false,Snoopy
996,996,false,Taz
1544,1544,false,Zoey
1460,1460,false,Annie
40,40,false,Brutus
634,634,false,Taz
709,709,false,Tank
860,860,false,Roxy
1693,1693,false,Teddy
49,49,false,Taz
933,933,false,Max
1517,1517,false,Sparky
1992,1992,false,Bruno
1958,1958,false,Roxy
1874,1874,false,Sandy
1398,1398,false,Harley
1640,1640,false,Misty
798,798,false,Jake
1210,1210,false,Rusty
726,726,false,Sasha
215,215,false,Honey
1182,1182,false,Chico
883,883,false,Cody
484,484,false,Rosie
432,432,false,Belle
278,278,false,Taz
1938,1938,false,Harvey
1284,1284,false,Pepper
1954,1954,false,Riley
51,51,false,Zoe
1286,1286,false,Toby
694,694,false,Sassy
1106,1106,false,Bubba
1863,1863,false,Abby
1755,1755,false,Zoey
1223,1223,false,Bruno
1915,1915,false,Rascal
745,745,false,Teddy
404,404,false,Lily
647,647,false,Marley
1505,1505,false,Precious
1589,1589,false,Lilly
912,912,false,Sugar
321,321,false,Sparky
1616,1616,false,Riley
320,320,false,Casey
1758,1758,false,Milo
734,734,false,Rocky
856,856,false,Harley
1964,1964,false,Murphy
338,338,false,Duke
1512,1512,false,Sassy
1896,1896,false,Casey
601,601,false,Rosie
497,497,false,Cooper
1667,1667,false,Rex
322,322,false,Harley
382,382,false,Chico
86,86,false,Rex
1645,1645,false,Sparky
383,383,false,Bailey
1705,1705,false,Maggie
1709,1709,false,Charlie
669,669,false,Dakota
1547,1547,false,Snickers
108,108,false,Oreo
271,271,false,Jack
434,434,false,Charlie
185,185,false,Luna
840,840,false,Riley
1521,1521,false,Zoey
1802,1802,false,Penny
458,458,false,Diamond
1376,1376,false,Peanut
1634,1634,false,Blue
1516,1516,false,Shelby
1529,1529,false,Princess
744,744,false,Sparky
1826,1826,false,Daisy
1723,1723,false,Dakota
1846,1846,false,Cocoa
989,989,false,Lucy
1672,1672,false,Chance
1427,1427,false,Daisy
862,862,false,Princess
1280,1280,false,Dakota
1959,1959,false,Harvey
1690,1690,false,Rascal
296,296,false,Sparky
772,772,false,Cooper
190,190,false,Baby
300,300,false,Jasper
916,916,false,Bruno
1434,1434,false,Max
1988,1988,false,Cody
1996,1996,false,Shadow
1598,1598,false,Snickers
1023,1023,false,Casey
1476,1476,false,Buddy
1631,1631,false,Cooper
488,488,false,Charlie
921,921,false,Snoopy
988,988,false,Harley
1419,1419,false,Jasper
1501,1501,false,Rascal
1604,1604,false,Jasmine
450,450,false,Teddy
1455,1455,false,Mia
1403,1403,false,Penny
499,499,false,Toby
471,471,false,Cookie
1792,1792,false,Bailey
1037,1037,false,Misty
1859,1859,false,Sandy
1283,1283,false,Chico
118,118,false,Roxy
1260,1260,false,Casey
1212,1212,false,Lexi
418,418,false,Lily
1311,1311,false,Daisy
786,786,false,Jasmine
566,566,false,Rusty
1865,1865,false,Spike
132,132,false,Riley
1824,1824,false,Cookie
1044,1044,false,Honey
41,41,false,Missy
1179,1179,false,Precious
1798,1798,false,Peanut
267,267,false,Lady
935,935,false,Murphy
1493,1493,false,Zeus
1757,1757,false,Jasmine
1370,1370,false,Rocky
821,821,false,Max
711,711,false,Roxie
1936,1936,false,Abby
1271,1271,false,Lucy
148,148,false,Rocky
180,180,false,Dakota
1610,1610,false,Sam
791,791,false,Lily
1764,1764,false,Blue
1079,1079,false,Sadie
1734,1734,false,Dakota
1357,1357,false,Spike
1193,1193,false,Sandy
607,607,false,Milo
955,955,false,Marley
380,380,false,Jake
96,96,false,Roxy
1724,1724,false,Sophie
1045,1045,false,Sasha
1219,1219,false,Ruby
778,778,false,Harley
1905,1905,false,Bear
223,223,false,Sugar
746,746,false,Snickers
1253,1253,false,Lexi
222,222,false,Coco
721,721,false,Snoopy
1602,1602,false,Princess
102,102,false,Teddy
1573,1573,false,Dixie
1404,1404,false,Oreo
1806,1806,false,Harvey
1240,1240,false,Sugar
195,195,false,Snickers
1336,1336,false,Honey
1326,1326,false,Jasper
147,147,false,Shelby
1065,1065,false,Toby
1731,1731,false,Baxter
162,162,false,Chloe
757,757,false,Lola
740,740,false,Annie
1882,1882,false,Bruno
181,181,false,Marley
766,766,false,Sammy
1086,1086,false,Sasha
198,198,false,Buddy
269,269,false,Shelby
861,861,false,Gizmo
1159,1159,false,Diesel
1852,1852,false,Zoey
422,422,false,Pepper
1388,1388,false,Chloe
182,182,false,Shadow
1675,1675,false,Brutus
1411,1411,false,Jasper
115,115,false,Patches
60,60,false,Penny
256,256,false,Lucy
1273,1273,false,Daisy
408,408,false,Cocoa
226,226,false,Abby
759,759,false,Bear
1522,1522,false,Lady
23,23,false,Bandit
729,729,false,Daisy
454,454,false,Casey
1322,1322,false,Tyson
1823,1823,false,Zoey
1805,1805,false,Daisy
593,593,false,Precious
671,671,false,Harvey
1237,1237,false,Bruno
939,939,false,Bo
1637,1637,false,Bella
61,61,false,Taz
554,554,false,Lucy
1422,1422,false,Dakota
1114,1114,false,Zoe
1062,1062,false,Patches
1155,1155,false,Cooper
340,340,false,Sophie
1139,1139,false,Annie
1144,1144,false,Ruby
224,224,false,Jack
519,519,false,Molly
138,138,false,Jasmine
811,811,false,Lucy
777,777,false,Blue
660,660,false,Sugar
958,958,false,Patches
330,330,false,Lady
1175,1175,false,Charlie
1069,1069,false,Abby
991,991,false,Rusty
570,570,false,Jake
1147,1147,false,Cookie
1209,1209,false,Cocoa
814,814,false,Precious
760,760,false,Rusty
779,779,false,Coco
1157,1157,false,Lexi
874,874,false,Roxy
37,37,false,Sam
375,375,false,Bruno
242,242,false,Sammy
699,699,false,Sammy
624,624,false,Snoopy
1289,1289,false,Zeus
614,614,false,Spike
695,695,false,Shadow
1925,1925,false,Coco
825,825,false,Rascal
1956,1956,false,Harvey
2006,2006,false,Casey
1188,1188,false,Taz
897,897,false,Tucker
1503,1503,false,Molly
444,444,false,Rocky
1449,1449,false,Snickers
1151,1151,false,Gracie
625,625,false,Shelby
1628,1628,false,Rosie
1309,1309,false,Penny
1463,1463,false,Pepper
1047,1047,false,Shelby
803,803,false,Baxter
1092,1092,false,Missy
1113,1113,false,Luna
1417,1417,false,Diamond
1838,1838,false,Chloe
1480,1480,false,Gracie
1918,1918,false,Lexi
1486,1486,false,Molly
1527,1527,false,Penny
762,762,false,Baby
28,28,false,Chico
1469,1469,false,Jack
235,235,false,Murphy
1557,1557,false,Riley
254,254,false,Misty
754,754,false,Sadie
1456,1456,false,Sasha
571,571,false,Dakota
773,773,false,Lucy
680,680,false,Missy
1750,1750,false,Sugar
619,619,false,Ruby
1217,1217,false,Oscar
500,500,false,Baxter
1903,1903,false,Sadie
1224,1224,false,Lexi
1608,1608,false,Sam
1689,1689,false,Tucker
1496,1496,false,Harley
241,241,false,Bruno
531,531,false,Max
1907,1907,false,Cocoa
1615,1615,false,Maggie
835,835,false,Cookie
1969,1969,false,Marley
1994,1994,false,Brutus
854,854,false,Lady
668,668,false,Precious
1951,1951,false,Scooter
1445,1445,false,Blue
1585,1585,false,Chance
527,527,false,Max
55,55,false,Sammy
1840,1840,false,Dakota
424,424,false,Duke
43,43,false,Abby
1555,1555,false,Ginger
1298,1298,false,Baxter
399,399,false,Teddy
708,708,false,Luna
393,393,false,Spike
1945,1945,false,Duke
1830,1830,false,Ruby
1116,1116,false,Rex
767,767,false,Honey
1489,1489,false,Buddy
1998,1998,false,Bubba
633,633,false,Misty
1483,1483,false,Luna
411,411,false,Maggie
657,657,false,Chloe
1611,1611,false,Luna
690,690,false,Shadow
692,692,false,Patches
92,92,false,Bear
1625,1625,false,Sasha
547,547,false,Murphy
1670,1670,false,Cookie
57,57,false,Rusty
1297,1297,false,Buddy
1777,1777,false,Sassy
1171,1171,false,Harley
1756,1756,false,Teddy
126,126,false,Brutus
1127,1127,false,Oscar
489,489,false,Buster
1402,1402,false,Harley
780,780,false,Buddy
1343,1343,false,Sugar
211,211,false,Shadow
33,33,false,Sadie
508,508,false,Chloe
1730,1730,false,Marley
1360,1360,false,Chloe
1214,1214,false,Milo
651,651,false,Shadow
664,664,false,Sassy
292,292,false,Abby
891,891,false,Zeus
877,877,false,Molly
1779,1779,false,Snickers
1592,1592,false,Dixie
177,177,false,Ginger
62,62,false,Sassy
774,774,false,Casey
534,534,false,Duke
902,902,false,Lucy
1096,1096,false,Sparky
199,199,false,Rosie
553,553,false,Scooter
1160,1160,false,Brutus
1613,1613,false,Diesel
956,956,false,Dakota
1554,1554,false,Cody
1424,1424,false,Tank
1328,1328,false,Precious
540,540,false,Diamond
1913,1913,false,Molly
1316,1316,false,Sparky
142,142,false,Sugar
616,616,false,Annie
658,658,false,Lucky
317,317,false,Diamond
1471,1471,false,Bailey
1373,1373,false,Lilly
516,516,false,Abby
1856,1856,false,Shelby
505,505,false,Belle
1371,1371,false,Jake
743,743,false,Tank
707,707,false,Honey
820,820,false,Cookie
590,590,false,Abby
361,361,false,Sophie
14,14,false,Baby
1929,1929,false,Molly
1835,1835,false,Zeus
110,110,false,Chloe
1767,1767,false,Sam
1842,1842,false,Harvey
892,892,false,Jake
739,739,false,Jake
1177,1177,false,Bandit
954,954,false,Casey
284,284,false,Oscar
100,100,false,Charlie
1867,1867,false,Max
1553,1553,false,Misty
1694,1694,false,Dakota
2,2,false,Sammy
1408,1408,false,Lucy
1620,1620,false,Blue
487,487,false,Rascal
901,901,false,Zoe
1468,1468,false,Rusty
520,520,false,Duke
1320,1320,false,Lilly
562,562,false,Tyson
1000,1000,false,Belle
736,736,false,Riley
1633,1633,false,Dakota
1245,1245,false,Lucy
1220,1220,false,Bella
1967,1967,false,Daisy
537,537,false,Sparky
1671,1671,false,Zeus
604,604,false,Cookie
1787,1787,false,Zoey
655,655,false,Brutus
1465,1465,false,Chance
437,437,false,Sadie
866,866,false,Toby
1149,1149,false,Duke
1058,1058,false,Oreo
1156,1156,false,Bruno
1279,1279,false,Zoe
69,69,false,Lady
74,74,false,Angel
350,350,false,Buddy
1952,1952,false,Lucky
1541,1541,false,Bailey
1362,1362,false,Baxter
1950,1950,false,Sophie
1644,1644,false,Roxie
12,12,false,Lexi
414,414,false,Jasper
698,698,false,Blue
882,882,false,Brutus
1704,1704,false,Lily
970,970,false,Jasmine
1570,1570,false,Bailey
1588,1588,false,Milo
588,588,false,Bo
157,157,false,Luna
449,449,false,Sugar
1703,1703,false,Gizmo
1624,1624,false,Jasper
717,717,false,Abby
143,143,false,Lady
1828,1828,false,Lexi
490,490,false,Murphy
1385,1385,false,Belle
485,485,false,Sparky
32,32,false,Ruby
406,406,false,Lucky
493,493,false,Lola
1318,1318,false,Penny
512,512,false,Cookie
244,244,false,Bailey
884,884,false,Rusty
398,398,false,Chloe
68,68,false,Max
1451,1451,false,Buddy
507,507,false,Snickers
940,940,false,Lola
1353,1353,false,Lucy
451,451,false,Coco
1612,1612,false,Rosie
283,283,false,Patches
130,130,false,Duke
165,165,false,Cocoa
1126,1126,false,Bear
1786,1786,false,Shelby
1732,1732,false,Riley
460,460,false,Misty
1771,1771,false,Snoopy
302,302,false,Belle
1864,1864,false,Sophie
718,718,false,Gracie
700,700,false,Bubba
605,605,false,Charlie
557,557,false,Precious
1432,1432,false,Bailey
942,942,false,Lady
1255,1255,false,Jack
1605,1605,false,Angel
544,544,false,Blue
417,417,false,Abby
584,584,false,Sugar
1701,1701,false,Daisy
1052,1052,false,Precious
423,423,false,Chloe
768,768,false,Sparky
770,770,false,Teddy
833,833,false,Diesel
1448,1448,false,Sparky
1344,1344,false,Bubba
1244,1244,false,Rusty
1853,1853,false,Rocky
1443,1443,false,Lilly
1781,1781,false,Cookie
1031,1031,false,Sparky
585,585,false,Diamond
1987,1987,false,Annie
101,101,false,Sandy
1991,1991,false,Taz
1510,1510,false,Princess
800,800,false,Peanut
580,580,false,Sandy
1889,1889,false,Luna
1409,1409,false,Gizmo
1317,1317,false,Missy
543,543,false,Brutus
38,38,false,Sandy
53,53,false,Harvey
1886,1886,false,Cody
966,966,false,Chloe
112,112,false,Lucky
1095,1095,false,Bella
1652,1652,false,Jasper
1051,1051,false,Chance
1138,1138,false,Sammy
1966,1966,false,Angel
501,501,false,Shadow
1974,1974,false,Chance
1050,1050,false,Misty
1066,1066,false,Dixie
1898,1898,false,Tucker
209,209,false,Bella
600,600,false,Dakota
1341,1341,false,Ruby
993,993,false,Rascal
1679,1679,false,Jake
1268,1268,false,Riley
2002,2002,false,Dixie
360,360,false,Shadow
602,602,false,Penny
35,35,false,Rex
1119,1119,false,Baxter
1885,1885,false,Zoey
702,702,false,Jasper
1499,1499,false,Rosie
161,161,false,Sugar
560,560,false,Jack
927,927,false,Coco
1248,1248,false,Sam
1799,1799,false,Rocky
1358,1358,false,Snoopy
1331,1331,false,Baxter
592,592,false,Chloe
1880,1880,false,Honey
771,771,false,Sammy
1870,1870,false,Sparky
922,922,false,Harvey
1390,1390,false,Lily
908,908,false,Rusty
1453,1453,false,Ruby
813,813,false,Casey
1571,1571,false,Sophie
1111,1111,false,Jasmine
652,652,false,Bo
1287,1287,false,Oreo
363,363,false,Bruno
1868,1868,false,Tank
435,435,false,Tucker
597,597,false,Daisy
1514,1514,false,Baxter
1676,1676,false,Bubba
579,579,false,Casey
257,257,false,Rex
1561,1561,false,Cooper
94,94,false,Shelby
6,6,false,Tyson
1584,1584,false,Patches
13,13,false,Duke
1595,1595,false,Lucky
400,400,false,Bella
1871,1871,false,Chance
1303,1303,false,Abby
1005,1005,false,Princess
697,697,false,Taz
1324,1324,false,Baby
1125,1125,false,Shadow
293,293,false,Duke
1202,1202,false,Teddy
846,846,false,Jasmine
1708,1708,false,Roxie
461,461,false,Baxter
1440,1440,false,Toby
748,748,false,Precious
1021,1021,false,Toby
1145,1145,false,Mia
581,581,false,Missy
357,357,false,Sasha
1748,1748,false,Ginger
1520,1520,false,Misty
219,219,false,Casey
751,751,false,Patches
511,511,false,Luna
1256,1256,false,Chico
980,980,false,Lucy
104,104,false,Lucky
1845,1845,false,Missy
1356,1356,false,Ruby
789,789,false,Dixie
474,474,false,Bear
715,715,false,Bo
815,815,false,Bear
822,822,false,Gizmo
524,524,false,Jake
714,714,false,Oreo
240,240,false,Milo
253,253,false,Snoopy
542,542,false,Chloe
586,586,false,Shadow
1922,1922,false,Bo
1935,1935,false,Casey
1227,1227,false,Sammy
1090,1090,false,Lily
1290,1290,false,Peanut
473,473,false,Bella
1009,1009,false,Milo
769,769,false,Charlie
412,412,false,Diamond
1222,1222,false,Ruby
696,696,false,Snoopy
686,686,false,Gizmo
207,207,false,Bandit
1646,1646,false,Lola
1084,1084,false,Blue
1242,1242,false,Bear
870,870,false,Toby
944,944,false,Tucker
1948,1948,false,Cooper
1342,1342,false,Dakota
419,419,false,Chloe
1340,1340,false,Harley
837,837,false,Oreo
1267,1267,false,Roxy
567,567,false,Sasha
1355,1355,false,Milo
193,193,false,Lola
627,627,false,Zeus
1462,1462,false,Bruno
18,18,false,Lucky
428,428,false,Toby
1428,1428,false,Dakota
926,926,false,Chico
111,111,false,Mia
34,34,false,Buddy
15,15,false,Sophie
391,391,false,Dixie
252,252,false,Lily
88,88,false,Taz
1087,1087,false,Sadie
1447,1447,false,Teddy
712,712,false,Sasha
1019,1019,false,Bubba
77,77,false,Zoey
1206,1206,false,Dakota
1029,1029,false,Rascal
1288,1288,false,Missy
95,95,false,Charlie
1195,1195,false,Lucy
809,809,false,Rascal
1123,1123,false,Cody
1366,1366,false,Snickers
957,957,false,Gizmo
1888,1888,false,Gizmo
1203,1203,false,Bailey
1477,1477,false,Roxy
620,620,false,Maggie
366,366,false,Dakota
920,920,false,Sadie
7,7,false,Tucker
656,656,false,Snoopy
952,952,false,Sassy
790,790,false,Gizmo
871,871,false,Molly
1902,1902,false,Princess
984,984,false,Tank
1384,1384,false,Rusty
1556,1556,false,Shelby
673,673,false,Abby
144,144,false,Jasper
494,494,false,Precious
1778,1778,false,Rosie
1513,1513,false,Sam
56,56,false,Baxter
1535,1535,false,Jasper
1007,1007,false,Sugar
229,229,false,Angel
609,609,false,Penny
1916,1916,false,Buddy
64,64,false,Bandit
608,608,false,Riley
1943,1943,false,Cocoa
564,564,false,Chico
805,805,false,Scooter
1500,1500,false,Scooter
440,440,false,Lola
1688,1688,false,Tyson
1911,1911,false,Bear
1170,1170,false,Chance
1858,1858,false,Bubba
105,105,false,Sassy
675,675,false,Sam
1819,1819,false,Rex
1658,1658,false,Misty
237,237,false,Lexi
648,648,false,Buster
466,466,false,Daisy
136,136,false,Sugar
885,885,false,Pepper
792,792,false,Blue
1426,1426,false,Sassy
1001,1001,false,Zoey
1039,1039,false,Chloe
332,332,false,Patches
1623,1623,false,Buddy
1580,1580,false,Penny
1359,1359,false,Ginger
1338,1338,false,Dixie
1490,1490,false,Roxy
1075,1075,false,Spike
722,722,false,Baxter
650,650,false,Bubba
1892,1892,false,Shadow
659,659,false,Dixie
1917,1917,false,Tyson
1697,1697,false,Chico
720,720,false,Lady
1364,1364,false,Shelby
1292,1292,false,Mia
175,175,false,Baby
89,89,false,Luna
753,753,false,Baxter
1784,1784,false,Misty
685,685,false,Tyson
1073,1073,false,Teddy
1963,1963,false,Sugar
196,196,false,Sasha
1814,1814,false,Rex
1506,1506,false,Oscar
1484,1484,false,Chance
1420,1420,false,Princess
782,782,false,Bruno
1893,1893,false,Jake
1446,1446,false,Rusty
824,824,false,Belle
1832,1832,false,Sam
1647,1647,false,Chico
1018,1018,false,Riley
433,433,false,Roxy
533,533,false,Lucy
1511,1511,false,Ginger
976,976,false,Milo
972,972,false,Duke
1254,1254,false,Dakota
1978,1978,false,Daisy
1735,1735,false,Jasmine
948,948,false,Sasha
425,425,false,Cooper
125,125,false,Diamond
1321,1321,false,Honey
1597,1597,false,Diamond
189,189,false,Chico
928,928,false,Shelby
784,784,false,Shelby
518,518,false,Bella
1638,1638,false,Brutus
131,131,false,Taz
1657,1657,false,Zoey
1167,1167,false,Marley
503,503,false,Cody
1536,1536,false,Misty
974,974,false,Lexi
1661,1661,false,Duke
282,282,false,Sammy
1953,1953,false,Zoe
1104,1104,false,Angel
1204,1204,false,Duke
1261,1261,false,Roxie
1363,1363,false,Roxy
1098,1098,false,Harley
845,845,false,Peanut
829,829,false,Coco
1474,1474,false,Gizmo
967,967,false,Bella
279,279,false,Jack
583,583,false,Baxter
390,390,false,Buster
171,171,false,Baxter
481,481,false,Luna
880,880,false,Lily
1238,1238,false,Zeus
1475,1475,false,Bubba
1568,1568,false,Dakota
1641,1641,false,Brutus
1183,1183,false,Oreo
563,563,false,Penny
1413,1413,false,Harley
1457,1457,false,Duke
1533,1533,false,Tyson
107,107,false,Zeus
1928,1928,false,Sammy
45,45,false,Lucy
1487,1487,false,Scooter
72,72,false,Harvey
1024,1024,false,Bailey
413,413,false,Lexi
1607,1607,false,Honey
121,121,false,Snoopy
1485,1485,false,Snickers
613,613,false,Buster
703,703,false,Patches
676,676,false,Missy
65,65,false,Toby
349,349,false,Sassy
78,78,false,Cooper
367,367,false,Cookie
742,742,false,Tucker
1230,1230,false,Buddy
872,872,false,Sasha
1538,1538,false,Roxy
1887,1887,false,Bear
364,364,false,Pepper
42,42,false,Scooter
1458,1458,false,Ginger
787,787,false,Chance
1337,1337,false,Harley
1006,1006,false,Shadow
1354,1354,false,Tank
246,246,false,Lily
230,230,false,Tank
1040,1040,false,Marley
1630,1630,false,Marley
1559,1559,false,Spike
373,373,false,Lexi
1425,1425,false,Harley
1815,1815,false,Buster
1818,1818,false,Oreo
781,781,false,Honey
76,76,false,Bear
1875,1875,false,Rusty
1739,1739,false,Riley
654,654,false,Max
1789,1789,false,Dixie
1660,1660,false,Missy
137,137,false,Molly
212,212,false,Lilly
1308,1308,false,Cocoa
438,438,false,Harvey
395,395,false,Bandit
1351,1351,false,Toby
176,176,false,Sandy
1251,1251,false,Lucy
314,314,false,Sasha
205,205,false,Oreo
1685,1685,false,Belle
1807,1807,false,Jack
459,459,false,Precious
917,917,false,Bella
1753,1753,false,Cocoa
629,629,false,Bandit
863,863,false,Rusty
192,192,false,Annie
368,368,false,Zoe
1154,1154,false,Sasha
1472,1472,false,Jasmine
1866,1866,false,Sugar
1546,1546,false,Buster
1869,1869,false,Cooper
559,559,false,Bandit
1681,1681,false,Taz
886,886,false,Dixie
1272,1272,false,Diamond
1746,1746,false,Roxy
308,308,false,Blue
1185,1185,false,Toby
591,591,false,Maggie
1727,1727,false,Murphy
312,312,false,Annie
1103,1103,false,Penny
83,83,false,Harley
756,756,false,Maggie
1961,1961,false,Snickers
1668,1668,false,Peanut
987,987,false,Jack
1960,1960,false,Snoopy
961,961,false,Zeus
1140,1140,false,Honey
960,960,false,Sparky
67,67,false,Lily
1507,1507,false,Tyson
1680,1680,false,Lucy
214,214,false,Bubba
1995,1995,false,Sophie
91,91,false,Sassy
573,573,false,Buddy
309,309,false,Patches
233,233,false,Roxy
71,71,false,Harvey
830,830,false,Zoey
362,362,false,Sugar
1054,1054,false,Patches
1100,1100,false,Molly
492,492,false,Peanut
683,683,false,Sandy
710,710,false,Abby
16,16,false,Harvey
1593,1593,false,Zoey
1101,1101,false,Bella
275,275,false,Harley
1121,1121,false,Zoey
898,898,false,Sophie
978,978,false,Patches
888,888,false,Spike
1122,1122,false,Gizmo
603,603,false,Lady
1030,1030,false,Angel
1130,1130,false,Buddy
1038,1038,false,Gizmo
134,134,false,Molly
1395,1395,false,Baby
1235,1235,false,Buddy
1467,1467,false,Bear
1129,1129,false,Lucy
1982,1982,false,Tank
1091,1091,false,Diamond
517,517,false,Precious
1975,1975,false,Sammy
1924,1924,false,Baxter
1165,1165,false,Chloe
1813,1813,false,Shelby
1365,1365,false,Princess
82,82,false,Bailey
21,21,false,Gracie
58,58,false,Shadow
1834,1834,false,Marley
1333,1333,false,Sassy
1312,1312,false,Mia
239,239,false,Max
184,184,false,Bella
248,248,false,Gracie
129,129,false,Lucy
1977,1977,false,Sugar
22,22,false,Duke
1178,1178,false,Gizmo
1895,1895,false,Dixie
622,622,false,Roxy
918,918,false,Max
1377,1377,false,Rex
895,895,false,Ginger
173,173,false,Honey
1421,1421,false,Rocky
73,73,false,Lady
262,262,false,Cookie
2009,2009,false,Spike
1088,1088,false,Missy
478,478,false,Roxy
929,929,false,Murphy
1076,1076,false,Riley
1718,1718,false,Missy
1741,1741,false,Blue
1740,1740,false,Sassy
1011,1011,false,Bear
1161,1161,false,Patches
319,319,false,Sassy
643,643,false,Lola
1291,1291,false,Diesel
307,307,false,Cocoa
1300,1300,false,Rusty
1302,1302,false,Gracie
1247,1247,false,Lucy
1752,1752,false,Diesel
1639,1639,false,Rocky
1642,1642,false,Casey
183,183,false,Buddy
528,528,false,Taz
684,684,false,Lilly
303,303,false,Misty
372,372,false,Ruby
1216,1216,false,Gracie
2010,2010,false,Marley
468,468,false,Rascal
294,294,false,Roxy
1429,1429,false,Snoopy
337,337,false,Roxy
1594,1594,false,Baby
1927,1927,false,Peanut
154,154,false,Chloe
402,402,false,Annie
172,172,false,Lola
1968,1968,false,Ginger
525,525,false,Roxy
599,599,false,Tucker
836,836,false,Oreo
889,889,false,Diamond
1653,1653,false,Belle
1765,1765,false,Diamond
305,305,false,Cookie
5,5,false,Sassy
1,1,false,Duke
546,546,false,Oreo
621,621,false,Rosie
191,191,false,Sandy
289,289,false,Sadie
1414,1414,false,Rascal
986,986,false,Angel
1387,1387,false,Misty
794,794,false,Mia
75,75,false,Ginger
2003,2003,false,Max
801,801,false,Baby
1004,1004,false,Shadow
326,326,false,Angel
1692,1692,false,Dixie
1152,1152,false,Rascal
950,950,false,Bailey
847,847,false,Chloe
796,796,false,Charlie
1540,1540,false,Cookie
962,962,false,Bandit
1900,1900,false,Belle
1117,1117,false,Jake
1049,1049,false,Ruby
1361,1361,false,Toby
550,550,false,Marley
463,463,false,Sophie
1990,1990,false,Chico
127,127,false,Brutus
713,713,false,Murphy
545,545,false,Murphy
1664,1664,false,Casey
1415,1415,false,Lady
1695,1695,false,Missy
1763,1763,false,Sophie
783,783,false,Riley
274,274,false,Rusty
1315,1315,false,Zoey
1250,1250,false,Lucky
1478,1478,false,Zoe
1677,1677,false,Lucky
1473,1473,false,Chloe
1666,1666,false,Cody
452,452,false,Tank
1135,1135,false,Buster
776,776,false,Sasha
1659,1659,false,Coco
1397,1397,false,Maggie
1265,1265,false,Snickers
1603,1603,false,Coco
8,8,false,Roxie
1164,1164,false,Bear
775,775,false,Scooter
63,63,false,Rex
1526,1526,false,Roxie
1246,1246,false,Molly
1211,1211,false,Gizmo
965,965,false,Sugar
1562,1562,false,Harvey
238,238,false,Misty
968,968,false,Marley
594,594,false,Lola
24,24,false,Sparky
3,3,false,Ginger
663,663,false,Gizmo
785,785,false,Zeus
1698,1698,false,Cooper
355,355,false,Spike
670,670,false,Zoe
807,807,false,Chance
896,896,false,Zeus
59,59,false,Lady
1186,1186,false,Peanut
639,639,false,Riley
1334,1334,false,Diamond
844,844,false,Lucy
701,701,false,Tyson
1793,1793,false,Lola
1406,1406,false,Missy
1810,1810,false,Precious
410,410,false,Max
1801,1801,false,Cooper
1590,1590,false,Jake
170,170,false,Cooper
858,858,false,Buster
1728,1728,false,Molly
595,595,false,Mia
208,208,false,Teddy
453,453,false,Snickers
1827,1827,false,Diamond
855,855,false,Charlie
1809,1809,false,Jasper
287,287,false,Jack
953,953,false,Misty
596,596,false,Jake
268,268,false,Cody
1811,1811,false,Lily
1381,1381,false,Brutus
482,482,false,Tank
1862,1862,false,Dixie
802,802,false,Rusty
1306,1306,false,Max
98,98,false,Tucker
447,447,false,Precious
1576,1576,false,Molly
352,352,false,Blue
2001,2001,false,Snickers
407,407,false,Blue
818,818,false,Snickers
1263,1263,false,Jack
371,371,false,Bella
1380,1380,false,Buddy
623,623,false,Tucker
649,649,false,Charlie
923,923,false,Rosie
1910,1910,false,Ginger
677,677,false,Lucy
723,723,false,Misty
1872,1872,false,Daisy
1528,1528,false,Ruby
491,491,false,Riley
1665,1665,false,Dixie
941,941,false,Chloe
1725,1725,false,Ginger
1812,1812,false,Bo
388,388,false,Milo
995,995,false,Zeus
409,409,false,Toby
1949,1949,false,Molly
1531,1531,false,Lily
48,48,false,Sassy
606,606,false,Cocoa
758,758,false,Rex
1770,1770,false,Cookie
1053,1053,false,Belle
1348,1348,false,Tank
1700,1700,false,Jasmine
213,213,false,Rex
152,152,false,Cooper
1464,1464,false,Harley
1572,1572,false,Lilly
1497,1497,false,Brutus
990,990,false,Blue
323,323,false,Cody
306,306,false,Charlie
1450,1450,false,Cooper
637,637,false,Chance
1325,1325,false,Roxy
826,826,false,Peanut
1136,1136,false,Lucy
1775,1775,false,Rocky
1901,1901,false,Oscar
819,819,false,Marley
899,899,false,Baby
1327,1327,false,Roxy
1726,1726,false,Taz
1825,1825,false,Sugar
1525,1525,false,Penny
865,865,false,Snoopy
945,945,false,Misty
1307,1307,false,Sophie
1601,1601,false,Sadie
752,752,false,Buddy
344,344,false,Oscar
106,106,false,Bandit
1596,1596,false,Taz
1609,1609,false,Brutus
1776,1776,false,Abby
572,572,false,Bruno
52,52,false,Penny
1908,1908,false,Tank
1081,1081,false,Cocoa
249,249,false,Coco
1335,1335,false,Daisy
1492,1492,false,Murphy
1837,1837,false,Chico
1686,1686,false,Milo
1459,1459,false,Rascal
416,416,false,Lily
159,159,false,Precious
1841,1841,false,Marley
510,510,false,Annie
420,420,false,Bandit
1296,1296,false,Cooper
587,587,false,Lily
1319,1319,false,Lola
1738,1738,false,Sparky
430,430,false,Cody
243,243,false,Zoe
369,369,false,Scooter
234,234,false,Shelby
99,99,false,Tucker
221,221,false,Sparky
264,264,false,Sparky
1430,1430,false,Precious
641,641,false,Misty
1744,1744,false,Tucker
1369,1369,false,Abby
174,174,false,Buster
397,397,false,Lola
1041,1041,false,Cooper
495,495,false,Bruno
1236,1236,false,Tank
1394,1394,false,Jake
333,333,false,Lily
1855,1855,false,Baxter
1591,1591,false,Angel
666,666,false,Jasper
2005,2005,false,Sugar
146,146,false,Lily
1508,1508,false,Lola
158,158,false,Teddy
1435,1435,false,Lily
1174,1174,false,Rosie
1934,1934,false,Baby
1621,1621,false,Jake
724,724,false,Misty
1560,1560,false,Sparky
1141,1141,false,Tyson
630,630,false,Lucy
443,443,false,Zoey
645,645,false,Oscar
924,924,false,Bubba
1751,1751,false,Rocky
907,907,false,Dakota
1314,1314,false,Sassy
506,506,false,Gizmo
1400,1400,false,Penny
1060,1060,false,Harley
930,930,false,Lola
1791,1791,false,Chance
1014,1014,false,Jake
852,852,false,Maggie
1821,1821,false,Lexi
1618,1618,false,Brutus
515,515,false,Shelby
403,403,false,Rocky
486,486,false,Tyson
1077,1077,false,Max
747,747,false,Diesel
194,194,false,Molly
1619,1619,false,Bella
1822,1822,false,Coco
220,220,false,Sandy
610,610,false,Missy
378,378,false,Bella
85,85,false,Milo
1970,1970,false,Chance
529,529,false,Dakota
348,348,false,Penny
1436,1436,false,Dixie
1831,1831,false,Bruno
1847,1847,false,Missy
1374,1374,false,Chance
153,153,false,Taz
1259,1259,false,Shadow
1232,1232,false,Zoe
1452,1452,false,Jasper
979,979,false,Jasper
1518,1518,false,Zoey
842,842,false,Diesel
291,291,false,Maggie
1575,1575,false,Zoe
1635,1635,false,Shelby
381,381,false,Penny
80,80,false,Abby
732,732,false,Taz
1785,1785,false,Sassy
1876,1876,false,Sammy
915,915,false,Spike
1461,1461,false,Mia
1035,1035,false,Bruno
904,904,false,Buddy
1274,1274,false,Sasha
1717,1717,false,Angel
1919,1919,false,Rosie
555,555,false,Harley
465,465,false,Shadow
812,812,false,Cocoa
374,374,false,Murphy
1063,1063,false,Baby
1626,1626,false,Sandy
1410,1410,false,Toby
999,999,false,Peanut
1056,1056,false,Toby
951,951,false,Cooper
1393,1393,false,Roxy
1391,1391,false,Duke
1581,1581,false,Zoey
286,286,false,Sandy
982,982,false,Lady
396,396,false,Duke
913,913,false,Murphy
1396,1396,false,Zeus
946,946,false,Cookie
914,914,false,Shadow
1788,1788,false,Ruby
1648,1648,false,Jake
973,973,false,Lola
1566,1566,false,Bandit
1761,1761,false,Rex
1804,1804,false,Mia
890,890,false,Tucker
1973,1973,false,Bruno
200,200,false,Dixie
10,10,false,Ruby
903,903,false,Mia
868,868,false,Rascal
1962,1962,false,Bailey
1022,1022,false,Angel
1367,1367,false,Princess
1848,1848,false,Spike
203,203,false,Marley
498,498,false,Murphy
81,81,false,Lilly
738,738,false,Oscar
150,150,false,Sophie
1454,1454,false,Chico
1276,1276,false,Cookie
1716,1716,false,Belle
578,578,false,Chloe
329,329,false,Oscar
201,201,false,Annie
334,334,false,Snoopy
1437,1437,false,Rex
681,681,false,Scooter
225,225,false,Blue
849,849,false,Tyson
1433,1433,false,Charlie
298,298,false,Angel
1109,1109,false,Luna
1207,1207,false,Rusty
472,472,false,Roxie
1851,1851,false,Precious
1191,1191,false,Missy
116,116,false,Shadow
797,797,false,Luna
1199,1199,false,Sparky
1488,1488,false,Bear
1310,1310,false,Duke
1036,1036,false,Shadow
1878,1878,false,Zoey
1143,1143,false,Zoey
1565,1565,false,Lilly
358,358,false,Oreo
1884,1884,false,Luna
731,731,false,Cookie
549,549,false,Abby
9,9,false,Casey
50,50,false,Diesel
164,164,false,Chico
983,983,false,Harvey
178,178,false,Oreo
1569,1569,false,Bubba
1190,1190,false,Diesel
1270,1270,false,Gizmo
808,808,false,Angel
691,691,false,Marley
1234,1234,false,Blue
1061,1061,false,Harley
1134,1134,false,Casey
850,850,false,Sam
124,124,false,Rocky
251,251,false,Pepper
1774,1774,false,Bubba
1010,1010,false,Lucy
1519,1519,false,Duke
1699,1699,false,Chloe
1857,1857,false,Zoe
431,431,false,Bubba
1059,1059,false,Jasper
1772,1772,false,Lucy
1655,1655,false,Missy
1683,1683,false,Misty
841,841,false,Pepper
1034,1034,false,Missy
1836,1836,false,Jack
1097,1097,false,Sadie
1173,1173,false,Harvey
328,328,false,Misty
1944,1944,false,Lily
1714,1714,false,Molly
1766,1766,false,Lola
1313,1313,false,Rex
313,313,false,Precious
47,47,false,Rex
206,206,false,Sammy
975,975,false,Misty
167,167,false,Rascal
582,582,false,Rex
1133,1133,false,Maggie
113,113,false,Coco
259,259,false,Sparky
318,318,false,Honey
646,646,false,Precious
325,325,false,Gracie
1225,1225,false,Ginger
1530,1530,false,Bruno
2004,2004,false,Daisy
665,665,false,Luna
1196,1196,false,Snoopy
455,455,false,Ruby
964,964,false,Angel
878,878,false,Sparky
376,376,false,Brutus
963,963,false,Bella
556,556,false,Tyson
1269,1269,false,Bubba
1172,1172,false,Ginger
261,261,false,Missy
1033,1033,false,Rex
1347,1347,false,Marley
1769,1769,false,Mia
1146,1146,false,Precious
1407,1407,false,Chloe
828,828,false,Oscar
109,109,false,Dixie
1768,1768,false,Sandy
1537,1537,false,Scooter
1539,1539,false,Rusty
343,343,false,Molly
114,114,false,Roxy
1636,1636,false,Buster
551,551,false,Sam
1844,1844,false,Lilly
735,735,false,Murphy
1132,1132,false,Belle
618,618,false,Cooper
1678,1678,false,Missy
1643,1643,false,Tucker
1606,1606,false,Angel
456,456,false,Sparky
1883,1883,false,Baxter
1299,1299,false,Marley
689,689,false,Misty
741,741,false,Bo
1545,1545,false,Sparky
79,79,false,Charlie
1669,1669,false,Cody
909,909,false,Dixie
1439,1439,false,Luna
936,936,false,Angel
947,947,false,Rascal
265,265,false,Tyson
1352,1352,false,Charlie
218,218,false,Sandy
558,558,false,Sandy
1702,1702,false,Sandy
1252,1252,false,Buster
341,341,false,Charlie
1083,1083,false,Cooper
565,565,false,Misty
1622,1622,false,Oscar
730,730,false,Sophie
589,589,false,Snoopy
1137,1137,false,Luna
536,536,false,Lilly
1797,1797,false,Sadie
1599,1599,false,Pepper
1392,1392,false,Cocoa
1942,1942,false,Bubba
635,635,false,Roxy
258,258,false,Jake
1221,1221,false,Dakota
250,250,false,Angel
1089,1089,false,Blue
1258,1258,false,Rascal
576,576,false,Tucker
992,992,false,Spike
1762,1762,false,Belle
626,626,false,Tucker
401,401,false,Missy
509,509,false,Blue
521,521,false,Lilly
1330,1330,false,Diamond
662,662,false,Molly
530,530,false,Bella
263,263,false,Peanut
1498,1498,false,Marley
1163,1163,false,Shelby
1346,1346,false,Casey
1042,1042,false,Penny
353,353,false,Bella
1587,1587,false,Sasha
1032,1032,false,Lady
1790,1790,false,Luna
823,823,false,Zoe
345,345,false,Cocoa
894,894,false,Sandy
1574,1574,false,Tyson
270,270,false,Sugar
1783,1783,false,Rascal
441,441,false,Bailey
523,523,false,Marley
628,628,false,Oscar
429,429,false,Jasmine
532,532,false,Sadie
1989,1989,false,Spike
1926,1926,false,Cookie
1401,1401,false,Buster
851,851,false,Bruno
122,122,false,Chico
893,893,false,Snoopy
817,817,false,Coco
804,804,false,Shadow
1198,1198,false,Riley
280,280,false,Toby
117,117,false,Ruby
750,750,false,Shadow
