child_id,client_id,deleted,pet_name
1871,1871,false,Sadie
1251,1251,false,Luna
890,890,false,Lucky
800,800,false,Annie
905,905,false,Cooper
790,790,false,Zeus
314,314,false,Sammy
1863,1863,false,Misty
1908,1908,false,Rex
819,819,false,Sadie
34,34,false,Teddy
230,230,false,Sadie
409,409,false,Ruby
1498,1498,false,Ginger
237,237,false,Abby
1603,1603,false,Belle
1215,1215,false,Ruby
82,82,false,Diesel
1665,1665,false,Tucker
273,273,false,Sadie
269,269,false,Chance
1397,1397,false,Zoey
1355,1355,false,Charlie
981,981,false,Princess
1272,1272,false,Chico
1408,1408,false,Lily
600,600,false,Shelby
182,182,false,Angel
1101,1101,false,Patches
1521,1521,false,Sandy
1918,1918,false,Sasha
1575,1575,false,Cocoa
1347,1347,false,Harvey
694,694,false,Jasper
769,769,false,Marley
1663,1663,false,Tucker
1413,1413,false,Bubba
577,577,false,Teddy
724,724,false,Taz
494,494,false,Shadow
472,472,false,Teddy
549,549,false,Rocky
1937,1937,false,Murphy
1410,1410,false,Tank
1626,1626,false,Ruby
1324,1324,false,Lucky
377,377,false,Oscar
661,661,false,Missy
431,431,false,Bella
683,683,false,Jasper
1717,1717,false,Oscar
277,277,false,Oscar
1342,1342,false,Maggie
961,961,false,Patches
1758,1758,false,Chico
802,802,false,Annie
177,177,false,Snickers
1946,1946,false,Lilly
1772,1772,false,Zeus
443,443,false,Marley
691,691,false,Snickers
1623,1623,false,Cody
1930,1930,false,Milo
499,499,false,Sandy
1139,1139,false,Bruno
108,108,false,Abby
14,14,false,Sophie
1925,1925,false,Rocky
954,954,false,Buster
1549,1549,false,Misty
699,699,false,Harley
1153,1153,false,Rascal
1778,1778,false,Charlie
484,484,false,Maggie
1204,1204,false,Lily
1647,1647,false,Chloe
280,280,false,Lola
1165,1165,false,Dakota
528,528,false,Sammy
693,693,false,Lucky
1422,1422,false,Murphy
1543,1543,false,Gracie
1119,1119,false,Sugar
301,301,false,Jasper
1688,1688,false,Daisy
1789,1789,false,Duke
49,49,false,Murphy
1660,1660,false,Sugar
134,134,false,Dixie
318,318,false,Precious
906,906,false,Jasper
813,813,false,Bailey
640,640,false,Lily
1879,1879,false,Sugar
806,806,false,Casey
1734,1734,false,Annie
1895,1895,false,Jasmine
433,433,false,Peanut
1696,1696,false,Lexi
909,909,false,Rocky
1657,1657,false,Daisy
901,901,false,Scooter
190,190,false,Sammy
725,725,false,Charlie
407,407,false,Diesel
1341,1341,false,Duke
719,719,false,Snoopy
1727,1727,false,Riley
1320,1320,false,Max
681,681,false,Baxter
281,281,false,Abby
697,697,false,Patches
1869,1869,false,Casey
446,446,false,Murphy
1164,1164,false,Sandy
1295,1295,false,Dixie
187,187,false,Oscar
1241,1241,false,Oscar
1997,1997,false,Max
1052,1052,false,Ginger
278,278,false,Chloe
39,39,false,Chance
1771,1771,false,Rocky
1363,1363,false,Patches
548,548,false,Baxter
1976,1976,false,Jasper
664,664,false,Teddy
1707,1707,false,Tyson
1999,1999,false,Lola
537,537,false,Lola
1406,1406,false,Rocky
336,336,false,Max
1770,1770,false,Sammy
1069,1069,false,Jasmine
1259,1259,false,Oreo
1823,1823,false,Oreo
84,84,false,Rosie
1472,1472,false,Duke
1034,1034,false,Baxter
917,917,false,Luna
950,950,false,Shadow
779,779,false,Charlie
391,391,false,Scooter
1674,1674,false,Bear
585,585,false,Sparky
253,253,false,Baby
828,828,false,Marley
1012,1012,false,Roxie
992,992,false,Sasha
2000,2000,false,Jasper
324,324,false,Sassy
671,671,false,Rex
1624,1624,false,Penny
490,490,false,Casey
535,535,false,Penny
710,710,false,Dixie
1704,1704,false,Taz
928,928,false,Tank
1137,1137,false,Lucy
696,696,false,Diamond
1617,1617,false,Patches
1739,1739,false,Brutus
842,842,false,Sparky
1579,1579,false,Coco
103,103,false,Lilly
1821,1821,false,Sassy
1345,1345,false,Princess
1116,1116,false,Cocoa
1809,1809,false,Chico
1747,1747,false,Gizmo
1506,1506,false,Taz
1098,1098,false,Luna
578,578,false,Gracie
1807,1807,false,Lily
503,503,false,Baby
1755,1755,false,Roxie
1040,1040,false,Oreo
926,926,false,Lucy
702,702,false,Cocoa
464,464,false,Lily
1398,1398,false,Belle
333,333,false,Diesel
913,913,false,Daisy
510,510,false,Coco
235,235,false,Cooper
2010,2010,false,Daisy
25,25,false,Bella
1561,1561,false,Maggie
155,155,false,Lady
1211,1211,false,Annie
1875,1875,false,Molly
165,165,false,Buster
1669,1669,false,Snickers
1945,1945,false,Zeus
1477,1477,false,Luna
1064,1064,false,Lucy
1110,1110,false,Missy
353,353,false,Cookie
76,76,false,Abby
1044,1044,false,Brutus
1515,1515,false,Penny
2002,2002,false,Murphy
1468,1468,false,Roxy
1360,1360,false,Misty
1351,1351,false,Duke
1083,1083,false,Gracie
1017,1017,false,Oreo
513,513,false,Brutus
633,633,false,Sandy
1746,1746,false,Murphy
221,221,false,Molly
1006,1006,false,Tank
1782,1782,false,Tyson
989,989,false,Sassy
232,232,false,Misty
243,243,false,Bo
345,345,false,Zoe
967,967,false,Sophie
704,704,false,Cookie
1847,1847,false,Sugar
771,771,false,Penny
131,131,false,Jake
421,421,false,Roxy
861,861,false,Bruno
1236,1236,false,Milo
401,401,false,Lucy
1151,1151,false,Tyson
971,971,false,Zeus
1505,1505,false,Rusty
335,335,false,Lola
1037,1037,false,Shelby
1664,1664,false,Daisy
27,27,false,Sparky
1033,1033,false,Gizmo
343,343,false,Honey
1142,1142,false,Riley
1540,1540,false,Cookie
1456,1456,false,Sophie
359,359,false,Brutus
584,584,false,Tank
1605,1605,false,Bubba
50,50,false,Patches
1713,1713,false,Casey
531,531,false,Gizmo
175,175,false,Cocoa
122,122,false,Lexi
817,817,false,Marley
412,412,false,Abby
572,572,false,Shadow
1136,1136,false,Rocky
1604,1604,false,Diesel
217,217,false,Rocky
915,915,false,Bruno
2001,2001,false,Casey
1872,1872,false,Max
112,112,false,Lucky
69,69,false,Bubba
276,276,false,Maggie
1434,1434,false,Roxie
1891,1891,false,Jasper
1761,1761,false,Snoopy
525,525,false,Shelby
1462,1462,false,Bailey
626,626,false,Riley
1125,1125,false,Lady
1738,1738,false,Ginger
1305,1305,false,Jasper
920,920,false,Ruby
539,539,false,Chance
340,340,false,Lucky
212,212,false,Taz
1627,1627,false,Sadie
837,837,false,Casey
847,847,false,Harvey
1258,1258,false,Casey
1708,1708,false,Lucky
857,857,false,Mia
386,386,false,Taz
1774,1774,false,Belle
784,784,false,Buddy
631,631,false,Bandit
1265,1265,false,Bella
849,849,false,Penny
1045,1045,false,Lilly
224,224,false,Scooter
601,601,false,Rascal
1628,1628,false,Rusty
637,637,false,Shadow
1652,1652,false,Milo
1288,1288,false,Cookie
1240,1240,false,Lucky
56,56,false,Harvey
597,597,false,Zeus
1902,1902,false,Bella
289,289,false,Ruby
1473,1473,false,Cookie
820,820,false,Lexi
1594,1594,false,Missy
1730,1730,false,Lily
642,642,false,Bandit
1923,1923,false,Shadow
1172,1172,false,Max
1186,1186,false,Snickers
192,192,false,Bubba
1924,1924,false,Bailey
1576,1576,false,Maggie
1414,1414,false,Cody
136,136,false,Bruno
923,923,false,Bo
996,996,false,Marley
1212,1212,false,Bear
1552,1552,false,Penny
1436,1436,false,Bailey
897,897,false,Gizmo
1263,1263,false,Sasha
1405,1405,false,Lilly
60,60,false,Lola
166,166,false,Coco
529,529,false,Bruno
1192,1192,false,Sammy
164,164,false,Gracie
692,692,false,Spike
660,660,false,Charlie
325,325,false,Sparky
872,872,false,Riley
220,220,false,Riley
213,213,false,Sugar
603,603,false,Peanut
1641,1641,false,Belle
1440,1440,false,Sugar
1509,1509,false,Baxter
385,385,false,Jasper
794,794,false,Casey
1653,1653,false,Cocoa
342,342,false,Casey
1002,1002,false,Dixie
975,975,false,Penny
1371,1371,false,Bailey
74,74,false,Coco
263,263,false,Tank
825,825,false,Diesel
1800,1800,false,Cody
1752,1752,false,Chloe
885,885,false,Milo
1400,1400,false,Misty
1281,1281,false,Bruno
829,829,false,Lexi
874,874,false,Lucy
1546,1546,false,Oscar
830,830,false,Misty
130,130,false,Princess
1803,1803,false,Rosie
1733,1733,false,Bandit
1763,1763,false,Teddy
31,31,false,Duke
586,586,false,Molly
766,766,false,Patches
645,645,false,Oscar
1378,1378,false,Harley
117,117,false,Gracie
295,295,false,Roxie
1278,1278,false,Chance
1014,1014,false,Jack
266,266,false,Marley
1067,1067,false,Tyson
1719,1719,false,Brutus
1794,1794,false,Luna
1728,1728,false,Snoopy
1974,1974,false,Lola
1,1,false,Sammy
214,214,false,Lexi
193,193,false,Harvey
195,195,false,Bo
1158,1158,false,Shelby
1058,1058,false,Maggie
495,495,false,Lucy
1446,1446,false,Lady
128,128,false,Angel
346,346,false,Marley
1824,1824,false,Lady
911,911,false,Bandit
430,430,false,Chloe
1751,1751,false,Tyson
179,179,false,Rascal
1679,1679,false,Jack
1793,1793,false,Lexi
154,154,false,Baby
231,231,false,Jasmine
1917,1917,false,Chloe
934,934,false,Milo
855,855,false,Toby
1697,1697,false,Zoey
323,323,false,Sammy
1516,1516,false,Sam
1542,1542,false,Rex
1802,1802,false,Coco
1586,1586,false,Angel
456,456,false,Honey
485,485,false,Angel
95,95,false,Patches
256,256,false,Gracie
646,646,false,Bailey
1383,1383,false,Lucy
1773,1773,false,Bella
1072,1072,false,Bubba
120,120,false,Sadie
1255,1255,false,Lucky
445,445,false,Harvey
1349,1349,false,Sasha
1610,1610,false,Roxy
1326,1326,false,Milo
1206,1206,false,Harvey
582,582,false,Baxter
1687,1687,false,Zoey
1754,1754,false,Lola
1905,1905,false,Bubba
1335,1335,false,Baxter
614,614,false,Bailey
15,15,false,Tyson
474,474,false,Gizmo
712,712,false,Bruno
226,226,false,Abby
678,678,false,Jasper
480,480,false,Lily
884,884,false,Lexi
747,747,false,Mia
1131,1131,false,Gracie
1598,1598,false,Bubba
1264,1264,false,Honey
390,390,false,Bubba
41,41,false,Mia
152,152,false,Riley
1957,1957,false,Cocoa
405,405,false,Tyson
1030,1030,false,Marley
493,493,false,Lexi
463,463,false,Lily
356,356,false,Lucky
944,944,false,Peanut
94,94,false,Duke
1464,1464,false,Baby
1971,1971,false,Cooper
1705,1705,false,Angel
106,106,false,Buddy
1309,1309,false,Charlie
1127,1127,false,Lucky
320,320,false,Bella
666,666,false,Diamond
1432,1432,false,Sugar
843,843,false,Angel
1036,1036,false,Tyson
79,79,false,Penny
774,774,false,Chance
1849,1849,false,Riley
818,818,false,Belle
92,92,false,Snoopy
270,270,false,Duke
153,153,false,Jasmine
1757,1757,false,Teddy
544,544,false,Buster
555,555,false,Bruno
225,225,false,Sadie
791,791,false,Rosie
1684,1684,false,Mia
1478,1478,false,Snoopy
329,329,false,Coco
483,483,false,Oreo
705,705,false,Zeus
1636,1636,false,Bruno
1672,1672,false,Ginger
1913,1913,false,Marley
1721,1721,false,Honey
1218,1218,false,Luna
1959,1959,false,Lucy
261,261,false,Missy
1587,1587,false,Rex
1071,1071,false,Baby
13,13,false,Harvey
37,37,false,Diesel
1943,1943,false,Lilly
1764,1764,false,Gracie
1488,1488,false,Gizmo
1920,1920,false,Lilly
836,836,false,Buddy
620,620,false,Honey
1741,1741,false,Scooter
1780,1780,false,Max
387,387,false,Lucy
1860,1860,false,Roxie
1836,1836,false,Lady
1289,1289,false,Zoe
98,98,false,Gracie
773,773,false,Angel
1694,1694,false,Maggie
241,241,false,Precious
628,628,false,Snoopy
1667,1667,false,Diesel
1938,1938,false,Charlie
1056,1056,false,Cocoa
1873,1873,false,Jasmine
264,264,false,Tucker
1084,1084,false,Bruno
506,506,false,Dakota
972,972,false,Peanut
1423,1423,false,Mia
338,338,false,Shadow
1589,1589,false,Lily
1365,1365,false,Missy
1732,1732,false,Chico
832,832,false,Diamond
1854,1854,false,Patches
1637,1637,false,Tank
812,812,false,Lilly
965,965,false,Duke
629,629,false,Toby
1402,1402,false,Diesel
587,587,false,Max
262,262,false,Honey
1277,1277,false,Rosie
1735,1735,false,Jake
44,44,false,Harvey
1301,1301,false,Pepper
808,808,false,Lucy
46,46,false,Missy
708,708,false,Riley
162,162,false,Sammy
1134,1134,false,Sam
466,466,false,Buddy
178,178,false,Bruno
838,838,false,Charlie
1685,1685,false,Max
1864,1864,false,Diesel
983,983,false,Lola
606,606,false,Coco
1969,1969,false,Lexi
1392,1392,false,Bo
403,403,false,Sammy
959,959,false,Brutus
550,550,false,Riley
1170,1170,false,Milo
113,113,false,Peanut
188,188,false,Lady
210,210,false,Sparky
509,509,false,Bear
656,656,false,Sasha
713,713,false,Misty
1585,1585,false,Snickers
1103,1103,false,Lucy
1907,1907,false,Toby
1200,1200,false,Teddy
402,402,false,Roxie
569,569,false,Gizmo
347,347,false,Lily
618,618,false,Cooper
1091,1091,false,Patches
1155,1155,false,Oreo
327,327,false,Sophie
316,316,false,Annie
457,457,false,Penny
932,932,false,Chico
1745,1745,false,Sam
1333,1333,false,Diamond
1979,1979,false,Harvey
1740,1740,false,Peanut
602,602,false,Brutus
349,349,false,Molly
434,434,false,Bandit
70,70,false,Teddy
497,497,false,Tucker
1499,1499,false,Cookie
1022,1022,false,Sadie
1485,1485,false,Lexi
1965,1965,false,Lucy
184,184,false,Sophie
889,889,false,Sassy
1242,1242,false,Princess
955,955,false,Bailey
627,627,false,Penny
1157,1157,false,Bruno
1339,1339,false,Diamond
365,365,false,Charlie
1596,1596,false,Cody
360,360,false,Bo
1865,1865,false,Jack
990,990,false,Charlie
1695,1695,false,Bella
161,161,false,Abby
21,21,false,Maggie
1595,1595,false,Taz
1550,1550,false,Brutus
925,925,false,Bandit
310,310,false,Snoopy
622,622,false,Marley
1274,1274,false,Bailey
1471,1471,false,Coco
383,383,false,Bailey
669,669,false,Roxie
1588,1588,false,Zoe
1569,1569,false,Chance
1191,1191,false,Shelby
844,844,false,Buddy
1911,1911,false,Jack
419,419,false,Cookie
1998,1998,false,Zoey
1625,1625,false,Gracie
30,30,false,Sasha
1419,1419,false,Tucker
448,448,false,Lily
1169,1169,false,Sadie
1317,1317,false,Dixie
592,592,false,Precious
1748,1748,false,Bandit
1513,1513,false,Lucky
292,292,false,Dakota
1185,1185,false,Rosie
565,565,false,Roxy
375,375,false,Tyson
1814,1814,false,Patches
150,150,false,Roxy
1370,1370,false,Blue
624,624,false,Chloe
947,947,false,Roxy
1613,1613,false,Duke
1522,1522,false,Patches
780,780,false,Luna
1921,1921,false,Snickers
1491,1491,false,Bella
1247,1247,false,Bear
1650,1650,false,Mia
935,935,false,Rocky
1852,1852,false,Charlie
948,948,false,Oscar
1590,1590,false,Oscar
2006,2006,false,Maggie
1416,1416,false,Bear
308,308,false,Angel
1173,1173,false,Penny
382,382,false,Spike
1449,1449,false,Brutus
306,306,false,Molly
124,124,false,Bo
533,533,false,Lucy
552,552,false,Cocoa
982,982,false,Riley
1862,1862,false,Sadie
1380,1380,false,Roxie
170,170,false,Murphy
682,682,false,Sophie
1085,1085,false,Belle
1394,1394,false,Lucy
1244,1244,false,Baxter
1047,1047,false,Murphy
1377,1377,false,Sammy
111,111,false,Rusty
743,743,false,Chico
801,801,false,Spike
1221,1221,false,Jack
1095,1095,false,Snoopy
143,143,false,Precious
1777,1777,false,Tyson
1744,1744,false,Rusty
846,846,false,Lucy
1612,1612,false,Precious
1126,1126,false,Bruno
841,841,false,Missy
514,514,false,Sammy
1284,1284,false,Oreo
1268,1268,false,Ginger
1210,1210,false,Ginger
1483,1483,false,Roxie
36,36,false,Tank
1102,1102,false,Rosie
1962,1962,false,Baxter
1750,1750,false,Snoopy
1831,1831,false,Sparky
1693,1693,false,Bubba
1560,1560,false,Molly
1635,1635,false,Honey
574,574,false,Jake
203,203,false,Buster
123,123,false,Sophie
556,556,false,Zoe
1948,1948,false,Angel
399,399,false,Charlie
1079,1079,false,Luna
344,344,false,Bandit
655,655,false,Rusty
1989,1989,false,Rascal
803,803,false,Daisy
1631,1631,false,Shelby
991,991,false,Chance
260,260,false,Diamond
55,55,false,Lucky
1227,1227,false,Ruby
151,151,false,Buster
257,257,false,Pepper
1593,1593,false,Peanut
119,119,false,Jack
670,670,false,Ruby
1011,1011,false,Patches
1068,1068,false,Cooper
252,252,false,Riley
1111,1111,false,Shadow
922,922,false,Lily
1973,1973,false,Ruby
532,532,false,Lola
1286,1286,false,Tyson
1124,1124,false,Oreo
1827,1827,false,Cody
504,504,false,Maggie
1223,1223,false,Sparky
1797,1797,false,Max
870,870,false,Taz
1245,1245,false,Brutus
373,373,false,Dixie
1829,1829,false,Cooper
240,240,false,Mia
1941,1941,false,Molly
1147,1147,false,Snickers
334,334,false,Baby
1403,1403,false,Teddy
821,821,false,Spike
1141,1141,false,Zeus
1100,1100,false,Milo
199,199,false,Patches
4,4,false,Chloe
648,648,false,Charlie
58,58,false,Harvey
500,500,false,Bo
677,677,false,Toby
1954,1954,false,Luna
135,135,false,Zoey
2009,2009,false,Penny
973,973,false,Lily
96,96,false,Sparky
1791,1791,false,Bailey
169,169,false,Missy
1051,1051,false,Max
1099,1099,false,Rex
290,290,false,Sam
384,384,false,Pepper
1963,1963,false,Harley
1706,1706,false,Coco
1261,1261,false,Daisy
1160,1160,false,Angel
6,6,false,Honey
1555,1555,false,Gizmo
919,919,false,Bailey
1866,1866,false,Maggie
580,580,false,Diesel
393,393,false,Cooper
1293,1293,false,Sam
1944,1944,false,Cooper
71,71,false,Sandy
331,331,false,Roxy
1318,1318,false,Rosie
1409,1409,false,Cocoa
1622,1622,false,Max
900,900,false,Missy
1208,1208,false,Pepper
1237,1237,false,Precious
145,145,false,Pepper
507,507,false,Sandy
758,758,false,Molly
1344,1344,false,Cody
1250,1250,false,Cocoa
939,939,false,Gizmo
1321,1321,false,Bailey
987,987,false,Jasmine
61,61,false,Bella
197,197,false,Lady
1340,1340,false,Zoe
757,757,false,Sasha
1619,1619,false,Ruby
1109,1109,false,Oreo
851,851,false,Rusty
1584,1584,false,Lily
1956,1956,false,Sophie
1644,1644,false,Peanut
1767,1767,false,Angel
706,706,false,Diamond
380,380,false,Lola
1105,1105,false,Zoe
238,238,false,Daisy
1497,1497,false,Diamond
57,57,false,Jack
632,632,false,Charlie
1512,1512,false,Harley
1075,1075,false,Taz
1565,1565,false,Cody
1775,1775,false,Duke
1768,1768,false,Maggie
307,307,false,Chloe
785,785,false,Lucy
647,647,false,Jasmine
1851,1851,false,Princess
1892,1892,false,Riley
754,754,false,Belle
75,75,false,Abby
875,875,false,Casey
735,735,false,Sam
717,717,false,Lily
1933,1933,false,Rex
478,478,false,Baby
1292,1292,false,Zoe
458,458,false,Brutus
827,827,false,Harvey
1915,1915,false,Scooter
1783,1783,false,Luna
1841,1841,false,Rascal
1531,1531,false,Tyson
898,898,false,Zeus
730,730,false,Charlie
1817,1817,false,Angel
904,904,false,Oreo
744,744,false,Oreo
1054,1054,false,Rusty
1213,1213,false,Cocoa
223,223,false,Molly
1269,1269,false,Shelby
1441,1441,false,Tucker
995,995,false,Misty
1720,1720,false,Riley
1120,1120,false,Daisy
883,883,false,Belle
571,571,false,Luna
799,799,false,Snoopy
1322,1322,false,Lady
945,945,false,Abby
814,814,false,Max
1958,1958,false,Harley
172,172,false,Lexi
1995,1995,false,Angel
1384,1384,false,Diesel
1444,1444,false,Chloe
1722,1722,false,Pepper
1267,1267,false,Missy
1387,1387,false,Sophie
805,805,false,Cody
1536,1536,false,Gizmo
731,731,false,Toby
634,634,false,Dixie
894,894,false,Patches
809,809,false,Lily
1701,1701,false,Cody
1484,1484,false,Dakota
126,126,false,Lexi
1123,1123,false,Baxter
1618,1618,false,Cody
1798,1798,false,Patches
962,962,false,Sparky
1839,1839,false,Maggie
1108,1108,false,Jack
99,99,false,Patches
408,408,false,Charlie
575,575,false,Casey
864,864,false,Coco
1786,1786,false,Gizmo
1302,1302,false,Toby
1248,1248,false,Penny
974,974,false,Murphy
366,366,false,Buster
1271,1271,false,Lucy
1615,1615,false,Annie
1868,1868,false,Luna
67,67,false,Tucker
1987,1987,false,Baby
1198,1198,false,Roxy
545,545,false,Misty
564,564,false,Max
321,321,false,Cocoa
1785,1785,false,Lexi
1893,1893,false,Roxy
1547,1547,false,Angel
1874,1874,false,Blue
268,268,false,Annie
848,848,false,Lily
1386,1386,false,Rascal
159,159,false,Sandy
1315,1315,false,Baby
1140,1140,false,Bella
1168,1168,false,Casey
1375,1375,false,Toby
291,291,false,Sam
86,86,false,Sasha
206,206,false,Charlie
379,379,false,Toby
1467,1467,false,Rusty
279,279,false,Chance
653,653,false,Sophie
831,831,false,Sammy
505,505,false,Bailey
1518,1518,false,Shelby
1290,1290,false,Sam
1500,1500,false,Bailey
109,109,false,Bandit
1299,1299,false,Chance
1455,1455,false,Sam
1081,1081,false,Lucky
1249,1249,false,Diamond
797,797,false,Chico
1675,1675,false,Sassy
978,978,false,Sparky
437,437,false,Rocky
64,64,false,Princess
51,51,false,Taz
1996,1996,false,Lexi
1230,1230,false,Shadow
1530,1530,false,Lilly
498,498,false,Roxy
1935,1935,false,Riley
475,475,false,Sasha
1643,1643,false,Bailey
461,461,false,Sparky
1129,1129,false,Chloe
742,742,false,Dakota
438,438,false,Duke
420,420,false,Cooper
1214,1214,false,Snoopy
1061,1061,false,Coco
589,589,false,Mia
19,19,false,Taz
350,350,false,Lucy
1897,1897,false,Maggie
658,658,false,Casey
1438,1438,false,Gizmo
1805,1805,false,Gracie
559,559,false,Patches
1308,1308,false,Luna
1152,1152,false,Angel
1465,1465,false,Lady
194,194,false,Lexi
1232,1232,false,Angel
1562,1562,false,Mia
1144,1144,false,Lady
1796,1796,false,Teddy
32,32,false,Sam
404,404,false,Jasper
428,428,false,Sugar
1914,1914,false,Sugar
1867,1867,false,Casey
1554,1554,false,Gracie
1654,1654,false,Blue
1608,1608,false,Belle
107,107,false,Shadow
998,998,false,Abby
322,322,false,Cody
1000,1000,false,Lily
186,186,false,Sasha
1239,1239,false,Angel
807,807,false,Roxie
863,863,false,Sophie
891,891,false,Diesel
960,960,false,Sassy
363,363,false,Oreo
854,854,false,Rocky
1673,1673,false,Diesel
903,903,false,Missy
1850,1850,false,Precious
1557,1557,false,Spike
167,167,false,Bruno
326,326,false,Missy
868,868,false,Coco
1848,1848,false,Ginger
1480,1480,false,Abby
1088,1088,false,Pepper
465,465,false,Cooper
852,852,false,Baxter
251,251,false,Sadie
1855,1855,false,Ruby
1009,1009,false,Scooter
1171,1171,false,Rusty
146,146,false,Blue
1656,1656,false,Rex
598,598,false,Luna
896,896,false,Harvey
1276,1276,false,Princess
361,361,false,Penny
675,675,false,Gracie
425,425,false,Riley
866,866,false,Cocoa
1572,1572,false,Bear
984,984,false,Lola
1162,1162,false,Max
181,181,false,Sassy
839,839,false,Abby
302,302,false,Spike
312,312,false,Cocoa
908,908,false,Honey
1781,1781,false,Penny
1461,1461,false,Zeus
1577,1577,false,Sam
1553,1553,false,Sparky
1115,1115,false,Belle
157,157,false,Casey
63,63,false,Roxy
1297,1297,false,Snickers
1350,1350,false,Precious
470,470,false,Snickers
1273,1273,false,Bruno
1146,1146,false,Lilly
1928,1928,false,Rosie
1279,1279,false,Cooper
1813,1813,false,Dixie
652,652,false,Penny
690,690,false,Gracie
789,789,false,Zoe
114,114,false,Dakota
1190,1190,false,Charlie
1842,1842,false,Toby
1951,1951,false,Bo
1729,1729,false,Gracie
397,397,false,Rocky
18,18,false,Teddy
1104,1104,false,Dakota
1828,1828,false,Zeus
492,492,false,Princess
1343,1343,false,Harvey
686,686,false,Baxter
1599,1599,false,Chloe
101,101,false,Abby
674,674,false,Daisy
956,956,false,Lucy
1053,1053,false,Lilly
370,370,false,Patches
1614,1614,false,Jack
639,639,false,Roxy
540,540,false,Lily
1338,1338,false,Penny
1885,1885,false,Scooter
732,732,false,Tyson
1304,1304,false,Bailey
881,881,false,Daisy
579,579,false,Mia
969,969,false,Casey
40,40,false,Sammy
1238,1238,false,Chloe
590,590,false,Penny
700,700,false,Annie
1600,1600,false,Patches
20,20,false,Oreo
1532,1532,false,Sophie
1838,1838,false,Honey
1527,1527,false,Angel
869,869,false,Chloe
501,501,false,Sandy
73,73,false,Luna
1939,1939,false,Honey
810,810,false,Rosie
554,554,false,Bubba
285,285,false,Honey
1337,1337,false,Shadow
450,450,false,Rusty
1222,1222,false,Abby
1450,1450,false,Oscar
87,87,false,Oreo
1312,1312,false,Lexi
1686,1686,false,Peanut
1334,1334,false,Taz
1835,1835,false,Bubba
1833,1833,false,Molly
1980,1980,false,Precious
1163,1163,false,Cocoa
815,815,false,Tank
668,668,false,Bruno
481,481,false,Buster
246,246,false,Buddy
588,588,false,Spike
411,411,false,Annie
1130,1130,false,Tyson
880,880,false,Zoe
1537,1537,false,Bear
778,778,false,Tank
1743,1743,false,Sammy
722,722,false,Jasper
372,372,false,Molly
284,284,false,Harley
105,105,false,Max
1275,1275,false,Bubba
1724,1724,false,Blue
1469,1469,false,Lilly
1411,1411,false,Blue
1787,1787,false,Sugar
468,468,false,Buster
873,873,false,Sparky
396,396,false,Sparky
1592,1592,false,Snoopy
1898,1898,false,Rocky
449,449,false,Bubba
1710,1710,false,Molly
429,429,false,Jack
1790,1790,false,Blue
183,183,false,Bear
1252,1252,false,Lexi
1844,1844,false,Angel
1118,1118,false,Oreo
1952,1952,false,Maggie
1662,1662,false,Sugar
330,330,false,Jasmine
918,918,false,Roxy
1031,1031,false,Bubba
298,298,false,Murphy
737,737,false,Lucky
1122,1122,false,Jake
538,538,false,Buster
720,720,false,Lexi
1507,1507,false,Scooter
104,104,false,Bear
439,439,false,Precious
788,788,false,Blue
462,462,false,Cookie
1090,1090,false,Snickers
200,200,false,Honey
265,265,false,Scooter
1820,1820,false,Sandy
1390,1390,false,Marley
1826,1826,false,Roxie
1982,1982,false,Mia
1063,1063,false,Milo
1257,1257,false,Sophie
859,859,false,Taz
110,110,false,Angel
1114,1114,false,Patches
1651,1651,false,Harvey
1932,1932,false,Sandy
486,486,false,Peanut
1639,1639,false,Zoey
782,782,false,Tyson
355,355,false,Lady
149,149,false,Harvey
1676,1676,false,Lola
951,951,false,Toby
1668,1668,false,Ginger
1224,1224,false,Snickers
394,394,false,Oreo
1412,1412,false,Sparky
102,102,false,Chico
1818,1818,false,Lola
1887,1887,false,Charlie
185,185,false,Diamond
339,339,false,Teddy
1633,1633,false,Spike
1568,1568,false,Lucy
1812,1812,false,Zoey
1929,1929,false,Rex
137,137,false,Sparky
530,530,false,Bailey
1313,1313,false,Bear
651,651,false,Zoe
1306,1306,false,Sparky
986,986,false,Rosie
180,180,false,Gizmo
1988,1988,false,Bella
1184,1184,false,Charlie
689,689,false,Molly
2004,2004,false,Jake
127,127,false,Duke
234,234,false,Buster
1538,1538,false,Sammy
1431,1431,false,Diesel
1427,1427,false,Buster
1816,1816,false,Tyson
1430,1430,false,Cody
1329,1329,false,Harvey
1082,1082,false,Baxter
765,765,false,Bailey
216,216,false,Snickers
1330,1330,false,Angel
1815,1815,false,Sophie
1331,1331,false,Spike
1077,1077,false,Snickers
1858,1858,false,Cooper
1426,1426,false,Spike
116,116,false,Diamond
1448,1448,false,Bubba
1886,1886,false,Coco
455,455,false,Maggie
707,707,false,Lily
980,980,false,Bandit
1182,1182,false,Baby
755,755,false,Casey
215,215,false,Rusty
1888,1888,false,Bubba
684,684,false,Teddy
1391,1391,false,Toby
644,644,false,Tyson
1634,1634,false,Rex
118,118,false,Annie
1178,1178,false,Jasmine
1563,1563,false,Jasper
551,551,false,Cocoa
910,910,false,Blue
1765,1765,false,Abby
328,328,false,Sam
427,427,false,Ginger
43,43,false,Cody
1762,1762,false,Luna
65,65,false,Lilly
1270,1270,false,Missy
1870,1870,false,Pepper
1646,1646,false,Daisy
522,522,false,Rocky
53,53,false,Penny
958,958,false,Scooter
940,940,false,Patches
781,781,false,Missy
1332,1332,false,Rusty
1573,1573,false,Riley
1451,1451,false,Maggie
563,563,false,Taz
1421,1421,false,Ruby
1429,1429,false,Snoopy
1372,1372,false,Baxter
979,979,false,Daisy
460,460,false,Lola
341,341,false,Missy
1203,1203,false,Sasha
1059,1059,false,Sophie
1806,1806,false,Sugar
783,783,false,Lily
1042,1042,false,Roxie
762,762,false,Diesel
1726,1726,false,Rocky
1811,1811,false,Diamond
441,441,false,Coco
547,547,false,Lucy
1525,1525,false,Buddy
593,593,false,Pepper
442,442,false,Diesel
1567,1567,false,Buddy
1545,1545,false,Milo
1846,1846,false,Angel
392,392,false,Belle
496,496,false,Bubba
687,687,false,Teddy
1174,1174,false,Snoopy
1401,1401,false,Jake
835,835,false,Annie
1005,1005,false,Roxie
1358,1358,false,Lola
1389,1389,false,Honey
26,26,false,Snoopy
297,297,false,Coco
1953,1953,false,Roxie
66,66,false,Maggie
553,553,false,Rosie
1219,1219,false,Maggie
734,734,false,Teddy
1840,1840,false,Lilly
357,357,false,Spike
685,685,false,Brutus
1609,1609,false,Duke
42,42,false,Sassy
1571,1571,false,Precious
1310,1310,false,Sparky
1138,1138,false,Baxter
1769,1769,false,Harvey
205,205,false,Luna
1602,1602,false,Shelby
933,933,false,Chloe
1367,1367,false,Zoe
91,91,false,Sugar
570,570,false,Bear
768,768,false,Annie
1620,1620,false,Daisy
1981,1981,false,Sam
1175,1175,false,Rex
115,115,false,Taz
125,125,false,Misty
11,11,false,Sophie
878,878,false,Patches
680,680,false,Gracie
1336,1336,false,Cocoa
1677,1677,false,Honey
367,367,false,Diesel
1934,1934,false,Harley
1016,1016,false,Oscar
796,796,false,Max
1861,1861,false,Duke
436,436,false,Baxter
362,362,false,Precious
1415,1415,false,Ginger
1493,1493,false,Jasper
957,957,false,Rusty
1205,1205,false,Max
304,304,false,Casey
1035,1035,false,Baxter
1177,1177,false,Abby
1194,1194,false,Cookie
625,625,false,Bruno
1718,1718,false,Chico
476,476,false,Lucky
1632,1632,false,Rosie
1504,1504,false,Ginger
1489,1489,false,Bear
1143,1143,false,Lady
1878,1878,false,Gracie
654,654,false,Snoopy
313,313,false,Coco
459,459,false,Riley
576,576,false,Charlie
160,160,false,Maggie
604,604,false,Sophie
1691,1691,false,Cody
1759,1759,false,Snoopy
1581,1581,false,Chico
1919,1919,false,Tucker
966,966,false,Annie
650,650,false,Angel
1502,1502,false,Shelby
54,54,false,Sammy
914,914,false,Lady
415,415,false,Rex
1795,1795,false,Sugar
2,2,false,Lilly
1877,1877,false,Sassy
247,247,false,Precious
364,364,false,Chloe
239,239,false,Max
1909,1909,false,Penny
1551,1551,false,Sadie
133,133,false,Cocoa
1503,1503,false,Gracie
1736,1736,false,Max
1880,1880,false,Lily
1690,1690,false,Diamond
311,311,false,Cody
1463,1463,false,Ruby
595,595,false,Rusty
912,912,false,Tyson
1159,1159,false,Belle
1356,1356,false,Abby
444,444,false,Chico
9,9,false,Gracie
1942,1942,false,Molly
1470,1470,false,Mia
1176,1176,false,Diamond
5,5,false,Abby
1325,1325,false,Charlie
1492,1492,false,Bailey
1188,1188,false,Gracie
1150,1150,false,Zeus
1442,1442,false,Sasha
1282,1282,false,Jack
1712,1712,false,Lady
1420,1420,false,Sophie
1894,1894,false,Sammy
413,413,false,Cody
299,299,false,Diesel
1065,1065,false,Ginger
1228,1228,false,Rosie
451,451,false,Lexi
1977,1977,false,Chloe
1287,1287,false,Annie
1196,1196,false,Blue
1482,1482,false,Lola
1715,1715,false,Buster
1225,1225,false,Toby
770,770,false,Rex
1154,1154,false,Gizmo
1523,1523,false,Cooper
1966,1966,false,Tyson
271,271,false,Daisy
1899,1899,false,Mia
1445,1445,false,Lilly
300,300,false,Patches
673,673,false,Patches
1096,1096,false,Jasmine
665,665,false,Tank
1046,1046,false,Max
635,635,false,Misty
1699,1699,false,Bo
173,173,false,Chance
1117,1117,false,Chloe
1216,1216,false,Tank
516,516,false,Taz
882,882,false,Tyson
1048,1048,false,Rosie
1121,1121,false,Maggie
272,272,false,Diesel
1074,1074,false,Bruno
739,739,false,Dixie
714,714,false,Baby
1015,1015,false,Jasper
621,621,false,Peanut
1591,1591,false,Annie
303,303,false,Oreo
594,594,false,Coco
1407,1407,false,Charlie
1640,1640,false,Taz
1659,1659,false,Milo
1039,1039,false,Sugar
1931,1931,false,Jasper
1097,1097,false,Missy
1189,1189,false,Snickers
943,943,false,Tucker
1060,1060,false,Diesel
1544,1544,false,Teddy
662,662,false,Gracie
229,229,false,Honey
997,997,false,Ginger
85,85,false,Gizmo
850,850,false,Charlie
887,887,false,Pepper
218,218,false,Lola
1882,1882,false,Harley
860,860,false,Cooper
1262,1262,false,Sandy
1709,1709,false,Jasmine
543,543,false,Ruby
1922,1922,false,Chico
596,596,false,Maggie
2005,2005,false,Shadow
1541,1541,false,Dakota
1314,1314,false,Bubba
1601,1601,false,Chico
1799,1799,false,Zoe
523,523,false,Chloe
748,748,false,Baby
348,348,false,Zeus
1346,1346,false,Buster
1437,1437,false,Cody
374,374,false,Teddy
721,721,false,Peanut
1985,1985,false,Gracie
1638,1638,false,Baxter
16,16,false,Bella
793,793,false,Sam
536,536,false,Harvey
916,916,false,Baby
228,228,false,Dixie
1582,1582,false,Gracie
395,395,false,Bruno
1853,1853,false,Taz
1494,1494,false,Shelby
1496,1496,false,Sassy
1094,1094,false,Dakota
1303,1303,false,Dixie
1671,1671,false,Rascal
1960,1960,false,Rex
293,293,false,Tyson
426,426,false,Zoey
168,168,false,Oreo
1529,1529,false,Sugar
245,245,false,Ruby
811,811,false,Jasper
727,727,false,Sassy
1517,1517,false,Lucy
638,638,false,Toby
1353,1353,false,Oscar
368,368,false,Tucker
521,521,false,Harvey
1655,1655,false,Rosie
518,518,false,Angel
824,824,false,Ruby
1207,1207,false,Sugar
1428,1428,false,Gracie
1649,1649,false,Snoopy
1629,1629,false,Dakota
1001,1001,false,Annie
1374,1374,false,Cocoa
1978,1978,false,Mia
209,209,false,Diamond
1993,1993,false,Harvey
258,258,false,Cooper
795,795,false,Bandit
1760,1760,false,Duke
1298,1298,false,Angel
473,473,false,Bo
672,672,false,Zeus
1534,1534,false,Blue
156,156,false,Harvey
1857,1857,false,Gizmo
467,467,false,Teddy
469,469,false,Zoe
1300,1300,false,Toby
1566,1566,false,Angel
764,764,false,Belle
985,985,false,Max
35,35,false,Sparky
511,511,false,Bella
703,703,false,Missy
1395,1395,false,Jasper
729,729,false,Peanut
1459,1459,false,Zoey
163,163,false,Sparky
1319,1319,false,Sassy
893,893,false,Cody
895,895,false,Lexi
1526,1526,false,Spike
148,148,false,Jasper
1479,1479,false,Buster
667,667,false,Diesel
1132,1132,false,Bella
1578,1578,false,Snickers
294,294,false,Marley
676,676,false,Lucy
201,201,false,Jack
202,202,false,Lily
1742,1742,false,Honey
68,68,false,Teddy
1328,1328,false,Tucker
1792,1792,false,Cookie
1670,1670,false,Bailey
566,566,false,Cooper
488,488,false,Teddy
174,174,false,Jasper
1607,1607,false,Tank
1845,1845,false,Bella
1964,1964,false,Patches
931,931,false,Snickers
1950,1950,false,Lady
198,198,false,Bandit
72,72,false,Teddy
1859,1859,false,Lily
1556,1556,false,Sam
1183,1183,false,Jake
139,139,false,Sadie
557,557,false,Shelby
1723,1723,false,Gracie
1396,1396,false,Gracie
1362,1362,false,Chico
1226,1226,false,Snoopy
615,615,false,Bear
1180,1180,false,Oscar
1166,1166,false,Harley
560,560,false,Rusty
1666,1666,false,Jack
208,208,false,Bailey
840,840,false,Jack
520,520,false,Sandy
619,619,false,Cooper
613,613,false,Jake
1711,1711,false,Bailey
1323,1323,false,Angel
1994,1994,false,Luna
1856,1856,false,Brutus
1285,1285,false,Angel
142,142,false,Cookie
369,369,false,Bella
90,90,false,Tank
502,502,false,Baxter
1379,1379,false,Cocoa
1900,1900,false,Cookie
1029,1029,false,Dakota
47,47,false,Sandy
254,254,false,Jasmine
48,48,false,Shelby
1376,1376,false,Dakota
879,879,false,Sasha
447,447,false,Snoopy
1514,1514,false,Bailey
3,3,false,Abby
1291,1291,false,Tyson
1435,1435,false,Jasmine
189,189,false,Sparky
1253,1253,false,Cody
1616,1616,false,Lilly
907,907,false,Sophie
1028,1028,false,Peanut
862,862,false,Bear
605,605,false,Bruno
749,749,false,Misty
1148,1148,false,Jasmine
1316,1316,false,Daisy
515,515,false,Sasha
1161,1161,false,Tyson
845,845,false,Oscar
1574,1574,false,Bear
81,81,false,Sadie
609,609,false,Annie
761,761,false,Chico
1019,1019,false,Lucy
924,924,false,Patches
1007,1007,false,Scooter
583,583,false,Spike
22,22,false,Diesel
452,452,false,Harley
1779,1779,false,Tyson
1983,1983,false,Princess
726,726,false,Pepper
608,608,false,Rascal
89,89,false,Patches
1520,1520,false,Roxy
1501,1501,false,Patches
315,315,false,Blue
416,416,false,Oreo
1382,1382,false,Sandy
663,663,false,Diesel
1294,1294,false,Ginger
1231,1231,false,Rex
1661,1661,false,Bubba
1927,1927,false,Pepper
1883,1883,false,Murphy
1112,1112,false,Gracie
1348,1348,false,Dakota
659,659,false,Marley
204,204,false,Misty
1307,1307,false,Lily
1481,1481,false,Rex
902,902,false,Chance
1381,1381,false,Charlie
378,378,false,Rex
45,45,false,Brutus
33,33,false,Abby
244,244,false,Honey
1702,1702,false,Tank
1606,1606,false,Lucy
709,709,false,Sasha
1368,1368,false,Annie
2003,2003,false,Lucy
1837,1837,false,Baby
1990,1990,false,Peanut
617,617,false,Taz
1373,1373,false,Abby
718,718,false,Luna
1597,1597,false,Sparky
865,865,false,Snoopy
255,255,false,Lexi
1179,1179,false,Snoopy
1066,1066,false,Harvey
147,147,false,Marley
1080,1080,false,Buddy
1354,1354,false,Rusty
823,823,false,Rascal
1452,1452,false,Lexi
132,132,false,Chloe
1904,1904,false,Coco
1106,1106,false,Toby
1352,1352,false,Lucky
236,236,false,Harvey
508,508,false,Casey
1621,1621,false,Ginger
1681,1681,false,Honey
158,158,false,Casey
1447,1447,false,Dixie
1425,1425,false,Missy
1810,1810,false,Ruby
750,750,false,Molly
562,562,false,Riley
351,351,false,Chico
1570,1570,false,Misty
222,222,false,Princess
1749,1749,false,Lady
1197,1197,false,Oreo
274,274,false,Lucy
1991,1991,false,Rascal
591,591,false,Bear
140,140,false,Zoey
976,976,false,Bear
219,219,false,Jasper
1975,1975,false,Lola
1233,1233,false,Cooper
432,432,false,Annie
723,723,false,Mia
8,8,false,Coco
1683,1683,false,Gracie
1890,1890,false,Pepper
1055,1055,false,Sadie
1901,1901,false,Shadow
1145,1145,false,Rusty
1903,1903,false,Belle
17,17,false,Buddy
1235,1235,false,Sadie
711,711,false,Rex
440,440,false,Sasha
7,7,false,Tyson
1156,1156,false,Dakota
953,953,false,Shadow
1832,1832,false,Murphy
1992,1992,false,Bella
698,698,false,Cody
317,317,false,Taz
176,176,false,Patches
1714,1714,false,Lucy
1133,1133,false,Riley
876,876,false,Rocky
1474,1474,false,Cocoa
759,759,false,Sugar
1260,1260,false,Sam
561,561,false,Ruby
381,381,false,Honey
410,410,false,Rascal
1784,1784,false,Annie
487,487,false,Tyson
599,599,false,Toby
1167,1167,false,Zoe
1949,1949,false,Missy
1043,1043,false,Lilly
1049,1049,false,Maggie
1967,1967,false,Belle
1089,1089,false,Sandy
1524,1524,false,Diamond
38,38,false,Sandy
1611,1611,false,Lily
1725,1725,false,Cooper
1972,1972,false,Harvey
1453,1453,false,Sadie
756,756,false,Cookie
1910,1910,false,Ruby
1087,1087,false,Jack
296,296,false,Buster
542,542,false,Scooter
977,977,false,Ruby
491,491,false,Sasha
751,751,false,Rascal
1486,1486,false,Diamond
833,833,false,Patches
24,24,false,Peanut
1327,1327,false,Honey
259,259,false,Maggie
305,305,false,Buster
1076,1076,false,Sugar
970,970,false,Lola
1217,1217,false,Toby
1825,1825,false,Sugar
1018,1018,false,Patches
1678,1678,false,Honey
1296,1296,false,Sandy
1062,1062,false,Zeus
1819,1819,false,Bubba
211,211,false,Snickers
1528,1528,false,Abby
527,527,false,Daisy
93,93,false,Annie
921,921,false,Jasmine
435,435,false,Duke
371,371,false,Max
1020,1020,false,Rocky
100,100,false,Sugar
482,482,false,Sassy
1229,1229,false,Baby
88,88,false,Shadow
1256,1256,false,Duke
1181,1181,false,Luna
856,856,false,Sammy
283,283,false,Shelby
418,418,false,Luna
1004,1004,false,Tucker
129,129,false,Sophie
636,636,false,Angel
23,23,false,Annie
741,741,false,Misty
1311,1311,false,Bandit
949,949,false,Lucy
573,573,false,Cody
12,12,false,Oscar
738,738,false,Tucker
1834,1834,false,Lilly
1024,1024,false,Shelby
1393,1393,false,Belle
688,688,false,Molly
649,649,false,Ginger
777,777,false,Lily
1008,1008,false,Gracie
752,752,false,Sammy
1843,1843,false,Shadow
1038,1038,false,Angel
417,417,false,Luna
1680,1680,false,Baby
286,286,false,Patches
733,733,false,Sophie
2007,2007,false,Buddy
1254,1254,false,Bandit
937,937,false,Sammy
352,352,false,Cocoa
767,767,false,Misty
1466,1466,false,Daisy
927,927,false,Shelby
1073,1073,false,Misty
1776,1776,false,Baby
792,792,false,Sam
1822,1822,false,Snickers
1113,1113,false,Bruno
1050,1050,false,Jasmine
1490,1490,false,Chloe
1645,1645,false,Missy
1417,1417,false,Murphy
853,853,false,Harley
1364,1364,false,Sam
1385,1385,false,Oreo
612,612,false,Luna
1433,1433,false,Lily
1630,1630,false,Sandy
1404,1404,false,Brutus
1234,1234,false,Diamond
1912,1912,false,Cookie
227,227,false,Rusty
376,376,false,Blue
1439,1439,false,Sparky
1961,1961,false,Missy
930,930,false,Rusty
1689,1689,false,Cookie
776,776,false,Bandit
1533,1533,false,Lady
1968,1968,false,Lexi
834,834,false,Rusty
1926,1926,false,Buddy
1023,1023,false,Gracie
1801,1801,false,Bear
740,740,false,Blue
763,763,false,Patches
888,888,false,Charlie
1692,1692,false,Jasmine
1280,1280,false,Lola
641,641,false,Shadow
534,534,false,Sasha
964,964,false,Scooter
695,695,false,Sam
422,422,false,Ruby
1266,1266,false,Misty
83,83,false,Jack
867,867,false,Lexi
941,941,false,Peanut
332,332,false,Lucky
1149,1149,false,Harvey
489,489,false,Ginger
389,389,false,Annie
388,388,false,Rex
1753,1753,false,Taz
1460,1460,false,Sammy
1418,1418,false,Casey
1519,1519,false,Cocoa
938,938,false,Roxy
1246,1246,false,Teddy
138,138,false,Annie
1495,1495,false,Molly
1548,1548,false,Sassy
1648,1648,false,Marley
993,993,false,Taz
736,736,false,Rocky
1487,1487,false,Pepper
282,282,false,Buddy
611,611,false,Buster
1700,1700,false,Diesel
288,288,false,Angel
196,196,false,Diamond
1766,1766,false,Buddy
28,28,false,Sparky
354,354,false,Luna
141,141,false,Shelby
121,121,false,Zoey
1366,1366,false,Annie
97,97,false,Bo
871,871,false,Sandy
1078,1078,false,Sadie
1716,1716,false,Tucker
1195,1195,false,Tucker
775,775,false,Milo
1658,1658,false,Baby
80,80,false,Mia
753,753,false,Scooter
207,207,false,Pepper
78,78,false,Rex
1013,1013,false,Sparky
1642,1642,false,Roxie
1808,1808,false,Gracie
786,786,false,Daisy
804,804,false,Zoey
1458,1458,false,Precious
1359,1359,false,Diamond
1025,1025,false,Chance
968,968,false,Mia
1970,1970,false,Misty
471,471,false,Bailey
1916,1916,false,Buster
541,541,false,Precious
1361,1361,false,Sam
1508,1508,false,Bubba
479,479,false,Duke
1876,1876,false,Bandit
999,999,false,Maggie
643,643,false,Shelby
1193,1193,false,Cody
1243,1243,false,Charlie
994,994,false,Rex
309,309,false,Daisy
1936,1936,false,Spike
988,988,false,Gracie
358,358,false,Taz
798,798,false,Honey
275,275,false,Bear
1984,1984,false,Coco
287,287,false,Lily
414,414,false,Baxter
607,607,false,Tucker
1682,1682,false,Spike
1756,1756,false,Shelby
517,517,false,Molly
1564,1564,false,Spike
616,616,false,Buster
1209,1209,false,Lady
62,62,false,Bear
963,963,false,Snoopy
242,242,false,Missy
728,728,false,Rascal
1021,1021,false,Lady
1093,1093,false,Marley
1399,1399,false,Bella
1580,1580,false,Penny
787,787,false,Tyson
477,477,false,Jake
745,745,false,Ruby
267,267,false,Cody
858,858,false,Buddy
400,400,false,Daisy
942,942,false,Cookie
1357,1357,false,Cocoa
822,822,false,Ruby
1583,1583,false,Harvey
886,886,false,Luna
701,701,false,Diesel
171,171,false,Chloe
1369,1369,false,Chloe
1032,1032,false,Lily
1388,1388,false,Cookie
1086,1086,false,Molly
1220,1220,false,Milo
10,10,false,Blue
1558,1558,false,Murphy
248,248,false,Pepper
1202,1202,false,Casey
1559,1559,false,Sparky
610,610,false,Diesel
1475,1475,false,Rocky
144,144,false,Sasha
1737,1737,false,Riley
1199,1199,false,Abby
581,581,false,Rocky
1443,1443,false,Penny
1955,1955,false,Sadie
1884,1884,false,Missy
1940,1940,false,Sasha
1424,1424,false,Scooter
1057,1057,false,Dakota
1539,1539,false,Lucy
524,524,false,Murphy
1026,1026,false,Blue
558,558,false,Sugar
760,760,false,Bandit
936,936,false,Scooter
1703,1703,false,Zoey
1283,1283,false,Casey
892,892,false,Bandit
623,623,false,Jasmine
424,424,false,Buster
1070,1070,false,Luna
1128,1128,false,Princess
952,952,false,Zoe
568,568,false,Bandit
77,77,false,Jack
929,929,false,Sparky
1947,1947,false,Coco
1010,1010,false,Maggie
630,630,false,Scooter
233,233,false,Bear
454,454,false,Tucker
337,337,false,Jack
1731,1731,false,Angel
519,519,false,Coco
249,249,false,Dakota
2008,2008,false,Duke
1698,1698,false,Chico
567,567,false,Tyson
1510,1510,false,Diamond
1788,1788,false,Ginger
406,406,false,Diamond
1201,1201,false,Penny
1906,1906,false,Tank
1027,1027,false,Cocoa
1896,1896,false,Cooper
59,59,false,Abby
877,877,false,Cooper
716,716,false,Scooter
1804,1804,false,Lily
423,423,false,Cody
1457,1457,false,Tank
1830,1830,false,Milo
512,512,false,Murphy
772,772,false,Missy
29,29,false,Gizmo
1041,1041,false,Mia
679,679,false,Duke
826,826,false,Chloe
1003,1003,false,Diesel
746,746,false,Sassy
319,319,false,Baby
453,453,false,Jasmine
250,250,false,Sophie
657,657,false,Sam
1092,1092,false,Lucky
1107,1107,false,Rex
899,899,false,Charlie
52,52,false,Marley
1454,1454,false,Teddy
546,546,false,Molly
1986,1986,false,Oreo
1881,1881,false,Blue
398,398,false,Bella
1476,1476,false,Toby
