child_id,client_id,deleted,pet_name
1518,1518,false,Rocky
1127,1127,false,Penny
713,713,false,Luna
918,918,false,Gizmo
1865,1865,false,Sophie
1860,1860,false,Bandit
1562,1562,false,Ruby
1338,1338,false,Jack
548,548,false,Misty
19,19,false,Murphy
345,345,false,Snoopy
197,197,false,Cody
394,394,false,Bruno
353,353,false,Gizmo
1058,1058,false,Jasper
416,416,false,Milo
922,922,false,Duke
432,432,false,Lola
309,309,false,Bubba
1087,1087,false,Patches
932,932,false,Charlie
1359,1359,false,Max
1478,1478,false,Daisy
202,202,false,Rocky
942,942,false,Lucy
1148,1148,false,Brutus
801,801,false,Bo
112,112,false,Zeus
1820,1820,false,Riley
626,626,false,Lola
585,585,false,Bandit
1202,1202,false,Zeus
1343,1343,false,Harley
919,919,false,Scooter
74,74,false,Lola
1763,1763,false,Sugar
1111,1111,false,Gizmo
1705,1705,false,Murphy
1575,1575,false,Milo
1855,1855,false,Sammy
971,971,false,Lucky
1302,1302,false,Chico
1866,1866,false,Sugar
874,874,false,Charlie
1451,1451,false,Molly
1268,1268,false,Bailey
659,659,false,Max
389,389,false,Bandit
603,603,false,Chloe
188,188,false,Cookie
1991,1991,false,Max
126,126,false,Angel
1483,1483,false,Jasper
1336,1336,false,Tank
1012,1012,false,Bella
1523,1523,false,Roxie
180,180,false,Cocoa
1980,1980,false,Lily
187,187,false,Lola
1060,1060,false,Tyson
906,906,false,Sadie
1591,1591,false,Lily
386,386,false,Princess
1063,1063,false,Dixie
1628,1628,false,Lucky
362,362,false,Gizmo
1949,1949,false,Abby
1623,1623,false,Lexi
1435,1435,false,Sasha
1264,1264,false,Roxie
580,580,false,Abby
43,43,false,Bailey
1952,1952,false,Rusty
237,237,false,Sassy
377,377,false,Oscar
542,542,false,Milo
1922,1922,false,Chance
1828,1828,false,Snoopy
1739,1739,false,Cocoa
1604,1604,false,Sam
1222,1222,false,Rex
1308,1308,false,Teddy
478,478,false,Lilly
1298,1298,false,Lady
610,610,false,Angel
1490,1490,false,Lily
940,940,false,Sammy
68,68,false,Cooper
1707,1707,false,Rosie
381,381,false,Rocky
753,753,false,Toby
933,933,false,Lexi
1022,1022,false,Peanut
864,864,false,Rascal
1429,1429,false,Spike
1037,1037,false,Patches
1326,1326,false,Bubba
119,119,false,Chance
1354,1354,false,Sparky
58,58,false,Zoey
1312,1312,false,Snoopy
251,251,false,Zoey
889,889,false,Lola
833,833,false,Dixie
755,755,false,Molly
1830,1830,false,Harley
1534,1534,false,Annie
1003,1003,false,Annie
1616,1616,false,Sandy
2,2,false,Rocky
326,326,false,Lexi
67,67,false,Chloe
1468,1468,false,Lucy
162,162,false,Maggie
132,132,false,Sandy
675,675,false,Maggie
1686,1686,false,Taz
79,79,false,Sparky
531,531,false,Zeus
842,842,false,Rocky
1209,1209,false,Cocoa
1721,1721,false,Lucky
2000,2000,false,Shadow
1401,1401,false,Duke
1448,1448,false,Taz
223,223,false,Sadie
818,818,false,Tyson
1316,1316,false,Casey
1891,1891,false,Baby
1151,1151,false,Max
1550,1550,false,Penny
727,727,false,Princess
730,730,false,Cookie
1017,1017,false,Tucker
795,795,false,Rusty
1626,1626,false,Lady
429,429,false,Sandy
545,545,false,Tank
537,537,false,Cocoa
1868,1868,false,Cody
117,117,false,Snickers
306,306,false,Coco
797,797,false,Rocky
1071,1071,false,Oreo
692,692,false,Riley
504,504,false,Charlie
564,564,false,Harley
431,431,false,Honey
1050,1050,false,Ruby
506,506,false,Roxie
325,325,false,Sassy
463,463,false,Jasmine
1160,1160,false,Bear
1059,1059,false,Diamond
866,866,false,Casey
1306,1306,false,Jack
663,663,false,Sasha
1798,1798,false,Honey
1555,1555,false,Zoey
1132,1132,false,Jasper
1918,1918,false,Sparky
737,737,false,Annie
405,405,false,Dixie
1692,1692,false,Sammy
1321,1321,false,Tank
97,97,false,Gizmo
1729,1729,false,Cocoa
109,109,false,Rocky
719,719,false,Roxie
80,80,false,Blue
229,229,false,Mia
1467,1467,false,Rocky
70,70,false,Jake
28,28,false,Rusty
1553,1553,false,Sassy
600,600,false,Buddy
1210,1210,false,Roxy
77,77,false,Patches
129,129,false,Bubba
312,312,false,Duke
653,653,false,Coco
528,528,false,Luna
32,32,false,Duke
1360,1360,false,Luna
1402,1402,false,Roxy
1314,1314,false,Roxie
865,865,false,Harvey
1905,1905,false,Scooter
1489,1489,false,Tank
472,472,false,Misty
1619,1619,false,Lady
844,844,false,Pepper
943,943,false,Patches
1428,1428,false,Jake
248,248,false,Abby
1831,1831,false,Sassy
525,525,false,Brutus
794,794,false,Zoe
189,189,false,Honey
941,941,false,Taz
625,625,false,Teddy
897,897,false,Molly
565,565,false,Bear
1963,1963,false,Sammy
108,108,false,Murphy
1223,1223,false,Missy
1824,1824,false,Lexi
910,910,false,Lucy
1691,1691,false,Jake
1793,1793,false,Sassy
221,221,false,Gizmo
476,476,false,Snickers
1637,1637,false,Rascal
857,857,false,Shadow
1107,1107,false,Belle
1352,1352,false,Sandy
1221,1221,false,Scooter
1475,1475,false,Zeus
1159,1159,false,Taz
104,104,false,Taz
173,173,false,Bubba
1349,1349,false,Gizmo
1236,1236,false,Zeus
998,998,false,Sadie
898,898,false,Shelby
1735,1735,false,Snickers
660,660,false,Patches
1912,1912,false,Bandit
234,234,false,Jasper
849,849,false,Jasper
105,105,false,Cocoa
1574,1574,false,Lilly
1055,1055,false,Abby
1052,1052,false,Max
814,814,false,Bella
1108,1108,false,Molly
1769,1769,false,Annie
888,888,false,Bella
1480,1480,false,Roxie
1425,1425,false,Lily
1539,1539,false,Brutus
236,236,false,Spike
981,981,false,Zoe
747,747,false,Jack
1585,1585,false,Maggie
541,541,false,Gizmo
783,783,false,Oscar
1600,1600,false,Toby
1915,1915,false,Lucy
1887,1887,false,Scooter
60,60,false,Bailey
944,944,false,Sparky
1185,1185,false,Cookie
1057,1057,false,Shelby
456,456,false,Chance
1687,1687,false,Spike
1625,1625,false,Luna
1061,1061,false,Patches
1530,1530,false,Sadie
987,987,false,Angel
1289,1289,false,Jake
1709,1709,false,Rascal
1036,1036,false,Belle
642,642,false,Honey
1019,1019,false,Jack
836,836,false,Lucy
64,64,false,Rusty
155,155,false,Sparky
1874,1874,false,Marley
1873,1873,false,Bella
1777,1777,false,Brutus
1957,1957,false,Shadow
800,800,false,Sassy
951,951,false,Maggie
1027,1027,false,Lucky
139,139,false,Dixie
152,152,false,Belle
1827,1827,false,Jasmine
598,598,false,Sammy
822,822,false,Chico
773,773,false,Max
1703,1703,false,Abby
324,324,false,Cooper
1470,1470,false,Ruby
399,399,false,Oscar
349,349,false,Abby
1723,1723,false,Pepper
99,99,false,Chance
458,458,false,Taz
1433,1433,false,Buster
1505,1505,false,Max
426,426,false,Zoey
961,961,false,Rosie
1940,1940,false,Bruno
1018,1018,false,Snoopy
1371,1371,false,Bailey
612,612,false,Roxie
320,320,false,Cooper
133,133,false,Annie
1835,1835,false,Milo
926,926,false,Rex
1720,1720,false,Bo
787,787,false,Princess
1727,1727,false,Blue
1207,1207,false,Diesel
900,900,false,Chloe
917,917,false,Jasper
896,896,false,Dixie
1265,1265,false,Sammy
1785,1785,false,Mia
1263,1263,false,Buddy
1031,1031,false,Harley
687,687,false,Sasha
1696,1696,false,Spike
121,121,false,Zoey
769,769,false,Maggie
550,550,false,Toby
436,436,false,Casey
87,87,false,Baxter
204,204,false,Casey
1986,1986,false,Sadie
1135,1135,false,Dixie
1180,1180,false,Milo
218,218,false,Rosie
1280,1280,false,Oreo
1576,1576,false,Diamond
563,563,false,Bear
530,530,false,Bailey
1449,1449,false,Sparky
1884,1884,false,Lola
1262,1262,false,Mia
1406,1406,false,Blue
740,740,false,Sammy
812,812,false,Cody
813,813,false,Bandit
1446,1446,false,Blue
1783,1783,false,Luna
913,913,false,Misty
20,20,false,Daisy
31,31,false,Ruby
606,606,false,Baxter
1334,1334,false,Angel
1620,1620,false,Chloe
1941,1941,false,Rascal
1078,1078,false,Sassy
1279,1279,false,Mia
1348,1348,false,Chico
1051,1051,false,Murphy
310,310,false,Snoopy
587,587,false,Lucy
378,378,false,Belle
1286,1286,false,Jake
85,85,false,Patches
1945,1945,false,Buster
1722,1722,false,Sparky
1285,1285,false,Sugar
1766,1766,false,Roxy
1487,1487,false,Snickers
1491,1491,false,Buddy
1372,1372,false,Chico
1750,1750,false,Sammy
1134,1134,false,Teddy
963,963,false,Ruby
84,84,false,Sparky
4,4,false,Chloe
1653,1653,false,Zeus
995,995,false,Angel
1325,1325,false,Jake
1706,1706,false,Casey
1315,1315,false,Rocky
44,44,false,Oreo
1276,1276,false,Shadow
853,853,false,Chloe
1641,1641,false,Luna
1175,1175,false,Ruby
379,379,false,Molly
301,301,false,Lucky
1911,1911,false,Jack
1091,1091,false,Cooper
522,522,false,Murphy
738,738,false,Bubba
892,892,false,Lucy
1587,1587,false,Sparky
901,901,false,Penny
983,983,false,Lucky
1746,1746,false,Brutus
1673,1673,false,Roxie
1567,1567,false,Cody
1162,1162,false,Bella
568,568,false,Max
1053,1053,false,Teddy
861,861,false,Sadie
911,911,false,Bruno
393,393,false,Sassy
414,414,false,Honey
1700,1700,false,Diesel
1364,1364,false,Gracie
1657,1657,false,Chance
15,15,false,Baby
368,368,false,Sugar
1987,1987,false,Angel
955,955,false,Rocky
1789,1789,false,Cody
453,453,false,Luna
1997,1997,false,Patches
1974,1974,false,Dixie
846,846,false,Oscar
1327,1327,false,Charlie
1131,1131,false,Jack
1973,1973,false,Diesel
73,73,false,Sam
815,815,false,Lucy
607,607,false,Sasha
1100,1100,false,Misty
232,232,false,Harley
1330,1330,false,Molly
1665,1665,false,Chico
817,817,false,Shadow
1775,1775,false,Coco
907,907,false,Chance
1994,1994,false,Lady
1754,1754,false,Sophie
1394,1394,false,Bandit
1386,1386,false,Roxy
1198,1198,false,Jack
1621,1621,false,Teddy
1771,1771,false,Chance
1823,1823,false,Bear
249,249,false,Princess
757,757,false,Bruno
1676,1676,false,Milo
33,33,false,Jasmine
13,13,false,Rusty
319,319,false,Zoe
554,554,false,Roxy
988,988,false,Snickers
276,276,false,Lexi
1814,1814,false,Cocoa
1155,1155,false,Dakota
140,140,false,Precious
1554,1554,false,Lexi
1399,1399,false,Tucker
930,930,false,Scooter
1568,1568,false,Buddy
1724,1724,false,Dixie
459,459,false,Pepper
956,956,false,Lucky
2001,2001,false,Max
1877,1877,false,Buster
247,247,false,Rocky
1441,1441,false,Belle
1116,1116,false,Buddy
12,12,false,Oscar
401,401,false,Annie
130,130,false,Zoe
1011,1011,false,Tucker
1065,1065,false,Jack
1902,1902,false,Precious
158,158,false,Scooter
557,557,false,Duke
1164,1164,false,Rex
253,253,false,Misty
1261,1261,false,Sassy
1901,1901,false,Tyson
597,597,false,Precious
444,444,false,Blue
1178,1178,false,Rosie
850,850,false,Sparky
832,832,false,Chance
1946,1946,false,Rex
113,113,false,Sandy
1278,1278,false,Abby
293,293,false,Scooter
547,547,false,Sassy
1728,1728,false,Coco
1005,1005,false,Cody
927,927,false,Coco
1821,1821,false,Bailey
61,61,false,Coco
1752,1752,false,Angel
720,720,false,Penny
1458,1458,false,Blue
445,445,false,Rosie
786,786,false,Rusty
1702,1702,false,Diesel
1173,1173,false,Tyson
468,468,false,Marley
477,477,false,Daisy
1009,1009,false,Spike
1201,1201,false,Rex
1444,1444,false,Chance
342,342,false,Princess
805,805,false,Diamond
263,263,false,Tyson
977,977,false,Cody
699,699,false,Snoopy
1624,1624,false,Jake
1537,1537,false,Molly
1445,1445,false,Bailey
410,410,false,Spike
1748,1748,false,Zoe
1438,1438,false,Tyson
354,354,false,Baby
656,656,false,Missy
146,146,false,Shadow
297,297,false,Lady
1253,1253,false,Tucker
848,848,false,Ruby
1894,1894,false,Ginger
935,935,false,Sammy
370,370,false,Oreo
807,807,false,Belle
425,425,false,Jasper
2006,2006,false,Spike
1511,1511,false,Bear
181,181,false,Lucy
524,524,false,Princess
1790,1790,false,Baby
1424,1424,false,Cooper
258,258,false,Zoey
1552,1552,false,Abby
589,589,false,Zeus
122,122,false,Daisy
618,618,false,Roxy
967,967,false,Sandy
149,149,false,Buddy
171,171,false,Annie
134,134,false,Sugar
1387,1387,false,Snickers
1358,1358,false,Sam
303,303,false,Gizmo
1497,1497,false,Belle
1978,1978,false,Jake
7,7,false,Tyson
1792,1792,false,Zoe
1232,1232,false,Oreo
1292,1292,false,Harley
489,489,false,Sam
621,621,false,Rusty
1048,1048,false,Dakota
824,824,false,Buster
1081,1081,false,Rex
296,296,false,Chance
178,178,false,Tank
264,264,false,Roxie
94,94,false,Bubba
1044,1044,false,Lilly
1241,1241,false,Diamond
1440,1440,false,Buster
1531,1531,false,Bo
914,914,false,Peanut
1993,1993,false,Shelby
1400,1400,false,Cocoa
729,729,false,Bruno
382,382,false,Sugar
1068,1068,false,Casey
604,604,false,Diesel
1647,1647,false,Bear
1013,1013,false,Scooter
1163,1163,false,Belle
741,741,false,Bailey
710,710,false,Casey
1672,1672,false,Bella
329,329,false,Peanut
1296,1296,false,Cocoa
1405,1405,false,Bear
517,517,false,Baxter
811,811,false,Taz
1495,1495,false,Zoey
398,398,false,Bubba
590,590,false,Lily
352,352,false,Baby
1644,1644,false,Buddy
384,384,false,Buster
1368,1368,false,Angel
1923,1923,false,Jack
1415,1415,false,Penny
260,260,false,Lily
421,421,false,Zoey
1558,1558,false,Sammy
51,51,false,Bandit
1528,1528,false,Bailey
945,945,false,Charlie
1447,1447,false,Princess
348,348,false,Dixie
355,355,false,Dixie
1669,1669,false,Snickers
245,245,false,Maggie
1062,1062,false,Bella
845,845,false,Abby
1014,1014,false,Shadow
1346,1346,false,Jasmine
1341,1341,false,Rex
1499,1499,false,Harley
997,997,false,Mia
1674,1674,false,Roxie
1205,1205,false,Maggie
285,285,false,Diesel
1572,1572,false,Annie
875,875,false,Marley
165,165,false,Harvey
920,920,false,Lexi
1867,1867,false,Jake
1220,1220,false,Cody
515,515,false,Bruno
150,150,false,Bo
887,887,false,Gizmo
739,739,false,Chloe
1689,1689,false,Diesel
1006,1006,false,Cookie
1357,1357,false,Bo
481,481,false,Chance
809,809,false,Dixie
1856,1856,false,Sugar
1635,1635,false,Marley
2003,2003,false,Dixie
616,616,false,Rusty
1976,1976,false,Zeus
280,280,false,Chloe
428,428,false,Rusty
1398,1398,false,Maggie
1340,1340,false,Zeus
413,413,false,Oreo
1520,1520,false,Diamond
733,733,false,Murphy
18,18,false,Max
1269,1269,false,Baxter
157,157,false,Rocky
1257,1257,false,Tucker
1105,1105,false,Sammy
1502,1502,false,Abby
1680,1680,false,Zoe
289,289,false,Cody
330,330,false,Gizmo
1954,1954,false,Teddy
1204,1204,false,Shadow
1110,1110,false,Lucy
532,532,false,Sugar
23,23,false,Baxter
856,856,false,Marley
1854,1854,false,Princess
409,409,false,Buster
371,371,false,Charlie
785,785,false,Gizmo
1609,1609,false,Shadow
1745,1745,false,Milo
57,57,false,Dixie
210,210,false,Harley
1671,1671,false,Abby
1695,1695,false,Angel
40,40,false,Bella
1546,1546,false,Mia
894,894,false,Rusty
1977,1977,false,Rocky
1513,1513,false,Zoe
1956,1956,false,Roxie
1216,1216,false,Baby
1863,1863,false,Zoe
1872,1872,false,Patches
1755,1755,false,Sugar
596,596,false,Buddy
954,954,false,Baxter
551,551,false,Buddy
1004,1004,false,Tucker
1738,1738,false,Lucy
1096,1096,false,Coco
418,418,false,Zoe
1929,1929,false,Max
1157,1157,false,Shelby
1601,1601,false,Bear
634,634,false,Dixie
1582,1582,false,Molly
661,661,false,Zoe
1788,1788,false,Tucker
116,116,false,Sasha
1871,1871,false,Buddy
407,407,false,Sugar
417,417,false,Peanut
1540,1540,false,Harley
893,893,false,Roxie
1260,1260,false,Rascal
1834,1834,false,Oreo
1259,1259,false,Harvey
1776,1776,false,Riley
1926,1926,false,Cooper
1007,1007,false,Lily
1093,1093,false,Tucker
192,192,false,Sassy
1661,1661,false,Riley
22,22,false,Roxie
300,300,false,Bo
1138,1138,false,Lily
1693,1693,false,Murphy
534,534,false,Honey
217,217,false,Bubba
1384,1384,false,Lady
1109,1109,false,Belle
1492,1492,false,Bandit
1374,1374,false,Scooter
367,367,false,Peanut
923,923,false,Scooter
90,90,false,Cocoa
1688,1688,false,Bear
1385,1385,false,Oscar
1252,1252,false,Pepper
182,182,false,Tyson
1080,1080,false,Sassy
1305,1305,false,Sasha
8,8,false,Bailey
724,724,false,Lilly
1,1,false,Sadie
788,788,false,Snoopy
905,905,false,Marley
827,827,false,Snoopy
34,34,false,Ginger
895,895,false,Chance
1419,1419,false,Missy
1509,1509,false,Lily
184,184,false,Precious
1602,1602,false,Bailey
816,816,false,Precious
1229,1229,false,Lexi
609,609,false,Peanut
82,82,false,Ruby
1589,1589,false,Cooper
647,647,false,Diamond
1712,1712,false,Jasper
936,936,false,Lily
902,902,false,Sandy
664,664,false,Blue
328,328,false,Tyson
1631,1631,false,Lucky
1239,1239,false,Sugar
696,696,false,Diesel
69,69,false,Maggie
1311,1311,false,Sparky
216,216,false,Jasmine
1664,1664,false,Diesel
908,908,false,Shelby
1056,1056,false,Diesel
571,571,false,Roxie
1708,1708,false,Gizmo
938,938,false,Cookie
1879,1879,false,Sassy
1233,1233,false,Cocoa
1740,1740,false,Patches
314,314,false,Lexi
76,76,false,Cocoa
756,756,false,Bubba
823,823,false,Baby
1042,1042,false,Cody
1412,1412,false,Lola
591,591,false,Honey
1816,1816,false,Luna
390,390,false,Tank
577,577,false,Sophie
412,412,false,Sam
427,427,false,Bandit
644,644,false,Rocky
254,254,false,Cody
915,915,false,Brutus
876,876,false,Scooter
1650,1650,false,Riley
1979,1979,false,Chloe
1913,1913,false,Marley
1881,1881,false,Chico
1719,1719,false,Tyson
1187,1187,false,Zoe
147,147,false,Shadow
529,529,false,Angel
722,722,false,Rex
1000,1000,false,Pepper
415,415,false,Patches
1427,1427,false,Peanut
183,183,false,Roxie
164,164,false,Shadow
685,685,false,Baxter
190,190,false,Teddy
1488,1488,false,Penny
1469,1469,false,Sugar
1588,1588,false,Dakota
92,92,false,Dakota
631,631,false,Roxie
1988,1988,false,Max
772,772,false,Pepper
1682,1682,false,Snickers
1123,1123,false,Luna
546,546,false,Dixie
516,516,false,Scooter
909,909,false,Rascal
1924,1924,false,Sophie
1964,1964,false,Sam
1826,1826,false,Mia
1779,1779,false,Mia
1684,1684,false,Pepper
1919,1919,false,Baby
1743,1743,false,Mia
30,30,false,Luna
241,241,false,Tank
1805,1805,false,Lucky
380,380,false,Sugar
195,195,false,Duke
347,347,false,Princess
808,808,false,Rex
1493,1493,false,Roxie
1640,1640,false,Zoe
501,501,false,Gizmo
855,855,false,Rex
512,512,false,Misty
502,502,false,Sugar
1436,1436,false,Sandy
1335,1335,false,Brutus
1190,1190,false,Honey
1179,1179,false,Jack
1195,1195,false,Blue
1251,1251,false,Lily
705,705,false,Sandy
124,124,false,Abby
639,639,false,Lilly
1255,1255,false,Bruno
1832,1832,false,Jack
821,821,false,Bubba
904,904,false,Jack
1899,1899,false,Dixie
1174,1174,false,Abby
1421,1421,false,Shadow
230,230,false,Tank
447,447,false,Rusty
255,255,false,Cooper
177,177,false,Sadie
101,101,false,Zoey
627,627,false,Chico
1133,1133,false,Duke
460,460,false,Harvey
732,732,false,Charlie
962,962,false,Lucky
1300,1300,false,Sasha
873,873,false,Honey
1819,1819,false,Lady
98,98,false,Lilly
441,441,false,Diesel
131,131,false,Baby
536,536,false,Chico
233,233,false,Sam
1152,1152,false,Chloe
1862,1862,false,Chloe
1730,1730,false,Pepper
1016,1016,false,Snoopy
1549,1549,false,Sandy
1318,1318,false,Snoopy
1324,1324,false,Oreo
1861,1861,false,Sammy
1498,1498,false,Mia
1165,1165,false,Duke
161,161,false,Tank
286,286,false,Sammy
969,969,false,Sadie
1660,1660,false,Lady
858,858,false,Lola
9,9,false,Dakota
640,640,false,Lucky
292,292,false,Annie
1217,1217,false,Rex
623,623,false,Baxter
520,520,false,Luna
148,148,false,Murphy
454,454,false,Sadie
1829,1829,false,Murphy
103,103,false,Bo
106,106,false,Rocky
924,924,false,Murphy
694,694,false,Spike
1970,1970,false,Marley
266,266,false,Marley
768,768,false,Snickers
820,820,false,Sadie
383,383,false,Sophie
1953,1953,false,Bear
357,357,false,Taz
1801,1801,false,Pepper
2002,2002,false,Princess
1033,1033,false,Missy
1067,1067,false,Riley
1146,1146,false,Peanut
100,100,false,Jake
622,622,false,Belle
1857,1857,false,Cocoa
1618,1618,false,Cooper
391,391,false,Sugar
1112,1112,false,Tucker
839,839,false,Zoe
1848,1848,false,Brutus
170,170,false,Sam
321,321,false,Lola
1733,1733,false,Sparky
1847,1847,false,Cooper
1353,1353,false,Jasmine
672,672,false,Lola
499,499,false,Bruno
652,652,false,Sophie
26,26,false,Diamond
452,452,false,Rex
884,884,false,Jack
471,471,false,Riley
538,538,false,Chico
313,313,false,Pepper
1035,1035,false,Ginger
1039,1039,false,Milo
567,567,false,Bella
1332,1332,false,Dakota
339,339,false,Maggie
159,159,false,Shelby
1046,1046,false,Casey
1196,1196,false,Max
1920,1920,false,Baxter
252,252,false,Sam
1510,1510,false,Scooter
224,224,false,Jack
1168,1168,false,Tyson
1638,1638,false,Dixie
1041,1041,false,Tank
284,284,false,Precious
2007,2007,false,Tank
287,287,false,Patches
1479,1479,false,Lexi
1243,1243,false,Chico
1177,1177,false,Lily
1367,1367,false,Sadie
912,912,false,Rocky
1290,1290,false,Riley
1184,1184,false,Cooper
863,863,false,Lady
439,439,false,Cocoa
1465,1465,false,Snoopy
615,615,false,Sasha
831,831,false,Spike
1516,1516,false,Scooter
1710,1710,false,Murphy
759,759,false,Jake
1968,1968,false,Max
556,556,false,Angel
275,275,false,Lola
269,269,false,Jasper
1725,1725,false,Peanut
464,464,false,Jasmine
742,742,false,Taz
1542,1542,false,Taz
1169,1169,false,Lucky
1885,1885,false,Chloe
261,261,false,Bandit
163,163,false,Dakota
1097,1097,false,Chico
1898,1898,false,Cookie
1598,1598,false,Lexi
931,931,false,Bailey
928,928,false,Tucker
327,327,false,Cooper
1227,1227,false,Pepper
1101,1101,false,Oscar
630,630,false,Sassy
205,205,false,Cocoa
1106,1106,false,Lady
703,703,false,Rocky
21,21,false,Tank
1021,1021,false,Blue
1075,1075,false,Cooper
53,53,false,Teddy
1878,1878,false,Murphy
1596,1596,false,Bubba
1066,1066,false,Lady
1158,1158,false,Max
837,837,false,Bo
1482,1482,false,Rocky
1615,1615,false,Ginger
1275,1275,false,Cookie
1563,1563,false,Sasha
549,549,false,Jack
364,364,false,Sam
1910,1910,false,Bandit
1578,1578,false,Milo
1971,1971,false,Blue
1718,1718,false,Daisy
1758,1758,false,Scooter
731,731,false,Annie
765,765,false,Misty
683,683,false,Mia
1392,1392,false,Roxy
1377,1377,false,Sasha
560,560,false,Sam
1407,1407,false,Max
804,804,false,Sparky
1717,1717,false,Lola
674,674,false,Tank
1461,1461,false,Marley
583,583,false,Milo
576,576,false,Rocky
1791,1791,false,Ginger
1139,1139,false,Peanut
645,645,false,Sparky
638,638,false,Gizmo
1845,1845,false,Chico
331,331,false,Mia
1584,1584,false,Cody
1452,1452,false,Maggie
1947,1947,false,Zeus
680,680,false,Zoe
102,102,false,Sammy
984,984,false,Lucy
450,450,false,Cocoa
1350,1350,false,Coco
41,41,false,Max
461,461,false,Jasmine
1892,1892,false,Sasha
671,671,false,Gracie
1998,1998,false,Lexi
1736,1736,false,Teddy
1126,1126,false,Penny
1430,1430,false,Bubba
219,219,false,Harley
1930,1930,false,Milo
1760,1760,false,Lucky
174,174,false,Baby
3,3,false,Duke
214,214,false,Zoey
1697,1697,false,Lexi
207,207,false,Rex
1545,1545,false,Lady
1521,1521,false,Luna
1849,1849,false,Rocky
518,518,false,Honey
1683,1683,false,Shadow
1715,1715,false,Jack
1250,1250,false,Baxter
1642,1642,false,Bandit
1903,1903,false,Misty
697,697,false,Gracie
366,366,false,Lady
226,226,false,Dixie
1838,1838,false,Patches
790,790,false,Chloe
754,754,false,Misty
1781,1781,false,Jasmine
796,796,false,Sadie
1383,1383,false,Oscar
115,115,false,Marley
1457,1457,false,Diamond
291,291,false,Bailey
562,562,false,Scooter
559,559,false,Rusty
1303,1303,false,Bear
1028,1028,false,Patches
1122,1122,false,Tank
484,484,false,Lily
1459,1459,false,Diamond
1522,1522,false,Tyson
1471,1471,false,Cody
1796,1796,false,Chloe
1426,1426,false,Daisy
242,242,false,Molly
511,511,false,Casey
1076,1076,false,Gracie
760,760,false,Buddy
1422,1422,false,Luna
1583,1583,false,Bella
573,573,false,Zoey
1144,1144,false,Rusty
976,976,false,Sammy
495,495,false,Princess
1524,1524,false,Shelby
1486,1486,false,Baby
469,469,false,Roxy
1494,1494,false,Sparky
1114,1114,false,Baby
1337,1337,false,Ginger
1586,1586,false,Diamond
1526,1526,false,Penny
457,457,false,Bailey
1667,1667,false,Princess
56,56,false,Lexi
1281,1281,false,Milo
1228,1228,false,Gizmo
1959,1959,false,Sophie
957,957,false,Brutus
433,433,false,Lilly
1396,1396,false,Tucker
480,480,false,Rex
746,746,false,Harley
985,985,false,Bella
1818,1818,false,Sparky
1701,1701,false,Shelby
776,776,false,Ruby
1237,1237,false,Sammy
340,340,false,Abby
1833,1833,false,Buster
1844,1844,false,Toby
1121,1121,false,Patches
1379,1379,false,Sugar
1907,1907,false,Rocky
1836,1836,false,Sasha
505,505,false,Ginger
494,494,false,Sassy
1559,1559,false,Scooter
1921,1921,false,Molly
1784,1784,false,Shelby
533,533,false,Cody
840,840,false,Tank
423,423,false,Toby
750,750,false,Jack
1025,1025,false,Milo
1047,1047,false,Sandy
1074,1074,false,Tyson
979,979,false,Harvey
437,437,false,Penny
1432,1432,false,Blue
953,953,false,Bear
1853,1853,false,Tucker
508,508,false,Rusty
435,435,false,Bear
982,982,false,Lily
49,49,false,Belle
539,539,false,Lady
1331,1331,false,Gizmo
1841,1841,false,Shelby
1533,1533,false,Shadow
1073,1073,false,Jake
424,424,false,Lexi
702,702,false,Maggie
819,819,false,Sandy
1032,1032,false,Rusty
1277,1277,false,Sparky
1597,1597,false,Zoey
1897,1897,false,Dixie
282,282,false,Max
1248,1248,false,Baxter
500,500,false,Casey
1639,1639,false,Zeus
669,669,false,Rex
1906,1906,false,Missy
748,748,false,Cooper
1099,1099,false,Oscar
1944,1944,false,Chance
1799,1799,false,Angel
1380,1380,false,Bandit
1414,1414,false,Buster
66,66,false,Precious
1681,1681,false,Lola
120,120,false,Snickers
1990,1990,false,Scooter
695,695,false,Jack
966,966,false,Bailey
1761,1761,false,Bear
667,667,false,Belle
1909,1909,false,Chance
1757,1757,false,Rex
46,46,false,Bella
172,172,false,Buddy
628,628,false,Zeus
1069,1069,false,Buddy
1648,1648,false,Harley
1652,1652,false,Lucy
1938,1938,false,Taz
1230,1230,false,Baby
1092,1092,false,Baby
1203,1203,false,Lady
611,611,false,Bubba
1778,1778,false,Harvey
681,681,false,Milo
1649,1649,false,Rascal
1079,1079,false,Bubba
1519,1519,false,Lily
620,620,false,Luna
586,586,false,Missy
1015,1015,false,Ginger
704,704,false,Dakota
1605,1605,false,Harvey
970,970,false,Bailey
1859,1859,false,Jasmine
2004,2004,false,Murphy
387,387,false,Sam
142,142,false,Jake
1646,1646,false,Sugar
978,978,false,Casey
1571,1571,false,Lilly
514,514,false,Tank
594,594,false,Scooter
334,334,false,Lucy
1141,1141,false,Toby
1128,1128,false,Sadie
1370,1370,false,Diamond
1136,1136,false,Penny
1450,1450,false,Dakota
268,268,false,Honey
359,359,false,Lucy
655,655,false,Sparky
721,721,false,Lady
698,698,false,Scooter
990,990,false,Duke
243,243,false,Tucker
1595,1595,false,Tyson
1557,1557,false,Duke
1532,1532,false,Belle
239,239,false,Cooper
1742,1742,false,Gracie
473,473,false,Misty
507,507,false,Gracie
968,968,false,Casey
470,470,false,Cooper
1786,1786,false,Sasha
648,648,false,Murphy
601,601,false,Luna
503,503,false,Patches
250,250,false,Dixie
1726,1726,false,Lily
1802,1802,false,Sparky
246,246,false,Sassy
1437,1437,false,Jasper
1955,1955,false,Lily
952,952,false,Dixie
1765,1765,false,Precious
880,880,false,Bailey
467,467,false,Bo
281,281,false,Honey
1839,1839,false,Daisy
763,763,false,Sassy
1570,1570,false,Precious
789,789,false,Zeus
1773,1773,false,Chloe
1453,1453,false,Shadow
11,11,false,Baby
558,558,false,Riley
404,404,false,Teddy
1507,1507,false,Bandit
1256,1256,false,Bandit
700,700,false,Tank
1304,1304,false,Harley
1564,1564,false,Cooper
446,446,false,Cocoa
1024,1024,false,Cody
1753,1753,false,Diesel
613,613,false,Snoopy
1662,1662,false,Annie
1309,1309,false,Belle
96,96,false,Shelby
430,430,false,Bella
1590,1590,false,Shelby
764,764,false,Roxy
1996,1996,false,Toby
1917,1917,false,Rex
279,279,false,Zoe
1768,1768,false,Sparky
934,934,false,Angel
1098,1098,false,Precious
872,872,false,Tyson
1690,1690,false,Milo
1393,1393,false,Bo
55,55,false,Jack
211,211,false,Dakota
561,561,false,Diesel
670,670,false,Cody
617,617,false,Roxie
1517,1517,false,Toby
1732,1732,false,Chance
1170,1170,false,Cocoa
1270,1270,false,Snoopy
1034,1034,false,Sasha
728,728,false,Misty
1211,1211,false,Belle
1655,1655,false,Harvey
201,201,false,Scooter
1206,1206,false,Coco
487,487,false,Daisy
579,579,false,Misty
322,322,false,Angel
986,986,false,Penny
262,262,false,Dixie
1551,1551,false,Rex
743,743,false,Marley
1418,1418,false,Lily
1472,1472,false,Diesel
725,725,false,Chloe
1908,1908,false,Murphy
1040,1040,false,Sadie
869,869,false,Pepper
716,716,false,Bandit
582,582,false,Shelby
1390,1390,false,Sammy
1297,1297,false,Patches
637,637,false,Bo
994,994,false,Ruby
1800,1800,false,Rocky
479,479,false,Jasper
810,810,false,Dixie
406,406,false,Peanut
665,665,false,Jake
358,358,false,Toby
71,71,false,Bailey
1084,1084,false,Harvey
1113,1113,false,Milo
1363,1363,false,Shadow
1439,1439,false,Lola
771,771,false,Abby
973,973,false,Bailey
493,493,false,Diamond
462,462,false,Cody
991,991,false,Murphy
921,921,false,Mia
1508,1508,false,Casey
513,513,false,Sparky
605,605,false,Sam
83,83,false,Teddy
1846,1846,false,Maggie
1420,1420,false,Penny
878,878,false,Angel
1935,1935,false,Dakota
882,882,false,Spike
798,798,false,Cody
1083,1083,false,Teddy
37,37,false,Teddy
1231,1231,false,Sam
1764,1764,false,Rascal
939,939,false,Tank
1837,1837,false,Jack
1049,1049,false,Sammy
791,791,false,Roxy
959,959,false,Peanut
169,169,false,Jasper
350,350,false,Sam
1137,1137,false,Tyson
1356,1356,false,Bubba
1214,1214,false,Jasmine
838,838,false,Blue
1045,1045,false,Diesel
1088,1088,false,Snoopy
862,862,false,Oreo
1150,1150,false,Oscar
272,272,false,Toby
1129,1129,false,Sophie
333,333,false,Max
1851,1851,false,Jake
48,48,false,Oscar
709,709,false,Lucky
244,244,false,Marley
1632,1632,false,Sophie
641,641,false,Ginger
1815,1815,false,Ginger
629,629,false,Sophie
114,114,false,Belle
870,870,false,Marley
451,451,false,Bella
1948,1948,false,Honey
993,993,false,Sasha
1355,1355,false,Sadie
343,343,false,Riley
1967,1967,false,Roxie
1612,1612,false,Buddy
1142,1142,false,Marley
1319,1319,false,Cookie
1630,1630,false,Rocky
1247,1247,false,Spike
1288,1288,false,Zoe
989,989,false,Angel
141,141,false,Snoopy
707,707,false,Shadow
1197,1197,false,Dakota
337,337,false,Mia
1287,1287,false,Chance
847,847,false,Bruno
599,599,false,Shadow
332,332,false,Lexi
1825,1825,false,Brutus
1774,1774,false,Lucky
678,678,false,Zoey
1267,1267,false,Tank
1070,1070,false,Buddy
1525,1525,false,Spike
498,498,false,Maggie
346,346,false,Ginger
1842,1842,false,Roxy
1747,1747,false,Dixie
1413,1413,false,Belle
50,50,false,Sam
1900,1900,false,Sassy
259,259,false,Mia
89,89,false,Chance
1283,1283,false,Harvey
1529,1529,false,Bear
1606,1606,false,Rascal
929,929,false,Milo
1077,1077,false,Gizmo
860,860,false,Lexi
793,793,false,Molly
871,871,false,Ginger
782,782,false,Chance
257,257,false,Oscar
1225,1225,false,Jack
199,199,false,Dixie
1711,1711,false,Rocky
1455,1455,false,Lola
1895,1895,false,Tank
6,6,false,Brutus
1925,1925,false,Lexi
1548,1548,false,Harvey
544,544,false,Sandy
701,701,false,Coco
1072,1072,false,Gizmo
1295,1295,false,Bella
373,373,false,Rascal
29,29,false,Spike
39,39,false,Bo
649,649,false,Rocky
65,65,false,Lady
45,45,false,Blue
736,736,false,Oreo
792,792,false,Dixie
288,288,false,Dixie
1633,1633,false,Chance
318,318,false,Patches
1698,1698,false,Riley
135,135,false,Buddy
1767,1767,false,Cocoa
1795,1795,false,Sadie
1573,1573,false,Cookie
403,403,false,Misty
213,213,false,Princess
361,361,false,Maggie
496,496,false,Tucker
123,123,false,Murphy
581,581,false,Teddy
1939,1939,false,Snickers
777,777,false,Lady
1560,1560,false,Sugar
519,519,false,Ginger
338,338,false,Bo
1117,1117,false,Shelby
422,422,false,Blue
1166,1166,false,Lily
86,86,false,Sophie
761,761,false,Oreo
635,635,false,Dakota
570,570,false,Rocky
1593,1593,false,Pepper
1812,1812,false,Teddy
1219,1219,false,Baxter
1466,1466,false,Baxter
1869,1869,false,Harley
1043,1043,false,Tank
735,735,false,Precious
899,899,false,Lola
235,235,false,Oreo
1234,1234,false,Bubba
1927,1927,false,Peanut
749,749,false,Blue
305,305,false,Coco
91,91,false,Ruby
1614,1614,false,Oscar
1143,1143,false,Annie
1515,1515,false,Zeus
744,744,false,Zeus
803,803,false,Missy
491,491,false,Sasha
375,375,false,Penny
351,351,false,Tucker
778,778,false,Mia
25,25,false,Misty
679,679,false,Lola
1813,1813,false,Pepper
1880,1880,false,Duke
397,397,false,Lucky
1850,1850,false,Oreo
540,540,false,Cody
996,996,false,Bear
1843,1843,false,Lucky
854,854,false,Oreo
1090,1090,false,Shadow
1284,1284,false,Brutus
1272,1272,false,Peanut
1186,1186,false,Harley
1213,1213,false,Cookie
593,593,false,Shelby
1627,1627,false,Zeus
144,144,false,Diesel
1958,1958,false,Mia
1704,1704,false,Lucky
1156,1156,false,Baby
608,608,false,Lady
492,492,false,Pepper
1456,1456,false,Shelby
1389,1389,false,Sugar
1950,1950,false,Sam
1541,1541,false,Shadow
947,947,false,Sam
1883,1883,false,Lilly
1611,1611,false,Zoe
859,859,false,Oscar
440,440,false,Jasper
1678,1678,false,Bandit
684,684,false,Zoe
111,111,false,Diesel
751,751,false,Patches
298,298,false,Teddy
1668,1668,false,Cocoa
1782,1782,false,Penny
602,602,false,Bella
1172,1172,false,Rascal
1656,1656,false,Sasha
1699,1699,false,Belle
299,299,false,Ruby
1274,1274,false,Cooper
592,592,false,Bella
1120,1120,false,Oreo
543,543,false,Sasha
636,636,false,Sam
1153,1153,false,Brutus
1010,1010,false,Lola
1608,1608,false,Chico
24,24,false,Lily
830,830,false,Sam
1273,1273,false,Gracie
88,88,false,Annie
1772,1772,false,Rosie
1001,1001,false,Riley
186,186,false,Cocoa
1322,1322,false,Buster
1408,1408,false,Rex
1580,1580,false,Princess
1737,1737,false,Honey
1713,1713,false,Sandy
2009,2009,false,Dakota
466,466,false,Bo
535,535,false,Rusty
1365,1365,false,Duke
1654,1654,false,Brutus
59,59,false,Sam
693,693,false,Rocky
509,509,false,Jasmine
1020,1020,false,Bruno
1794,1794,false,Diamond
1594,1594,false,Abby
843,843,false,Roxie
167,167,false,Chloe
619,619,false,Misty
156,156,false,Dakota
488,488,false,Luna
369,369,false,Harley
1373,1373,false,Blue
584,584,false,Blue
1485,1485,false,Zeus
1271,1271,false,Misty
290,290,false,Abby
485,485,false,Ginger
851,851,false,Spike
1224,1224,false,Charlie
1376,1376,false,Bo
1244,1244,false,Annie
1852,1852,false,Harley
1462,1462,false,Duke
676,676,false,Snickers
1388,1388,false,Oscar
16,16,false,Precious
1460,1460,false,Oscar
1675,1675,false,Sophie
374,374,false,Jack
154,154,false,Dakota
633,633,false,Sasha
360,360,false,Snoopy
302,302,false,Rosie
1002,1002,false,Shelby
1476,1476,false,Tyson
10,10,false,Bubba
891,891,false,Lexi
775,775,false,Tucker
1366,1366,false,Scooter
1889,1889,false,Casey
138,138,false,Zeus
1434,1434,false,Jake
225,225,false,Sparky
1391,1391,false,Sparky
1858,1858,false,Teddy
1569,1569,false,Bruno
1610,1610,false,Spike
1592,1592,false,Gizmo
1936,1936,false,Jasmine
1876,1876,false,Zoe
54,54,false,Gracie
1561,1561,false,Harley
890,890,false,Bo
689,689,false,Lucy
166,166,false,Ginger
1937,1937,false,Misty
1670,1670,false,Rosie
867,867,false,Roxy
27,27,false,Shadow
879,879,false,Buster
1208,1208,false,Marley
17,17,false,Snoopy
1577,1577,false,Mia
35,35,false,Taz
270,270,false,Milo
726,726,false,Sandy
179,179,false,Baby
1473,1473,false,Ruby
196,196,false,Rosie
151,151,false,Milo
137,137,false,Rosie
400,400,false,Rusty
752,752,false,Princess
153,153,false,Lexi
980,980,false,Luna
688,688,false,Shelby
145,145,false,Abby
1375,1375,false,Zoe
486,486,false,Lady
311,311,false,Sophie
1659,1659,false,Maggie
1694,1694,false,Mia
1291,1291,false,Chance
1181,1181,false,Oreo
1339,1339,false,Snoopy
1191,1191,false,Bubba
1294,1294,false,Marley
1962,1962,false,Sammy
852,852,false,Jake
323,323,false,Sophie
271,271,false,Precious
203,203,false,Daisy
1809,1809,false,Baby
1417,1417,false,Cookie
553,553,false,Tyson
1651,1651,false,Brutus
1212,1212,false,Mia
1933,1933,false,Sophie
1890,1890,false,Molly
1538,1538,false,Brutus
420,420,false,Rocky
411,411,false,Rusty
834,834,false,Abby
75,75,false,Gracie
392,392,false,Precious
711,711,false,Sassy
784,784,false,Shadow
1685,1685,false,Tyson
569,569,false,Sassy
677,677,false,Sandy
1972,1972,false,Abby
1806,1806,false,Blue
490,490,false,Ginger
614,614,false,Bubba
1942,1942,false,Lady
690,690,false,Luna
128,128,false,Daisy
335,335,false,Sugar
1629,1629,false,Daisy
1342,1342,false,Jasmine
193,193,false,Jasper
643,643,false,Coco
455,455,false,Bubba
1378,1378,false,Annie
93,93,false,Lady
1744,1744,false,Patches
1193,1193,false,Mia
175,175,false,Gracie
1904,1904,false,Bandit
1810,1810,false,Taz
1914,1914,false,Bruno
1442,1442,false,Molly
1023,1023,false,Tucker
1981,1981,false,Taz
1749,1749,false,Buddy
1817,1817,false,Princess
365,365,false,Sparky
1189,1189,false,Belle
715,715,false,Oreo
212,212,false,Rusty
1504,1504,false,Cookie
1622,1622,false,Spike
1840,1840,false,Tucker
267,267,false,Oreo
781,781,false,Gracie
1089,1089,false,Spike
1731,1731,false,Sassy
176,176,false,Rusty
1882,1882,false,Diesel
1565,1565,false,Gracie
1607,1607,false,Abby
646,646,false,Belle
1454,1454,false,Roxy
198,198,false,Rex
78,78,false,Tucker
209,209,false,Mia
14,14,false,Sparky
1194,1194,false,Baxter
274,274,false,Baby
1147,1147,false,Roxie
1928,1928,false,Patches
294,294,false,Sophie
974,974,false,Cookie
1645,1645,false,Gracie
526,526,false,Zoe
1351,1351,false,Rocky
1293,1293,false,Zeus
828,828,false,Luna
62,62,false,Zoey
658,658,false,Cooper
1102,1102,false,Sam
1054,1054,false,Gizmo
238,238,false,Rosie
277,277,false,Baxter
1242,1242,false,Dakota
160,160,false,Oreo
220,220,false,Luna
227,227,false,Rocky
474,474,false,Chloe
1965,1965,false,Shadow
5,5,false,Abby
1282,1282,false,Roxy
925,925,false,Snickers
1266,1266,false,Lady
110,110,false,Tyson
363,363,false,Murphy
1886,1886,false,Penny
1125,1125,false,Oscar
228,228,false,Rocky
877,877,false,Princess
1544,1544,false,Teddy
1463,1463,false,Sugar
1095,1095,false,Ruby
1536,1536,false,Max
1474,1474,false,Dixie
1481,1481,false,Roxie
521,521,false,Maggie
1464,1464,false,Max
316,316,false,Ginger
1613,1613,false,Zoe
47,47,false,Molly
1171,1171,false,Snoopy
1317,1317,false,Bear
1679,1679,false,Jack
691,691,false,Blue
1477,1477,false,Chance
265,265,false,Marley
965,965,false,Bo
42,42,false,Buster
1218,1218,false,Dakota
1999,1999,false,Dixie
1503,1503,false,Rusty
388,388,false,Lexi
1103,1103,false,Zeus
937,937,false,Peanut
1804,1804,false,Tyson
1404,1404,false,Pepper
1579,1579,false,Coco
762,762,false,Tucker
1989,1989,false,Zoey
1361,1361,false,Milo
125,125,false,Jasper
194,194,false,Jack
1320,1320,false,Cooper
682,682,false,Sam
1329,1329,false,Lexi
1431,1431,false,Diamond
1382,1382,false,Cooper
1397,1397,false,Chico
1064,1064,false,Zoe
344,344,false,Rocky
1995,1995,false,Missy
402,402,false,Buddy
1982,1982,false,Diesel
1780,1780,false,Lexi
999,999,false,Cookie
666,666,false,Cookie
1581,1581,false,Sadie
1807,1807,false,Gizmo
1254,1254,false,Lily
256,256,false,Harvey
574,574,false,Taz
1176,1176,false,Lilly
1666,1666,false,Sugar
396,396,false,Harley
434,434,false,Bubba
1085,1085,false,Diesel
588,588,false,Annie
657,657,false,Roxie
712,712,false,Sandy
376,376,false,Marley
408,408,false,Buster
475,475,false,Bandit
758,758,false,Gizmo
717,717,false,Taz
419,419,false,Lexi
1527,1527,false,Scooter
482,482,false,Diesel
903,903,false,Taz
1634,1634,false,Sammy
686,686,false,Tank
1409,1409,false,Oreo
572,572,false,Maggie
1896,1896,false,Pepper
1328,1328,false,Shelby
372,372,false,Tucker
1345,1345,false,Buster
1714,1714,false,Cody
449,449,false,Milo
662,662,false,Cody
1556,1556,false,Patches
1500,1500,false,Marley
1038,1038,false,Sasha
1756,1756,false,Pepper
278,278,false,Scooter
63,63,false,Lady
883,883,false,Belle
356,356,false,Murphy
1310,1310,false,Lucky
1182,1182,false,Pepper
1547,1547,false,Roxie
1985,1985,false,Zeus
341,341,false,Abby
231,231,false,Chico
95,95,false,Chance
1086,1086,false,Zoey
273,273,false,Blue
881,881,false,Taz
1787,1787,false,Lucky
1797,1797,false,Chloe
308,308,false,Scooter
1145,1145,false,Sam
1192,1192,false,Zoey
1008,1008,false,Molly
527,527,false,Lady
714,714,false,Tyson
1161,1161,false,Teddy
1119,1119,false,Molly
1245,1245,false,Diesel
1115,1115,false,Snickers
215,215,false,Sadie
767,767,false,Sparky
1983,1983,false,Dixie
448,448,false,Precious
1870,1870,false,Charlie
1762,1762,false,Charlie
1888,1888,false,Jack
222,222,false,Molly
127,127,false,Oreo
208,208,false,Zoey
992,992,false,Sammy
1484,1484,false,Cookie
650,650,false,Scooter
1808,1808,false,Marley
948,948,false,Baxter
595,595,false,Baby
552,552,false,Zeus
806,806,false,Annie
1094,1094,false,Sasha
668,668,false,Zoey
1258,1258,false,Belle
1932,1932,false,Lucky
107,107,false,Jasper
1966,1966,false,Jasmine
1960,1960,false,Lola
718,718,false,Precious
2010,2010,false,Cookie
826,826,false,Spike
958,958,false,Bo
1344,1344,false,Precious
136,136,false,Lucky
200,200,false,Diesel
1741,1741,false,Gracie
1969,1969,false,Lilly
1130,1130,false,Annie
1506,1506,false,Jasmine
885,885,false,Baby
304,304,false,Bear
206,206,false,Buddy
1416,1416,false,Angel
1636,1636,false,Sammy
1643,1643,false,Sugar
1496,1496,false,Jake
1759,1759,false,Max
1770,1770,false,Buddy
143,143,false,Jasmine
438,438,false,Rocky
1362,1362,false,Patches
1403,1403,false,Rocky
1603,1603,false,Lady
1167,1167,false,Belle
465,465,false,Sandy
1934,1934,false,Milo
1333,1333,false,Diamond
1975,1975,false,Brutus
673,673,false,Harley
1381,1381,false,Rocky
972,972,false,Jake
1238,1238,false,Lady
960,960,false,Penny
168,168,false,Sassy
1893,1893,false,Teddy
745,745,false,Gizmo
1395,1395,false,Charlie
841,841,false,Bella
566,566,false,Penny
1617,1617,false,Mia
946,946,false,Cody
950,950,false,Shelby
36,36,false,Rosie
2005,2005,false,Chico
240,240,false,Zoey
1658,1658,false,Mia
1943,1943,false,Cooper
654,654,false,Sam
825,825,false,Jack
1931,1931,false,Murphy
1677,1677,false,Jasmine
555,555,false,Zeus
1512,1512,false,Cooper
307,307,false,Roxy
1240,1240,false,Max
1951,1951,false,Lexi
317,317,false,Lucky
916,916,false,Honey
734,734,false,Murphy
1716,1716,false,Penny
1199,1199,false,Jack
1514,1514,false,Precious
1149,1149,false,Zoey
1543,1543,false,Jack
483,483,false,Gizmo
1104,1104,false,Molly
1235,1235,false,Zoe
38,38,false,Daisy
1200,1200,false,Missy
1249,1249,false,Pepper
1811,1811,false,Tyson
1140,1140,false,Cooper
1411,1411,false,Sassy
779,779,false,Jake
1410,1410,false,Jasmine
1188,1188,false,Honey
336,336,false,Coco
1599,1599,false,Sophie
706,706,false,Bo
395,395,false,Snoopy
191,191,false,Pepper
185,185,false,Molly
802,802,false,Roxy
1992,1992,false,Baby
443,443,false,Chico
1347,1347,false,Ginger
1029,1029,false,Sandy
1299,1299,false,Sugar
1030,1030,false,Oscar
1301,1301,false,Harvey
949,949,false,Dakota
1183,1183,false,Casey
1323,1323,false,Jake
1535,1535,false,Princess
1313,1313,false,Lucy
1961,1961,false,Duke
770,770,false,Bandit
1864,1864,false,Chico
1154,1154,false,Maggie
497,497,false,Lily
1124,1124,false,Annie
723,723,false,Angel
1501,1501,false,Missy
886,886,false,Snoopy
766,766,false,Gracie
442,442,false,Diamond
1423,1423,false,Chance
829,829,false,Spike
1875,1875,false,Bo
632,632,false,Abby
1246,1246,false,Roxy
1803,1803,false,Buster
1369,1369,false,Baby
1215,1215,false,Lady
799,799,false,Misty
1984,1984,false,Dixie
578,578,false,Ruby
774,774,false,Peanut
81,81,false,Chloe
510,510,false,Spike
283,283,false,Murphy
780,780,false,Sammy
295,295,false,Princess
868,868,false,Snoopy
624,624,false,Lucy
523,523,false,Princess
964,964,false,Cocoa
708,708,false,Brutus
72,72,false,Chico
1751,1751,false,Chance
1307,1307,false,Lexi
1734,1734,false,Mia
575,575,false,Rascal
1663,1663,false,Lilly
1026,1026,false,Bo
315,315,false,Coco
1226,1226,false,Lucky
385,385,false,Teddy
835,835,false,Oreo
52,52,false,Sandy
