child_id,client_id,deleted,pet_name
50,50,false,Riley
1548,1548,false,Rusty
1388,1388,false,Lady
1012,1012,false,Ginger
1196,1196,false,Diamond
1591,1591,false,Honey
1162,1162,false,Tucker
1726,1726,false,Missy
360,360,false,Milo
163,163,false,Duke
868,868,false,Abby
894,894,false,Dakota
1791,1791,false,Buster
457,457,false,Lucky
1452,1452,false,Belle
852,852,false,Rusty
1537,1537,false,Rascal
1856,1856,false,Misty
444,444,false,Jack
652,652,false,Rascal
1665,1665,false,Brutus
1521,1521,false,Luna
1822,1822,false,Misty
1554,1554,false,Ruby
1137,1137,false,Chloe
767,767,false,Sugar
37,37,false,Oscar
1127,1127,false,Patches
328,328,false,Oscar
1113,1113,false,Buster
869,869,false,Rusty
672,672,false,Oreo
1848,1848,false,Diamond
1257,1257,false,Sandy
1280,1280,false,Tucker
1894,1894,false,Charlie
550,550,false,Angel
182,182,false,Zoey
1241,1241,false,Max
716,716,false,Chloe
1924,1924,false,Taz
1436,1436,false,Buster
1812,1812,false,Bandit
1660,1660,false,Daisy
1650,1650,false,Pepper
1456,1456,false,Maggie
1183,1183,false,Zoey
127,127,false,Bella
346,346,false,Bailey
1094,1094,false,Lilly
1594,1594,false,Gizmo
963,963,false,Harvey
467,467,false,Bubba
1951,1951,false,Scooter
1389,1389,false,Zoe
1600,1600,false,Marley
935,935,false,Cody
1555,1555,false,Buster
1057,1057,false,Duke
901,901,false,Gizmo
750,750,false,Baxter
1781,1781,false,Bruno
611,611,false,Shelby
1860,1860,false,Snoopy
1138,1138,false,Coco
1794,1794,false,Sasha
1854,1854,false,Snickers
640,640,false,Bo
1668,1668,false,Spike
357,357,false,Sassy
489,489,false,Penny
1446,1446,false,Honey
566,566,false,Princess
944,944,false,Zoey
1326,1326,false,Bandit
631,631,false,Bailey
1967,1967,false,Bo
779,779,false,Coco
627,627,false,Duke
582,582,false,Bruno
1564,1564,false,Abby
1930,1930,false,Casey
523,523,false,Roxy
206,206,false,Sasha
1587,1587,false,Scooter
221,221,false,Lucy
154,154,false,Abby
786,786,false,Buddy
1228,1228,false,Chance
1378,1378,false,Lola
806,806,false,Bo
1325,1325,false,Lady
1449,1449,false,Baby
353,353,false,Princess
897,897,false,Chico
679,679,false,Shadow
1578,1578,false,Jasper
932,932,false,Lucky
1940,1940,false,Baxter
1462,1462,false,Bandit
1915,1915,false,Zoe
1704,1704,false,Lexi
1778,1778,false,Rex
160,160,false,Bubba
1887,1887,false,Bandit
47,47,false,Lilly
194,194,false,Cookie
1180,1180,false,Gizmo
1943,1943,false,Jasper
319,319,false,Blue
304,304,false,Baxter
1612,1612,false,Abby
499,499,false,Lucy
793,793,false,Duke
174,174,false,Dakota
1252,1252,false,Bandit
1909,1909,false,Lola
514,514,false,Cookie
1875,1875,false,Rascal
458,458,false,Rosie
448,448,false,Toby
1074,1074,false,Ginger
642,642,false,Roxie
395,395,false,Snoopy
1717,1717,false,Annie
1123,1123,false,Pepper
482,482,false,Sparky
1929,1929,false,Peanut
436,436,false,Sophie
1119,1119,false,Luna
1597,1597,false,Lilly
1400,1400,false,Buster
1748,1748,false,Luna
915,915,false,Brutus
1176,1176,false,Lady
429,429,false,Blue
1891,1891,false,Taz
1936,1936,false,Bubba
1238,1238,false,Sam
115,115,false,Roxie
1669,1669,false,Casey
130,130,false,Sasha
507,507,false,Precious
198,198,false,Ruby
1028,1028,false,Toby
1346,1346,false,Princess
797,797,false,Cooper
551,551,false,Sadie
166,166,false,Murphy
804,804,false,Bear
1653,1653,false,Bo
1430,1430,false,Lucy
289,289,false,Sadie
1985,1985,false,Rosie
318,318,false,Peanut
1370,1370,false,Rusty
1993,1993,false,Rosie
1262,1262,false,Buster
272,272,false,Dixie
1756,1756,false,Lola
1584,1584,false,Penny
1935,1935,false,Teddy
128,128,false,Abby
1874,1874,false,Patches
1867,1867,false,Peanut
971,971,false,Jake
1640,1640,false,Ruby
1895,1895,false,Molly
155,155,false,Mia
626,626,false,Angel
1302,1302,false,Coco
1201,1201,false,Cooper
325,325,false,Charlie
388,388,false,Roxie
1337,1337,false,Abby
541,541,false,Lilly
875,875,false,Snickers
54,54,false,Jake
545,545,false,Max
1525,1525,false,Zoe
648,648,false,Tank
1592,1592,false,Honey
1401,1401,false,Diesel
413,413,false,Tucker
689,689,false,Belle
340,340,false,Mia
888,888,false,Sammy
926,926,false,Buster
1301,1301,false,Princess
1639,1639,false,Casey
1172,1172,false,Sasha
853,853,false,Dakota
999,999,false,Baxter
1158,1158,false,Cody
1088,1088,false,Sparky
1036,1036,false,Oreo
1374,1374,false,Dakota
258,258,false,Jake
13,13,false,Sandy
470,470,false,Brutus
1962,1962,false,Lilly
1844,1844,false,Gracie
456,456,false,Rusty
752,752,false,Missy
829,829,false,Snickers
416,416,false,Jasmine
791,791,false,Sadie
815,815,false,Bubba
1294,1294,false,Lady
34,34,false,Belle
920,920,false,Cooper
281,281,false,Sadie
359,359,false,Zoe
1623,1623,false,Sandy
1146,1146,false,Toby
900,900,false,Sammy
1663,1663,false,Tank
1567,1567,false,Brutus
46,46,false,Shadow
29,29,false,Lilly
1112,1112,false,Tyson
1520,1520,false,Diesel
1349,1349,false,Spike
1833,1833,false,Daisy
1102,1102,false,Honey
776,776,false,Shadow
1779,1779,false,Shadow
811,811,false,Sadie
15,15,false,Jack
1906,1906,false,Snoopy
1937,1937,false,Rex
167,167,false,Shelby
756,756,false,Lola
1356,1356,false,Ruby
1143,1143,false,Peanut
968,968,false,Sugar
1866,1866,false,Rex
1885,1885,false,Lucky
1324,1324,false,Sparky
26,26,false,Harley
639,639,false,Princess
1609,1609,false,Riley
790,790,false,Sparky
1034,1034,false,Misty
502,502,false,Abby
805,805,false,Teddy
690,690,false,Jake
368,368,false,Sugar
1877,1877,false,Bailey
730,730,false,Blue
1977,1977,false,Penny
1730,1730,false,Rex
1635,1635,false,Bear
1651,1651,false,Sophie
881,881,false,Molly
859,859,false,Misty
1195,1195,false,Diesel
961,961,false,Sammy
1014,1014,false,Lily
5,5,false,Ginger
116,116,false,Annie
1065,1065,false,Penny
886,886,false,Misty
981,981,false,Sandy
1543,1543,false,Angel
1995,1995,false,Roxy
1622,1622,false,Pepper
156,156,false,Riley
1518,1518,false,Taz
1467,1467,false,Chloe
1903,1903,false,Snickers
910,910,false,Misty
261,261,false,Bailey
1501,1501,false,Lady
1983,1983,false,Sassy
663,663,false,Buster
885,885,false,Dixie
860,860,false,Jasper
1157,1157,false,Zoe
35,35,false,Chico
277,277,false,Roxie
1072,1072,false,Chico
1783,1783,false,Abby
1464,1464,false,Casey
321,321,false,Chico
1254,1254,false,Tank
1118,1118,false,Molly
1064,1064,false,Oscar
168,168,false,Cooper
832,832,false,Misty
1863,1863,false,Baxter
1199,1199,false,Missy
912,912,false,Bandit
1377,1377,false,Baby
62,62,false,Dakota
851,851,false,Duke
609,609,false,Snickers
1023,1023,false,Cookie
713,713,false,Blue
748,748,false,Jake
1271,1271,false,Cocoa
762,762,false,Bubba
570,570,false,Sadie
1438,1438,false,Zoe
57,57,false,Sparky
227,227,false,Lexi
1319,1319,false,Zeus
1383,1383,false,Sophie
122,122,false,Peanut
917,917,false,Taz
1287,1287,false,Patches
986,986,false,Mia
664,664,false,Lucy
104,104,false,Charlie
653,653,false,Roxie
1933,1933,false,Sasha
591,591,false,Snoopy
1811,1811,false,Jasmine
724,724,false,Jasper
1268,1268,false,Teddy
350,350,false,Lola
485,485,false,Casey
1793,1793,false,Coco
809,809,false,Taz
1042,1042,false,Zoe
271,271,false,Bailey
529,529,false,Daisy
364,364,false,Annie
1017,1017,false,Scooter
1732,1732,false,Riley
1008,1008,false,Shelby
1631,1631,false,Shadow
1505,1505,false,Lucy
1090,1090,false,Luna
1992,1992,false,Gracie
754,754,false,Max
1814,1814,false,Casey
878,878,false,Toby
472,472,false,Toby
768,768,false,Lucky
1904,1904,false,Snickers
1164,1164,false,Tank
316,316,false,Taz
714,714,false,Max
725,725,false,Jasmine
1494,1494,false,Rascal
1911,1911,false,Tank
1700,1700,false,Sasha
633,633,false,Jasper
229,229,false,Rocky
1987,1987,false,Bailey
1231,1231,false,Tank
1755,1755,false,Oreo
1250,1250,false,Tyson
1611,1611,false,Misty
1233,1233,false,Oreo
2003,2003,false,Sam
1774,1774,false,Casey
333,333,false,Blue
1566,1566,false,Precious
1616,1616,false,Zoey
761,761,false,Lady
997,997,false,Lola
1565,1565,false,Patches
1942,1942,false,Rusty
1661,1661,false,Angel
1976,1976,false,Princess
1434,1434,false,Tucker
1670,1670,false,Abby
463,463,false,Gracie
1096,1096,false,Precious
1437,1437,false,Patches
389,389,false,Angel
394,394,false,Casey
1816,1816,false,Luna
1598,1598,false,Sandy
1069,1069,false,Rusty
170,170,false,Blue
916,916,false,Lucy
372,372,false,Bandit
84,84,false,Penny
488,488,false,Daisy
1490,1490,false,Snickers
1527,1527,false,Baxter
882,882,false,Patches
542,542,false,Sophie
494,494,false,Teddy
1957,1957,false,Sophie
876,876,false,Patches
808,808,false,Sammy
794,794,false,Teddy
1641,1641,false,Cocoa
1628,1628,false,Snickers
719,719,false,Scooter
1333,1333,false,Blue
1073,1073,false,Chico
1544,1544,false,Jack
1767,1767,false,Roxie
650,650,false,Tucker
496,496,false,Buddy
658,658,false,Shelby
101,101,false,Taz
1862,1862,false,Cookie
192,192,false,Shadow
380,380,false,Max
755,755,false,Abby
1892,1892,false,Teddy
1868,1868,false,Tank
1796,1796,false,Sugar
1019,1019,false,Lucy
1194,1194,false,Jake
848,848,false,Teddy
12,12,false,Misty
1187,1187,false,Gracie
136,136,false,Daisy
1419,1419,false,Murphy
1336,1336,false,Missy
1359,1359,false,Daisy
941,941,false,Diamond
422,422,false,Cocoa
924,924,false,Lily
386,386,false,Roxie
1798,1798,false,Patches
150,150,false,Bailey
217,217,false,Tucker
958,958,false,Roxy
1182,1182,false,Murphy
1966,1966,false,Sadie
738,738,false,Lily
607,607,false,Max
1210,1210,false,Ruby
1610,1610,false,Dixie
296,296,false,Diamond
1011,1011,false,Sandy
940,940,false,Zoe
1409,1409,false,Duke
1380,1380,false,Precious
79,79,false,Ginger
1958,1958,false,Penny
1851,1851,false,Sugar
524,524,false,Sasha
778,778,false,Rex
1549,1549,false,Rosie
86,86,false,Lexi
1638,1638,false,Rascal
1081,1081,false,Cocoa
1671,1671,false,Tyson
1253,1253,false,Zoe
670,670,false,Murphy
263,263,false,Lucky
1026,1026,false,Angel
1265,1265,false,Rascal
257,257,false,Pepper
1916,1916,false,Harvey
992,992,false,Penny
1392,1392,false,Bandit
254,254,false,Lucy
1736,1736,false,Snoopy
688,688,false,Sophie
1871,1871,false,Ruby
1470,1470,false,Oscar
1884,1884,false,Roxie
1029,1029,false,Baby
923,923,false,Bruno
812,812,false,Max
1746,1746,false,Roxie
1634,1634,false,Baxter
23,23,false,Bruno
1489,1489,false,Roxy
1076,1076,false,Bruno
28,28,false,Lexi
1517,1517,false,Luna
630,630,false,Molly
412,412,false,Oscar
807,807,false,Ginger
1399,1399,false,Maggie
647,647,false,Roxy
460,460,false,Bailey
1633,1633,false,Lily
24,24,false,Snoopy
1226,1226,false,Cookie
1902,1902,false,Roxie
1423,1423,false,Rex
1723,1723,false,Ginger
512,512,false,Gracie
204,204,false,Gizmo
1491,1491,false,Dixie
1865,1865,false,Scooter
1917,1917,false,Lucky
1588,1588,false,Gracie
1068,1068,false,Roxy
1667,1667,false,Sadie
1540,1540,false,Rocky
287,287,false,Lucky
624,624,false,Sam
1495,1495,false,Tyson
1788,1788,false,Casey
593,593,false,Chloe
306,306,false,Blue
83,83,false,Tank
993,993,false,Teddy
21,21,false,Roxie
420,420,false,Belle
1331,1331,false,Honey
560,560,false,Lola
22,22,false,Peanut
1141,1141,false,Bubba
634,634,false,Diesel
1009,1009,false,Diesel
1155,1155,false,Lucy
1080,1080,false,Cody
1444,1444,false,Rascal
490,490,false,Ruby
1645,1645,false,Bailey
902,902,false,Riley
443,443,false,Dixie
425,425,false,Max
1109,1109,false,Shelby
1752,1752,false,Dakota
237,237,false,Rascal
1579,1579,false,Annie
1984,1984,false,Dixie
1479,1479,false,Tucker
1256,1256,false,Bailey
396,396,false,Buster
1154,1154,false,Ruby
1782,1782,false,Precious
985,985,false,Max
1379,1379,false,Zoe
722,722,false,Annie
1398,1398,false,Tank
1186,1186,false,Roxie
1999,1999,false,Jasmine
1261,1261,false,Chloe
1775,1775,false,Rascal
1232,1232,false,Lily
977,977,false,Cocoa
120,120,false,Chance
1293,1293,false,Lola
418,418,false,Oscar
1586,1586,false,Cody
1198,1198,false,Diesel
1784,1784,false,Lola
1912,1912,false,Rex
1735,1735,false,Milo
1243,1243,false,Cody
2004,2004,false,Chance
1063,1063,false,Baxter
937,937,false,Tucker
1900,1900,false,Luna
370,370,false,Lily
1371,1371,false,Sam
1285,1285,false,Abby
158,158,false,Bear
1576,1576,false,Sophie
269,269,false,Spike
1311,1311,false,Jake
1246,1246,false,Abby
1655,1655,false,Missy
6,6,false,Jasmine
600,600,false,Rocky
111,111,false,Gizmo
1106,1106,false,Bella
711,711,false,Cooper
616,616,false,Pepper
1818,1818,false,Penny
1100,1100,false,Scooter
1275,1275,false,Zoey
559,559,false,Mia
1317,1317,false,Cooper
96,96,false,Buster
1258,1258,false,Sadie
734,734,false,Patches
1969,1969,false,Baby
827,827,false,Ginger
666,666,false,Honey
803,803,false,Bailey
373,373,false,Rex
1000,1000,false,Misty
44,44,false,Harley
772,772,false,Zoe
393,393,false,Buddy
933,933,false,Maggie
788,788,false,Coco
169,169,false,Belle
654,654,false,Chance
892,892,false,Oreo
1777,1777,false,Harvey
710,710,false,Jake
883,883,false,Honey
1312,1312,false,Shadow
1577,1577,false,Bo
390,390,false,Bandit
1040,1040,false,Sassy
351,351,false,Harley
2009,2009,false,Sadie
1177,1177,false,Zoe
1990,1990,false,Dixie
1341,1341,false,Coco
899,899,false,Lady
721,721,false,Roxy
193,193,false,Sandy
1169,1169,false,Casey
850,850,false,Sasha
2000,2000,false,Dixie
608,608,false,Sparky
605,605,false,Cooper
1508,1508,false,Bailey
1979,1979,false,Rocky
595,595,false,Chance
1952,1952,false,Zoey
823,823,false,Charlie
1345,1345,false,Pepper
1636,1636,false,Dakota
1806,1806,false,Missy
1167,1167,false,Snickers
637,637,false,Harvey
1688,1688,false,Riley
1745,1745,false,Rusty
326,326,false,Harvey
491,491,false,Annie
8,8,false,Jack
176,176,false,Sparky
1175,1175,false,Zoe
1731,1731,false,Toby
895,895,false,Princess
329,329,false,Blue
1056,1056,false,Cookie
1558,1558,false,Precious
1687,1687,false,Harley
1440,1440,false,Blue
383,383,false,Toby
835,835,false,Rocky
402,402,false,Precious
818,818,false,Cody
1678,1678,false,Precious
1982,1982,false,Scooter
1450,1450,false,Lola
408,408,false,Roxy
919,919,false,Oreo
1737,1737,false,Buster
334,334,false,Jasmine
209,209,false,Sasha
643,643,false,Honey
73,73,false,Tyson
1686,1686,false,Cookie
142,142,false,Sassy
501,501,false,Dixie
1954,1954,false,Bubba
125,125,false,Rusty
1273,1273,false,Misty
618,618,false,Oscar
404,404,false,Baby
275,275,false,Bandit
323,323,false,Jasmine
1970,1970,false,Snickers
147,147,false,Taz
718,718,false,Bailey
1932,1932,false,Rocky
1959,1959,false,Sparky
2,2,false,Charlie
632,632,false,Sparky
1149,1149,false,Shadow
1569,1569,false,Spike
581,581,false,Rusty
1266,1266,false,Pepper
67,67,false,Murphy
680,680,false,Snoopy
522,522,false,Baxter
295,295,false,Ginger
241,241,false,Rosie
586,586,false,Peanut
1041,1041,false,Coco
1229,1229,false,Bo
1760,1760,false,Sugar
891,891,false,Rocky
987,987,false,Blue
1769,1769,false,Charlie
905,905,false,Oreo
1637,1637,false,Jasmine
1202,1202,false,Rocky
1705,1705,false,Toby
175,175,false,Lady
1403,1403,false,Spike
692,692,false,Zeus
1697,1697,false,Sugar
1144,1144,false,Precious
1132,1132,false,Sassy
1435,1435,false,Casey
1879,1879,false,Luna
1949,1949,false,Zeus
1412,1412,false,Bailey
95,95,false,Buster
743,743,false,Penny
85,85,false,Cooper
563,563,false,Marley
1698,1698,false,Mia
1173,1173,false,Diesel
238,238,false,Rocky
1522,1522,false,Maggie
363,363,false,Jasper
1739,1739,false,Baby
898,898,false,Bear
964,964,false,Baby
691,691,false,Rex
982,982,false,Lucky
1978,1978,false,Sam
312,312,false,Cookie
56,56,false,Tucker
702,702,false,Bella
1706,1706,false,Molly
991,991,false,Milo
775,775,false,Casey
1606,1606,false,Buddy
1295,1295,false,Roxie
731,731,false,Belle
825,825,false,Princess
1071,1071,false,Lucky
358,358,false,Sam
1685,1685,false,Chloe
1278,1278,false,Charlie
190,190,false,Harvey
866,866,false,Marley
956,956,false,Harvey
1870,1870,false,Bo
1773,1773,false,Bandit
1046,1046,false,Annie
603,603,false,Milo
274,274,false,Lucky
375,375,false,Jasmine
1684,1684,false,Coco
1795,1795,false,Harvey
445,445,false,Lola
590,590,false,Patches
927,927,false,Rascal
173,173,false,Sassy
145,145,false,Tyson
1759,1759,false,Tucker
1171,1171,false,Sugar
1117,1117,false,Charlie
1829,1829,false,Coco
610,610,false,Scooter
739,739,false,Zeus
1044,1044,false,Penny
1220,1220,false,Jack
1656,1656,false,Bear
1124,1124,false,Zoe
367,367,false,Charlie
45,45,false,Toby
1382,1382,false,Princess
1455,1455,false,Sasha
1813,1813,false,Bo
43,43,false,Jasper
462,462,false,Cody
1733,1733,false,Sassy
1211,1211,false,Zeus
770,770,false,Sasha
283,283,false,Zoe
553,553,false,Snickers
957,957,false,Sam
1696,1696,false,Dixie
928,928,false,Sophie
1203,1203,false,Lily
1204,1204,false,Bo
210,210,false,Sparky
1753,1753,false,Gizmo
1620,1620,false,Chance
995,995,false,Oreo
1193,1193,false,Duke
341,341,false,Sparky
781,781,false,Lucy
1174,1174,false,Bailey
337,337,false,Sammy
423,423,false,Snoopy
270,270,false,Rocky
700,700,false,Baxter
291,291,false,Charlie
1666,1666,false,Chloe
1225,1225,false,Rusty
1255,1255,false,Buster
432,432,false,Oreo
525,525,false,Angel
1499,1499,false,Cocoa
327,327,false,Cookie
865,865,false,Shelby
1474,1474,false,Maggie
1864,1864,false,Sasha
410,410,false,Diamond
515,515,false,Shelby
498,498,false,Rusty
109,109,false,Buddy
505,505,false,Harvey
300,300,false,Milo
1931,1931,false,Sasha
1538,1538,false,Misty
1559,1559,false,Chico
427,427,false,Angel
1857,1857,false,Rosie
220,220,false,Dakota
511,511,false,Taz
1837,1837,false,Penny
1761,1761,false,Toby
354,354,false,Milo
1407,1407,false,Belle
1372,1372,false,Lola
93,93,false,Diesel
1988,1988,false,Shelby
838,838,false,Sam
1053,1053,false,Lady
1060,1060,false,Tyson
571,571,false,Cocoa
1283,1283,false,Brutus
355,355,false,Diesel
1502,1502,false,Baby
733,733,false,Zoe
532,532,false,Rusty
1621,1621,false,Roxie
419,419,false,Lilly
1055,1055,false,Roxie
845,845,false,Missy
391,391,false,Murphy
91,91,false,Zoe
245,245,false,Duke
212,212,false,Max
1218,1218,false,Sophie
1599,1599,false,Molly
504,504,false,Harvey
400,400,false,Mia
907,907,false,Toby
1560,1560,false,Rusty
187,187,false,Roxy
1613,1613,false,Jasper
14,14,false,Bruno
30,30,false,Tyson
1375,1375,false,Bandit
284,284,false,Rocky
280,280,false,Bear
1267,1267,false,Lucy
1751,1751,false,Bruno
149,149,false,Ruby
273,273,false,Toby
1263,1263,false,Harley
1097,1097,false,Blue
946,946,false,Buddy
1299,1299,false,Pepper
1975,1975,false,Duke
484,484,false,Zoe
1304,1304,false,Snickers
1207,1207,false,Jasmine
938,938,false,Mia
27,27,false,Penny
440,440,false,Gracie
1498,1498,false,Cocoa
1121,1121,false,Snickers
435,435,false,Lilly
1529,1529,false,Chico
1191,1191,false,Sophie
572,572,false,Sassy
1092,1092,false,Max
110,110,false,Luna
1107,1107,false,Sandy
1703,1703,false,Misty
1710,1710,false,Bruno
105,105,false,Milo
177,177,false,Sam
1033,1033,false,Roxie
454,454,false,Zoe
801,801,false,Milo
1542,1542,false,Tyson
814,814,false,Max
1277,1277,false,Roxie
1286,1286,false,Rusty
1519,1519,false,Sadie
931,931,false,Luna
1208,1208,false,Milo
181,181,false,Tyson
856,856,false,Bear
1181,1181,false,Shelby
1821,1821,false,Luna
1214,1214,false,Rosie
858,858,false,Scooter
820,820,false,Pepper
1659,1659,false,Bubba
144,144,false,Sadie
984,984,false,Pepper
1015,1015,false,Harley
19,19,false,Duke
69,69,false,Roxie
975,975,false,Missy
162,162,false,Precious
1493,1493,false,Teddy
64,64,false,Bo
1712,1712,false,Diesel
392,392,false,Scooter
1768,1768,false,Baxter
1237,1237,false,Molly
1098,1098,false,Cody
1531,1531,false,Sadie
180,180,false,Cody
792,792,false,Princess
178,178,false,Abby
1054,1054,false,Cody
1535,1535,false,Tucker
930,930,false,Buddy
601,601,false,Sassy
1405,1405,false,Diesel
528,528,false,Sassy
1043,1043,false,Buddy
94,94,false,Chico
1859,1859,false,Shadow
1561,1561,false,Gracie
942,942,false,Angel
1886,1886,false,Roxy
1463,1463,false,Cookie
98,98,false,Sassy
1852,1852,false,Rosie
184,184,false,Rusty
1147,1147,false,Lola
683,683,false,Bandit
1771,1771,false,Chico
152,152,false,Teddy
1339,1339,false,Chloe
99,99,false,Roxy
1509,1509,false,Dixie
872,872,false,Coco
855,855,false,Zoey
594,594,false,Murphy
1740,1740,false,Lady
741,741,false,Chloe
1941,1941,false,Zoe
424,424,false,Jasmine
1834,1834,false,Sassy
1729,1729,false,Gizmo
1351,1351,false,Tucker
226,226,false,Cooper
1595,1595,false,Snickers
1487,1487,false,Buddy
1602,1602,false,Jack
669,669,false,Rusty
661,661,false,Roxie
1674,1674,false,Luna
1905,1905,false,Sassy
1291,1291,false,Roxie
222,222,false,Chloe
159,159,false,Tyson
1573,1573,false,Snickers
1808,1808,false,Scooter
921,921,false,Harley
1477,1477,false,Peanut
1570,1570,false,Shelby
668,668,false,Casey
749,749,false,Taz
757,757,false,Missy
1858,1858,false,Spike
2008,2008,false,Sassy
378,378,false,Max
3,3,false,Sugar
52,52,false,Lady
1422,1422,false,Sammy
1590,1590,false,Toby
555,555,false,Chico
236,236,false,Peanut
622,622,false,Spike
1972,1972,false,Bailey
397,397,false,Tyson
132,132,false,Ruby
1315,1315,false,Precious
1330,1330,false,Milo
787,787,false,Honey
224,224,false,Max
1095,1095,false,Tank
510,510,false,Teddy
1099,1099,false,Snickers
55,55,false,Precious
77,77,false,Bruno
207,207,false,Luna
428,428,false,Cookie
411,411,false,Lily
81,81,false,Cooper
1297,1297,false,Rex
821,821,false,Maggie
1104,1104,false,Murphy
660,660,false,Sammy
763,763,false,Bear
382,382,false,Cookie
336,336,false,Sparky
922,922,false,Marley
1348,1348,false,Cookie
121,121,false,Penny
533,533,false,Cookie
1673,1673,false,Dixie
1445,1445,false,Max
248,248,false,Chico
1415,1415,false,Cocoa
1948,1948,false,Zoey
493,493,false,Lily
1913,1913,false,Teddy
516,516,false,Zeus
1831,1831,false,Tucker
802,802,false,Gizmo
1058,1058,false,Annie
1125,1125,false,Missy
796,796,false,Cookie
1921,1921,false,Sophie
1552,1552,false,Bubba
302,302,false,Lucy
846,846,false,Bella
1404,1404,false,Roxie
1242,1242,false,Abby
1402,1402,false,Peanut
244,244,false,Gizmo
1480,1480,false,Abby
747,747,false,Rosie
239,239,false,Sandy
433,433,false,Daisy
1790,1790,false,Bella
1152,1152,false,Bella
1050,1050,false,Buddy
1384,1384,false,Roxy
1085,1085,false,Missy
1486,1486,false,Toby
1649,1649,false,Maggie
1842,1842,false,Abby
1140,1140,false,Charlie
473,473,false,Spike
839,839,false,Bailey
614,614,false,Sassy
967,967,false,Lily
1442,1442,false,Teddy
1657,1657,false,Diesel
1030,1030,false,Spike
701,701,false,Harvey
636,636,false,Sadie
1453,1453,false,Snoopy
1314,1314,false,Buster
1607,1607,false,Duke
1654,1654,false,Sammy
979,979,false,Shadow
1290,1290,false,Taz
1047,1047,false,Rosie
1515,1515,false,Patches
1460,1460,false,Bo
203,203,false,Oreo
75,75,false,Rex
179,179,false,Baby
994,994,false,Rex
225,225,false,Jake
1690,1690,false,Snoopy
579,579,false,Princess
1307,1307,false,Roxie
746,746,false,Sugar
309,309,false,Sophie
1360,1360,false,Jake
310,310,false,Lucy
1763,1763,false,Chance
1556,1556,false,Misty
1361,1361,false,Baxter
867,867,false,Lily
293,293,false,Gizmo
1898,1898,false,Max
1245,1245,false,Lily
1066,1066,false,Ginger
929,929,false,Precious
871,871,false,Buster
539,539,false,Spike
1321,1321,false,Cody
567,567,false,Penny
1086,1086,false,Brutus
1018,1018,false,Molly
1757,1757,false,Sassy
1658,1658,false,Cookie
817,817,false,Pepper
119,119,false,Teddy
1676,1676,false,Sammy
1672,1672,false,Missy
1589,1589,false,Penny
452,452,false,Scooter
574,574,false,Roxie
893,893,false,Milo
1433,1433,false,Charlie
966,966,false,Zoey
1968,1968,false,Jake
706,706,false,Spike
1007,1007,false,Tucker
1122,1122,false,Murphy
589,589,false,Sandy
441,441,false,Misty
387,387,false,Sophie
377,377,false,Baxter
1227,1227,false,Sam
1213,1213,false,Oreo
112,112,false,Dixie
1350,1350,false,Baby
1385,1385,false,Zeus
1799,1799,false,Lily
1393,1393,false,Sam
1222,1222,false,Cody
844,844,false,Toby
1431,1431,false,Shelby
464,464,false,Missy
1797,1797,false,Murphy
978,978,false,Jasper
1888,1888,false,Rex
1907,1907,false,Cody
565,565,false,Zeus
1718,1718,false,Diamond
557,557,false,Baxter
659,659,false,Snoopy
58,58,false,Duke
564,564,false,Lucy
379,379,false,Jake
1855,1855,false,Ginger
1893,1893,false,Jake
1596,1596,false,Rex
264,264,false,Harvey
506,506,false,Shelby
1880,1880,false,Bubba
1708,1708,false,Sassy
769,769,false,Buddy
195,195,false,Daisy
188,188,false,Daisy
486,486,false,Honey
1928,1928,false,Ruby
774,774,false,Bandit
1980,1980,false,Snickers
1411,1411,false,Maggie
1861,1861,false,Max
466,466,false,Precious
575,575,false,Jasper
799,799,false,Diesel
250,250,false,Murphy
896,896,false,Penny
534,534,false,Pepper
720,720,false,Bella
1766,1766,false,Penny
783,783,false,Cooper
1832,1832,false,Baxter
983,983,false,Bella
1347,1347,false,Harvey
365,365,false,Taz
335,335,false,Roxy
715,715,false,Ginger
1134,1134,false,Tucker
1580,1580,false,Sugar
1953,1953,false,Sam
171,171,false,Jasmine
936,936,false,Molly
384,384,false,Sassy
782,782,false,Harley
1780,1780,false,Zeus
1882,1882,false,Bella
1276,1276,false,Zoe
1614,1614,false,Lucy
1358,1358,false,Jasper
1108,1108,false,Lily
1819,1819,false,Ginger
1269,1269,false,Angel
348,348,false,Daisy
303,303,false,Tucker
7,7,false,Rex
61,61,false,Daisy
1016,1016,false,Lola
1835,1835,false,Missy
468,468,false,Cooper
530,530,false,Spike
1133,1133,false,Lily
1025,1025,false,Taz
134,134,false,Snoopy
1469,1469,false,Blue
1562,1562,false,Baxter
948,948,false,Lola
1923,1923,false,Diamond
1432,1432,false,Buddy
214,214,false,Patches
596,596,false,Precious
449,449,false,Lola
1282,1282,false,Bo
256,256,false,Cocoa
218,218,false,Chance
1765,1765,false,Missy
106,106,false,Cody
1,1,false,Luna
305,305,false,Baxter
1457,1457,false,Lola
2010,2010,false,Patches
1919,1919,false,Rosie
117,117,false,Shadow
1728,1728,false,Tyson
1772,1772,false,Missy
1184,1184,false,Snoopy
461,461,false,Scooter
1955,1955,false,Roxie
732,732,false,Rascal
1807,1807,false,Precious
1571,1571,false,Baxter
1890,1890,false,Bandit
1300,1300,false,Sandy
347,347,false,Zeus
1320,1320,false,Diamond
1334,1334,false,Shadow
259,259,false,Brutus
1617,1617,false,Zoey
620,620,false,Sadie
1091,1091,false,Cooper
1032,1032,false,Rex
1260,1260,false,Sparky
1251,1251,false,Sammy
97,97,false,Ginger
617,617,false,Bear
439,439,false,Precious
751,751,false,Cocoa
11,11,false,Chico
615,615,false,Angel
1001,1001,false,Ruby
1049,1049,false,Lilly
1719,1719,false,Dixie
279,279,false,Angel
74,74,false,Shadow
1914,1914,false,Molly
682,682,false,Cocoa
228,228,false,Jasmine
1762,1762,false,Buddy
578,578,false,Ruby
556,556,false,Angel
249,249,false,Cooper
789,789,false,Lily
131,131,false,Jasmine
297,297,false,Sparky
1084,1084,false,Chico
955,955,false,Shadow
1734,1734,false,Molly
92,92,false,Tyson
1608,1608,false,Bo
677,677,false,Lilly
1986,1986,false,Honey
1217,1217,false,Ruby
836,836,false,Belle
1316,1316,false,Teddy
2001,2001,false,Blue
267,267,false,Belle
873,873,false,Blue
1901,1901,false,Baxter
1161,1161,false,Shadow
939,939,false,Oscar
255,255,false,Ruby
118,118,false,Lady
521,521,false,Ruby
998,998,false,Chance
657,657,false,Chloe
990,990,false,Roxy
415,415,false,Honey
1770,1770,false,Lady
1087,1087,false,Bubba
1624,1624,false,Abby
641,641,false,Maggie
103,103,false,Coco
760,760,false,Angel
208,208,false,Diamond
1695,1695,false,Sugar
1899,1899,false,Brutus
549,549,false,Snickers
481,481,false,Ruby
265,265,false,Lucky
1927,1927,false,Lola
1264,1264,false,Peanut
538,538,false,Harley
729,729,false,Rosie
777,777,false,Blue
947,947,false,Ruby
1021,1021,false,Shelby
1247,1247,false,Milo
1367,1367,false,Snickers
843,843,false,Bear
1503,1503,false,Shadow
1394,1394,false,Oreo
606,606,false,Mia
1022,1022,false,Maggie
1051,1051,false,Peanut
1274,1274,false,Gizmo
1534,1534,false,Sammy
588,588,false,Rusty
914,914,false,Roxy
1701,1701,false,Sugar
141,141,false,Toby
1249,1249,false,Lady
1727,1727,false,Buddy
1142,1142,false,Chloe
1395,1395,false,Spike
1365,1365,false,Jack
548,548,false,Zoey
1840,1840,false,Tucker
1786,1786,false,Sparky
1824,1824,false,Toby
1536,1536,false,Lilly
623,623,false,Rocky
53,53,false,Sasha
191,191,false,Bubba
1618,1618,false,Princess
864,864,false,Zoey
183,183,false,Cocoa
518,518,false,Bailey
1465,1465,false,Baby
1925,1925,false,Charlie
409,409,false,Shadow
552,552,false,Bear
1528,1528,false,Harvey
949,949,false,Daisy
1873,1873,false,Blue
1699,1699,false,Sugar
651,651,false,Sugar
17,17,false,Rusty
215,215,false,Chico
1101,1101,false,Rosie
366,366,false,Rocky
834,834,false,Diamond
527,527,false,Coco
1410,1410,false,Buster
1003,1003,false,Sugar
1424,1424,false,Marley
71,71,false,Lucky
800,800,false,Ginger
877,877,false,Rex
1230,1230,false,Sassy
1680,1680,false,Rusty
471,471,false,Rocky
1981,1981,false,Shelby
517,517,false,Bandit
479,479,false,Rex
1754,1754,false,Penny
1702,1702,false,Bear
343,343,false,Zoe
63,63,false,Toby
453,453,false,Sassy
477,477,false,Buster
1082,1082,false,Snoopy
1272,1272,false,Coco
1476,1476,false,Lexi
262,262,false,Harley
840,840,false,Cooper
970,970,false,Missy
1338,1338,false,Jack
76,76,false,Buster
879,879,false,Oscar
645,645,false,Rusty
330,330,false,Snickers
1721,1721,false,Oscar
1163,1163,false,Shadow
813,813,false,Maggie
554,554,false,Taz
107,107,false,Luna
1963,1963,false,Blue
68,68,false,Lilly
684,684,false,Scooter
339,339,false,Lexi
753,753,false,Snickers
500,500,false,Sassy
1413,1413,false,Bandit
1960,1960,false,Sophie
469,469,false,Sugar
78,78,false,Jake
114,114,false,Sammy
697,697,false,Zoe
1648,1648,false,Bubba
1322,1322,false,Tucker
1308,1308,false,Sugar
1652,1652,false,Roxy
1815,1815,false,Rocky
870,870,false,Tank
1224,1224,false,Milo
349,349,false,Rascal
4,4,false,Zoe
66,66,false,Sammy
1801,1801,false,Cocoa
1750,1750,false,Princess
771,771,false,Jasper
1352,1352,false,Baxter
996,996,false,Rex
1354,1354,false,Bruno
687,687,false,Teddy
18,18,false,Missy
665,665,false,Bo
649,649,false,Rascal
1148,1148,false,Sparky
841,841,false,Baxter
1139,1139,false,Sassy
1362,1362,false,Jake
699,699,false,Jasper
1724,1724,false,Dixie
759,759,false,Spike
1575,1575,false,Murphy
1070,1070,false,Chance
1545,1545,false,Snoopy
828,828,false,Lily
320,320,false,Sammy
696,696,false,Sparky
1632,1632,false,Luna
1804,1804,false,Diesel
1889,1889,false,Sugar
447,447,false,Annie
1910,1910,false,Sparky
1417,1417,false,Cooper
1428,1428,false,Pepper
602,602,false,Snickers
369,369,false,Daisy
686,686,false,Mia
951,951,false,Max
943,943,false,Molly
903,903,false,Dixie
10,10,false,Sam
580,580,false,Pepper
1713,1713,false,Blue
189,189,false,Coco
1035,1035,false,Rusty
1067,1067,false,Spike
1089,1089,false,Bubba
1306,1306,false,Pepper
1130,1130,false,Chance
703,703,false,Rex
1075,1075,false,Lucy
1497,1497,false,Sandy
592,592,false,Cookie
478,478,false,Bruno
1644,1644,false,Zoey
1448,1448,false,Rex
1458,1458,false,Toby
1662,1662,false,Molly
385,385,false,Snoopy
1626,1626,false,Lucy
1061,1061,false,Blue
200,200,false,Roxie
784,784,false,Lexi
906,906,false,Charlie
561,561,false,Maggie
437,437,false,Molly
1574,1574,false,Snoopy
837,837,false,Pepper
1629,1629,false,Mia
1216,1216,false,Taz
1443,1443,false,Duke
950,950,false,Murphy
1506,1506,false,Bailey
585,585,false,Dakota
399,399,false,Cody
1013,1013,false,Ruby
646,646,false,Rascal
1240,1240,false,Cody
1369,1369,false,Ruby
246,246,false,Rex
1604,1604,false,Baxter
1716,1716,false,Pepper
1206,1206,false,Dakota
842,842,false,Casey
1447,1447,false,Sandy
1850,1850,false,Sasha
547,547,false,Tank
736,736,false,Sammy
407,407,false,Cookie
513,513,false,Shadow
965,965,false,Charlie
1946,1946,false,Mia
197,197,false,Lucky
60,60,false,Murphy
1523,1523,false,Ruby
151,151,false,Bailey
1625,1625,false,Spike
442,442,false,Missy
1150,1150,false,Chloe
451,451,false,Bailey
503,503,false,Chance
520,520,false,Snoopy
446,446,false,Baxter
1484,1484,false,Rex
1828,1828,false,Bailey
1583,1583,false,Tucker
1221,1221,false,Harvey
1869,1869,false,Milo
1236,1236,false,Brutus
1310,1310,false,Cookie
1802,1802,false,Cookie
962,962,false,Rusty
1691,1691,false,Tucker
1615,1615,false,Daisy
1420,1420,false,Zoey
953,953,false,Sam
2007,2007,false,Harvey
356,356,false,Harvey
232,232,false,Taz
311,311,false,Marley
1136,1136,false,Misty
1908,1908,false,Diesel
1846,1846,false,Duke
430,430,false,Lilly
604,604,false,Cocoa
1601,1601,false,Tank
717,717,false,Harley
1776,1776,false,Sammy
1205,1205,false,Baby
1997,1997,false,Rocky
465,465,false,Lola
292,292,false,Marley
1368,1368,false,Buster
1472,1472,false,Teddy
1619,1619,false,Jake
1803,1803,false,Bo
1329,1329,false,Roxy
1077,1077,false,Molly
577,577,false,Coco
1027,1027,false,Chance
434,434,false,Tucker
1343,1343,false,Bandit
450,450,false,Shadow
952,952,false,Tyson
1839,1839,false,Harvey
628,628,false,Pepper
780,780,false,Snickers
1062,1062,false,Roxy
9,9,false,Lola
1110,1110,false,Buddy
728,728,false,Zeus
1973,1973,false,Baxter
705,705,false,Brutus
737,737,false,Chloe
480,480,false,Harvey
1408,1408,false,Cody
849,849,false,Bear
1945,1945,false,Sassy
1366,1366,false,Sasha
164,164,false,Lucky
1539,1539,false,Rosie
674,674,false,Tank
1248,1248,false,Bo
89,89,false,Sassy
1427,1427,false,Chloe
1826,1826,false,Snickers
1414,1414,false,Oreo
282,282,false,Toby
1475,1475,false,Precious
1743,1743,false,Precious
1800,1800,false,Lady
969,969,false,Riley
251,251,false,Zoey
1327,1327,false,Jake
1079,1079,false,Gizmo
38,38,false,Dakota
148,148,false,Peanut
1530,1530,false,Rex
338,338,false,Duke
863,863,false,Lily
798,798,false,Bubba
531,531,false,Marley
1823,1823,false,Rascal
816,816,false,Sasha
1381,1381,false,Buster
345,345,false,Harley
583,583,false,Taz
1426,1426,false,Gizmo
1128,1128,false,Abby
744,744,false,Tucker
260,260,false,Bella
656,656,false,Jasmine
1647,1647,false,Jasmine
414,414,false,Jake
1059,1059,false,Diamond
1461,1461,false,Gracie
1376,1376,false,Cookie
140,140,false,Sammy
1031,1031,false,Riley
612,612,false,Abby
1944,1944,false,Ruby
1288,1288,false,Chloe
201,201,false,Duke
1421,1421,false,Bear
671,671,false,Gizmo
644,644,false,Rusty
361,361,false,Ruby
286,286,false,Buddy
42,42,false,Bella
202,202,false,Pepper
185,185,false,Annie
1707,1707,false,Cookie
1693,1693,false,Jake
1111,1111,false,Shelby
1920,1920,false,Snickers
662,662,false,Dakota
819,819,false,Harvey
1836,1836,false,Sadie
884,884,false,Precious
1510,1510,false,Lucky
1323,1323,false,Bubba
519,519,false,Zoe
1720,1720,false,Gizmo
1817,1817,false,Bailey
1994,1994,false,Zoey
324,324,false,Misty
1991,1991,false,Dakota
976,976,false,Baxter
675,675,false,Chloe
1514,1514,false,Snoopy
1045,1045,false,Maggie
988,988,false,Oreo
80,80,false,Cookie
1934,1934,false,Cocoa
65,65,false,Mia
1005,1005,false,Max
1876,1876,false,Rex
276,276,false,Bandit
1541,1541,false,Jack
726,726,false,Rosie
1010,1010,false,Missy
584,584,false,Rusty
1630,1630,false,Teddy
1683,1683,false,Ginger
51,51,false,Chloe
1340,1340,false,Baxter
773,773,false,Teddy
785,785,false,Misty
1843,1843,false,Harvey
1439,1439,false,Tyson
1849,1849,false,Gracie
403,403,false,Tyson
199,199,false,Oreo
621,621,false,Cocoa
487,487,false,Sam
1603,1603,false,Abby
1533,1533,false,Ginger
569,569,false,Teddy
1116,1116,false,Harley
904,904,false,Jake
1313,1313,false,Harley
1223,1223,false,Mia
1711,1711,false,Marley
1485,1485,false,Sam
1896,1896,false,Shelby
1270,1270,false,Diesel
376,376,false,Shelby
455,455,false,Teddy
1938,1938,false,Chance
1526,1526,false,Molly
1159,1159,false,Dakota
1342,1342,false,Sammy
742,742,false,Rocky
1744,1744,false,Buster
153,153,false,Patches
1129,1129,false,Sammy
1883,1883,false,Baby
1965,1965,false,Oscar
613,613,false,Annie
1830,1830,false,Bo
126,126,false,Dakota
31,31,false,Spike
712,712,false,Bruno
1482,1482,false,Pepper
352,352,false,Bailey
313,313,false,Sassy
1209,1209,false,Jasmine
431,431,false,Tucker
1188,1188,false,Buddy
1115,1115,false,Teddy
1244,1244,false,Blue
597,597,false,Baby
16,16,false,Scooter
1131,1131,false,Precious
1722,1722,false,Duke
1568,1568,false,Ginger
1279,1279,false,Pepper
861,861,false,Lady
1810,1810,false,Charlie
1235,1235,false,Lily
268,268,false,Tank
509,509,false,Harvey
535,535,false,Jasmine
223,223,false,Murphy
974,974,false,Riley
41,41,false,Buddy
483,483,false,Bandit
301,301,false,Lilly
1593,1593,false,Marley
59,59,false,Casey
243,243,false,Marley
758,758,false,Charlie
830,830,false,Tucker
1296,1296,false,Lilly
253,253,false,Annie
48,48,false,Bear
1451,1451,false,Rocky
1513,1513,false,Jasper
546,546,false,Bella
1785,1785,false,Charlie
1120,1120,false,Oreo
1219,1219,false,Lexi
1550,1550,false,Missy
100,100,false,Lucy
1715,1715,false,Sophie
161,161,false,Harley
1847,1847,false,Chico
1918,1918,false,Chance
1553,1553,false,Max
704,704,false,Sam
331,331,false,Precious
1156,1156,false,Cookie
1939,1939,false,Abby
1391,1391,false,Tank
638,638,false,Patches
196,196,false,Chloe
1038,1038,false,Oscar
231,231,false,Brutus
1809,1809,false,Bandit
1507,1507,false,Bailey
540,540,false,Lexi
299,299,false,Zeus
332,332,false,Jake
294,294,false,Mia
1200,1200,false,Jake
124,124,false,Belle
138,138,false,Jake
421,421,false,Oreo
70,70,false,Abby
219,219,false,Pepper
537,537,false,Molly
1396,1396,false,Snoopy
1481,1481,false,Maggie
1742,1742,false,Duke
1397,1397,false,Taz
708,708,false,Princess
1212,1212,false,Zoe
543,543,false,Rex
1989,1989,false,Bailey
1425,1425,false,Sadie
88,88,false,Tyson
1738,1738,false,Oscar
322,322,false,Lily
497,497,false,Zeus
972,972,false,Tyson
129,129,false,Penny
1546,1546,false,Milo
1557,1557,false,Lucky
1582,1582,false,Sassy
1179,1179,false,Lady
676,676,false,Dixie
1878,1878,false,Belle
405,405,false,Sugar
1825,1825,false,Lucky
1682,1682,false,Shadow
1364,1364,false,Sugar
1259,1259,false,Tyson
381,381,false,Peanut
598,598,false,Jasmine
1303,1303,false,Shelby
315,315,false,Peanut
39,39,false,Rex
36,36,false,Scooter
1390,1390,false,Teddy
235,235,false,Teddy
1926,1926,false,Lucy
1500,1500,false,Patches
1328,1328,false,Scooter
1052,1052,false,Honey
1466,1466,false,Rocky
475,475,false,Sammy
25,25,false,Dixie
308,308,false,Shadow
824,824,false,Diesel
374,374,false,Patches
1335,1335,false,Gracie
1516,1516,false,Roxie
1473,1473,false,Mia
82,82,false,Princess
673,673,false,Annie
1289,1289,false,Shelby
1284,1284,false,Ruby
1355,1355,false,Bruno
72,72,false,Bruno
1185,1185,false,Cody
667,667,false,Misty
123,123,false,Scooter
426,426,false,Princess
766,766,false,Sugar
1002,1002,false,Molly
508,508,false,Sammy
1135,1135,false,Chloe
1789,1789,false,Cody
1406,1406,false,Taz
1083,1083,false,Sadie
1332,1332,false,Zoe
1805,1805,false,Rocky
495,495,false,Sasha
1961,1961,false,Tyson
233,233,false,Jasper
1215,1215,false,Molly
307,307,false,Max
909,909,false,Dixie
526,526,false,Missy
847,847,false,Riley
1974,1974,false,Buddy
146,146,false,Daisy
1151,1151,false,Bailey
474,474,false,Molly
1078,1078,false,Belle
913,913,false,Cooper
1675,1675,false,Zoe
1305,1305,false,Snoopy
599,599,false,Harvey
1787,1787,false,Abby
1459,1459,false,Lilly
1922,1922,false,Sadie
709,709,false,Baby
1725,1725,false,Bella
698,698,false,Lola
934,934,false,Sassy
911,911,false,Bear
87,87,false,Buster
1488,1488,false,Sasha
1792,1792,false,Teddy
1048,1048,false,Lucy
1318,1318,false,Bandit
417,417,false,Pepper
234,234,false,Shelby
1478,1478,false,Sasha
1353,1353,false,Shadow
20,20,false,Rex
344,344,false,Ginger
1004,1004,false,Rusty
108,108,false,Sugar
558,558,false,Oscar
1971,1971,false,Dakota
32,32,false,Marley
1170,1170,false,Gracie
1714,1714,false,Harvey
406,406,false,Roxy
629,629,false,Cocoa
874,874,false,Sandy
40,40,false,Harvey
33,33,false,Rascal
1153,1153,false,Zeus
1039,1039,false,Roxie
1292,1292,false,Casey
1605,1605,false,Roxie
298,298,false,Chloe
1418,1418,false,Pepper
1024,1024,false,Bella
1429,1429,false,Marley
880,880,false,Sammy
908,908,false,Rex
1681,1681,false,Max
826,826,false,Milo
1897,1897,false,Buddy
1512,1512,false,Peanut
695,695,false,Bailey
959,959,false,Honey
1373,1373,false,Bandit
681,681,false,Jasper
1532,1532,false,Bear
1572,1572,false,Lily
186,186,false,Bandit
1189,1189,false,Gizmo
707,707,false,Lilly
2006,2006,false,Annie
2002,2002,false,Maggie
833,833,false,Baxter
1145,1145,false,Jasmine
1677,1677,false,Mia
1126,1126,false,Spike
139,139,false,Buddy
113,113,false,Baxter
290,290,false,Angel
1947,1947,false,Jack
90,90,false,Diesel
247,247,false,Bailey
230,230,false,Snickers
740,740,false,Duke
1581,1581,false,Honey
1386,1386,false,Bear
1689,1689,false,Mia
1037,1037,false,Dakota
1664,1664,false,Sammy
980,980,false,Dixie
143,143,false,Snoopy
925,925,false,Brutus
1471,1471,false,Diesel
342,342,false,Scooter
960,960,false,Bella
211,211,false,Shelby
1298,1298,false,Taz
1416,1416,false,Oscar
1511,1511,false,Toby
1956,1956,false,Baby
1197,1197,false,Angel
795,795,false,Penny
398,398,false,Lilly
1105,1105,false,Taz
1747,1747,false,Jasmine
216,216,false,Chance
242,242,false,Shelby
544,544,false,Snickers
727,727,false,Sammy
278,278,false,Daisy
810,810,false,Cooper
438,438,false,Abby
694,694,false,Cooper
1764,1764,false,Sparky
619,619,false,Gizmo
1093,1093,false,Tyson
1547,1547,false,Brutus
1114,1114,false,Zeus
137,137,false,Sassy
1166,1166,false,Bella
854,854,false,Taz
822,822,false,Rosie
133,133,false,Sparky
1441,1441,false,Princess
857,857,false,Chance
1454,1454,false,Tucker
1020,1020,false,Peanut
1357,1357,false,Marley
1827,1827,false,Sadie
536,536,false,Gizmo
1845,1845,false,Ruby
655,655,false,Sammy
1483,1483,false,Rocky
945,945,false,Brutus
1749,1749,false,Diesel
213,213,false,Rosie
1496,1496,false,Taz
685,685,false,Shadow
573,573,false,Milo
314,314,false,Max
973,973,false,Buster
1643,1643,false,Rocky
401,401,false,Bandit
1563,1563,false,Lilly
317,317,false,Penny
371,371,false,Missy
49,49,false,Chloe
587,587,false,Spike
1642,1642,false,Diesel
205,205,false,Lilly
1679,1679,false,Sassy
1872,1872,false,Cooper
1964,1964,false,Buddy
1694,1694,false,Sophie
476,476,false,Rex
1165,1165,false,Spike
1492,1492,false,Penny
887,887,false,Oreo
745,745,false,Pepper
678,678,false,Sophie
918,918,false,Sammy
1820,1820,false,Riley
1585,1585,false,Dixie
172,172,false,Cocoa
862,862,false,Sugar
576,576,false,Oscar
1387,1387,false,Honey
1178,1178,false,Abby
1363,1363,false,Patches
1838,1838,false,Annie
135,135,false,Sophie
1551,1551,false,Oreo
635,635,false,Milo
1646,1646,false,Baxter
285,285,false,Bandit
1103,1103,false,Sasha
1627,1627,false,Belle
1998,1998,false,Murphy
1996,1996,false,Tucker
1692,1692,false,Sparky
831,831,false,Daisy
240,240,false,Spike
252,252,false,Casey
1239,1239,false,Bear
765,765,false,Lady
1160,1160,false,Rex
1841,1841,false,Lucy
1853,1853,false,Scooter
266,266,false,Jasmine
1281,1281,false,Sam
625,625,false,Snickers
362,362,false,Oscar
1524,1524,false,Honey
989,989,false,Cocoa
1504,1504,false,Max
890,890,false,Ruby
492,492,false,Cookie
954,954,false,Sammy
459,459,false,Duke
1344,1344,false,Angel
1168,1168,false,Sadie
157,157,false,Misty
562,562,false,Duke
165,165,false,Annie
764,764,false,Zoey
1468,1468,false,Rusty
568,568,false,Ginger
1709,1709,false,Sammy
1758,1758,false,Lady
889,889,false,Belle
723,723,false,Rocky
1006,1006,false,Bear
1234,1234,false,Bella
693,693,false,Peanut
