child_id,client_id,deleted,pet_name
1064,1064,false,Shelby
1621,1621,false,Taz
773,773,false,Shelby
1522,1522,false,Teddy
1562,1562,false,Snoopy
1185,1185,false,Jasmine
1435,1435,false,Cocoa
177,177,false,Chico
1134,1134,false,Honey
1340,1340,false,Abby
346,346,false,Duke
574,574,false,Lucky
26,26,false,Bruno
1056,1056,false,Tucker
571,571,false,Chico
1342,1342,false,Angel
1451,1451,false,Gracie
199,199,false,Murphy
1339,1339,false,Rusty
516,516,false,Cocoa
1580,1580,false,Missy
92,92,false,Bella
1017,1017,false,Baby
1405,1405,false,Lucy
502,502,false,Chloe
449,449,false,Sammy
1274,1274,false,Angel
990,990,false,Zoe
225,225,false,Diamond
1935,1935,false,Zoe
1683,1683,false,Sparky
1513,1513,false,Shadow
592,592,false,Sasha
1259,1259,false,Taz
567,567,false,Sam
132,132,false,Bubba
1305,1305,false,Harvey
321,321,false,Lucy
686,686,false,Chico
278,278,false,Lexi
880,880,false,Pepper
650,650,false,Sandy
536,536,false,Ruby
141,141,false,Rosie
498,498,false,Missy
1743,1743,false,Scooter
1188,1188,false,Charlie
1616,1616,false,Buddy
856,856,false,Oreo
861,861,false,Marley
566,566,false,Toby
1645,1645,false,Roxie
1888,1888,false,Buster
1159,1159,false,Snoopy
1047,1047,false,Oscar
638,638,false,Bear
1107,1107,false,Maggie
108,108,false,Milo
682,682,false,Angel
1887,1887,false,Chloe
60,60,false,Buster
649,649,false,Lexi
211,211,false,Duke
1699,1699,false,Snoopy
1747,1747,false,Cocoa
1028,1028,false,Charlie
908,908,false,Misty
553,553,false,Toby
956,956,false,Gracie
846,846,false,Bo
94,94,false,Roxy
695,695,false,Lady
1035,1035,false,Rascal
743,743,false,Lily
268,268,false,Bandit
408,408,false,Sam
601,601,false,Buster
1341,1341,false,Buster
470,470,false,Rosie
804,804,false,Lola
1348,1348,false,Jasper
950,950,false,Murphy
1399,1399,false,Lola
201,201,false,Princess
1503,1503,false,Rocky
2007,2007,false,Zeus
1148,1148,false,Belle
206,206,false,Rusty
1937,1937,false,Casey
1324,1324,false,Spike
1828,1828,false,Harvey
1156,1156,false,Pepper
293,293,false,Bruno
989,989,false,Duke
765,765,false,Ginger
1049,1049,false,Duke
1208,1208,false,Brutus
895,895,false,Cookie
286,286,false,Max
1163,1163,false,Taz
1976,1976,false,Tucker
157,157,false,Daisy
702,702,false,Precious
1955,1955,false,Annie
847,847,false,Peanut
1858,1858,false,Cocoa
892,892,false,Maggie
1772,1772,false,Bear
1950,1950,false,Cooper
546,546,false,Spike
954,954,false,Duke
1273,1273,false,Lucky
1763,1763,false,Tank
1658,1658,false,Tank
252,252,false,Rascal
326,326,false,Tank
761,761,false,Lexi
1377,1377,false,Gizmo
1783,1783,false,Luna
1501,1501,false,Sadie
154,154,false,Annie
244,244,false,Cocoa
2005,2005,false,Missy
364,364,false,Honey
1271,1271,false,Bandit
74,74,false,Buddy
342,342,false,Cookie
102,102,false,Chance
117,117,false,Buddy
971,971,false,Harley
349,349,false,Lady
977,977,false,Jasmine
1191,1191,false,Sophie
1498,1498,false,Sophie
1967,1967,false,Missy
1349,1349,false,Scooter
1535,1535,false,Gizmo
1893,1893,false,Murphy
1361,1361,false,Lily
1086,1086,false,Coco
1157,1157,false,Charlie
508,508,false,Molly
305,305,false,Bandit
1302,1302,false,Misty
607,607,false,Bear
1023,1023,false,Casey
1502,1502,false,Baxter
1431,1431,false,Ginger
1604,1604,false,Snoopy
207,207,false,Cocoa
1344,1344,false,Tank
1506,1506,false,Harvey
698,698,false,Ruby
395,395,false,Cocoa
1440,1440,false,Charlie
1496,1496,false,Bandit
1372,1372,false,Rocky
1004,1004,false,Rusty
220,220,false,Chance
431,431,false,Diesel
1354,1354,false,Lexi
455,455,false,Lilly
533,533,false,Snickers
568,568,false,Jasmine
501,501,false,Chloe
1202,1202,false,Duke
182,182,false,Scooter
1430,1430,false,Sammy
75,75,false,Misty
569,569,false,Chloe
1742,1742,false,Tucker
399,399,false,Peanut
962,962,false,Belle
564,564,false,Bruno
1245,1245,false,Zoe
1174,1174,false,Max
961,961,false,Oscar
587,587,false,Precious
547,547,false,Lilly
46,46,false,Rascal
1594,1594,false,Jasmine
1130,1130,false,Pepper
2000,2000,false,Misty
172,172,false,Spike
654,654,false,Penny
1257,1257,false,Buster
133,133,false,Bubba
992,992,false,Mia
297,297,false,Sassy
1566,1566,false,Chloe
1788,1788,false,Harley
1411,1411,false,Dixie
1765,1765,false,Dixie
560,560,false,Dakota
1751,1751,false,Bubba
1097,1097,false,Diamond
1999,1999,false,Sophie
417,417,false,Dakota
1842,1842,false,Tank
333,333,false,Angel
1973,1973,false,Shelby
1991,1991,false,Lucky
1176,1176,false,Lucky
1370,1370,false,Brutus
440,440,false,Toby
802,802,false,Dakota
840,840,false,Cody
733,733,false,Shadow
1413,1413,false,Peanut
1432,1432,false,Ginger
1972,1972,false,Max
1843,1843,false,Rascal
389,389,false,Bubba
386,386,false,Roxie
1246,1246,false,Spike
1904,1904,false,Riley
797,797,false,Buddy
466,466,false,Princess
760,760,false,Lucy
62,62,false,Cody
1039,1039,false,Bandit
593,593,false,Cody
1737,1737,false,Coco
1544,1544,false,Ruby
614,614,false,Sassy
1450,1450,false,Precious
1140,1140,false,Diamond
1500,1500,false,Jasmine
1477,1477,false,Baxter
603,603,false,Zoey
146,146,false,Scooter
522,522,false,Harley
1627,1627,false,Lily
1218,1218,false,Snoopy
1169,1169,false,Coco
1927,1927,false,Bruno
475,475,false,Rex
590,590,false,Baxter
1387,1387,false,Chloe
463,463,false,Molly
1596,1596,false,Diesel
1711,1711,false,Princess
2002,2002,false,Zoe
552,552,false,Milo
144,144,false,Sadie
255,255,false,Sam
1764,1764,false,Diesel
1982,1982,false,Gizmo
313,313,false,Missy
1761,1761,false,Riley
767,767,false,Annie
1974,1974,false,Dixie
644,644,false,Baby
708,708,false,Toby
1672,1672,false,Sassy
1985,1985,false,Annie
142,142,false,Misty
969,969,false,Bo
469,469,false,Jasper
1280,1280,false,Chloe
1739,1739,false,Gracie
1364,1364,false,Cooper
582,582,false,Chico
949,949,false,Chloe
754,754,false,Tucker
285,285,false,Rascal
913,913,false,Jack
335,335,false,Sadie
945,945,false,Cookie
1582,1582,false,Roxie
1434,1434,false,Harley
703,703,false,Shadow
1670,1670,false,Missy
355,355,false,Gizmo
1931,1931,false,Bo
1555,1555,false,Taz
1369,1369,false,Belle
256,256,false,Chico
37,37,false,Rosie
1041,1041,false,Penny
855,855,false,Rocky
1249,1249,false,Cooper
624,624,false,Rex
500,500,false,Harvey
1581,1581,false,Bruno
113,113,false,Bear
1868,1868,false,Jasper
1589,1589,false,Lady
251,251,false,Pepper
672,672,false,Sadie
1871,1871,false,Charlie
1897,1897,false,Precious
239,239,false,Bear
1458,1458,false,Peanut
1219,1219,false,Rosie
1781,1781,false,Oreo
1105,1105,false,Molly
1093,1093,false,Coco
1412,1412,false,Tank
1715,1715,false,Shelby
578,578,false,Jasper
622,622,false,Annie
124,124,false,Jasmine
420,420,false,Annie
1792,1792,false,Chance
1668,1668,false,Maggie
366,366,false,Charlie
438,438,false,Scooter
1523,1523,false,Riley
1067,1067,false,Jack
284,284,false,Harvey
400,400,false,Chance
1826,1826,false,Zoey
1895,1895,false,Snickers
923,923,false,Jake
267,267,false,Sassy
891,891,false,Toby
893,893,false,Shadow
1337,1337,false,Harvey
1693,1693,false,Snoopy
378,378,false,Baxter
32,32,false,Oscar
1416,1416,false,Sandy
1785,1785,false,Annie
1299,1299,false,Brutus
1052,1052,false,Honey
388,388,false,Chloe
1831,1831,false,Missy
1767,1767,false,Tank
1367,1367,false,Snickers
1944,1944,false,Pepper
1964,1964,false,Cookie
437,437,false,Jake
118,118,false,Sam
1292,1292,false,Rocky
403,403,false,Chico
22,22,false,Marley
1465,1465,false,Cody
1818,1818,false,Tucker
1051,1051,false,Sasha
1120,1120,false,Cookie
1508,1508,false,Bruno
296,296,false,Toby
224,224,false,Mia
301,301,false,Bubba
334,334,false,Pepper
304,304,false,Gizmo
1386,1386,false,Harvey
235,235,false,Gizmo
783,783,false,Angel
725,725,false,Princess
1648,1648,false,Oscar
411,411,false,Jack
1046,1046,false,Misty
1529,1529,false,Annie
1812,1812,false,Baby
1327,1327,false,Bubba
1936,1936,false,Snoopy
205,205,false,Daisy
1560,1560,false,Sam
1005,1005,false,Roxy
1534,1534,false,Murphy
975,975,false,Angel
1691,1691,false,Bailey
1905,1905,false,Bandit
306,306,false,Sugar
518,518,false,Sugar
1838,1838,false,Harley
1804,1804,false,Harvey
95,95,false,Tucker
1646,1646,false,Ruby
834,834,false,Sparky
1814,1814,false,Ginger
56,56,false,Honey
1570,1570,false,Rascal
1388,1388,false,Harvey
167,167,false,Baxter
1579,1579,false,Snickers
1556,1556,false,Lilly
491,491,false,Blue
732,732,false,Ruby
79,79,false,Rascal
441,441,false,Murphy
1400,1400,false,Gizmo
1210,1210,false,Missy
755,755,false,Tucker
1632,1632,false,Cookie
214,214,false,Bruno
1279,1279,false,Cocoa
1060,1060,false,Snoopy
1485,1485,false,Toby
1926,1926,false,Diesel
1044,1044,false,Molly
1997,1997,false,Sparky
436,436,false,Lily
315,315,false,Tyson
283,283,false,Luna
794,794,false,Casey
1476,1476,false,Shadow
1241,1241,false,Rusty
1892,1892,false,Jasmine
337,337,false,Teddy
234,234,false,Molly
884,884,false,Bella
319,319,false,Snoopy
677,677,false,Molly
929,929,false,Daisy
423,423,false,Luna
331,331,false,Sadie
1171,1171,false,Precious
1520,1520,false,Jasmine
1409,1409,false,Jasmine
365,365,false,Sparky
1356,1356,false,Daisy
745,745,false,Diamond
1586,1586,false,Mia
910,910,false,Lola
704,704,false,Duke
8,8,false,Sophie
978,978,false,Chloe
1657,1657,false,Chloe
1829,1829,false,Molly
215,215,false,Baby
1636,1636,false,Annie
1008,1008,false,Honey
1839,1839,false,Lola
1601,1601,false,Lexi
1410,1410,false,Duke
402,402,false,Precious
1158,1158,false,Penny
327,327,false,Snoopy
374,374,false,Mia
864,864,false,Snickers
639,639,false,Bandit
81,81,false,Misty
322,322,false,Taz
782,782,false,Molly
898,898,false,Chico
1395,1395,false,Duke
860,860,false,Bailey
363,363,false,Scooter
1977,1977,false,Maggie
425,425,false,Taz
1659,1659,false,Lexi
559,559,false,Teddy
291,291,false,Rosie
1282,1282,false,Daisy
870,870,false,Pepper
1603,1603,false,Sandy
1200,1200,false,Pepper
747,747,false,Dixie
1468,1468,false,Bruno
99,99,false,Lilly
299,299,false,Sam
55,55,false,Rusty
1469,1469,false,Oreo
1776,1776,false,Dixie
994,994,false,Lola
1155,1155,false,Lucy
1511,1511,false,Pepper
1620,1620,false,Cookie
1415,1415,false,Sparky
556,556,false,Gizmo
1563,1563,false,Rosie
701,701,false,Penny
658,658,false,Bella
1951,1951,false,Dixie
1478,1478,false,Diesel
728,728,false,Jack
791,791,false,Luna
1726,1726,false,Gizmo
766,766,false,Bailey
53,53,false,Lexi
1599,1599,false,Lady
798,798,false,Zoey
534,534,false,Daisy
393,393,false,Tucker
943,943,false,Harley
1447,1447,false,Snickers
473,473,false,Daisy
1650,1650,false,Lexi
1770,1770,false,Cooper
1433,1433,false,Lucky
876,876,false,Sadie
247,247,false,Chance
1639,1639,false,Lexi
1963,1963,false,Shelby
147,147,false,Baby
1473,1473,false,Sophie
1806,1806,false,Max
918,918,false,Penny
1220,1220,false,Blue
1419,1419,false,Rex
952,952,false,Pepper
1066,1066,false,Scooter
663,663,false,Annie
1996,1996,false,Taz
1296,1296,false,Jake
520,520,false,Lucky
416,416,false,Lady
1906,1906,false,Buddy
356,356,false,Maggie
52,52,false,Coco
1006,1006,false,Jake
1229,1229,false,Marley
709,709,false,Oscar
938,938,false,Roxie
1242,1242,false,Milo
430,430,false,Shadow
1042,1042,false,Jasmine
1009,1009,false,Taz
1548,1548,false,Oscar
1441,1441,false,Maggie
1850,1850,false,Jake
1357,1357,false,Lola
576,576,false,Cody
281,281,false,Lucy
433,433,false,Lexi
1623,1623,false,Mia
1065,1065,false,Oscar
901,901,false,Lady
1237,1237,false,Diesel
991,991,false,Shadow
383,383,false,Diamond
1380,1380,false,Snoopy
1127,1127,false,Jasper
906,906,false,Tyson
487,487,false,Missy
1470,1470,false,Duke
120,120,false,Ruby
710,710,false,Sparky
1824,1824,false,Daisy
1184,1184,false,Jake
1755,1755,false,Bella
381,381,false,Shadow
608,608,false,Sadie
1713,1713,false,Cookie
1207,1207,false,Zoe
927,927,false,Bailey
1638,1638,false,Ginger
1987,1987,false,Mia
1425,1425,false,Sandy
852,852,false,Shadow
213,213,false,Penny
372,372,false,Sophie
776,776,false,Bruno
1966,1966,false,Belle
482,482,false,Honey
1320,1320,false,Scooter
573,573,false,Chance
1100,1100,false,Diamond
1943,1943,false,Dixie
1900,1900,false,Bruno
789,789,false,Teddy
149,149,false,Sparky
666,666,false,Molly
1612,1612,false,Sadie
904,904,false,Zoe
1923,1923,false,Tucker
519,519,false,Rosie
68,68,false,Ginger
407,407,false,Chico
694,694,false,Murphy
7,7,false,Milo
1845,1845,false,Peanut
181,181,false,Honey
629,629,false,Shadow
397,397,false,Sadie
1284,1284,false,Buddy
1012,1012,false,Marley
288,288,false,Molly
1756,1756,false,Sandy
353,353,false,Taz
635,635,false,Bubba
1043,1043,false,Cocoa
1717,1717,false,Roxy
1880,1880,false,Sasha
926,926,false,Princess
404,404,false,Gracie
258,258,false,Snoopy
1492,1492,false,Max
91,91,false,Belle
633,633,false,Misty
1464,1464,false,Duke
905,905,false,Jack
125,125,false,Murphy
1762,1762,false,Marley
1482,1482,false,Lola
1072,1072,false,Harley
197,197,false,Milo
1095,1095,false,Marley
1960,1960,false,Sugar
1026,1026,false,Buddy
814,814,false,Sophie
1494,1494,false,Dixie
292,292,false,Patches
309,309,false,Penny
459,459,false,Oscar
722,722,false,Bo
1094,1094,false,Harvey
1278,1278,false,Harvey
1291,1291,false,Coco
1240,1240,false,Gizmo
170,170,false,Luna
1355,1355,false,Jake
493,493,false,Sparky
609,609,false,Diesel
421,421,false,Penny
1968,1968,false,Peanut
1930,1930,false,Molly
1918,1918,false,Chloe
1187,1187,false,Zoe
178,178,false,Shadow
669,669,false,Jack
1663,1663,false,Rusty
1132,1132,false,Tyson
1445,1445,false,Jack
488,488,false,Sassy
259,259,false,Rusty
1512,1512,false,Roxie
1417,1417,false,Buddy
410,410,false,Tank
1136,1136,false,Princess
1020,1020,false,Pepper
1665,1665,false,Rosie
1351,1351,false,Honey
354,354,false,Chance
483,483,false,Peanut
486,486,false,Sadie
36,36,false,Angel
1325,1325,false,Honey
1970,1970,false,Snickers
968,968,false,Lily
1114,1114,false,Dixie
1177,1177,false,Luna
1606,1606,false,Missy
1139,1139,false,Max
1794,1794,false,Bella
1703,1703,false,Blue
1374,1374,false,Diesel
1917,1917,false,Riley
605,605,false,Teddy
1151,1151,false,Baby
1697,1697,false,Cody
1092,1092,false,Teddy
1471,1471,false,Max
1635,1635,false,Baxter
1109,1109,false,Sassy
780,780,false,Lola
54,54,false,Jasmine
236,236,false,Missy
1101,1101,false,Bubba
1640,1640,false,Tyson
1674,1674,false,Baxter
171,171,false,Zoey
1595,1595,false,Bandit
1549,1549,false,Diamond
1988,1988,false,Buddy
1439,1439,false,Buster
104,104,false,Annie
1920,1920,false,Gracie
1034,1034,false,Mia
231,231,false,Angel
1398,1398,false,Charlie
1106,1106,false,Penny
1265,1265,false,Sassy
531,531,false,Baxter
1087,1087,false,Misty
1206,1206,false,Jake
557,557,false,Duke
714,714,false,Lily
1053,1053,false,Sasha
1572,1572,false,Lucy
1172,1172,false,Patches
805,805,false,Sugar
883,883,false,Diamond
428,428,false,Molly
223,223,false,Dakota
1113,1113,false,Brutus
218,218,false,Precious
1518,1518,false,Oreo
1524,1524,false,Taz
1688,1688,false,Buddy
405,405,false,Milo
823,823,false,Annie
86,86,false,Toby
777,777,false,Sammy
1272,1272,false,Chance
618,618,false,Oscar
227,227,false,Princess
712,712,false,Zoe
1975,1975,false,Princess
691,691,false,Diamond
1277,1277,false,Spike
1223,1223,false,Cody
1542,1542,false,Coco
1947,1947,false,Bo
1295,1295,false,Daisy
1890,1890,false,Gizmo
242,242,false,Bandit
835,835,false,Sassy
842,842,false,Buster
1869,1869,false,Buddy
1111,1111,false,Teddy
750,750,false,Bear
1297,1297,false,Riley
1032,1032,false,Mia
800,800,false,Rocky
1123,1123,false,Chico
749,749,false,Sassy
130,130,false,Gracie
1334,1334,false,Duke
1553,1553,false,Lily
1933,1933,false,Taz
210,210,false,Riley
263,263,false,Misty
139,139,false,Chloe
196,196,false,Bo
1725,1725,false,Sadie
1666,1666,false,Taz
67,67,false,Jack
1243,1243,false,Bandit
1779,1779,false,Sugar
87,87,false,Rascal
762,762,false,Angel
1314,1314,false,Rosie
996,996,false,Cody
175,175,false,Tank
320,320,false,Lucy
40,40,false,Lily
1625,1625,false,Peanut
1011,1011,false,Lexi
871,871,false,Peanut
1423,1423,false,Cody
872,872,false,Jasper
1690,1690,false,Buster
348,348,false,Bubba
184,184,false,Ruby
684,684,false,Scooter
387,387,false,Sassy
3,3,false,Coco
1438,1438,false,Max
1682,1682,false,Sammy
1141,1141,false,Casey
505,505,false,Rex
1568,1568,false,Zeus
1487,1487,false,Daisy
1678,1678,false,Honey
922,922,false,Baby
1057,1057,false,Taz
1160,1160,false,Lucky
1186,1186,false,Lucy
679,679,false,Maggie
78,78,false,Max
1675,1675,false,Oscar
873,873,false,Chance
1144,1144,false,Scooter
1876,1876,false,Pepper
1597,1597,false,Zoe
494,494,false,Lucky
1681,1681,false,Murphy
1203,1203,false,Lady
308,308,false,Roxy
1360,1360,false,Brutus
1235,1235,false,Coco
434,434,false,Bubba
33,33,false,Bear
942,942,false,Sadie
1145,1145,false,Cocoa
29,29,false,Bo
451,451,false,Sugar
1429,1429,false,Blue
770,770,false,Sandy
1288,1288,false,Jasmine
1252,1252,false,Daisy
1798,1798,false,Sparky
1493,1493,false,Angel
1849,1849,false,Harley
528,528,false,Baby
1622,1622,false,Harley
1552,1552,false,Oscar
764,764,false,Pepper
763,763,false,Missy
1565,1565,false,Cookie
981,981,false,Abby
1637,1637,false,Buster
613,613,false,Ruby
1490,1490,false,Bruno
912,912,false,Sasha
1146,1146,false,Maggie
1079,1079,false,Bella
1403,1403,false,Princess
1834,1834,false,Zoe
879,879,false,Snoopy
652,652,false,Scooter
1954,1954,false,Sasha
1855,1855,false,Maggie
1346,1346,false,Roxy
1233,1233,false,Snoopy
787,787,false,Zoey
812,812,false,Tucker
1310,1310,false,Riley
690,690,false,Rex
517,517,false,Brutus
156,156,false,Chloe
897,897,false,Bella
1807,1807,false,Lucy
914,914,false,Marley
1558,1558,false,Sadie
1571,1571,false,Dakota
1949,1949,false,Shadow
1948,1948,false,Coco
1331,1331,false,Shelby
191,191,false,Lily
453,453,false,Roxy
507,507,false,Lexi
1285,1285,false,Roxy
1129,1129,false,Cocoa
69,69,false,Milo
1007,1007,false,Baxter
1070,1070,false,Rex
452,452,false,Annie
1929,1929,false,Peanut
17,17,false,Diamond
457,457,false,Peanut
548,548,false,Chico
1088,1088,false,Jack
1131,1131,false,Missy
324,324,false,Sparky
1676,1676,false,Max
345,345,false,Abby
1209,1209,false,Rusty
1817,1817,false,Mia
317,317,false,Marley
1864,1864,false,Peanut
541,541,false,Buddy
1992,1992,false,Sophie
1709,1709,false,Rosie
1038,1038,false,Sadie
1475,1475,false,Diamond
786,786,false,Shelby
636,636,false,Lilly
544,544,false,Misty
738,738,false,Dakota
1316,1316,false,Spike
1815,1815,false,Ruby
637,637,false,Maggie
39,39,false,Princess
1091,1091,false,Pepper
1793,1793,false,Lexi
43,43,false,Scooter
1383,1383,false,Misty
621,621,false,Sam
946,946,false,Precious
1816,1816,false,Peanut
1875,1875,false,Sandy
194,194,false,Lexi
867,867,false,Sadie
662,662,false,Cocoa
261,261,false,Rascal
1860,1860,false,Princess
510,510,false,Buster
1124,1124,false,Lexi
1735,1735,false,Rascal
77,77,false,Jake
1204,1204,false,Buddy
1322,1322,false,Jasmine
646,646,false,Jasper
100,100,false,Charlie
24,24,false,Sparky
272,272,false,Sassy
65,65,false,Abby
376,376,false,Coco
1915,1915,false,Murphy
1514,1514,false,Teddy
1971,1971,false,Misty
115,115,false,Max
983,983,false,Oreo
1577,1577,false,Harvey
1642,1642,false,Zoey
478,478,false,Angel
953,953,false,Cooper
748,748,false,Roxie
198,198,false,Molly
965,965,false,Zoe
1567,1567,false,Sammy
759,759,false,Peanut
799,799,false,Precious
188,188,false,Abby
446,446,false,Coco
1774,1774,false,Max
476,476,false,Bubba
1700,1700,false,Molly
219,219,false,Lilly
275,275,false,Gizmo
1256,1256,false,Peanut
623,623,false,Blue
361,361,false,Bruno
670,670,false,Zeus
495,495,false,Milo
1427,1427,false,Zeus
1328,1328,false,Casey
1854,1854,false,Snoopy
877,877,false,Cocoa
250,250,false,Shadow
1705,1705,false,Milo
676,676,false,Ruby
1227,1227,false,Maggie
419,419,false,Lilly
396,396,false,Patches
756,756,false,Milo
1048,1048,false,Bella
689,689,false,Snickers
1734,1734,false,Lady
1884,1884,false,Tyson
1557,1557,false,Bailey
1375,1375,false,Rex
538,538,false,Tucker
1077,1077,false,Oscar
959,959,false,Chance
1760,1760,false,Baby
1448,1448,false,Roxie
84,84,false,Roxy
460,460,false,Annie
831,831,false,Sparky
380,380,false,Princess
1979,1979,false,Cocoa
1921,1921,false,Bubba
1461,1461,false,Duke
1269,1269,false,Harley
1980,1980,false,Coco
1667,1667,false,Tyson
713,713,false,Bear
1590,1590,false,Chance
369,369,false,Scooter
641,641,false,Jasmine
503,503,false,Toby
1600,1600,false,Duke
1226,1226,false,Snickers
1909,1909,false,Precious
339,339,false,Luna
896,896,false,Precious
35,35,false,Penny
1330,1330,false,Lily
1886,1886,false,Tucker
1651,1651,false,Chloe
1901,1901,false,Maggie
1036,1036,false,Zoey
38,38,false,Shelby
51,51,false,Oscar
1527,1527,false,Sugar
358,358,false,Buddy
1281,1281,false,Sophie
1962,1962,false,Molly
1574,1574,false,Tank
778,778,false,Mia
1025,1025,false,Teddy
724,724,false,Bubba
848,848,false,Cookie
1290,1290,false,Sadie
982,982,false,Rusty
1164,1164,false,Chance
1054,1054,false,Lucy
1965,1965,false,Teddy
1443,1443,false,Bella
1922,1922,false,Cocoa
151,151,false,Luna
143,143,false,Rocky
134,134,false,Rosie
1546,1546,false,Lilly
1866,1866,false,Bo
282,282,false,Angel
1110,1110,false,Honey
185,185,false,Bandit
1583,1583,false,Mia
1321,1321,false,Brutus
1212,1212,false,Bubba
1730,1730,false,Chico
1268,1268,false,Max
1989,1989,false,Chance
1882,1882,false,Tank
1611,1611,false,Max
921,921,false,Jake
1952,1952,false,Teddy
720,720,false,Zoey
1499,1499,false,Bella
48,48,false,Lucy
752,752,false,Lilly
1911,1911,false,Lady
217,217,false,Angel
371,371,false,Chance
711,711,false,Penny
1137,1137,false,Abby
462,462,false,Roxie
1022,1022,false,Rascal
1102,1102,false,Baxter
123,123,false,Sandy
1778,1778,false,Roxy
484,484,false,Sparky
111,111,false,Chico
192,192,false,Lucky
796,796,false,Gizmo
269,269,false,Coco
1275,1275,false,Princess
1231,1231,false,Precious
932,932,false,Lilly
1775,1775,false,Molly
398,398,false,Penny
865,865,false,Angel
1530,1530,false,Lilly
665,665,false,Baxter
1255,1255,false,Riley
620,620,false,Bella
1696,1696,false,Patches
888,888,false,Rex
499,499,false,Lucky
216,216,false,Cookie
1969,1969,false,Duke
1108,1108,false,Dakota
849,849,false,Sadie
917,917,false,Lily
489,489,false,Taz
1588,1588,false,Max
919,919,false,Sparky
540,540,false,Rocky
279,279,false,Snoopy
1889,1889,false,Molly
1732,1732,false,Cookie
915,915,false,Cocoa
6,6,false,Annie
271,271,false,Princess
116,116,false,Murphy
89,89,false,Precious
248,248,false,Max
1234,1234,false,Sugar
526,526,false,Sam
362,362,false,Buster
774,774,false,Riley
298,298,false,Casey
1617,1617,false,Buster
1390,1390,false,Cocoa
857,857,false,Tyson
1358,1358,false,Duke
810,810,false,Baby
367,367,false,Zeus
790,790,false,Sammy
1605,1605,false,Annie
529,529,false,Toby
1029,1029,false,Diamond
900,900,false,Harley
1311,1311,false,Murphy
1914,1914,false,Gracie
775,775,false,Jack
98,98,false,Annie
1832,1832,false,Bailey
828,828,false,Rocky
1896,1896,false,Sam
64,64,false,Zeus
936,936,false,Oreo
1791,1791,false,Maggie
80,80,false,Sugar
1483,1483,false,Snoopy
642,642,false,Dixie
1166,1166,false,Lola
1748,1748,false,Misty
1538,1538,false,Lola
241,241,false,Snickers
112,112,false,Scooter
542,542,false,Rusty
719,719,false,Ginger
1170,1170,false,Jack
1719,1719,false,Lilly
599,599,false,Bella
957,957,false,Max
1685,1685,false,Sammy
1631,1631,false,Zoe
394,394,false,Sadie
1819,1819,false,Oreo
351,351,false,Max
392,392,false,Baxter
909,909,false,Lucky
660,660,false,Oreo
1333,1333,false,Bubba
180,180,false,Sparky
19,19,false,Tyson
1626,1626,false,Belle
825,825,false,Cooper
974,974,false,Lucky
1474,1474,false,Marley
1224,1224,false,Lexi
1784,1784,false,Cooper
1956,1956,false,Diesel
93,93,false,Molly
941,941,false,Missy
1990,1990,false,Sassy
1543,1543,false,Tank
675,675,false,Dakota
41,41,false,Luna
841,841,false,Sugar
1517,1517,false,Oscar
424,424,false,Peanut
1695,1695,false,Ruby
471,471,false,Buddy
551,551,false,Chance
1723,1723,false,Sam
995,995,false,Shadow
751,751,false,Zeus
1378,1378,false,Baxter
1822,1822,false,Princess
1654,1654,false,Rascal
161,161,false,Dakota
277,277,false,Diamond
1664,1664,false,Bailey
1587,1587,false,Tyson
1984,1984,false,Buster
1564,1564,false,Luna
1934,1934,false,Rocky
742,742,false,Bandit
432,432,false,Lexi
1959,1959,false,Bear
208,208,false,Marley
332,332,false,Zoe
509,509,false,Sadie
174,174,false,Bailey
570,570,false,Zeus
1865,1865,false,Buddy
1867,1867,false,Gizmo
90,90,false,Diamond
1318,1318,false,Baxter
678,678,false,Precious
1183,1183,false,Rocky
445,445,false,Bear
1031,1031,false,Baby
165,165,false,Tyson
454,454,false,Gizmo
14,14,false,Diamond
360,360,false,Lucy
1559,1559,false,Tyson
1260,1260,false,Blue
902,902,false,Chloe
1718,1718,false,Mia
1766,1766,false,Chloe
1019,1019,false,Spike
1848,1848,false,Sadie
1040,1040,false,Roxy
138,138,false,Angel
450,450,false,Bear
448,448,false,Lady
1379,1379,false,Sassy
1402,1402,false,Jasmine
1142,1142,false,Bo
1727,1727,false,Casey
1736,1736,false,Gracie
1472,1472,false,Oreo
839,839,false,Bella
373,373,false,Zeus
1393,1393,false,Toby
1150,1150,false,Honey
947,947,false,Sandy
10,10,false,Charlie
577,577,false,Toby
632,632,false,Cookie
1853,1853,false,Rascal
1656,1656,false,Taz
1228,1228,false,Maggie
1591,1591,false,Tucker
869,869,false,Lilly
634,634,false,Abby
1117,1117,false,Cody
1307,1307,false,Spike
940,940,false,Peanut
406,406,false,Ginger
1840,1840,false,Sandy
1323,1323,false,Cocoa
811,811,false,Jake
370,370,false,Patches
203,203,false,Oscar
687,687,false,Tucker
1677,1677,false,Lola
1940,1940,false,Baxter
1138,1138,false,Sassy
135,135,false,Jasper
1847,1847,false,Harvey
537,537,false,Sasha
1365,1365,false,Toby
1385,1385,false,Sadie
158,158,false,Sassy
1491,1491,false,Ginger
1877,1877,false,Sammy
169,169,false,Chloe
1714,1714,false,Casey
757,757,false,Oscar
1958,1958,false,Coco
179,179,false,Tank
659,659,false,Maggie
1165,1165,false,Buddy
341,341,false,Rascal
391,391,false,Bubba
1021,1021,false,Riley
1706,1706,false,Oreo
928,928,false,Harley
2006,2006,false,Charlie
461,461,false,Bandit
1881,1881,false,Marley
875,875,false,Jasper
671,671,false,Maggie
1264,1264,false,Rocky
1304,1304,false,Zoey
850,850,false,Lexi
1802,1802,false,Diamond
1780,1780,false,Sasha
1489,1489,false,Angel
1162,1162,false,Bubba
1786,1786,false,Jasper
1192,1192,false,Sadie
523,523,false,Rocky
600,600,false,Gracie
2,2,false,Rusty
1099,1099,false,Honey
625,625,false,Patches
1998,1998,false,Penny
340,340,false,Precious
972,972,false,Lucy
572,572,false,Taz
442,442,false,Baxter
1488,1488,false,Cooper
1381,1381,false,Blue
238,238,false,Rusty
820,820,false,Duke
1319,1319,false,Peanut
190,190,false,Honey
1436,1436,false,Rocky
1303,1303,false,Rusty
1112,1112,false,Spike
1247,1247,false,Missy
539,539,false,Gracie
1371,1371,false,Taz
492,492,false,Honey
1801,1801,false,Molly
257,257,false,Baxter
1953,1953,false,Chico
307,307,false,Dakota
723,723,false,Angel
1609,1609,false,Bo
1262,1262,false,Baby
916,916,false,Toby
47,47,false,Misty
1741,1741,false,Belle
137,137,false,Tucker
1673,1673,false,Princess
779,779,false,Snickers
1912,1912,false,Gizmo
1724,1724,false,Rosie
318,318,false,Buddy
868,868,false,Sam
202,202,false,Bo
597,597,false,Dixie
254,254,false,Tucker
1731,1731,false,Sparky
456,456,false,Chloe
580,580,false,Tucker
610,610,false,Bailey
413,413,false,Rascal
734,734,false,Casey
1459,1459,false,Diamond
136,136,false,Belle
129,129,false,Cody
2003,2003,false,Chance
699,699,false,Tyson
97,97,false,Maggie
980,980,false,Chloe
1298,1298,false,Cody
1359,1359,false,Spike
1811,1811,false,Tyson
23,23,false,Taz
1194,1194,false,Spike
530,530,false,Honey
899,899,false,Cooper
1531,1531,false,Belle
1069,1069,false,Snickers
584,584,false,Bella
1773,1773,false,Bubba
1294,1294,false,Princess
1863,1863,false,Rocky
160,160,false,Sammy
960,960,false,Cooper
1454,1454,false,Spike
1873,1873,false,Bruno
1862,1862,false,Lola
472,472,false,Roxie
1001,1001,false,Misty
1062,1062,false,Dixie
631,631,false,Sandy
532,532,false,Jake
1456,1456,false,Daisy
988,988,false,Tank
458,458,false,Peanut
1532,1532,false,Diesel
1810,1810,false,Jasper
822,822,false,Princess
1647,1647,false,Chance
598,598,false,Snickers
619,619,false,Maggie
986,986,false,Brutus
998,998,false,Ruby
1689,1689,false,Bo
21,21,false,Sam
1728,1728,false,Cookie
1745,1745,false,Snickers
1424,1424,false,Gracie
1306,1306,false,Bandit
819,819,false,Tucker
513,513,false,Sam
357,357,false,Milo
645,645,false,Mia
328,328,false,Brutus
696,696,false,Rusty
1315,1315,false,Jack
1878,1878,false,Peanut
1624,1624,false,Cody
464,464,false,Rosie
963,963,false,Jack
1796,1796,false,Jasper
668,668,false,Spike
73,73,false,Shadow
894,894,false,Tank
497,497,false,Jack
640,640,false,Roxie
1525,1525,false,Bella
243,243,false,Scooter
1074,1074,false,Blue
30,30,false,Ruby
1455,1455,false,Patches
1510,1510,false,Blue
550,550,false,Molly
809,809,false,Maggie
1030,1030,false,Spike
1744,1744,false,Harley
1481,1481,false,Ginger
1733,1733,false,Daisy
2004,2004,false,Abby
1189,1189,false,Murphy
1214,1214,false,Harvey
1618,1618,false,Abby
162,162,false,Jasmine
931,931,false,Molly
1671,1671,false,Bandit
1152,1152,false,Jasmine
1293,1293,false,Lady
1332,1332,false,Annie
1336,1336,false,Sophie
673,673,false,Chico
45,45,false,Ruby
717,717,false,Brutus
303,303,false,Taz
481,481,false,Jasper
693,693,false,Daisy
467,467,false,Blue
384,384,false,Ruby
1795,1795,false,Casey
1103,1103,false,Honey
744,744,false,Bo
1197,1197,false,Tucker
443,443,false,Dakota
379,379,false,Max
558,558,false,Misty
785,785,false,Bella
1573,1573,false,Jasper
1198,1198,false,Zoe
1373,1373,false,Penny
1350,1350,false,Harley
781,781,false,Sophie
933,933,false,Snickers
1746,1746,false,Sparky
1263,1263,false,Diamond
1859,1859,false,Snickers
581,581,false,Taz
1851,1851,false,Marley
409,409,false,Honey
1833,1833,false,Riley
1045,1045,false,Misty
1362,1362,false,Harley
1641,1641,false,Sam
1925,1925,false,Belle
1837,1837,false,Lexi
1254,1254,false,Belle
1686,1686,false,Bella
1813,1813,false,Abby
758,758,false,Belle
76,76,false,Bear
1575,1575,false,Zoey
1068,1068,false,Chico
1347,1347,false,Milo
237,237,false,Zeus
903,903,false,Luna
801,801,false,Sadie
874,874,false,Sophie
657,657,false,Lilly
1276,1276,false,Lady
126,126,false,Ruby
1808,1808,false,Sandy
1576,1576,false,Bailey
121,121,false,Daisy
302,302,false,Rascal
951,951,false,Lucy
1698,1698,false,Missy
1420,1420,false,Lexi
1607,1607,false,Oscar
562,562,false,Toby
496,496,false,Rocky
1578,1578,false,Shadow
150,150,false,Jack
1352,1352,false,Rascal
681,681,false,Bandit
707,707,false,Harvey
350,350,false,Jack
1759,1759,false,Shelby
784,784,false,Milo
726,726,false,Zeus
1301,1301,false,Casey
803,803,false,Max
727,727,false,Scooter
524,524,false,Lady
1902,1902,false,Baby
1994,1994,false,Diesel
1071,1071,false,Bella
1078,1078,false,Cody
1195,1195,false,Tank
444,444,false,Harvey
273,273,false,Taz
721,721,false,Angel
1098,1098,false,Tank
1149,1149,false,Luna
1592,1592,false,Patches
1190,1190,false,Honey
1857,1857,false,Taz
311,311,false,Lucky
1317,1317,false,Diamond
772,772,false,Sadie
1084,1084,false,Lexi
1983,1983,false,Peanut
477,477,false,Zeus
907,907,false,Luna
1932,1932,false,Max
736,736,false,Sammy
1680,1680,false,Tyson
731,731,false,Milo
1000,1000,false,Zoey
1384,1384,false,Roxie
771,771,false,Charlie
1569,1569,false,Rusty
651,651,false,Bubba
612,612,false,Toby
1222,1222,false,Bella
1630,1630,false,Lady
1343,1343,false,Cocoa
1541,1541,false,Bear
1089,1089,false,Lucky
1462,1462,false,Rusty
49,49,false,Zeus
827,827,false,Maggie
1115,1115,false,Bailey
563,563,false,Abby
1946,1946,false,Cody
1885,1885,false,Chloe
859,859,false,Tank
368,368,false,Bailey
1961,1961,false,Bandit
422,422,false,Casey
222,222,false,Charlie
1326,1326,false,Lola
1800,1800,false,Sugar
1452,1452,false,Scooter
480,480,false,Bear
1628,1628,false,Marley
591,591,false,Snickers
1907,1907,false,Penny
1215,1215,false,Tucker
1486,1486,false,Rex
1167,1167,false,Baxter
1679,1679,false,Blue
1894,1894,false,Lucy
1444,1444,false,Chance
1161,1161,false,Chico
295,295,false,Spike
1771,1771,false,Shelby
890,890,false,Zoey
200,200,false,Lady
817,817,false,Dixie
61,61,false,Bailey
1076,1076,false,Oscar
230,230,false,Buddy
246,246,false,Bailey
1248,1248,false,Tyson
1497,1497,false,Marley
565,565,false,Blue
276,276,false,Sadie
1852,1852,false,Missy
343,343,false,Murphy
127,127,false,Misty
863,863,false,Jasmine
16,16,false,Mia
189,189,false,Patches
1258,1258,false,Diesel
627,627,false,Diamond
1059,1059,false,Gracie
71,71,false,Lexi
1655,1655,false,Brutus
110,110,false,Jack
1891,1891,false,Milo
289,289,false,Lola
183,183,false,Tucker
1266,1266,false,Cooper
1687,1687,false,Spike
2001,2001,false,Sandy
824,824,false,Pepper
140,140,false,Lexi
987,987,false,Angel
15,15,false,Murphy
1836,1836,false,Zoey
1221,1221,false,Sadie
1769,1769,false,Snickers
1253,1253,false,Rex
521,521,false,Bruno
418,418,false,Sadie
314,314,false,Max
1121,1121,false,Bailey
1446,1446,false,Chico
1702,1702,false,Ginger
1749,1749,false,Snickers
131,131,false,Lexi
1217,1217,false,Sam
746,746,false,Daisy
973,973,false,Sadie
264,264,false,Blue
1916,1916,false,Sparky
807,807,false,Sadie
630,630,false,Chance
955,955,false,Harvey
1758,1758,false,Roxy
716,716,false,Rusty
336,336,false,Riley
1286,1286,false,Zoe
1619,1619,false,Lucy
1945,1945,false,Rusty
31,31,false,Scooter
212,212,false,Sophie
1467,1467,false,Ginger
1261,1261,false,Sophie
1649,1649,false,Sophie
1083,1083,false,Rascal
1827,1827,false,Annie
688,688,false,Casey
173,173,false,Scooter
1957,1957,false,Sparky
294,294,false,Rusty
1551,1551,false,Penny
58,58,false,Sassy
647,647,false,Dixie
168,168,false,Sparky
1414,1414,false,Roxy
1615,1615,false,Buddy
1061,1061,false,Precious
1080,1080,false,Coco
1721,1721,false,Max
1270,1270,false,Cocoa
1119,1119,false,Rascal
228,228,false,Charlie
412,412,false,Gizmo
85,85,false,Murphy
1205,1205,false,Snickers
1143,1143,false,Patches
1821,1821,false,Oreo
718,718,false,Toby
882,882,false,Bandit
730,730,false,Scooter
1799,1799,false,Casey
166,166,false,Rascal
504,504,false,Chloe
1392,1392,false,Belle
836,836,false,Duke
1861,1861,false,Gracie
588,588,false,Dakota
352,352,false,Gracie
735,735,false,Jasmine
159,159,false,Shelby
1536,1536,false,Patches
545,545,false,Rascal
656,656,false,Baxter
549,549,false,Ruby
1722,1722,false,Ruby
1232,1232,false,Misty
1003,1003,false,Sadie
312,312,false,Blue
414,414,false,Marley
683,683,false,Jasmine
1180,1180,false,Charlie
815,815,false,Zeus
316,316,false,Shelby
1602,1602,false,Zoey
82,82,false,Mia
795,795,false,Sadie
1593,1593,false,Roxie
415,415,false,Lola
1211,1211,false,Milo
1442,1442,false,Murphy
680,680,false,Belle
209,209,false,Scooter
1037,1037,false,Shadow
1652,1652,false,Dakota
1300,1300,false,Bailey
706,706,false,Bandit
1122,1122,false,Chance
72,72,false,Rex
1754,1754,false,Lola
1406,1406,false,Gracie
1644,1644,false,Bruno
1823,1823,false,Brutus
1629,1629,false,Lady
323,323,false,Roxy
1118,1118,false,Mia
1422,1422,false,Sasha
837,837,false,Diesel
1460,1460,false,Rusty
329,329,false,Rosie
1216,1216,false,Abby
1598,1598,false,Cooper
1720,1720,false,Duke
741,741,false,Lilly
1554,1554,false,Baxter
1768,1768,false,Harvey
1870,1870,false,Roxie
970,970,false,Maggie
1740,1740,false,Penny
1830,1830,false,Harvey
390,390,false,Mia
1335,1335,false,Chico
617,617,false,Chloe
1942,1942,false,Bubba
1201,1201,false,Gracie
1660,1660,false,Pepper
887,887,false,Baxter
1825,1825,false,Gizmo
930,930,false,Shadow
1168,1168,false,Shadow
1669,1669,false,Bandit
851,851,false,Lucy
96,96,false,Scooter
1872,1872,false,Sammy
937,937,false,Maggie
1382,1382,false,Jasper
843,843,false,Cooper
1085,1085,false,Jake
1090,1090,false,Lily
274,274,false,Gracie
270,270,false,Toby
862,862,false,Princess
377,377,false,Shadow
512,512,false,Marley
1125,1125,false,Tank
145,145,false,Milo
737,737,false,Rocky
1533,1533,false,Shadow
290,290,false,Chico
1584,1584,false,Duke
114,114,false,Rosie
616,616,false,Zoey
1910,1910,false,Dakota
854,854,false,Harvey
1363,1363,false,Toby
821,821,false,Teddy
27,27,false,Molly
9,9,false,Taz
59,59,false,Max
435,435,false,Teddy
1610,1610,false,Duke
1407,1407,false,Lucky
1353,1353,false,Rex
1283,1283,false,Dakota
1899,1899,false,Bubba
667,667,false,Rosie
28,28,false,Rascal
935,935,false,Lucky
602,602,false,Daisy
1199,1199,false,Zoey
330,330,false,Angel
204,204,false,Jack
119,119,false,Cocoa
964,964,false,Harvey
1913,1913,false,Bubba
106,106,false,Sadie
1634,1634,false,Casey
13,13,false,Lily
1312,1312,false,Abby
468,468,false,Tucker
1366,1366,false,Roxy
34,34,false,Jasper
816,816,false,Zoey
1453,1453,false,Toby
594,594,false,Lady
152,152,false,Jasmine
1738,1738,false,Buster
20,20,false,Cookie
193,193,false,Jake
993,993,false,Dakota
1919,1919,false,Harley
1058,1058,false,Baxter
11,11,false,Misty
1633,1633,false,Oscar
359,359,false,Riley
1519,1519,false,Sassy
186,186,false,Rex
844,844,false,Mia
187,187,false,Rex
575,575,false,Sandy
1018,1018,false,Cookie
1908,1908,false,Baby
1707,1707,false,Duke
1803,1803,false,Casey
583,583,false,Lucy
1537,1537,false,Daisy
1236,1236,false,Jake
1135,1135,false,Zeus
105,105,false,Oreo
685,685,false,Brutus
262,262,false,Patches
427,427,false,Penny
1540,1540,false,Angel
1692,1692,false,Sandy
934,934,false,Bailey
1239,1239,false,Buddy
287,287,false,Zoe
25,25,false,Molly
1389,1389,false,Taz
1787,1787,false,Pepper
1495,1495,false,Charlie
12,12,false,Zoey
2008,2008,false,Casey
1426,1426,false,Tyson
1539,1539,false,Cocoa
1883,1883,false,Sam
1463,1463,false,Zeus
70,70,false,Bear
1267,1267,false,Tank
1391,1391,false,Sam
1757,1757,false,Ginger
1082,1082,false,Snickers
585,585,false,Buster
1338,1338,false,Milo
1547,1547,false,Bo
1013,1013,false,Annie
984,984,false,Roxie
818,818,false,Sam
1104,1104,false,Milo
155,155,false,Chico
1376,1376,false,Mia
2010,2010,false,Sandy
1835,1835,false,Milo
1846,1846,false,Marley
1073,1073,false,Blue
979,979,false,Jasmine
543,543,false,Zeus
1128,1128,false,Buster
697,697,false,Cookie
1662,1662,false,Shadow
511,511,false,Lexi
1345,1345,false,Sparky
1507,1507,false,Chico
1614,1614,false,Cocoa
1075,1075,false,Tank
1175,1175,false,Rosie
300,300,false,Sadie
128,128,false,Angel
1033,1033,false,Belle
240,240,false,Rosie
579,579,false,Baxter
1421,1421,false,Baxter
1585,1585,false,Buster
1528,1528,false,Abby
1244,1244,false,Pepper
1729,1729,false,Spike
1396,1396,false,Sadie
506,506,false,Rex
606,606,false,Tyson
1550,1550,false,Bear
310,310,false,Cocoa
1841,1841,false,Ginger
1939,1939,false,Blue
999,999,false,Oreo
253,253,false,Oscar
1287,1287,false,Tyson
967,967,false,Maggie
1466,1466,false,Baxter
4,4,false,Bailey
479,479,false,Diamond
838,838,false,Cooper
1484,1484,false,Oscar
101,101,false,Riley
447,447,false,Lola
1986,1986,false,Lilly
1752,1752,false,Tucker
266,266,false,Penny
595,595,false,Angel
5,5,false,Zoey
2009,2009,false,Sophie
1096,1096,false,Ginger
554,554,false,Taz
1213,1213,false,Zoey
985,985,false,Bella
889,889,false,Bubba
1368,1368,false,Mia
474,474,false,Lily
1014,1014,false,Maggie
103,103,false,Diamond
555,555,false,Brutus
338,338,false,Coco
878,878,false,Princess
1515,1515,false,Sammy
57,57,false,Spike
1480,1480,false,Lily
1981,1981,false,Buster
1154,1154,false,Jack
700,700,false,Duke
1289,1289,false,Riley
221,221,false,Taz
485,485,false,Dixie
715,715,false,Belle
939,939,false,Bo
1397,1397,false,Shadow
1613,1613,false,Bruno
1941,1941,false,Zeus
1924,1924,false,Spike
1178,1178,false,Milo
920,920,false,Sparky
792,792,false,Sophie
1016,1016,false,Sugar
1789,1789,false,Zoey
793,793,false,Milo
232,232,false,Tank
768,768,false,Missy
924,924,false,Cookie
944,944,false,Jasper
1182,1182,false,Gracie
429,429,false,Duke
375,375,false,Roxy
1173,1173,false,Bear
1790,1790,false,Sadie
1701,1701,false,Cooper
18,18,false,Molly
1153,1153,false,Cocoa
1027,1027,false,Annie
1147,1147,false,Sasha
233,233,false,Baxter
1081,1081,false,Baxter
911,911,false,Daisy
1002,1002,false,Taz
1181,1181,false,Bubba
853,853,false,Rusty
589,589,false,Maggie
1661,1661,false,Mia
1408,1408,false,Bailey
1238,1238,false,Tyson
50,50,false,Scooter
164,164,false,Marley
1401,1401,false,Snoopy
1116,1116,false,Patches
109,109,false,Cooper
966,966,false,Murphy
1504,1504,false,Tucker
788,788,false,Luna
1418,1418,false,Abby
1995,1995,false,Bo
1608,1608,false,Tank
382,382,false,Bear
249,249,false,Misty
1782,1782,false,Cooper
808,808,false,Gracie
1716,1716,false,Murphy
1643,1643,false,Chico
653,653,false,Tyson
826,826,false,Teddy
325,325,false,Oscar
1561,1561,false,Precious
1856,1856,false,Cody
195,195,false,Casey
1898,1898,false,Dixie
705,705,false,Abby
1844,1844,false,Murphy
265,265,false,Sugar
1329,1329,false,Jack
1978,1978,false,Peanut
229,229,false,Roxy
833,833,false,Missy
515,515,false,Buddy
1230,1230,false,Lucy
1179,1179,false,Charlie
604,604,false,Cookie
1196,1196,false,Spike
1449,1449,false,Chloe
729,729,false,Oreo
514,514,false,Dixie
439,439,false,Teddy
1010,1010,false,Lucy
1225,1225,false,Roxie
769,769,false,Murphy
615,615,false,Shadow
1684,1684,false,Cody
527,527,false,Annie
1708,1708,false,Sandy
426,426,false,Diamond
280,280,false,Diamond
958,958,false,Sparky
1903,1903,false,Milo
1928,1928,false,Harley
611,611,false,Precious
1753,1753,false,Rascal
176,176,false,Taz
1505,1505,false,Lily
948,948,false,Rocky
1251,1251,false,Penny
858,858,false,Cooper
925,925,false,Sadie
148,148,false,Spike
42,42,false,Jasper
1313,1313,false,Coco
163,163,false,Lady
1428,1428,false,Jack
1024,1024,false,Cocoa
586,586,false,Sammy
1653,1653,false,Bruno
66,66,false,Diesel
753,753,false,Jake
596,596,false,Scooter
1394,1394,false,Buddy
226,226,false,Riley
245,245,false,Shadow
626,626,false,Murphy
845,845,false,Tank
260,260,false,Lady
1516,1516,false,Cody
1993,1993,false,Peanut
1797,1797,false,Penny
490,490,false,Casey
1521,1521,false,Ruby
561,561,false,Shelby
643,643,false,Jake
347,347,false,Roxy
1526,1526,false,Roxy
1126,1126,false,Ruby
830,830,false,Misty
401,401,false,Lilly
661,661,false,Bear
465,465,false,Roxie
1938,1938,false,Mia
1,1,false,Sugar
1704,1704,false,Sandy
1545,1545,false,Sam
1712,1712,false,Misty
866,866,false,Buddy
655,655,false,Sassy
1050,1050,false,Lily
648,648,false,Rascal
83,83,false,Taz
1193,1193,false,Daisy
1250,1250,false,Bandit
829,829,false,Riley
806,806,false,Zeus
385,385,false,Shadow
525,525,false,Molly
63,63,false,Sam
813,813,false,Charlie
1879,1879,false,Maggie
739,739,false,Chico
1309,1309,false,Precious
1308,1308,false,Buddy
740,740,false,Teddy
976,976,false,Diesel
1457,1457,false,Rocky
832,832,false,Zeus
1809,1809,false,Diamond
692,692,false,Cody
1805,1805,false,Coco
886,886,false,Brutus
1710,1710,false,Cookie
674,674,false,Maggie
107,107,false,Misty
535,535,false,Rusty
122,122,false,Roxy
153,153,false,Spike
1777,1777,false,Cody
1055,1055,false,Cody
628,628,false,Taz
344,344,false,Max
1750,1750,false,Sadie
88,88,false,Peanut
1820,1820,false,Scooter
664,664,false,Charlie
1063,1063,false,Lilly
885,885,false,Mia
1404,1404,false,Luna
