child_id,client_id,deleted,pet_name
814,814,false,Rocky
1580,1580,false,Mia
932,932,false,Baby
1969,1969,false,Bear
852,852,false,Zoey
1195,1195,false,Snickers
830,830,false,Roxie
313,313,false,Cookie
1718,1718,false,Snoopy
233,233,false,Tank
582,582,false,Shadow
1866,1866,false,Rocky
1660,1660,false,Coco
1060,1060,false,Sandy
1057,1057,false,Lexi
926,926,false,Lucy
778,778,false,Snoopy
1962,1962,false,Maggie
1578,1578,false,Lucky
85,85,false,Marley
524,524,false,Lucy
1983,1983,false,Baxter
775,775,false,Shelby
202,202,false,Brutus
919,919,false,Missy
1249,1249,false,Bailey
774,774,false,Pepper
1029,1029,false,Bo
1456,1456,false,Baxter
1551,1551,false,Rascal
961,961,false,Tyson
1333,1333,false,Ruby
178,178,false,Teddy
987,987,false,Jasper
1572,1572,false,Tank
951,951,false,Pepper
840,840,false,Cookie
1529,1529,false,Oreo
1625,1625,false,Missy
1990,1990,false,Diamond
1439,1439,false,Jake
659,659,false,Milo
1463,1463,false,Lily
731,731,false,Roxie
1714,1714,false,Lady
1939,1939,false,Chico
1090,1090,false,Chance
1788,1788,false,Zoey
1630,1630,false,Gizmo
1534,1534,false,Princess
269,269,false,Annie
1458,1458,false,Princess
294,294,false,Lexi
1312,1312,false,Zoey
1570,1570,false,Buster
1747,1747,false,Snickers
895,895,false,Sammy
1293,1293,false,Snickers
35,35,false,Mia
798,798,false,Jack
591,591,false,Jasper
1815,1815,false,Coco
1521,1521,false,Cody
1421,1421,false,Diamond
1111,1111,false,Teddy
339,339,false,Molly
87,87,false,Harvey
492,492,false,Honey
766,766,false,Penny
1003,1003,false,Charlie
1998,1998,false,Chico
1423,1423,false,Jake
244,244,false,Roxy
73,73,false,Buddy
1253,1253,false,Luna
1454,1454,false,Diesel
1977,1977,false,Teddy
1284,1284,false,Bella
88,88,false,Cocoa
652,652,false,Baby
875,875,false,Gracie
1971,1971,false,Lady
165,165,false,Marley
1864,1864,false,Bear
788,788,false,Tank
1106,1106,false,Pepper
490,490,false,Angel
1466,1466,false,Sparky
630,630,false,Missy
1452,1452,false,Bear
1179,1179,false,Sandy
1955,1955,false,Bandit
1818,1818,false,Lucky
1810,1810,false,Chance
515,515,false,Sasha
736,736,false,Pepper
899,899,false,Shelby
1964,1964,false,Ruby
1968,1968,false,Bruno
1481,1481,false,Sophie
1728,1728,false,Roxie
102,102,false,Harley
1280,1280,false,Annie
1760,1760,false,Rusty
834,834,false,Belle
51,51,false,Princess
1316,1316,false,Taz
979,979,false,Luna
1868,1868,false,Cooper
1896,1896,false,Spike
776,776,false,Oreo
1893,1893,false,Dixie
1298,1298,false,Rex
224,224,false,Duke
1894,1894,false,Annie
347,347,false,Lexi
741,741,false,Peanut
861,861,false,Angel
679,679,false,Tank
666,666,false,Snoopy
1101,1101,false,Lola
1974,1974,false,Harvey
1042,1042,false,Rosie
1105,1105,false,Casey
1698,1698,false,Cookie
619,619,false,Cookie
1223,1223,false,Luna
452,452,false,Casey
1670,1670,false,Sam
1448,1448,false,Marley
1537,1537,false,Bruno
808,808,false,Sam
210,210,false,Snoopy
1051,1051,false,Cookie
1655,1655,false,Lucky
1756,1756,false,Sam
646,646,false,Shelby
1305,1305,false,Diamond
489,489,false,Mia
94,94,false,Maggie
1997,1997,false,Rocky
1241,1241,false,Max
842,842,false,Zeus
1013,1013,false,Diesel
785,785,false,Cody
1169,1169,false,Oscar
1012,1012,false,Princess
855,855,false,Sassy
486,486,false,Chance
511,511,false,Blue
678,678,false,Dakota
1634,1634,false,Misty
1984,1984,false,Bruno
1779,1779,false,Toby
1144,1144,false,Sugar
474,474,false,Murphy
937,937,false,Molly
34,34,false,Princess
1001,1001,false,Rascal
417,417,false,Taz
1712,1712,false,Sammy
556,556,false,Dakota
328,328,false,Luna
379,379,false,Rex
248,248,false,Diamond
1149,1149,false,Zoey
1427,1427,false,Zoey
1320,1320,false,Casey
483,483,false,Jasper
159,159,false,Abby
1759,1759,false,Buddy
46,46,false,Daisy
1705,1705,false,Diamond
1889,1889,false,Snoopy
1087,1087,false,Max
677,677,false,Cookie
1323,1323,false,Sasha
1653,1653,false,Teddy
693,693,false,Casey
1025,1025,false,Bella
1369,1369,false,Tank
1609,1609,false,Rosie
1897,1897,false,Sadie
389,389,false,Zeus
362,362,false,Belle
790,790,false,Lady
1621,1621,false,Diesel
189,189,false,Bella
1817,1817,false,Sam
664,664,false,Milo
611,611,false,Harvey
1199,1199,false,Rusty
1664,1664,false,Zoey
218,218,false,Dakota
1080,1080,false,Baxter
578,578,false,Penny
1717,1717,false,Pepper
1425,1425,false,Ruby
1248,1248,false,Rocky
653,653,false,Mia
950,950,false,Gizmo
426,426,false,Shelby
1587,1587,false,Daisy
710,710,false,Cocoa
1935,1935,false,Precious
860,860,false,Cookie
1250,1250,false,Bella
28,28,false,Baxter
941,941,false,Zoe
554,554,false,Belle
538,538,false,Toby
1121,1121,false,Harley
1619,1619,false,Precious
1180,1180,false,Tyson
1800,1800,false,Murphy
1449,1449,false,Buddy
455,455,false,Bandit
884,884,false,Daisy
1394,1394,false,Bo
1695,1695,false,Milo
773,773,false,Scooter
106,106,false,Snoopy
1526,1526,false,Princess
552,552,false,Riley
496,496,false,Sugar
747,747,false,Patches
1821,1821,false,Ginger
1608,1608,false,Dakota
1518,1518,false,Bubba
1707,1707,false,Chico
796,796,false,Roxie
367,367,false,Missy
1266,1266,false,Jasmine
539,539,false,Mia
471,471,false,Charlie
890,890,false,Chloe
1748,1748,false,Sugar
654,654,false,Rex
48,48,false,Bo
1588,1588,false,Abby
337,337,false,Luna
29,29,false,Teddy
898,898,false,Mia
1088,1088,false,Sammy
1360,1360,false,Harley
1755,1755,false,Ginger
519,519,false,Sadie
357,357,false,Harvey
140,140,false,Misty
560,560,false,Oscar
953,953,false,Rascal
1823,1823,false,Bailey
45,45,false,Bailey
1085,1085,false,Missy
896,896,false,Milo
1371,1371,false,Lucy
571,571,false,Duke
520,520,false,Riley
819,819,false,Lily
1337,1337,false,Harvey
1341,1341,false,Coco
91,91,false,Casey
209,209,false,Murphy
36,36,false,Rex
1916,1916,false,Snickers
193,193,false,Riley
983,983,false,Lily
1445,1445,false,Baby
1786,1786,false,Zoe
1920,1920,false,Jake
1100,1100,false,Baxter
1826,1826,false,Roxie
569,569,false,Dixie
1036,1036,false,Gizmo
1633,1633,false,Mia
1898,1898,false,Baxter
712,712,false,Milo
1072,1072,false,Bella
1581,1581,false,Sammy
1986,1986,false,Cookie
1783,1783,false,Scooter
715,715,false,Teddy
1191,1191,false,Sam
1194,1194,false,Bella
931,931,false,Misty
1600,1600,false,Baxter
278,278,false,Cookie
1133,1133,false,Max
1140,1140,false,Roxy
681,681,false,Pepper
1553,1553,false,Chico
897,897,false,Lola
1117,1117,false,Penny
494,494,false,Daisy
1376,1376,false,Dakota
1533,1533,false,Pepper
307,307,false,Precious
201,201,false,Gracie
152,152,false,Lilly
25,25,false,Rascal
1382,1382,false,Zoey
1493,1493,false,Roxy
1727,1727,false,Harley
1370,1370,false,Teddy
229,229,false,Belle
1218,1218,false,Gizmo
464,464,false,Bo
133,133,false,Chico
755,755,false,Sasha
975,975,false,Oreo
1517,1517,false,Lucky
606,606,false,Ginger
1773,1773,false,Ruby
1050,1050,false,Snoopy
1164,1164,false,Bubba
1806,1806,false,Sassy
249,249,false,Diamond
573,573,false,Jasper
274,274,false,Snickers
1380,1380,false,Shelby
1279,1279,false,Ruby
392,392,false,Bailey
753,753,false,Snickers
1308,1308,false,Cookie
1536,1536,false,Lola
1512,1512,false,Spike
13,13,false,Lilly
21,21,false,Tank
748,748,false,Chloe
1559,1559,false,Shelby
1426,1426,false,Lucky
1661,1661,false,Rex
1461,1461,false,Oscar
157,157,false,Zoe
1713,1713,false,Gizmo
517,517,false,Bruno
1737,1737,false,Honey
139,139,false,Annie
970,970,false,Blue
759,759,false,Belle
1183,1183,false,Sam
424,424,false,Milo
1827,1827,false,Teddy
502,502,false,Bella
194,194,false,Harvey
1302,1302,false,Marley
590,590,false,Rusty
1824,1824,false,Molly
791,791,false,Chance
1852,1852,false,Blue
1671,1671,false,Gizmo
559,559,false,Brutus
1987,1987,false,Cocoa
1446,1446,false,Honey
1307,1307,false,Casey
867,867,false,Teddy
956,956,false,Riley
1417,1417,false,Brutus
416,416,false,Charlie
1224,1224,false,Maggie
1453,1453,false,Sophie
1618,1618,false,Bandit
1205,1205,false,Maggie
845,845,false,Sammy
1785,1785,false,Riley
967,967,false,Bandit
2009,2009,false,Precious
593,593,false,Toby
38,38,false,Zoe
1150,1150,false,Molly
545,545,false,Snoopy
1860,1860,false,Lady
1104,1104,false,Lucy
1801,1801,false,Lily
993,993,false,Baby
348,348,false,Lily
838,838,false,Casey
633,633,false,Teddy
563,563,false,Sugar
629,629,false,Bruno
768,768,false,Lilly
509,509,false,Diesel
33,33,false,Oscar
292,292,false,Zeus
1033,1033,false,Rusty
1903,1903,false,Harvey
763,763,false,Jake
286,286,false,Honey
301,301,false,Oreo
112,112,false,Dakota
1336,1336,false,Lexi
531,531,false,Cocoa
968,968,false,Coco
104,104,false,Buddy
472,472,false,Sam
271,271,false,Penny
1909,1909,false,Oreo
998,998,false,Jake
272,272,false,Harvey
1324,1324,false,Harley
17,17,false,Cookie
399,399,false,Bella
687,687,false,Sandy
446,446,false,Diesel
1914,1914,false,Oscar
1523,1523,false,Harley
407,407,false,Jack
746,746,false,Gracie
1995,1995,false,Teddy
1562,1562,false,Dakota
265,265,false,Precious
1228,1228,false,Chance
1189,1189,false,Casey
1113,1113,false,Charlie
1582,1582,false,Scooter
806,806,false,Sadie
1669,1669,false,Lily
727,727,false,Daisy
1522,1522,false,Annie
1083,1083,false,Zeus
23,23,false,Sasha
53,53,false,Bo
1344,1344,false,Lilly
1814,1814,false,Oreo
1041,1041,false,Oscar
231,231,false,Shelby
1675,1675,false,Jasmine
1488,1488,false,Oreo
1221,1221,false,Sammy
1926,1926,false,Marley
648,648,false,Zeus
14,14,false,Rocky
938,938,false,Bruno
1805,1805,false,Lexi
1616,1616,false,Buster
757,757,false,Toby
1835,1835,false,Diesel
572,572,false,Blue
981,981,false,Dixie
843,843,false,Baby
1777,1777,false,Bubba
1281,1281,false,Scooter
576,576,false,Spike
1918,1918,false,Roxy
1237,1237,false,Rex
1882,1882,false,Bella
1424,1424,false,Baby
1557,1557,false,Jasper
1648,1648,false,Cooper
1951,1951,false,Murphy
662,662,false,Belle
1849,1849,false,Mia
1596,1596,false,Zeus
966,966,false,Rex
723,723,false,Jack
491,491,false,Bo
1708,1708,false,Baby
521,521,false,Annie
1474,1474,false,Jasper
63,63,false,Zeus
1330,1330,false,Blue
1447,1447,false,Murphy
1635,1635,false,Chloe
1354,1354,false,Buster
270,270,false,Snoopy
1741,1741,false,Sassy
12,12,false,Luna
413,413,false,Cody
1288,1288,false,Sasha
1451,1451,false,Rex
982,982,false,Jack
980,980,false,Toby
1467,1467,false,Cooper
583,583,false,Harley
1304,1304,false,Zeus
1944,1944,false,Sasha
1498,1498,false,Sam
1411,1411,false,Cooper
908,908,false,Sugar
670,670,false,Tucker
1295,1295,false,Snickers
1497,1497,false,Dixie
1844,1844,false,Rusty
707,707,false,Tank
1028,1028,false,Buster
1538,1538,false,Rex
1834,1834,false,Penny
726,726,false,Scooter
179,179,false,Duke
1160,1160,false,Marley
621,621,false,Dixie
6,6,false,Bailey
1590,1590,false,Zoey
1393,1393,false,Lucy
2003,2003,false,Bubba
1147,1147,false,Shadow
672,672,false,Molly
893,893,false,Lucky
1577,1577,false,Toby
1762,1762,false,Rascal
924,924,false,Sam
1166,1166,false,Harvey
1186,1186,false,Sadie
220,220,false,Lucky
1545,1545,false,Harvey
686,686,false,Teddy
1952,1952,false,Oscar
656,656,false,Oreo
864,864,false,Jasper
512,512,false,Lucky
1283,1283,false,Tank
1010,1010,false,Bailey
1368,1368,false,Bella
1074,1074,false,Bo
470,470,false,Brutus
881,881,false,Zoe
847,847,false,Pepper
1620,1620,false,Oscar
498,498,false,Rex
1848,1848,false,Luna
1750,1750,false,Teddy
1390,1390,false,Jasmine
255,255,false,Baby
396,396,false,Bubba
39,39,false,Snickers
1627,1627,false,Milo
620,620,false,Mia
1143,1143,false,Lily
508,508,false,Cookie
1520,1520,false,Lexi
441,441,false,Lady
1654,1654,false,Sophie
568,568,false,Chance
1084,1084,false,Jasmine
1722,1722,false,Baby
309,309,false,Riley
451,451,false,Zeus
513,513,false,Chloe
1124,1124,false,Zoey
702,702,false,Molly
655,655,false,Spike
1296,1296,false,Dakota
787,787,false,Ruby
817,817,false,Mia
93,93,false,Toby
730,730,false,Oscar
566,566,false,Dixie
151,151,false,Roxy
1766,1766,false,Dakota
745,745,false,Peanut
1604,1604,false,Cody
1796,1796,false,Jasmine
289,289,false,Gracie
284,284,false,Marley
493,493,false,Lola
1870,1870,false,Molly
1929,1929,false,Roxy
714,714,false,Charlie
1597,1597,false,Bo
786,786,false,Bailey
5,5,false,Lady
154,154,false,Rascal
214,214,false,Zoey
1309,1309,false,Honey
964,964,false,Annie
535,535,false,Cody
1791,1791,false,Lexi
584,584,false,Max
1535,1535,false,Riley
1822,1822,false,Sam
1412,1412,false,Charlie
1865,1865,false,Sadie
408,408,false,Annie
887,887,false,Luna
319,319,false,Dixie
1174,1174,false,Marley
366,366,false,Jasper
1102,1102,false,Annie
240,240,false,Bailey
1527,1527,false,Shadow
1079,1079,false,Spike
668,668,false,Gracie
1032,1032,false,Cooper
162,162,false,Princess
1504,1504,false,Cody
401,401,false,Chance
912,912,false,Tyson
281,281,false,Lucy
2008,2008,false,Cocoa
1846,1846,false,Maggie
1729,1729,false,Diesel
1138,1138,false,Oreo
1168,1168,false,Sandy
555,555,false,Sammy
1652,1652,false,Baxter
794,794,false,Zoe
963,963,false,Bruno
3,3,false,Ruby
1362,1362,false,Missy
19,19,false,Sammy
821,821,false,Buster
527,527,false,Rascal
667,667,false,Jasmine
1119,1119,false,Belle
647,647,false,Rascal
132,132,false,Diesel
235,235,false,Misty
1126,1126,false,Sasha
1392,1392,false,Tucker
562,562,false,Shelby
605,605,false,Peanut
758,758,false,Chance
1177,1177,false,Baby
553,553,false,Luna
627,627,false,Diamond
1255,1255,false,Mia
406,406,false,Riley
1141,1141,false,Bubba
1853,1853,false,Pepper
825,825,false,Misty
878,878,false,Diesel
739,739,false,Zoey
174,174,false,Tyson
1340,1340,false,Casey
622,622,false,Rosie
164,164,false,Mia
238,238,false,Chance
1470,1470,false,Ginger
1878,1878,false,Milo
1982,1982,false,Cookie
1014,1014,false,Charlie
1408,1408,false,Lucy
988,988,false,Buddy
1842,1842,false,Scooter
1825,1825,false,Dakota
287,287,false,Baxter
1103,1103,false,Cookie
1804,1804,false,Rocky
738,738,false,Rex
212,212,false,Cookie
66,66,false,Taz
1576,1576,false,Gizmo
241,241,false,Snickers
1703,1703,false,Daisy
933,933,false,Annie
544,544,false,Sandy
1008,1008,false,Cookie
1197,1197,false,Sasha
197,197,false,Rascal
1650,1650,false,Jack
1937,1937,false,Shelby
1978,1978,false,Marley
327,327,false,Baby
1843,1843,false,Annie
1092,1092,false,Rusty
1187,1187,false,Precious
1019,1019,false,Brutus
1839,1839,false,Lucy
1917,1917,false,Shadow
155,155,false,Princess
986,986,false,Dakota
1789,1789,false,Lilly
195,195,false,Shelby
906,906,false,Annie
216,216,false,Lexi
1303,1303,false,Charlie
642,642,false,Roxie
1319,1319,false,Cooper
1468,1468,false,Angel
1950,1950,false,Lexi
1910,1910,false,Diamond
78,78,false,Maggie
473,473,false,Roxie
1435,1435,false,Roxy
534,534,false,Charlie
1206,1206,false,Sugar
1301,1301,false,Rex
119,119,false,Misty
1443,1443,false,Lexi
683,683,false,Penny
1021,1021,false,Casey
1508,1508,false,Penny
187,187,false,Baby
1867,1867,false,Lily
360,360,false,Daisy
1409,1409,false,Toby
1375,1375,false,Ginger
800,800,false,Maggie
314,314,false,Duke
625,625,false,Shelby
602,602,false,Patches
480,480,false,Lucky
1915,1915,false,Harvey
913,913,false,Dakota
1744,1744,false,Rosie
279,279,false,Tyson
1465,1465,false,Brutus
204,204,false,Chloe
1963,1963,false,Bella
1265,1265,false,Lady
618,618,false,Murphy
596,596,false,Lola
1471,1471,false,Murphy
1781,1781,false,Rex
1554,1554,false,Patches
1262,1262,false,Rusty
1996,1996,false,Taz
1242,1242,false,Zeus
1980,1980,false,Tucker
610,610,false,Zoe
1798,1798,false,Taz
442,442,false,Rosie
1913,1913,false,Shadow
397,397,false,Buddy
92,92,false,Chico
696,696,false,Precious
2000,2000,false,Rosie
1686,1686,false,Jake
1692,1692,false,Bo
1476,1476,false,Pepper
700,700,false,Mia
1484,1484,false,Taz
1338,1338,false,Precious
1112,1112,false,Jasper
835,835,false,Baby
909,909,false,Roxy
1322,1322,false,Casey
1107,1107,false,Tyson
1364,1364,false,Peanut
1022,1022,false,Roxy
1081,1081,false,Bubba
168,168,false,Abby
1286,1286,false,Roxy
333,333,false,Shelby
1440,1440,false,Shadow
109,109,false,Baxter
1907,1907,false,Dakota
299,299,false,Lucy
1684,1684,false,Molly
121,121,false,Lilly
252,252,false,Penny
364,364,false,Peanut
972,972,false,Molly
737,737,false,Jake
303,303,false,Lilly
1792,1792,false,Dakota
1161,1161,false,Diesel
1405,1405,false,Zeus
1430,1430,false,Duke
254,254,false,Sophie
1593,1593,false,Daisy
1285,1285,false,Bella
332,332,false,Mia
1885,1885,false,Jasper
1874,1874,false,Snoopy
1490,1490,false,Ginger
120,120,false,Tyson
935,935,false,Tucker
1234,1234,false,Chloe
1972,1972,false,Tyson
827,827,false,Marley
603,603,false,Cookie
546,546,false,Diesel
282,282,false,Tucker
780,780,false,Dixie
1163,1163,false,Mia
245,245,false,Lilly
1485,1485,false,Annie
373,373,false,Honey
1673,1673,false,Sammy
118,118,false,Milo
1683,1683,false,Toby
1631,1631,false,Tank
978,978,false,Sasha
820,820,false,Shadow
1428,1428,false,Roxie
1919,1919,false,Daisy
762,762,false,Maggie
161,161,false,Sparky
1077,1077,false,Dixie
922,922,false,Belle
550,550,false,Diesel
1026,1026,false,Sam
1758,1758,false,Rascal
816,816,false,Jake
425,425,false,Blue
680,680,false,Sadie
404,404,false,Baby
969,969,false,Rocky
1548,1548,false,Shelby
1928,1928,false,Scooter
1317,1317,false,Rascal
1145,1145,false,Sammy
80,80,false,Belle
148,148,false,Cocoa
579,579,false,Duke
372,372,false,Bella
643,643,false,Chico
41,41,false,Casey
293,293,false,Taz
756,756,false,Buster
889,889,false,Taz
930,930,false,Brutus
948,948,false,Blue
1153,1153,false,Sasha
219,219,false,Ruby
614,614,false,Sadie
22,22,false,Bandit
226,226,false,Precious
1260,1260,false,Bruno
1730,1730,false,Jasper
1940,1940,false,Shelby
115,115,false,Missy
344,344,false,Mia
349,349,false,Jack
456,456,false,Luna
432,432,false,Bandit
1431,1431,false,Abby
1478,1478,false,Bear
1202,1202,false,Sparky
1850,1850,false,Coco
1401,1401,false,Tank
962,962,false,Precious
1911,1911,false,Lucky
1833,1833,false,Snoopy
557,557,false,Tucker
1991,1991,false,Cooper
925,925,false,Mia
764,764,false,Coco
1109,1109,false,Harley
1595,1595,false,Snickers
1770,1770,false,Sophie
105,105,false,Sugar
1681,1681,false,Sugar
264,264,false,Penny
1184,1184,false,Gizmo
1598,1598,false,Spike
57,57,false,Zoe
965,965,false,Jack
724,724,false,Max
1419,1419,false,Sandy
1881,1881,false,Sasha
1688,1688,false,Oreo
1190,1190,false,Max
928,928,false,Taz
873,873,false,Teddy
1793,1793,false,Lady
1851,1851,false,Pepper
1326,1326,false,Ginger
916,916,false,Sugar
363,363,false,Brutus
1334,1334,false,Sandy
258,258,false,Bo
767,767,false,Bruno
1486,1486,false,Maggie
171,171,false,Bear
516,516,false,Sadie
1058,1058,false,Max
815,815,false,Rex
801,801,false,Dakota
674,674,false,Bella
1594,1594,false,Sugar
1263,1263,false,Duke
380,380,false,Maggie
789,789,false,Pepper
172,172,false,Toby
1568,1568,false,Sassy
1402,1402,false,Harvey
1790,1790,false,Chico
1943,1943,false,Diamond
910,910,false,Zeus
751,751,false,Belle
589,589,false,Diamond
732,732,false,Bo
1875,1875,false,Max
439,439,false,Ruby
250,250,false,Sam
1000,1000,false,Bandit
462,462,false,Sam
1723,1723,false,Jasmine
1528,1528,false,Lilly
713,713,false,Peanut
1643,1643,false,Sammy
1015,1015,false,Rascal
69,69,false,Bailey
1480,1480,false,Chance
631,631,false,Chance
533,533,false,Tank
1269,1269,false,Bella
277,277,false,Annie
1315,1315,false,Buster
1531,1531,false,Gizmo
997,997,false,Diesel
1175,1175,false,Buster
391,391,false,Blue
836,836,false,Riley
321,321,false,Rosie
1644,1644,false,Shelby
1678,1678,false,Zeus
1735,1735,false,Lucy
430,430,false,Dixie
1795,1795,false,Peanut
1802,1802,false,Duke
170,170,false,Marley
1938,1938,false,Oscar
1146,1146,false,Baxter
99,99,false,Chico
354,354,false,Oreo
1063,1063,false,Zoe
111,111,false,Casey
1622,1622,false,Roxie
1970,1970,false,Angel
1038,1038,false,Ruby
1979,1979,false,Rocky
263,263,false,Zoey
765,765,false,Pepper
1156,1156,false,Rocky
695,695,false,Rex
900,900,false,Murphy
1291,1291,false,Jasmine
1947,1947,false,Chico
708,708,false,Chico
567,567,false,Cocoa
599,599,false,Lola
2005,2005,false,Belle
1271,1271,false,Zoey
1064,1064,false,Jack
331,331,false,Harley
955,955,false,Sam
296,296,false,Diamond
412,412,false,Jack
1048,1048,false,Diamond
465,465,false,Spike
361,361,false,Precious
1837,1837,false,Scooter
640,640,false,Bella
144,144,false,Missy
1108,1108,false,Cookie
382,382,false,Teddy
644,644,false,Luna
1397,1397,false,Snickers
253,253,false,Bo
891,891,false,Jake
1888,1888,false,Gracie
1736,1736,false,Bruno
1011,1011,false,Coco
146,146,false,Scooter
1994,1994,false,Tank
52,52,false,Lily
385,385,false,Patches
698,698,false,Snickers
1895,1895,false,Bruno
939,939,false,Jasmine
1948,1948,false,Rex
97,97,false,Oscar
1566,1566,false,Bear
1567,1567,false,Bear
185,185,false,Tucker
604,604,false,Maggie
570,570,false,Blue
1239,1239,false,Ruby
1230,1230,false,Rusty
1273,1273,false,Blue
1432,1432,false,Lucy
343,343,false,Snoopy
1363,1363,false,Peanut
660,660,false,Teddy
1459,1459,false,Rascal
532,532,false,Dakota
116,116,false,Baby
1960,1960,false,Roxy
1359,1359,false,Diamond
123,123,false,Zoey
1586,1586,false,Zoey
43,43,false,Lily
828,828,false,Coco
100,100,false,Dakota
1776,1776,false,Baby
973,973,false,Lucy
156,156,false,Shelby
1198,1198,false,Chance
1076,1076,false,Oreo
24,24,false,Bear
449,449,false,Sam
1496,1496,false,Pepper
1127,1127,false,Jack
256,256,false,Lucy
1676,1676,false,Casey
1027,1027,false,Bear
976,976,false,Snickers
1099,1099,false,Zoey
617,617,false,Chance
927,927,false,Dakota
182,182,false,Buster
1687,1687,false,Luna
1350,1350,false,Jasmine
769,769,false,Lola
335,335,false,Jake
268,268,false,Annie
588,588,false,Buster
166,166,false,Sparky
1884,1884,false,Charlie
1685,1685,false,Lady
1899,1899,false,Precious
388,388,false,Harvey
1651,1651,false,Milo
83,83,false,Sparky
369,369,false,Zoe
822,822,false,Bubba
1091,1091,false,Bo
422,422,false,Cocoa
832,832,false,Mia
158,158,false,Diesel
323,323,false,Buster
1724,1724,false,Bo
717,717,false,Teddy
375,375,false,Chloe
575,575,false,Lexi
1639,1639,false,Chico
690,690,false,Misty
862,862,false,Dakota
923,923,false,Diamond
180,180,false,Lady
1396,1396,false,Rusty
920,920,false,Bella
1711,1711,false,Misty
463,463,false,Chico
371,371,false,Harley
954,954,false,Annie
1558,1558,false,Pepper
1348,1348,false,Jake
699,699,false,Precious
949,949,false,Bella
1289,1289,false,Lily
1638,1638,false,Dakota
1541,1541,false,Angel
273,273,false,Sam
1254,1254,false,Harvey
499,499,false,Tucker
691,691,false,Sophie
743,743,false,Baby
418,418,false,Bo
1162,1162,false,Oscar
960,960,false,Mia
1610,1610,false,Sasha
1442,1442,false,Misty
854,854,false,Charlie
1292,1292,false,Penny
1472,1472,false,Brutus
1030,1030,false,Bo
1775,1775,false,Missy
1738,1738,false,Ruby
484,484,false,Baxter
320,320,false,Roxie
1841,1841,false,Taz
537,537,false,Chloe
1573,1573,false,Sparky
2001,2001,false,Chico
1114,1114,false,Chico
1196,1196,false,Lucy
1733,1733,false,Blue
475,475,false,Snickers
1645,1645,false,Penny
405,405,false,Bear
130,130,false,Luna
641,641,false,Luna
782,782,false,Buster
718,718,false,Sammy
824,824,false,Lily
291,291,false,Daisy
460,460,false,Max
1715,1715,false,Baby
1410,1410,false,Harley
636,636,false,Bear
616,616,false,Lilly
308,308,false,Oscar
1182,1182,false,Casey
877,877,false,Sandy
514,514,false,Tucker
1787,1787,false,Lola
833,833,false,Jake
850,850,false,Sugar
1886,1886,false,Sandy
1095,1095,false,Angel
564,564,false,Jasper
865,865,false,Gizmo
469,469,false,Jack
355,355,false,Oreo
536,536,false,Lexi
370,370,false,Tucker
729,729,false,Rosie
232,232,false,Lucy
1233,1233,false,Jasmine
1746,1746,false,Brutus
447,447,false,Jack
1691,1691,false,Scooter
797,797,false,Sasha
1677,1677,false,Ruby
1332,1332,false,Snickers
921,921,false,Precious
1287,1287,false,Dakota
90,90,false,Cookie
1612,1612,false,Bandit
445,445,false,Misty
1565,1565,false,Angel
1176,1176,false,Princess
1923,1923,false,Ruby
495,495,false,Daisy
1774,1774,false,Bubba
1657,1657,false,Ruby
1763,1763,false,Casey
1245,1245,false,Chloe
592,592,false,Toby
709,709,false,Lilly
217,217,false,Harley
1264,1264,false,Buddy
1217,1217,false,Diesel
580,580,false,Annie
1261,1261,false,Tucker
669,669,false,Angel
183,183,false,Gizmo
1275,1275,false,Harvey
676,676,false,Sammy
1137,1137,false,Casey
222,222,false,Zoe
1157,1157,false,Riley
771,771,false,Bo
2007,2007,false,Sassy
1901,1901,false,Patches
1313,1313,false,Ruby
1355,1355,false,Diamond
1434,1434,false,Penny
1494,1494,false,Zoe
1235,1235,false,Baby
874,874,false,Sam
358,358,false,Lexi
1477,1477,false,Scooter
338,338,false,Bear
1073,1073,false,Toby
176,176,false,Ginger
1583,1583,false,Missy
1139,1139,false,Diamond
1193,1193,false,Daisy
1532,1532,false,Buster
1624,1624,false,Dixie
1123,1123,false,Riley
1902,1902,false,Belle
444,444,false,Sandy
1023,1023,false,Sophie
122,122,false,Bailey
1871,1871,false,Roxy
518,518,false,Bo
1049,1049,false,Shelby
1047,1047,false,Spike
1167,1167,false,Bella
1499,1499,false,Chico
377,377,false,Mia
1811,1811,false,Harvey
95,95,false,Duke
1863,1863,false,Lucky
1883,1883,false,Snickers
1765,1765,false,Max
1949,1949,false,Annie
1387,1387,false,Rosie
487,487,false,Sugar
697,697,false,Max
809,809,false,Lady
894,894,false,Bailey
1400,1400,false,Sassy
192,192,false,Chance
1623,1623,false,Sam
1921,1921,false,Gracie
1358,1358,false,Mia
423,423,false,Rusty
1017,1017,false,Precious
871,871,false,Lucky
138,138,false,Blue
1416,1416,false,Cooper
198,198,false,Cocoa
1799,1799,false,Peanut
1125,1125,false,Buddy
1615,1615,false,Max
1700,1700,false,Abby
479,479,false,Lady
506,506,false,Lucky
911,911,false,Pepper
1571,1571,false,Shelby
126,126,false,Zoey
734,734,false,Lilly
1216,1216,false,Tank
398,398,false,Ruby
1543,1543,false,Marley
1646,1646,false,Daisy
71,71,false,Honey
1716,1716,false,Gracie
350,350,false,Lucky
530,530,false,Belle
1024,1024,false,Rex
1693,1693,false,Belle
411,411,false,Daisy
1327,1327,false,Misty
7,7,false,Snickers
247,247,false,Misty
1663,1663,false,Princess
551,551,false,Jasper
1257,1257,false,Belle
548,548,false,Jasper
410,410,false,Toby
1641,1641,false,Misty
600,600,false,Princess
1418,1418,false,Jasper
1840,1840,false,Gracie
414,414,false,Chico
223,223,false,Oscar
1857,1857,false,Lola
1507,1507,false,Honey
134,134,false,Shadow
1721,1721,false,Marley
525,525,false,Scooter
1808,1808,false,Gracie
381,381,false,Spike
682,682,false,Sasha
1967,1967,false,Chico
368,368,false,Angel
658,658,false,Cooper
1905,1905,false,Zoey
300,300,false,Snoopy
1377,1377,false,Molly
1225,1225,false,Molly
637,637,false,Snickers
1043,1043,false,Sparky
79,79,false,Marley
285,285,false,Misty
184,184,false,Dakota
1500,1500,false,Cooper
400,400,false,Belle
1934,1934,false,Pepper
211,211,false,Dixie
805,805,false,Daisy
275,275,false,Peanut
101,101,false,Lily
810,810,false,Bear
725,725,false,Mia
137,137,false,Rosie
795,795,false,Snickers
1258,1258,false,Daisy
84,84,false,Sandy
467,467,false,Oscar
1065,1065,false,Annie
628,628,false,Jake
1831,1831,false,Cooper
1637,1637,false,Zeus
974,974,false,Sasha
1407,1407,false,Roxie
267,267,false,Bella
1965,1965,false,Marley
940,940,false,Toby
1854,1854,false,Pepper
1530,1530,false,Jasmine
276,276,false,Pepper
1603,1603,false,Bubba
1679,1679,false,Spike
1809,1809,false,Brutus
701,701,false,Zoe
186,186,false,Sasha
150,150,false,Cookie
1611,1611,false,Sugar
1211,1211,false,Bruno
143,143,false,Roxy
1142,1142,false,Blue
750,750,false,Rocky
944,944,false,Casey
237,237,false,Sasha
607,607,false,Mia
1353,1353,false,Honey
1306,1306,false,Jake
1794,1794,false,Oreo
419,419,false,Snickers
1473,1473,false,Rocky
792,792,false,Snickers
415,415,false,Tucker
1828,1828,false,Belle
784,784,false,Oreo
55,55,false,Sammy
523,523,false,Dakota
40,40,false,Tank
1252,1252,false,Patches
1505,1505,false,Abby
1592,1592,false,Pepper
1259,1259,false,Missy
632,632,false,Baby
2002,2002,false,Princess
886,886,false,Rex
1044,1044,false,Oreo
306,306,false,Lucky
1778,1778,false,Cooper
1628,1628,false,Abby
813,813,false,Chico
1976,1976,false,Sassy
1900,1900,false,Lola
1922,1922,false,Gracie
1171,1171,false,Baby
142,142,false,Sassy
1227,1227,false,Lily
1574,1574,false,Maggie
1414,1414,false,Cooper
1585,1585,false,Molly
477,477,false,Rocky
114,114,false,Spike
1607,1607,false,Blue
9,9,false,Snoopy
322,322,false,Lilly
478,478,false,Coco
1873,1873,false,Peanut
1037,1037,false,Jake
326,326,false,Riley
1932,1932,false,Dixie
1569,1569,false,Tucker
54,54,false,Abby
1068,1068,false,Jasmine
586,586,false,Sassy
540,540,false,Lilly
595,595,false,Blue
1158,1158,false,Harley
196,196,false,Pepper
542,542,false,Lucy
1726,1726,false,Tank
671,671,false,Zoey
1807,1807,false,Baby
587,587,false,Murphy
437,437,false,Rex
1056,1056,false,Gizmo
858,858,false,Bear
992,992,false,Penny
1352,1352,false,Zoe
457,457,false,Missy
1925,1925,false,Bear
1936,1936,false,Annie
1246,1246,false,Tank
336,336,false,Honey
1720,1720,false,Sassy
859,859,false,Brutus
879,879,false,Cooper
230,230,false,Jasmine
1268,1268,false,Honey
58,58,false,Gizmo
421,421,false,Lily
1181,1181,false,Chloe
1877,1877,false,Bandit
420,420,false,Jake
673,673,false,Jack
246,246,false,Blue
1082,1082,false,Dakota
1361,1361,false,Shadow
504,504,false,Rocky
868,868,false,Harvey
706,706,false,Duke
431,431,false,Lilly
188,188,false,Oscar
1131,1131,false,Angel
1525,1525,false,Harley
127,127,false,Max
501,501,false,Bear
468,468,false,Gizmo
107,107,false,Sophie
390,390,false,Precious
259,259,false,Coco
529,529,false,Coco
1437,1437,false,Princess
1892,1892,false,Zoey
1061,1061,false,Sparky
1438,1438,false,Ruby
1954,1954,false,Tucker
75,75,false,Sugar
1740,1740,false,Lola
177,177,false,Max
1347,1347,false,Luna
200,200,false,Tucker
1912,1912,false,Cocoa
1433,1433,false,Lucy
1207,1207,false,Baxter
175,175,false,Duke
340,340,false,Bandit
740,740,false,Baby
305,305,false,Chico
1666,1666,false,Blue
1018,1018,false,Cooper
1325,1325,false,Shadow
1135,1135,false,Cody
311,311,false,Chance
1231,1231,false,Sandy
1256,1256,false,Zoey
1502,1502,false,Ginger
772,772,false,Harley
1436,1436,false,Scooter
1836,1836,false,Shadow
206,206,false,Harvey
851,851,false,Charlie
10,10,false,Rascal
1460,1460,false,Rascal
543,543,false,Daisy
902,902,false,Penny
1819,1819,false,Cocoa
136,136,false,Sophie
1226,1226,false,Brutus
1859,1859,false,Chance
1699,1699,false,Chloe
1329,1329,false,Buster
1953,1953,false,Chloe
1455,1455,false,Casey
1066,1066,false,Casey
1069,1069,false,Ruby
20,20,false,Harley
1096,1096,false,Zoe
749,749,false,Mia
1110,1110,false,Cody
89,89,false,Tucker
601,601,false,Sugar
880,880,false,Oscar
1492,1492,false,Ginger
574,574,false,Sparky
1659,1659,false,Cody
459,459,false,Cookie
1328,1328,false,Toby
1311,1311,false,Scooter
310,310,false,Ruby
330,330,false,Rusty
638,638,false,Rocky
1220,1220,false,Milo
892,892,false,Milo
1742,1742,false,Blue
1244,1244,false,Rascal
266,266,false,Tank
1988,1988,false,Marley
167,167,false,Max
876,876,false,Buster
1662,1662,false,Brutus
1753,1753,false,Jake
108,108,false,Lexi
1510,1510,false,Ginger
839,839,false,Spike
208,208,false,Angel
649,649,false,Max
613,613,false,Dakota
626,626,false,Sasha
841,841,false,Bo
1689,1689,false,Marley
1089,1089,false,Lilly
1961,1961,false,Maggie
863,863,false,Lola
42,42,false,Blue
1768,1768,false,Cooper
1075,1075,false,Jasper
262,262,false,Baby
1820,1820,false,Abby
1222,1222,false,Bella
2,2,false,Rusty
429,429,false,Diesel
722,722,false,Sugar
77,77,false,Rocky
409,409,false,Chico
1606,1606,false,Rosie
1993,1993,false,Molly
1861,1861,false,Murphy
1,1,false,Brutus
720,720,false,Sandy
163,163,false,Cody
1761,1761,false,Cody
1078,1078,false,Sugar
752,752,false,Sandy
1904,1904,false,Shadow
1132,1132,false,Cocoa
558,558,false,Bo
329,329,false,Pepper
153,153,false,Diesel
1115,1115,false,Lily
1240,1240,false,Tank
205,205,false,Marley
1764,1764,false,Lexi
1154,1154,false,Lola
317,317,false,Rusty
528,528,false,Bruno
1040,1040,false,Sasha
1855,1855,false,Diesel
657,657,false,Jasmine
650,650,false,Missy
869,869,false,Cookie
1005,1005,false,Ginger
1847,1847,false,Buddy
856,856,false,Cody
1209,1209,false,Bandit
799,799,false,Buster
831,831,false,Bella
1247,1247,false,Baxter
365,365,false,Teddy
32,32,false,Cookie
1629,1629,false,Zoe
1002,1002,false,Chico
65,65,false,Bailey
199,199,false,Sandy
1927,1927,false,Lola
353,353,false,Murphy
476,476,false,Ruby
1479,1479,false,Harvey
1282,1282,false,Jake
395,395,false,Bruno
15,15,false,Roxie
1274,1274,false,Honey
1549,1549,false,Harvey
1007,1007,false,Charlie
635,635,false,Jack
594,594,false,Blue
1297,1297,false,Sugar
1339,1339,false,Jake
461,461,false,Zoey
1204,1204,false,Cookie
958,958,false,Rex
1959,1959,false,Cooper
1134,1134,false,Lilly
1667,1667,false,Lola
1489,1489,false,Diesel
1813,1813,false,Max
977,977,false,Scooter
1277,1277,false,Sam
345,345,false,Dixie
959,959,false,Gracie
1148,1148,false,Gracie
1208,1208,false,Lucky
485,485,false,Snoopy
482,482,false,Maggie
1039,1039,false,Toby
1475,1475,false,Buddy
56,56,false,Lilly
823,823,false,Cody
1946,1946,false,Snoopy
1579,1579,false,Chance
290,290,false,Jasper
1367,1367,false,Ruby
1444,1444,false,Shadow
261,261,false,Jake
47,47,false,Snickers
1243,1243,false,Annie
885,885,false,Cookie
1752,1752,false,Jasper
62,62,false,Annie
1200,1200,false,Oreo
1270,1270,false,Lilly
883,883,false,Pepper
124,124,false,Baby
37,37,false,Ginger
1743,1743,false,Precious
481,481,false,Lola
1709,1709,false,Zoe
1374,1374,false,Scooter
402,402,false,Sugar
1511,1511,false,Lucy
454,454,false,Milo
1556,1556,false,Diesel
1321,1321,false,Rex
1992,1992,false,Tyson
694,694,false,Cody
147,147,false,Harvey
1933,1933,false,Sandy
1524,1524,false,Cookie
378,378,false,Murphy
1668,1668,false,Abby
1035,1035,false,Cocoa
1210,1210,false,Rex
1055,1055,false,Duke
1973,1973,false,Princess
376,376,false,Tucker
541,541,false,Toby
904,904,false,Roxy
844,844,false,Chico
2006,2006,false,Gracie
67,67,false,Sandy
989,989,false,Molly
1381,1381,false,Chance
1697,1697,false,Zoe
96,96,false,Riley
1097,1097,false,Princess
346,346,false,Jasmine
26,26,false,Bubba
1506,1506,false,Baby
1879,1879,false,Diesel
995,995,false,Ginger
1931,1931,false,Misty
302,302,false,Ginger
1856,1856,false,Bruno
50,50,false,Zoey
1701,1701,false,Lexi
1365,1365,false,Jake
228,228,false,Maggie
1890,1890,false,Ruby
1958,1958,false,Brutus
728,728,false,Casey
61,61,false,Chico
721,721,false,Bandit
651,651,false,Rascal
994,994,false,Oreo
86,86,false,Chico
761,761,false,Zoe
1071,1071,false,Bo
1373,1373,false,Cooper
624,624,false,Diesel
1613,1613,false,Zoey
1399,1399,false,Princess
72,72,false,Lily
1457,1457,false,Bruno
505,505,false,Gracie
1584,1584,false,Bruno
433,433,false,Sophie
1236,1236,false,Jasper
1170,1170,false,Angel
1404,1404,false,Dixie
1632,1632,false,Ruby
807,807,false,Roxie
436,436,false,Oscar
1696,1696,false,Misty
1547,1547,false,Harvey
1862,1862,false,Bella
1116,1116,false,Zeus
1006,1006,false,Abby
1704,1704,false,Annie
1053,1053,false,Chloe
1482,1482,false,Oscar
1745,1745,false,Blue
283,283,false,Princess
1771,1771,false,Buddy
1378,1378,false,Bubba
1719,1719,false,Sugar
581,581,false,Toby
848,848,false,Misty
82,82,false,Harvey
1780,1780,false,Lilly
318,318,false,Lady
744,744,false,Oreo
526,526,false,Peanut
203,203,false,Riley
1128,1128,false,Bruno
1656,1656,false,Harley
1509,1509,false,Bella
295,295,false,Jasmine
1658,1658,false,Bandit
1238,1238,false,Lily
70,70,false,Chloe
1429,1429,false,Sparky
60,60,false,Baby
1649,1649,false,Tank
1349,1349,false,Chloe
577,577,false,Daisy
334,334,false,Brutus
1563,1563,false,Gizmo
1869,1869,false,Snickers
1555,1555,false,Rosie
312,312,false,Cocoa
914,914,false,Ginger
1966,1966,false,Lilly
689,689,false,Lily
615,615,false,Abby
30,30,false,Lady
435,435,false,Penny
1212,1212,false,Buster
215,215,false,Sasha
1383,1383,false,Scooter
1450,1450,false,Sugar
1356,1356,false,Taz
760,760,false,Baxter
450,450,false,Lexi
169,169,false,Rocky
234,234,false,Baxter
1136,1136,false,Chance
1694,1694,false,Rosie
1357,1357,false,Sadie
1539,1539,false,Cooper
1731,1731,false,Belle
999,999,false,Princess
1647,1647,false,Honey
1575,1575,false,Sugar
1930,1930,false,Chloe
1267,1267,false,Maggie
1229,1229,false,Missy
1345,1345,false,Tucker
1203,1203,false,Sam
298,298,false,Roxy
1945,1945,false,Milo
1725,1725,false,Rascal
1385,1385,false,Maggie
8,8,false,Rocky
703,703,false,Sparky
1343,1343,false,Patches
316,316,false,Riley
688,688,false,Chloe
1602,1602,false,Angel
1469,1469,false,Honey
181,181,false,Misty
936,936,false,Teddy
1589,1589,false,Shadow
1975,1975,false,Sammy
1462,1462,false,Ruby
1880,1880,false,Charlie
1924,1924,false,Duke
31,31,false,Cooper
901,901,false,Sammy
907,907,false,Ruby
1272,1272,false,Murphy
1086,1086,false,Buster
811,811,false,Bear
1335,1335,false,Bandit
117,117,false,Shelby
803,803,false,Oscar
872,872,false,Jasmine
1045,1045,false,Marley
1403,1403,false,Maggie
1757,1757,false,Dakota
1331,1331,false,Blue
1276,1276,false,Lucky
665,665,false,Jack
1682,1682,false,Bear
27,27,false,Sammy
1560,1560,false,Sadie
802,802,false,Rocky
458,458,false,Gizmo
1797,1797,false,Abby
315,315,false,Princess
1544,1544,false,Bruno
141,141,false,Patches
609,609,false,Jasper
1016,1016,false,Penny
1503,1503,false,Shadow
1422,1422,false,Ruby
1388,1388,false,Misty
645,645,false,Angel
1152,1152,false,Rascal
387,387,false,Chance
612,612,false,Rascal
1098,1098,false,Abby
403,403,false,Patches
837,837,false,Sammy
325,325,false,Roxie
663,663,false,Sam
1294,1294,false,Tank
597,597,false,Annie
849,849,false,Cody
500,500,false,Chloe
742,742,false,Jack
990,990,false,Ginger
428,428,false,Gracie
565,565,false,Belle
1214,1214,false,Buster
1415,1415,false,Maggie
1803,1803,false,Casey
1812,1812,false,Cooper
585,585,false,Daisy
793,793,false,Marley
1379,1379,false,Taz
522,522,false,Diesel
68,68,false,Honey
443,443,false,Peanut
1395,1395,false,Missy
1290,1290,false,Roxie
110,110,false,Molly
1782,1782,false,Lily
125,125,false,Molly
1188,1188,false,Angel
145,145,false,Zoe
929,929,false,Jasper
386,386,false,Oscar
1491,1491,false,Daisy
351,351,false,Brutus
917,917,false,Lady
692,692,false,Diesel
777,777,false,Spike
984,984,false,Bear
352,352,false,Rocky
1483,1483,false,Bruno
561,561,false,Charlie
985,985,false,Peanut
1059,1059,false,Sandy
1702,1702,false,Lucky
1487,1487,false,Milo
1004,1004,false,Lilly
1999,1999,false,Ruby
1054,1054,false,Lola
59,59,false,Sandy
870,870,false,Tucker
427,427,false,Casey
304,304,false,Harley
1420,1420,false,Murphy
448,448,false,Lilly
1672,1672,false,Maggie
971,971,false,Gizmo
1299,1299,false,Daisy
661,661,false,Missy
1165,1165,false,Lola
826,826,false,Rusty
1642,1642,false,Rascal
131,131,false,Patches
705,705,false,Sam
675,675,false,Snickers
943,943,false,Sam
1767,1767,false,Teddy
1989,1989,false,Bruno
438,438,false,Sugar
160,160,false,Harley
507,507,false,Belle
996,996,false,Rascal
1516,1516,false,Sam
818,818,false,Shadow
1519,1519,false,Toby
1772,1772,false,Lady
394,394,false,Missy
1542,1542,false,Bubba
251,251,false,Bailey
946,946,false,Coco
1906,1906,false,Diamond
1754,1754,false,Snickers
942,942,false,Bella
1464,1464,false,Lady
1942,1942,false,Snoopy
1734,1734,false,Snickers
2004,2004,false,Roxie
1784,1784,false,Shadow
11,11,false,Harvey
1251,1251,false,Belle
1398,1398,false,Snoopy
888,888,false,Belle
221,221,false,Snickers
905,905,false,Misty
98,98,false,Brutus
113,113,false,Rex
1665,1665,false,Maggie
846,846,false,Daisy
1120,1120,false,Sparky
1710,1710,false,Marley
952,952,false,Rosie
1215,1215,false,Tyson
1342,1342,false,Pepper
236,236,false,Belle
1495,1495,false,Sophie
1872,1872,false,Bubba
991,991,false,Blue
1346,1346,false,Roxie
1749,1749,false,Precious
1173,1173,false,Rusty
1706,1706,false,Bandit
1816,1816,false,Baby
1062,1062,false,Sam
243,243,false,Duke
1122,1122,false,Harvey
1406,1406,false,Sandy
684,684,false,Dakota
547,547,false,Jasmine
2010,2010,false,Scooter
76,76,false,Rex
260,260,false,Precious
356,356,false,Diesel
1314,1314,false,Bear
1769,1769,false,Chico
754,754,false,Gizmo
1751,1751,false,Jack
1561,1561,false,Jasper
1192,1192,false,Chance
1052,1052,false,Tucker
1732,1732,false,Mia
934,934,false,Cooper
44,44,false,Charlie
1739,1739,false,Chloe
342,342,false,Tyson
510,510,false,Baby
1887,1887,false,Snickers
466,466,false,Lucy
1219,1219,false,Snoopy
1232,1232,false,Cooper
598,598,false,Lola
1031,1031,false,Lexi
1094,1094,false,Dakota
1540,1540,false,Pepper
1617,1617,false,Bear
173,173,false,Sassy
882,882,false,Cody
853,853,false,Patches
947,947,false,Patches
779,779,false,Ginger
503,503,false,Ginger
1501,1501,false,Duke
434,434,false,Belle
1151,1151,false,Buster
716,716,false,Jake
1372,1372,false,Murphy
685,685,false,Sassy
359,359,false,Oscar
488,488,false,Dixie
1564,1564,false,Sparky
1640,1640,false,Honey
103,103,false,Oreo
549,549,false,Shelby
374,374,false,Baxter
384,384,false,Bo
804,804,false,Rascal
440,440,false,Milo
857,857,false,Gracie
1178,1178,false,Abby
1413,1413,false,Buster
1614,1614,false,Harley
16,16,false,Roxy
242,242,false,Missy
915,915,false,Oreo
1690,1690,false,Oscar
1599,1599,false,Annie
1891,1891,false,Daisy
257,257,false,Oreo
1515,1515,false,Spike
866,866,false,Snoopy
1389,1389,false,Chico
191,191,false,Charlie
812,812,false,Rusty
1118,1118,false,Riley
324,324,false,Sammy
1034,1034,false,Scooter
1310,1310,false,Maggie
1278,1278,false,Dakota
639,639,false,Precious
1159,1159,false,Baxter
1845,1845,false,Lady
1550,1550,false,Oscar
1067,1067,false,Cocoa
1391,1391,false,Gizmo
1093,1093,false,Lucy
1513,1513,false,Maggie
1213,1213,false,Abby
1546,1546,false,Jack
1680,1680,false,Lilly
704,704,false,Gizmo
1514,1514,false,Lady
64,64,false,Misty
918,918,false,Shadow
81,81,false,Jack
1908,1908,false,Rex
453,453,false,Rusty
608,608,false,Diamond
1591,1591,false,Chance
288,288,false,Zeus
225,225,false,Teddy
1366,1366,false,Molly
1605,1605,false,Rex
735,735,false,Cookie
623,623,false,Rusty
1636,1636,false,Sassy
1318,1318,false,Casey
829,829,false,Jasper
18,18,false,Missy
711,711,false,Bubba
341,341,false,Chance
733,733,false,Taz
207,207,false,Rocky
1957,1957,false,Sassy
49,49,false,Sammy
1185,1185,false,Tucker
1130,1130,false,Buster
1009,1009,false,Bailey
1172,1172,false,Bailey
957,957,false,Gizmo
1985,1985,false,Milo
227,227,false,Abby
1384,1384,false,Coco
1956,1956,false,Bo
781,781,false,Dixie
770,770,false,Sasha
634,634,false,Mia
1552,1552,false,Lilly
1070,1070,false,Pepper
149,149,false,Gracie
1601,1601,false,Lexi
1832,1832,false,Lexi
280,280,false,Duke
719,719,false,Tyson
945,945,false,Rusty
1981,1981,false,Lexi
297,297,false,Brutus
1155,1155,false,Lola
135,135,false,Lady
1201,1201,false,Zoey
128,128,false,Murphy
74,74,false,Sasha
1386,1386,false,Tucker
1046,1046,false,Rocky
213,213,false,Penny
497,497,false,Bandit
903,903,false,Jasper
383,383,false,Chico
1829,1829,false,Max
1838,1838,false,Jasmine
190,190,false,Honey
239,239,false,Roxie
1129,1129,false,Lady
1351,1351,false,Abby
1441,1441,false,Lily
1674,1674,false,Snoopy
393,393,false,Lily
