appointment_id,location_id,employee_id,client_id,child_id,notes,has_specific_employee,start_time,end_time
2-273014,2,2-4,271,271,"",true,2020-07-20 22:04:45 UTC,
3-648906,3,3-6,1112,1112,Quisquam voluptatem quod.,false,2020-07-04 19:20:41 UTC,
1-329109,1,1-7,1697,1697,Sit adipisci accusamus.,true,2020-06-29 17:55:44 UTC,
2-891987,2,2-4,686,686,Odit est reiciendis.,false,2020-07-01 19:19:46 UTC,
3-886510,3,3-6,1960,1960,Qui et quia.,false,2020-07-27 19:58:24 UTC,
3-795091,3,3-6,725,725,"",true,2020-07-06 21:53:17 UTC,
3-324947,3,3-6,1139,1139,Repellendus cum ut.,true,2020-07-20 20:48:00 UTC,
2-191693,2,2-4,211,211,"",false,2020-07-08 19:35:24 UTC,
3-661077,3,3-6,676,676,Quis dicta qui.,true,2020-07-18 22:09:01 UTC,
3-367056,3,3-6,1574,1574,"",false,2020-07-10 21:04:21 UTC,
2-365131,2,2-4,369,369,"",false,2020-07-12 20:05:54 UTC,
1-911893,1,1-1,1412,1412,"",false,2020-07-30 21:31:20 UTC,
1-939521,1,1-3,866,866,"",false,2020-07-23 22:46:43 UTC,
1-985883,1,1-4,1649,1649,"",true,2020-07-29 18:31:20 UTC,
3-764205,3,3-6,871,871,Et vel odio.,true,2020-07-18 18:45:47 UTC,
2-759264,2,2-4,216,216,"",true,2020-07-16 21:21:00 UTC,
2-495284,2,2-4,1101,1101,"",false,2020-07-13 20:11:25 UTC,
2-863030,2,2-4,722,722,"",false,2020-07-21 21:31:00 UTC,
1-200094,1,1-7,1247,1247,"",false,2020-06-29 18:37:14 UTC,
3-716285,3,3-6,1186,1186,Est praesentium velit.,false,2020-07-01 19:19:42 UTC,
2-466603,2,2-4,1925,1925,"",true,2020-07-10 17:03:26 UTC,
2-533528,2,2-4,1318,1318,"",false,2020-07-25 22:28:32 UTC,
3-951161,3,3-5,20,20,Deleniti asperiores ea.,false,2020-08-06 22:23:14 UTC,
2-617855,2,2-4,258,258,"",false,2020-07-07 19:33:12 UTC,
2-136894,2,2-4,465,465,Asperiores soluta libero.,true,2020-07-25 17:21:15 UTC,
3-974383,3,3-7,1439,1439,Provident error eum.,true,2020-07-26 21:23:37 UTC,
2-696288,2,2-4,135,135,"",false,2020-07-11 18:59:14 UTC,
3-434166,3,3-6,860,860,"",false,2020-07-04 17:41:38 UTC,
3-788000,3,3-6,461,461,Facere laborum tempore.,true,2020-07-13 17:52:09 UTC,
3-438139,3,3-6,1033,1033,"",false,2020-07-09 17:53:02 UTC,
2-710150,2,2-4,723,723,Est rerum fugiat.,true,2020-07-21 22:52:13 UTC,
3-597638,3,3-6,430,430,Molestias sapiente saepe.,true,2020-07-17 19:48:04 UTC,
1-367714,1,1-7,873,873,"",false,2020-07-02 19:32:02 UTC,
2-774520,2,2-4,734,734,"",true,2020-07-05 22:32:42 UTC,
2-834406,2,2-4,327,327,"",true,2020-07-19 21:05:34 UTC,
3-976563,3,3-6,307,307,Minima modi occaecati.,false,2020-08-06 18:56:07 UTC,
2-264347,2,2-4,1752,1752,Eius est unde.,false,2020-06-30 22:37:37 UTC,
2-611069,2,2-4,2006,2006,Ea recusandae et.,false,2020-07-22 17:17:37 UTC,
2-392432,2,2-4,1686,1686,Nam natus porro.,true,2020-07-21 19:17:45 UTC,
2-569147,2,2-4,583,583,"",false,2020-07-02 17:49:03 UTC,
1-572809,1,1-7,1643,1643,"",true,2020-07-02 17:36:00 UTC,
2-459434,2,2-4,1777,1777,Error et modi.,true,2020-07-17 20:02:05 UTC,
2-283585,2,2-4,1274,1274,"",true,2020-07-07 17:13:15 UTC,
1-593569,1,1-7,892,892,Velit illum sunt.,true,2020-07-12 20:22:43 UTC,
3-319352,3,3-6,1998,1998,"",true,2020-07-18 18:43:47 UTC,
2-715192,2,2-4,351,351,Sed vel et.,true,2020-07-27 17:23:20 UTC,
2-698752,2,2-4,1731,1731,"",true,2020-07-12 17:20:58 UTC,
1-557829,1,1-7,1723,1723,Aspernatur quod praesentium.,false,2020-06-30 20:45:06 UTC,
2-778878,2,2-4,782,782,Laboriosam reiciendis sunt.,true,2020-07-09 21:41:19 UTC,
3-356180,3,3-6,382,382,Recusandae harum id.,true,2020-07-14 18:59:09 UTC,
3-703298,3,3-6,143,143,"",false,2020-07-08 18:23:28 UTC,
2-932190,2,2-2,424,424,"",true,2020-08-07 21:57:36 UTC,
2-443537,2,2-4,1827,1827,Omnis qui nihil.,false,2020-07-21 19:15:05 UTC,
2-892949,2,2-4,1999,1999,Suscipit magni nisi.,true,2020-07-09 21:53:21 UTC,
2-880610,2,2-4,63,63,Suscipit nulla beatae.,false,2020-06-28 18:03:22 UTC,
1-760549,1,1-7,1344,1344,Ea atque excepturi.,false,2020-07-13 20:21:10 UTC,
3-173271,3,3-6,328,328,Rem deserunt maxime.,true,2020-07-01 18:04:38 UTC,
2-619725,2,2-4,1977,1977,"",false,2020-07-22 22:56:30 UTC,
3-111193,3,3-6,1290,1290,Itaque aut quia.,true,2020-07-05 17:41:18 UTC,
2-627806,2,2-4,1572,1572,"",true,2020-07-14 17:13:52 UTC,
2-107995,2,2-4,1087,1087,"",false,2020-07-11 22:14:41 UTC,
3-948399,3,3-6,847,847,"",true,2020-07-24 18:23:29 UTC,
2-745314,2,2-4,934,934,Sit dolor voluptas.,false,2020-07-22 21:20:44 UTC,
1-145914,1,1-7,1030,1030,"",false,2020-07-09 22:05:55 UTC,
2-972346,2,2-1,1454,1454,Suscipit perferendis et.,true,2020-07-31 18:14:30 UTC,
3-792026,3,3-6,871,871,Quis unde est.,false,2020-07-14 18:22:38 UTC,
2-559160,2,2-4,949,949,"",false,2020-07-25 19:41:11 UTC,
2-600411,2,2-4,1877,1877,"",false,2020-07-03 19:48:55 UTC,
1-733691,1,1-7,602,602,"",false,2020-07-13 21:38:38 UTC,
2-235916,2,2-4,1028,1028,Dolor aut nemo.,false,2020-06-29 22:37:19 UTC,
3-397867,3,3-6,899,899,"",true,2020-07-15 22:00:24 UTC,
3-842115,3,3-6,578,578,"",true,2020-07-01 20:17:16 UTC,
3-513224,3,3-6,1588,1588,Exercitationem ipsum quam.,true,2020-07-10 17:16:47 UTC,
1-653028,1,1-7,172,172,Voluptas quo id.,true,2020-07-03 17:20:19 UTC,
1-772748,1,1-7,1805,1805,Necessitatibus quisquam ut.,true,2020-07-17 22:02:09 UTC,
1-559870,1,1-7,1624,1624,Blanditiis fuga impedit.,false,2020-07-14 17:12:44 UTC,
1-197007,1,1-7,1972,1972,Eveniet odio assumenda.,true,2020-07-04 22:47:05 UTC,
2-890708,2,2-4,1496,1496,"",true,2020-07-11 18:24:14 UTC,
3-866842,3,3-6,1284,1284,Distinctio quod incidunt.,true,2020-06-28 19:56:58 UTC,
2-855665,2,2-4,919,919,"",false,2020-07-20 17:31:49 UTC,
1-412584,1,1-7,1200,1200,"",false,2020-07-19 19:33:28 UTC,
1-136310,1,1-7,945,945,"",true,2020-07-15 21:52:02 UTC,
3-549489,3,3-6,1980,1980,Dolorem cumque fugiat.,false,2020-06-29 19:09:46 UTC,
3-166003,3,3-6,996,996,Dolores et in.,false,2020-07-24 18:42:44 UTC,
1-140122,1,1-7,1959,1959,"",true,2020-07-16 19:29:11 UTC,
3-985314,3,3-6,1076,1076,Dolores cupiditate ea.,false,2020-08-02 17:07:36 UTC,
3-769606,3,3-6,539,539,Cumque maxime voluptas.,false,2020-07-17 21:37:27 UTC,
3-955324,3,3-8,31,31,"",false,2020-07-29 17:34:54 UTC,
1-776996,1,1-7,1099,1099,"",true,2020-07-24 17:44:31 UTC,
2-382374,2,2-4,481,481,Earum vel ea.,true,2020-07-15 22:08:36 UTC,
1-415822,1,1-7,1632,1632,"",false,2020-07-19 17:35:49 UTC,
1-466476,1,1-7,818,818,Illo rerum doloribus.,true,2020-07-22 20:56:10 UTC,
2-875474,2,2-4,1075,1075,Ab asperiores ea.,true,2020-07-05 18:59:20 UTC,
1-899515,1,1-7,1080,1080,"",false,2020-06-28 20:31:27 UTC,
1-761596,1,1-7,1912,1912,Est cumque culpa.,false,2020-07-15 22:07:50 UTC,
1-493527,1,1-7,1185,1185,Ad harum fugit.,false,2020-07-17 20:23:08 UTC,
3-410748,3,3-6,1622,1622,"",false,2020-07-14 20:26:02 UTC,
1-273882,1,1-7,514,514,"",true,2020-07-06 20:25:46 UTC,
1-181351,1,1-7,805,805,Soluta illum ducimus.,false,2020-07-22 22:46:36 UTC,
3-142461,3,3-6,223,223,"",true,2020-07-08 17:02:13 UTC,
2-727774,2,2-4,397,397,Quo totam assumenda.,true,2020-07-15 19:12:51 UTC,
1-107503,1,1-7,1838,1838,Quibusdam reprehenderit et.,false,2020-07-09 21:54:38 UTC,
2-667085,2,2-4,1467,1467,"",true,2020-07-09 17:01:39 UTC,
3-699422,3,3-6,1172,1172,"",false,2020-06-28 17:07:36 UTC,
2-944765,2,2-2,123,123,"",true,2020-08-01 19:29:41 UTC,
2-447374,2,2-4,1899,1899,"",true,2020-07-27 18:53:41 UTC,
3-286579,3,3-6,1556,1556,Ut suscipit voluptatem.,false,2020-07-10 21:21:04 UTC,
1-268929,1,1-7,159,159,Necessitatibus officia sunt.,false,2020-07-05 19:14:31 UTC,
1-204754,1,1-7,932,932,"",true,2020-07-11 21:30:30 UTC,
2-145029,2,2-4,1035,1035,"",true,2020-07-15 19:54:57 UTC,
3-492857,3,3-6,1029,1029,"",true,2020-07-21 22:46:22 UTC,
3-956843,3,3-4,266,266,Reprehenderit quas voluptatem.,true,2020-07-24 18:24:31 UTC,
1-638834,1,1-7,1768,1768,"",true,2020-07-12 18:08:53 UTC,
2-930970,2,2-6,859,859,Magni itaque occaecati.,false,2020-07-24 17:48:13 UTC,
1-526808,1,1-7,662,662,"",true,2020-07-21 18:26:23 UTC,
1-878679,1,1-7,455,455,"",true,2020-07-14 21:05:39 UTC,
3-362829,3,3-6,1760,1760,"",true,2020-07-04 20:11:53 UTC,
1-412372,1,1-7,715,715,"",false,2020-07-01 21:11:33 UTC,
1-650442,1,1-7,515,515,"",true,2020-07-07 17:33:21 UTC,
1-355332,1,1-7,1966,1966,"",false,2020-06-29 22:04:45 UTC,
2-262072,2,2-4,109,109,"",false,2020-07-04 18:05:07 UTC,
2-543449,2,2-4,1220,1220,Sed ea quia.,false,2020-07-24 20:02:05 UTC,
1-143837,1,1-7,1108,1108,Vero et sequi.,true,2020-07-19 21:59:28 UTC,
1-888467,1,1-7,676,676,Aliquam quia commodi.,true,2020-07-11 18:46:47 UTC,
3-568768,3,3-6,1454,1454,"",false,2020-07-16 22:49:17 UTC,
1-895047,1,1-7,595,595,Quia id eos.,false,2020-07-08 19:31:10 UTC,
1-683511,1,1-7,480,480,Repudiandae dignissimos aut.,false,2020-07-03 17:22:42 UTC,
1-300851,1,1-7,1328,1328,Quia enim dicta.,false,2020-06-30 17:40:50 UTC,
3-717361,3,3-6,1651,1651,"",false,2020-07-10 17:31:01 UTC,
2-907611,2,2-4,481,481,Temporibus nostrum officia.,false,2020-07-23 18:56:49 UTC,
1-130707,1,1-7,328,328,Reprehenderit quia quia.,false,2020-07-02 17:44:25 UTC,
3-630735,3,3-6,1171,1171,Adipisci nobis quos.,true,2020-06-29 17:32:20 UTC,
1-420713,1,1-7,1175,1175,Sed assumenda natus.,true,2020-06-30 21:48:40 UTC,
2-952305,2,2-8,1967,1967,Vel omnis omnis.,true,2020-07-29 22:09:09 UTC,
3-668852,3,3-6,918,918,Reprehenderit ratione voluptatem.,false,2020-07-02 22:36:34 UTC,
2-719989,2,2-4,1474,1474,Possimus incidunt suscipit.,true,2020-07-23 21:53:19 UTC,
1-481871,1,1-7,1473,1473,Aut voluptates ipsa.,true,2020-07-15 18:34:54 UTC,
1-585104,1,1-7,704,704,"",false,2020-06-29 17:58:21 UTC,
1-805829,1,1-7,937,937,Laborum rerum ut.,false,2020-07-03 21:36:50 UTC,
3-222442,3,3-6,1828,1828,Quis non rerum.,false,2020-06-29 18:03:12 UTC,
1-510557,1,1-7,283,283,Possimus cum asperiores.,true,2020-07-20 20:48:20 UTC,
2-440602,2,2-4,2002,2002,"",true,2020-07-01 21:50:41 UTC,
3-948258,3,3-0,158,158,Autem esse et.,false,2020-07-28 21:16:36 UTC,
3-231766,3,3-6,1617,1617,"",false,2020-07-26 20:27:11 UTC,
1-624345,1,1-7,1395,1395,Dolorem rerum similique.,false,2020-07-25 17:38:23 UTC,
1-636551,1,1-7,1725,1725,"",true,2020-07-15 18:07:05 UTC,
3-191550,3,3-6,53,53,Aut fugiat eos.,true,2020-07-10 19:02:57 UTC,
3-300686,3,3-6,240,240,"",false,2020-07-24 17:18:17 UTC,
1-448909,1,1-7,373,373,Dolorem et recusandae.,false,2020-06-29 20:13:10 UTC,
1-301915,1,1-7,1837,1837,Ut qui voluptatem.,true,2020-06-29 21:01:48 UTC,
1-146370,1,1-7,1847,1847,"",false,2020-07-08 21:21:37 UTC,
2-223179,2,2-4,1265,1265,Rem eveniet sed.,true,2020-07-13 17:37:50 UTC,
3-896475,3,3-6,1808,1808,"",false,2020-07-25 18:43:32 UTC,
3-275915,3,3-6,7,7,Et facilis dicta.,false,2020-07-11 18:11:08 UTC,
2-740830,2,2-4,455,455,Optio et soluta.,true,2020-07-23 22:44:35 UTC,
1-749684,1,1-7,1957,1957,Voluptas minus omnis.,false,2020-07-27 18:07:18 UTC,
1-537751,1,1-7,1530,1530,Quidem est ipsum.,false,2020-07-06 22:08:42 UTC,
1-694013,1,1-7,1340,1340,Aperiam sed et.,false,2020-07-08 17:26:22 UTC,
3-369938,3,3-6,1965,1965,Qui sequi ipsa.,false,2020-07-09 18:23:51 UTC,
1-239825,1,1-7,976,976,"",true,2020-07-06 18:40:27 UTC,
3-519049,3,3-6,1376,1376,Repellat reprehenderit labore.,true,2020-07-10 17:21:09 UTC,
2-988051,2,2-4,198,198,"",true,2020-08-06 21:39:56 UTC,
1-556740,1,1-7,218,218,Qui occaecati nisi.,true,2020-07-15 18:27:17 UTC,
1-840246,1,1-7,1664,1664,Recusandae possimus quia.,true,2020-07-25 22:32:01 UTC,
3-544961,3,3-6,814,814,Nesciunt et dolorem.,false,2020-07-12 18:28:34 UTC,
3-294741,3,3-6,1777,1777,Rerum quia rerum.,false,2020-07-21 22:07:07 UTC,
1-512085,1,1-7,632,632,"",true,2020-07-20 20:14:29 UTC,
1-378082,1,1-7,1038,1038,Voluptatem sit autem.,true,2020-07-09 19:34:32 UTC,
1-205055,1,1-7,1593,1593,"",false,2020-07-13 17:36:33 UTC,
1-228402,1,1-7,1505,1505,"",true,2020-07-05 18:31:58 UTC,
1-326036,1,1-7,1278,1278,"",true,2020-07-03 17:43:39 UTC,
2-804202,2,2-4,1108,1108,Commodi voluptatem excepturi.,true,2020-07-05 19:16:33 UTC,
1-658150,1,1-7,340,340,Omnis mollitia voluptatem.,false,2020-07-19 18:36:14 UTC,
3-782675,3,3-6,555,555,Ea eius voluptas.,false,2020-07-12 17:29:29 UTC,
3-375713,3,3-6,454,454,Vel ratione labore.,false,2020-07-02 22:04:28 UTC,
1-366510,1,1-7,445,445,Officiis adipisci cupiditate.,true,2020-07-02 18:44:21 UTC,
1-802280,1,1-7,1382,1382,"",true,2020-07-08 17:51:44 UTC,
2-890082,2,2-4,626,626,Consequatur commodi consequatur.,false,2020-07-15 19:35:12 UTC,
1-507372,1,1-7,1208,1208,"",true,2020-07-14 17:01:41 UTC,
2-823863,2,2-4,669,669,"",true,2020-07-16 18:27:38 UTC,
2-182450,2,2-4,1552,1552,Praesentium tempora aliquam.,true,2020-07-17 17:18:38 UTC,
2-913534,2,2-5,1957,1957,Voluptatem iste voluptas.,true,2020-08-05 18:52:05 UTC,
1-747579,1,1-7,1235,1235,Sed qui voluptatem.,true,2020-07-10 22:59:28 UTC,
2-236153,2,2-4,1915,1915,"",true,2020-07-11 19:16:02 UTC,
3-147548,3,3-6,693,693,Vero voluptatem voluptatem.,false,2020-07-26 19:12:36 UTC,
2-406622,2,2-4,1445,1445,"",true,2020-07-04 22:34:37 UTC,
1-804256,1,1-7,175,175,"",true,2020-07-10 18:40:32 UTC,
2-453914,2,2-4,130,130,Saepe molestiae omnis.,false,2020-07-15 19:04:03 UTC,
1-457658,1,1-7,1478,1478,"",true,2020-07-06 17:04:39 UTC,
3-575798,3,3-6,559,559,"",true,2020-07-12 21:41:27 UTC,
3-583270,3,3-6,4,4,In iure eum.,false,2020-07-20 19:27:54 UTC,
1-145008,1,1-7,90,90,Inventore amet vel.,false,2020-06-28 21:13:31 UTC,
1-206643,1,1-7,1154,1154,"",false,2020-07-02 18:23:20 UTC,
2-490247,2,2-4,1325,1325,"",true,2020-07-20 19:12:24 UTC,
2-191168,2,2-4,66,66,Et occaecati qui.,false,2020-06-28 18:51:12 UTC,
2-893919,2,2-4,1008,1008,Sit veniam autem.,true,2020-07-24 21:51:23 UTC,
2-590553,2,2-4,1528,1528,Impedit dolorum sapiente.,true,2020-07-04 18:09:59 UTC,
2-162691,2,2-4,665,665,"",true,2020-07-27 22:49:55 UTC,
3-284211,3,3-6,450,450,"",true,2020-07-13 18:08:05 UTC,
3-920745,3,3-0,1318,1318,Quo sit aut.,false,2020-08-07 22:27:09 UTC,
3-546737,3,3-6,55,55,Placeat iste totam.,true,2020-07-02 21:12:52 UTC,
3-197368,3,3-6,876,876,Omnis sed libero.,false,2020-07-17 22:54:55 UTC,
2-245638,2,2-4,1741,1741,Aut quibusdam commodi.,false,2020-07-10 19:15:01 UTC,
3-212108,3,3-6,1448,1448,Magnam eaque ducimus.,true,2020-06-28 18:43:21 UTC,
3-234436,3,3-6,73,73,Sint quas id.,false,2020-06-28 20:18:34 UTC,
3-411607,3,3-6,775,775,In suscipit sed.,false,2020-07-03 22:09:51 UTC,
3-187944,3,3-6,1533,1533,"",true,2020-07-26 17:22:01 UTC,
1-902847,1,1-8,1377,1377,"",true,2020-08-06 19:29:37 UTC,
1-975672,1,1-4,89,89,Dolorem dolorem magni.,false,2020-07-26 20:22:04 UTC,
2-913696,2,2-5,1227,1227,Repudiandae expedita dolorem.,false,2020-08-07 22:26:58 UTC,
3-362040,3,3-6,1947,1947,"",false,2020-07-21 20:27:43 UTC,
2-514466,2,2-4,1662,1662,Voluptatem unde deserunt.,true,2020-07-11 20:55:27 UTC,
2-346777,2,2-4,827,827,Fuga qui id.,true,2020-07-10 19:29:00 UTC,
2-431398,2,2-4,156,156,Vel et aut.,false,2020-07-01 19:11:49 UTC,
2-840026,2,2-4,822,822,"",true,2020-07-17 20:04:37 UTC,
2-207219,2,2-4,800,800,"",false,2020-07-08 18:45:17 UTC,
3-830265,3,3-6,1155,1155,"",true,2020-06-30 17:00:46 UTC,
3-911086,3,3-1,840,840,"",true,2020-07-29 21:12:47 UTC,
2-168298,2,2-4,886,886,"",false,2020-07-21 22:57:06 UTC,
1-650397,1,1-7,898,898,Tenetur hic deserunt.,false,2020-07-01 21:12:48 UTC,
1-975528,1,1-4,126,126,Incidunt aspernatur doloremque.,true,2020-07-23 21:07:39 UTC,
1-223118,1,1-7,907,907,"",false,2020-07-15 20:21:36 UTC,
3-771729,3,3-6,955,955,"",false,2020-07-27 22:54:08 UTC,
3-326846,3,3-6,436,436,"",true,2020-06-28 20:46:10 UTC,
1-900596,1,1-0,1775,1775,"",false,2020-08-02 20:50:48 UTC,
3-538784,3,3-6,51,51,"",false,2020-07-07 21:27:25 UTC,
1-744434,1,1-7,834,834,"",false,2020-07-17 20:22:14 UTC,
3-167459,3,3-6,1149,1149,Aut laudantium quis.,true,2020-07-24 19:53:15 UTC,
1-444328,1,1-7,483,483,Provident sint aut.,false,2020-06-28 21:16:05 UTC,
1-760133,1,1-7,1126,1126,"",false,2020-07-26 21:13:39 UTC,
1-926284,1,1-7,1224,1224,Eaque voluptas et.,false,2020-08-07 20:04:23 UTC,
2-795075,2,2-4,764,764,Cumque minus voluptatem.,false,2020-07-12 22:16:54 UTC,
1-938712,1,1-5,1160,1160,Facere iure adipisci.,false,2020-08-06 18:36:43 UTC,
2-694439,2,2-4,671,671,"",true,2020-07-27 22:34:30 UTC,
1-972698,1,1-5,1587,1587,Eos et deleniti.,true,2020-08-07 17:35:57 UTC,
2-982110,2,2-7,1707,1707,"",true,2020-07-23 21:56:44 UTC,
1-930672,1,1-3,1739,1739,"",false,2020-08-03 18:26:14 UTC,
1-724690,1,1-7,450,450,"",false,2020-07-19 22:52:14 UTC,
1-411166,1,1-7,1493,1493,Occaecati aut adipisci.,false,2020-07-14 18:58:20 UTC,
3-680761,3,3-6,997,997,Est corrupti modi.,false,2020-07-01 18:51:38 UTC,
2-610405,2,2-4,1674,1674,"",true,2020-07-16 21:26:28 UTC,
2-680866,2,2-4,319,319,Animi perferendis tempore.,false,2020-07-22 19:21:45 UTC,
1-122653,1,1-7,118,118,"",false,2020-07-23 22:25:35 UTC,
3-740046,3,3-6,285,285,"",false,2020-07-05 21:19:42 UTC,
1-963558,1,1-7,477,477,"",false,2020-07-25 19:06:20 UTC,
3-289675,3,3-6,416,416,"",false,2020-07-15 20:13:22 UTC,
3-451539,3,3-6,625,625,"",false,2020-07-07 20:21:38 UTC,
2-675743,2,2-4,987,987,"",false,2020-07-25 22:35:16 UTC,
1-968677,1,1-0,314,314,Qui ea porro.,false,2020-07-30 17:33:32 UTC,
2-589274,2,2-4,517,517,Ut repudiandae et.,true,2020-06-29 19:05:00 UTC,
2-393380,2,2-4,877,877,"",false,2020-07-24 21:43:07 UTC,
2-725554,2,2-4,1354,1354,Rerum officiis sit.,false,2020-07-01 21:11:41 UTC,
1-629965,1,1-7,11,11,"",false,2020-07-10 22:19:15 UTC,
3-880566,3,3-6,1326,1326,"",false,2020-07-19 20:41:22 UTC,
1-971598,1,1-8,1919,1919,Nam maxime quaerat.,true,2020-07-23 19:57:57 UTC,
2-816782,2,2-4,964,964,"",false,2020-07-09 20:22:35 UTC,
3-769204,3,3-6,1099,1099,Voluptatum quis dolores.,false,2020-07-23 20:11:26 UTC,
1-541139,1,1-7,1220,1220,Consequatur qui magnam.,false,2020-07-16 20:26:08 UTC,
2-766794,2,2-4,673,673,Nihil dolore ab.,true,2020-07-10 19:27:44 UTC,
3-768712,3,3-6,1558,1558,Soluta debitis qui.,false,2020-07-25 22:10:36 UTC,
3-504601,3,3-6,951,951,"",false,2020-07-09 19:18:33 UTC,
1-315403,1,1-7,1953,1953,Quis enim rem.,true,2020-07-09 17:04:40 UTC,
2-769907,2,2-4,1790,1790,Facilis voluptatum quibusdam.,false,2020-07-27 19:38:49 UTC,
3-322717,3,3-6,189,189,Doloribus reiciendis vel.,true,2020-07-27 19:46:34 UTC,
3-154128,3,3-6,1401,1401,Perferendis deleniti suscipit.,true,2020-07-16 22:44:54 UTC,
2-740288,2,2-4,1907,1907,Omnis culpa expedita.,true,2020-07-12 18:26:00 UTC,
1-925365,1,1-0,876,876,Hic qui eligendi.,false,2020-08-06 22:09:35 UTC,
3-897458,3,3-6,617,617,Harum dolores officiis.,false,2020-07-14 22:12:47 UTC,
2-356604,2,2-4,142,142,Officiis ab amet.,false,2020-07-04 20:30:29 UTC,
3-544733,3,3-6,780,780,Id iste at.,false,2020-06-29 22:17:12 UTC,
2-615029,2,2-4,1768,1768,"",true,2020-07-25 22:06:10 UTC,
2-622052,2,2-4,1046,1046,"",false,2020-07-18 20:52:02 UTC,
2-493408,2,2-4,589,589,"",true,2020-07-14 18:53:53 UTC,
2-317012,2,2-4,244,244,"",true,2020-07-02 21:24:01 UTC,
1-253676,1,1-7,710,710,Aut sunt fuga.,true,2020-07-16 18:41:00 UTC,
2-244573,2,2-4,1516,1516,Officiis consequatur tempora.,true,2020-07-22 18:26:00 UTC,
2-950650,2,2-5,1711,1711,"",false,2020-08-06 18:24:37 UTC,
2-206203,2,2-4,1135,1135,Ea autem magni.,true,2020-07-10 20:41:01 UTC,
2-416187,2,2-4,1381,1381,"",false,2020-07-01 17:08:17 UTC,
1-547002,1,1-7,1385,1385,Id nulla similique.,false,2020-06-28 17:49:34 UTC,
2-966172,2,2-4,1135,1135,"",false,2020-08-04 20:05:13 UTC,
2-503115,2,2-4,277,277,Corrupti necessitatibus aperiam.,true,2020-07-26 18:13:10 UTC,
2-837266,2,2-4,1740,1740,Et praesentium vitae.,true,2020-07-12 17:31:29 UTC,
2-453568,2,2-4,1551,1551,"",true,2020-07-04 18:30:12 UTC,
2-502804,2,2-4,398,398,"",true,2020-07-05 17:01:11 UTC,
1-691648,1,1-7,1048,1048,Corporis dolores debitis.,true,2020-06-29 22:14:44 UTC,
3-523993,3,3-6,1856,1856,Consequuntur rerum quia.,false,2020-07-19 20:03:04 UTC,
1-693012,1,1-7,939,939,Minima aut inventore.,false,2020-07-13 22:37:11 UTC,
1-407940,1,1-7,1283,1283,"",true,2020-07-17 20:30:21 UTC,
2-692416,2,2-4,986,986,"",true,2020-07-10 22:07:39 UTC,
2-468361,2,2-4,63,63,"",false,2020-07-13 22:02:10 UTC,
3-269915,3,3-6,88,88,Non animi recusandae.,true,2020-07-03 19:01:42 UTC,
3-408539,3,3-6,725,725,Odio itaque maxime.,true,2020-07-15 18:21:40 UTC,
3-845050,3,3-6,430,430,Doloribus enim quia.,true,2020-07-11 22:09:24 UTC,
3-958066,3,3-4,625,625,"",false,2020-07-26 21:17:20 UTC,
3-379304,3,3-6,748,748,"",true,2020-07-27 17:54:17 UTC,
2-139689,2,2-4,1062,1062,"",false,2020-07-12 20:50:21 UTC,
3-226479,3,3-6,75,75,"",false,2020-07-13 18:10:25 UTC,
3-401197,3,3-6,1310,1310,"",true,2020-06-28 21:07:11 UTC,
2-574263,2,2-4,1359,1359,Esse reiciendis sed.,true,2020-07-05 21:02:10 UTC,
3-721977,3,3-6,1948,1948,Sit hic qui.,true,2020-07-15 22:22:56 UTC,
3-681868,3,3-6,680,680,"",true,2020-07-25 21:54:37 UTC,
3-166865,3,3-6,56,56,Magnam ex aut.,true,2020-07-26 19:05:48 UTC,
3-689030,3,3-6,1787,1787,Sed doloremque vel.,false,2020-07-14 17:18:20 UTC,
2-412735,2,2-4,1740,1740,Molestiae voluptate fugiat.,false,2020-07-14 20:41:48 UTC,
1-804372,1,1-7,1235,1235,Et quis aperiam.,true,2020-07-18 17:17:18 UTC,
2-291332,2,2-4,1170,1170,Ut aut qui.,true,2020-07-22 18:00:42 UTC,
2-212194,2,2-4,950,950,"",false,2020-07-18 18:41:09 UTC,
1-224985,1,1-7,196,196,"",false,2020-07-16 18:01:53 UTC,
3-625825,3,3-6,752,752,Eos similique est.,true,2020-06-30 22:56:08 UTC,
1-543767,1,1-7,1942,1942,Laboriosam est aut.,true,2020-07-26 19:11:00 UTC,
1-108983,1,1-7,1499,1499,"",false,2020-07-10 19:43:29 UTC,
1-460700,1,1-7,1788,1788,"",false,2020-07-13 20:09:24 UTC,
1-918107,1,1-3,1873,1873,"",false,2020-08-04 20:56:21 UTC,
1-837855,1,1-7,783,783,"",true,2020-07-12 18:19:42 UTC,
2-618684,2,2-4,1108,1108,Ea natus quia.,false,2020-07-07 21:58:04 UTC,
2-587415,2,2-4,435,435,Eligendi a at.,false,2020-07-04 22:27:58 UTC,
3-296027,3,3-6,533,533,"",true,2020-07-13 20:37:39 UTC,
1-406057,1,1-7,501,501,"",false,2020-07-03 17:28:05 UTC,
3-722824,3,3-6,184,184,"",true,2020-07-22 18:23:54 UTC,
3-910218,3,3-1,397,397,Repellendus enim qui.,false,2020-07-26 21:50:34 UTC,
2-483043,2,2-4,1258,1258,Eum laborum a.,false,2020-07-10 18:37:27 UTC,
2-971853,2,2-5,621,621,"",true,2020-07-25 18:46:50 UTC,
3-648132,3,3-6,1893,1893,"",true,2020-06-28 17:39:06 UTC,
1-161581,1,1-7,1738,1738,Recusandae eius eum.,true,2020-07-03 21:28:35 UTC,
1-104725,1,1-7,200,200,"",false,2020-07-07 20:11:35 UTC,
3-279075,3,3-6,1838,1838,Corrupti adipisci facilis.,false,2020-07-11 20:42:55 UTC,
1-409017,1,1-7,1596,1596,Eos natus illo.,true,2020-07-25 22:19:10 UTC,
2-794099,2,2-4,580,580,"",false,2020-07-14 20:11:22 UTC,
2-955133,2,2-6,340,340,"",true,2020-07-31 22:06:24 UTC,
2-161289,2,2-4,1832,1832,Voluptatem neque est.,false,2020-06-29 21:03:04 UTC,
3-542744,3,3-6,1575,1575,Velit minima ipsam.,true,2020-07-05 20:06:55 UTC,
2-639336,2,2-4,1180,1180,Quo fugit aut.,false,2020-07-20 18:12:20 UTC,
3-458326,3,3-6,51,51,Architecto voluptatum iusto.,true,2020-07-03 19:19:48 UTC,
2-744961,2,2-4,177,177,"",false,2020-07-20 22:21:38 UTC,
1-740158,1,1-7,1193,1193,Hic quaerat cum.,false,2020-07-21 22:09:28 UTC,
2-464719,2,2-4,1702,1702,Ut similique et.,true,2020-07-25 17:37:20 UTC,
2-895997,2,2-4,486,486,"",true,2020-07-22 17:21:05 UTC,
2-137760,2,2-4,444,444,Molestiae cumque asperiores.,false,2020-07-09 18:33:01 UTC,
3-883783,3,3-6,1948,1948,Ipsam ab molestiae.,false,2020-07-11 19:59:15 UTC,
2-304657,2,2-4,1142,1142,"",true,2020-07-20 21:50:49 UTC,
2-262971,2,2-4,628,628,"",true,2020-07-20 17:39:16 UTC,
2-115879,2,2-4,601,601,"",false,2020-07-11 18:36:43 UTC,
2-246411,2,2-4,212,212,Rerum placeat animi.,true,2020-07-24 21:44:05 UTC,
2-614087,2,2-4,1615,1615,"",false,2020-06-29 20:09:08 UTC,
1-294912,1,1-7,1114,1114,Ratione sit ut.,false,2020-07-02 18:57:46 UTC,
2-945177,2,2-0,1201,1201,"",true,2020-08-04 21:54:22 UTC,
2-456895,2,2-4,1880,1880,Error eum excepturi.,true,2020-07-04 17:14:21 UTC,
3-499776,3,3-6,1058,1058,Sunt aut omnis.,false,2020-07-04 20:34:52 UTC,
3-571069,3,3-6,1672,1672,"",true,2020-06-29 17:45:08 UTC,
1-260635,1,1-7,1444,1444,"",false,2020-07-24 20:59:09 UTC,
1-206740,1,1-7,924,924,Ea voluptatum nostrum.,false,2020-07-23 17:38:10 UTC,
2-863604,2,2-4,1289,1289,Id a necessitatibus.,true,2020-07-14 20:12:59 UTC,
1-653855,1,1-7,1894,1894,"",true,2020-07-12 19:57:19 UTC,
2-987036,2,2-1,1642,1642,Autem cupiditate aperiam.,true,2020-07-24 17:53:39 UTC,
3-470422,3,3-6,656,656,"",false,2020-07-07 22:03:07 UTC,
3-510990,3,3-6,1348,1348,"",false,2020-07-18 18:21:50 UTC,
3-899496,3,3-6,373,373,"",true,2020-07-12 19:26:40 UTC,
2-749755,2,2-4,175,175,Et magni quam.,false,2020-06-29 19:01:41 UTC,
3-643934,3,3-6,1566,1566,Soluta quia in.,true,2020-07-06 21:19:55 UTC,
2-826883,2,2-4,248,248,"",true,2020-06-28 22:57:55 UTC,
3-188933,3,3-6,315,315,Est assumenda asperiores.,false,2020-07-09 17:58:04 UTC,
3-934169,3,3-6,874,874,"",true,2020-07-24 18:50:43 UTC,
2-377468,2,2-4,358,358,"",true,2020-07-08 20:32:06 UTC,
1-104540,1,1-7,1041,1041,Quis facilis perferendis.,true,2020-06-30 20:13:05 UTC,
3-208173,3,3-6,365,365,Soluta sunt aliquam.,true,2020-06-30 22:19:42 UTC,
3-143534,3,3-6,1847,1847,"",true,2020-07-17 18:56:38 UTC,
1-313737,1,1-7,552,552,"",false,2020-07-15 20:28:01 UTC,
3-402319,3,3-6,1406,1406,"",true,2020-07-25 21:50:06 UTC,
3-278500,3,3-6,204,204,Nostrum et cum.,false,2020-07-12 21:07:36 UTC,
2-751690,2,2-4,1142,1142,Repellat neque distinctio.,false,2020-07-06 19:27:13 UTC,
1-106215,1,1-7,1564,1564,"",false,2020-06-30 20:23:41 UTC,
1-396851,1,1-7,1337,1337,"",false,2020-07-23 20:45:12 UTC,
3-876893,3,3-6,1870,1870,"",true,2020-06-30 20:03:09 UTC,
3-482730,3,3-6,1049,1049,Et non ut.,true,2020-07-14 22:18:52 UTC,
3-790758,3,3-6,449,449,Maiores cumque vero.,false,2020-07-11 17:49:08 UTC,
1-371448,1,1-7,1418,1418,Nam et nihil.,true,2020-07-10 17:53:50 UTC,
2-640395,2,2-4,1083,1083,Quod aut optio.,true,2020-07-05 17:58:34 UTC,
1-144234,1,1-7,263,263,"",true,2020-07-08 19:07:47 UTC,
1-106404,1,1-7,1084,1084,Repellendus inventore tempora.,false,2020-06-28 22:08:21 UTC,
3-279917,3,3-6,539,539,Omnis minus voluptatem.,false,2020-07-26 20:11:12 UTC,
1-863144,1,1-7,1838,1838,"",false,2020-07-12 22:27:43 UTC,
3-117838,3,3-6,151,151,Ut amet possimus.,false,2020-07-06 19:50:49 UTC,
3-101421,3,3-6,913,913,Atque id nulla.,false,2020-07-06 18:59:38 UTC,
3-539258,3,3-6,1621,1621,"",false,2020-07-09 21:12:49 UTC,
2-674309,2,2-4,1166,1166,Totam rerum eaque.,false,2020-07-08 19:21:01 UTC,
2-944532,2,2-6,572,572,"",true,2020-07-31 21:26:16 UTC,
2-183137,2,2-4,436,436,Fuga quam veniam.,true,2020-07-21 22:00:07 UTC,
1-953178,1,1-5,684,684,Non eos cumque.,true,2020-08-04 20:20:04 UTC,
1-638013,1,1-7,370,370,"",true,2020-07-16 19:24:07 UTC,
1-248728,1,1-7,1826,1826,"",true,2020-07-17 19:27:34 UTC,
2-765360,2,2-4,836,836,"",true,2020-07-05 17:30:37 UTC,
1-134600,1,1-7,186,186,"",false,2020-07-06 20:24:21 UTC,
1-418937,1,1-7,156,156,Omnis rerum distinctio.,true,2020-07-08 20:00:27 UTC,
3-406747,3,3-6,1854,1854,Modi aut perferendis.,true,2020-07-04 17:13:51 UTC,
3-166963,3,3-6,1138,1138,"",false,2020-07-24 21:29:42 UTC,
2-649514,2,2-4,1792,1792,Quis laborum maiores.,true,2020-07-12 21:36:40 UTC,
2-578736,2,2-4,1977,1977,"",true,2020-07-09 19:29:25 UTC,
2-960632,2,2-3,989,989,Ut quia illo.,true,2020-07-31 22:46:44 UTC,
2-353051,2,2-4,458,458,Repellendus rerum incidunt.,false,2020-07-10 21:31:57 UTC,
3-312097,3,3-6,259,259,"",true,2020-07-01 22:44:29 UTC,
3-699143,3,3-6,1184,1184,"",true,2020-07-09 19:58:06 UTC,
1-421305,1,1-7,1639,1639,Suscipit ut ducimus.,true,2020-06-30 21:44:42 UTC,
3-751903,3,3-6,557,557,"",false,2020-07-15 21:33:01 UTC,
1-662023,1,1-7,757,757,Aut iusto unde.,true,2020-07-10 17:55:27 UTC,
1-309483,1,1-7,285,285,Eos et suscipit.,true,2020-07-06 17:15:22 UTC,
2-254289,2,2-4,145,145,Eligendi ipsa similique.,false,2020-07-27 21:18:37 UTC,
1-595361,1,1-7,271,271,Rerum quis ut.,true,2020-07-27 18:08:19 UTC,
2-893193,2,2-4,1838,1838,In beatae quia.,false,2020-07-17 22:46:23 UTC,
3-583053,3,3-6,1066,1066,"",true,2020-07-03 17:34:22 UTC,
1-979922,1,1-9,81,81,Illo sunt non.,true,2020-07-27 17:03:21 UTC,
2-751396,2,2-4,43,43,Et enim dolorem.,true,2020-07-06 21:29:55 UTC,
1-795863,1,1-7,1114,1114,"",true,2020-07-21 19:49:17 UTC,
2-112663,2,2-4,298,298,"",false,2020-07-26 20:29:02 UTC,
1-198836,1,1-7,1093,1093,Corrupti accusamus veniam.,false,2020-07-07 18:26:11 UTC,
2-687217,2,2-4,1795,1795,"",false,2020-07-24 19:48:24 UTC,
1-343467,1,1-7,1508,1508,Molestiae dolores perspiciatis.,false,2020-07-10 20:17:48 UTC,
2-860483,2,2-4,917,917,"",true,2020-06-30 22:23:29 UTC,
1-978446,1,1-2,1345,1345,Et ut non.,true,2020-07-26 22:29:30 UTC,
1-734752,1,1-7,1062,1062,"",true,2020-07-11 19:57:42 UTC,
2-144352,2,2-4,718,718,"",true,2020-07-13 17:16:51 UTC,
1-411514,1,1-7,956,956,"",false,2020-06-29 22:42:18 UTC,
2-546824,2,2-4,1282,1282,Amet et exercitationem.,false,2020-07-13 21:12:43 UTC,
2-972462,2,2-0,1392,1392,Non ullam impedit.,true,2020-08-07 21:55:28 UTC,
3-176277,3,3-6,707,707,Incidunt rerum doloremque.,false,2020-07-17 17:47:00 UTC,
2-331214,2,2-4,1986,1986,Sint dolorem sunt.,false,2020-07-14 20:06:08 UTC,
3-301628,3,3-6,1452,1452,Qui nihil quibusdam.,true,2020-06-29 17:59:13 UTC,
3-290224,3,3-6,152,152,"",true,2020-07-13 21:34:11 UTC,
3-757942,3,3-6,1759,1759,"",false,2020-07-19 21:57:24 UTC,
1-473977,1,1-7,1018,1018,"",true,2020-06-28 22:50:14 UTC,
1-861916,1,1-7,1211,1211,"",true,2020-06-29 20:44:10 UTC,
3-979321,3,3-1,611,611,"",true,2020-07-25 18:23:08 UTC,
3-436756,3,3-6,475,475,"",true,2020-06-29 17:20:13 UTC,
3-413196,3,3-6,181,181,"",true,2020-07-12 20:46:09 UTC,
2-369492,2,2-4,1433,1433,Ipsa omnis voluptate.,false,2020-07-08 21:40:57 UTC,
2-621699,2,2-4,816,816,"",false,2020-07-12 17:03:18 UTC,
1-530955,1,1-7,517,517,"",false,2020-07-08 18:10:50 UTC,
2-684512,2,2-4,683,683,Incidunt eum laborum.,true,2020-07-11 20:36:45 UTC,
1-789738,1,1-7,194,194,Et assumenda ut.,true,2020-07-23 21:58:26 UTC,
2-806145,2,2-4,1737,1737,"",false,2020-07-14 20:32:45 UTC,
3-602392,3,3-6,2004,2004,"",false,2020-07-16 20:25:54 UTC,
3-886480,3,3-6,697,697,Quae occaecati est.,false,2020-07-12 20:39:27 UTC,
2-790096,2,2-4,325,325,Aliquam vero consequuntur.,true,2020-07-10 17:01:01 UTC,
3-627961,3,3-6,461,461,Nihil ad aut.,true,2020-07-09 21:32:48 UTC,
2-907779,2,2-6,318,318,At unde et.,true,2020-08-06 17:00:29 UTC,
3-147757,3,3-6,1320,1320,Officia voluptate id.,true,2020-07-25 19:09:26 UTC,
1-593519,1,1-7,1843,1843,"",false,2020-07-25 17:02:02 UTC,
2-632596,2,2-4,1196,1196,"",false,2020-06-29 20:08:11 UTC,
1-105559,1,1-7,385,385,Placeat sint ut.,true,2020-07-14 19:15:52 UTC,
1-747805,1,1-7,1378,1378,Quisquam ea qui.,false,2020-07-06 19:41:46 UTC,
2-988555,2,2-7,867,867,"",true,2020-07-27 19:08:05 UTC,
2-758831,2,2-4,863,863,"",true,2020-07-19 20:27:24 UTC,
1-429821,1,1-7,1983,1983,Nostrum praesentium in.,false,2020-07-13 21:19:53 UTC,
3-956346,3,3-3,614,614,Doloribus ipsum qui.,false,2020-08-07 19:10:19 UTC,
3-982641,3,3-3,1147,1147,"",false,2020-07-26 17:23:39 UTC,
1-680573,1,1-7,1311,1311,"",false,2020-07-04 19:10:40 UTC,
1-682312,1,1-7,1885,1885,Ut voluptas fugit.,true,2020-07-12 19:47:37 UTC,
2-352303,2,2-4,444,444,"",true,2020-07-01 18:47:45 UTC,
2-500908,2,2-4,1787,1787,Amet eum illum.,true,2020-07-03 19:39:57 UTC,
3-853640,3,3-6,1594,1594,Quisquam ex aut.,false,2020-07-12 19:06:17 UTC,
1-173615,1,1-7,203,203,"",true,2020-07-22 17:48:37 UTC,
1-599842,1,1-7,1098,1098,Voluptas sequi facilis.,true,2020-07-24 17:34:08 UTC,
1-164377,1,1-7,156,156,"",false,2020-07-21 21:16:23 UTC,
2-571705,2,2-4,1479,1479,"",false,2020-07-08 17:19:08 UTC,
2-363469,2,2-4,1936,1936,"",false,2020-07-24 22:52:30 UTC,
3-779003,3,3-6,778,778,"",false,2020-07-20 17:10:24 UTC,
2-158146,2,2-4,7,7,"",true,2020-07-05 18:24:50 UTC,
2-566872,2,2-4,1686,1686,Ea provident sint.,true,2020-07-17 21:03:17 UTC,
3-304976,3,3-6,60,60,"",true,2020-07-02 18:14:17 UTC,
3-348679,3,3-6,446,446,"",true,2020-07-15 20:41:25 UTC,
3-850461,3,3-6,1502,1502,Et aperiam ullam.,true,2020-07-13 17:32:27 UTC,
3-698129,3,3-6,1893,1893,Natus corporis est.,true,2020-07-01 20:42:50 UTC,
2-929776,2,2-4,424,424,Quam laudantium magni.,false,2020-08-07 22:40:39 UTC,
2-956328,2,2-6,1046,1046,"",true,2020-07-24 20:05:19 UTC,
1-695124,1,1-7,985,985,Aut tempora quo.,true,2020-07-25 18:15:28 UTC,
1-566112,1,1-7,1968,1968,"",false,2020-07-23 17:00:49 UTC,
2-962292,2,2-4,1954,1954,Molestias harum adipisci.,false,2020-07-28 21:52:18 UTC,
3-758994,3,3-6,1473,1473,"",true,2020-07-25 22:23:36 UTC,
2-954000,2,2-4,208,208,"",true,2020-07-27 22:22:21 UTC,
3-156692,3,3-6,258,258,Temporibus et dolorem.,true,2020-07-27 18:08:27 UTC,
2-944724,2,2-1,1773,1773,"",false,2020-07-24 17:33:28 UTC,
1-538968,1,1-7,514,514,Ullam dolores quam.,true,2020-07-11 21:55:49 UTC,
3-627297,3,3-6,1441,1441,Enim veritatis veniam.,false,2020-07-01 19:52:56 UTC,
1-863109,1,1-7,91,91,Repudiandae enim repellendus.,false,2020-07-06 21:20:22 UTC,
3-562696,3,3-6,1364,1364,"",true,2020-07-23 21:11:45 UTC,
1-672413,1,1-7,776,776,Fugiat amet sed.,false,2020-07-04 18:20:43 UTC,
2-917951,2,2-6,1406,1406,Eligendi quia facilis.,true,2020-07-23 19:26:29 UTC,
3-749120,3,3-6,587,587,Nemo aut qui.,false,2020-06-28 21:37:15 UTC,
1-628864,1,1-7,185,185,Vel asperiores inventore.,true,2020-07-27 21:43:15 UTC,
3-628295,3,3-6,672,672,"",false,2020-07-01 22:20:04 UTC,
3-709422,3,3-6,1494,1494,Sunt repellat laboriosam.,false,2020-07-27 22:27:24 UTC,
3-693428,3,3-6,747,747,"",true,2020-06-28 19:20:13 UTC,
1-567151,1,1-7,1627,1627,Sit est fugiat.,false,2020-07-24 21:52:11 UTC,
3-645787,3,3-6,1775,1775,A aliquid sunt.,false,2020-07-07 21:51:54 UTC,
3-952432,3,3-3,739,739,Recusandae voluptas velit.,false,2020-07-31 17:22:38 UTC,
3-164316,3,3-6,1301,1301,"",false,2020-07-13 17:50:34 UTC,
3-761082,3,3-6,1593,1593,"",false,2020-07-15 21:01:38 UTC,
3-360634,3,3-6,669,669,Fuga blanditiis quia.,true,2020-07-21 18:47:30 UTC,
3-642347,3,3-6,881,881,"",true,2020-07-17 17:26:23 UTC,
3-104281,3,3-6,848,848,"",true,2020-06-30 19:43:34 UTC,
3-179779,3,3-6,1476,1476,Quo rerum eos.,true,2020-07-01 21:46:11 UTC,
3-946042,3,3-7,297,297,"",true,2020-08-04 20:21:42 UTC,
3-833626,3,3-6,1158,1158,Ratione laborum tempora.,false,2020-07-27 20:42:32 UTC,
3-984070,3,3-1,745,745,"",true,2020-08-03 20:23:49 UTC,
1-132930,1,1-7,693,693,Illo voluptatem suscipit.,false,2020-06-28 17:35:00 UTC,
3-947167,3,3-1,104,104,Aliquam veritatis odit.,true,2020-07-24 18:16:14 UTC,
1-876391,1,1-7,1928,1928,"",true,2020-07-12 19:31:22 UTC,
1-796440,1,1-7,1781,1781,"",true,2020-07-19 17:06:11 UTC,
1-418798,1,1-7,905,905,"",true,2020-07-05 18:00:35 UTC,
1-866911,1,1-7,1410,1410,Iure enim natus.,true,2020-06-29 17:26:05 UTC,
1-878196,1,1-7,1927,1927,Unde non deleniti.,false,2020-07-15 20:25:37 UTC,
1-485144,1,1-7,405,405,Corporis cumque quisquam.,true,2020-07-24 18:13:13 UTC,
1-551205,1,1-7,990,990,Temporibus eos sunt.,false,2020-06-28 17:01:32 UTC,
1-162932,1,1-7,1238,1238,"",false,2020-07-09 21:25:28 UTC,
1-596787,1,1-7,1874,1874,Placeat explicabo eius.,true,2020-07-12 20:00:24 UTC,
1-242077,1,1-7,874,874,Doloribus ut voluptatem.,false,2020-07-08 17:17:54 UTC,
1-383807,1,1-7,337,337,Est nesciunt ab.,true,2020-07-18 22:00:46 UTC,
1-189629,1,1-7,900,900,Beatae quo natus.,true,2020-07-23 22:45:23 UTC,
1-157290,1,1-7,1051,1051,Veniam sunt maxime.,true,2020-07-01 22:35:10 UTC,
1-494125,1,1-7,453,453,Dolorem consectetur vel.,true,2020-07-10 17:16:00 UTC,
1-718763,1,1-7,921,921,Minus qui est.,true,2020-06-30 17:28:50 UTC,
1-601326,1,1-7,1958,1958,Voluptatum tempore nulla.,false,2020-06-28 22:16:13 UTC,
1-318154,1,1-7,863,863,Saepe aut expedita.,false,2020-06-28 22:20:16 UTC,
3-509227,3,3-6,1869,1869,Et consequatur nemo.,false,2020-07-22 22:46:45 UTC,
1-738054,1,1-7,201,201,Odit id est.,true,2020-07-25 19:15:55 UTC,
1-330106,1,1-7,1214,1214,"",false,2020-07-26 20:49:54 UTC,
1-779749,1,1-7,1338,1338,"",false,2020-06-28 20:52:49 UTC,
3-863750,3,3-6,1948,1948,"",false,2020-07-04 22:19:39 UTC,
3-960885,3,3-0,322,322,Omnis est et.,false,2020-07-25 20:38:46 UTC,
1-200552,1,1-7,807,807,"",false,2020-07-04 20:31:31 UTC,
3-951727,3,3-2,1092,1092,Laboriosam nostrum expedita.,false,2020-07-28 22:37:12 UTC,
3-719606,3,3-6,1309,1309,"",true,2020-07-19 18:55:25 UTC,
1-707471,1,1-7,1382,1382,"",true,2020-07-13 17:11:35 UTC,
1-483242,1,1-7,791,791,Explicabo velit aut.,true,2020-07-06 17:44:16 UTC,
1-800009,1,1-7,296,296,Ab eos alias.,false,2020-06-30 22:34:34 UTC,
1-818685,1,1-7,1985,1985,Corporis deleniti est.,true,2020-07-22 17:34:38 UTC,
1-538020,1,1-7,592,592,Amet non et.,true,2020-07-15 20:29:04 UTC,
1-268563,1,1-7,989,989,Eum et reprehenderit.,false,2020-06-28 21:25:24 UTC,
1-386656,1,1-7,290,290,"",false,2020-07-03 18:59:22 UTC,
1-791145,1,1-7,1252,1252,"",false,2020-07-20 22:48:10 UTC,
1-853949,1,1-7,1054,1054,Dolor praesentium modi.,true,2020-07-25 22:19:23 UTC,
3-984449,3,3-3,1552,1552,Est aut numquam.,true,2020-08-06 17:03:09 UTC,
1-186136,1,1-7,607,607,"",false,2020-07-02 18:00:10 UTC,
1-298269,1,1-7,659,659,"",true,2020-07-06 19:04:01 UTC,
1-767807,1,1-7,97,97,Doloremque non sed.,false,2020-07-03 20:29:24 UTC,
1-322371,1,1-7,1568,1568,Ducimus ipsam molestias.,false,2020-07-20 18:43:25 UTC,
3-698376,3,3-6,1825,1825,Dolorem explicabo culpa.,true,2020-07-07 22:29:13 UTC,
1-765541,1,1-7,833,833,Repellat voluptatem ducimus.,false,2020-07-21 19:22:22 UTC,
1-448291,1,1-7,1164,1164,Qui quia consectetur.,true,2020-07-03 19:08:35 UTC,
1-170896,1,1-7,389,389,Ut occaecati ut.,false,2020-07-24 17:45:03 UTC,
3-988448,3,3-7,1797,1797,"",true,2020-08-01 19:32:58 UTC,
1-356838,1,1-7,1681,1681,"",true,2020-07-16 22:57:19 UTC,
3-715187,3,3-6,1649,1649,Est ipsa facere.,false,2020-07-01 17:56:43 UTC,
1-948021,1,1-7,1086,1086,Ratione culpa sed.,true,2020-08-01 17:02:52 UTC,
3-287526,3,3-6,1192,1192,Autem doloribus ipsum.,false,2020-07-09 17:15:10 UTC,
1-249897,1,1-7,1995,1995,"",false,2020-07-13 17:33:33 UTC,
3-630261,3,3-6,1301,1301,"",true,2020-06-30 22:56:12 UTC,
1-962013,1,1-8,1728,1728,"",false,2020-07-31 17:51:53 UTC,
3-826975,3,3-6,1271,1271,"",false,2020-06-29 17:48:00 UTC,
3-468485,3,3-6,246,246,"",true,2020-07-26 18:49:35 UTC,
3-834809,3,3-6,1770,1770,Quia est sed.,true,2020-07-22 22:57:10 UTC,
3-900817,3,3-6,713,713,"",true,2020-07-23 17:43:12 UTC,
3-287342,3,3-6,335,335,"",true,2020-07-03 22:35:52 UTC,
1-938753,1,1-2,339,339,"",false,2020-08-06 20:40:28 UTC,
1-978866,1,1-3,1523,1523,"",true,2020-07-26 19:18:36 UTC,
3-789684,3,3-6,409,409,"",true,2020-07-21 22:45:03 UTC,
3-523331,3,3-6,556,556,"",false,2020-07-01 21:08:35 UTC,
1-922022,1,1-9,1475,1475,"",true,2020-08-01 21:55:32 UTC,
3-116851,3,3-6,430,430,Expedita assumenda voluptates.,false,2020-07-14 17:29:11 UTC,
3-447527,3,3-6,1224,1224,Atque est repudiandae.,false,2020-07-11 17:00:37 UTC,
3-175815,3,3-6,119,119,Ducimus sed qui.,false,2020-07-06 21:07:05 UTC,
1-231216,1,1-7,247,247,"",true,2020-06-30 20:31:44 UTC,
1-915649,1,1-8,1492,1492,"",false,2020-07-25 18:51:47 UTC,
3-862022,3,3-6,805,805,In odit omnis.,true,2020-07-04 18:43:58 UTC,
3-646314,3,3-6,904,904,"",false,2020-07-27 22:21:45 UTC,
2-257452,2,2-4,1892,1892,Atque consequatur dolorum.,false,2020-07-22 22:16:25 UTC,
2-712922,2,2-4,845,845,Voluptates saepe temporibus.,true,2020-07-07 20:45:47 UTC,
2-793217,2,2-4,1629,1629,Magni minus quas.,true,2020-07-04 18:28:03 UTC,
2-862577,2,2-4,79,79,"",false,2020-07-01 19:03:02 UTC,
2-865956,2,2-4,1532,1532,Rerum libero explicabo.,false,2020-07-27 18:30:37 UTC,
3-615987,3,3-6,454,454,"",true,2020-07-08 17:31:47 UTC,
2-708823,2,2-4,263,263,"",false,2020-07-18 19:45:10 UTC,
3-202623,3,3-6,353,353,Minus sint totam.,true,2020-07-05 21:14:03 UTC,
2-818433,2,2-4,1385,1385,"",false,2020-07-22 19:26:59 UTC,
2-142434,2,2-4,1585,1585,"",false,2020-07-06 21:48:28 UTC,
2-120394,2,2-4,1026,1026,"",true,2020-07-01 20:25:06 UTC,
2-256149,2,2-4,1957,1957,"",false,2020-07-27 20:29:19 UTC,
1-327120,1,1-7,665,665,"",false,2020-07-11 20:11:08 UTC,
2-198894,2,2-4,1748,1748,"",false,2020-07-01 21:41:16 UTC,
2-498719,2,2-4,1660,1660,"",false,2020-07-18 22:10:45 UTC,
2-325514,2,2-4,1695,1695,Cupiditate corrupti sed.,true,2020-06-29 20:31:52 UTC,
3-194169,3,3-6,1734,1734,"",true,2020-07-14 21:26:05 UTC,
3-739403,3,3-6,1119,1119,"",false,2020-06-29 21:16:33 UTC,
2-449142,2,2-4,1924,1924,"",true,2020-07-25 19:19:16 UTC,
3-259217,3,3-6,630,630,Ut atque laudantium.,false,2020-07-15 20:59:51 UTC,
2-182996,2,2-4,1575,1575,Corporis est architecto.,true,2020-07-06 19:35:00 UTC,
2-442916,2,2-4,1442,1442,"",false,2020-07-11 20:43:14 UTC,
1-516658,1,1-7,735,735,Hic rem mollitia.,true,2020-07-13 20:14:37 UTC,
2-346537,2,2-4,45,45,"",false,2020-07-25 22:57:43 UTC,
1-662491,1,1-7,145,145,Consequatur commodi in.,true,2020-07-10 20:42:07 UTC,
2-347428,2,2-4,1029,1029,"",true,2020-07-06 19:32:14 UTC,
1-511109,1,1-7,1482,1482,Voluptatem saepe veritatis.,true,2020-07-27 22:29:08 UTC,
2-310747,2,2-4,195,195,Porro suscipit iste.,true,2020-07-17 18:38:16 UTC,
3-902042,3,3-1,1199,1199,"",true,2020-07-30 18:57:14 UTC,
2-352059,2,2-4,1219,1219,Corporis dolore qui.,false,2020-07-09 18:47:01 UTC,
2-652812,2,2-4,639,639,"",true,2020-07-24 22:41:01 UTC,
2-681176,2,2-4,1415,1415,Autem nam non.,true,2020-07-22 22:45:34 UTC,
2-824832,2,2-4,735,735,Voluptatem molestiae laudantium.,true,2020-07-26 21:33:24 UTC,
2-641767,2,2-4,1060,1060,"",false,2020-07-13 22:49:43 UTC,
3-561156,3,3-6,318,318,Repudiandae enim omnis.,true,2020-07-23 21:37:01 UTC,
3-164129,3,3-6,448,448,Minus necessitatibus adipisci.,false,2020-07-03 19:34:15 UTC,
2-222727,2,2-4,826,826,"",true,2020-07-27 17:49:24 UTC,
2-753885,2,2-4,325,325,"",true,2020-07-23 19:44:22 UTC,
2-490824,2,2-4,1771,1771,Quo enim quis.,true,2020-07-09 17:28:49 UTC,
2-277878,2,2-4,605,605,Delectus rem ex.,true,2020-07-06 17:57:38 UTC,
1-417545,1,1-7,1122,1122,Distinctio autem enim.,true,2020-07-04 18:02:29 UTC,
2-561954,2,2-4,1777,1777,Libero ea cumque.,true,2020-07-22 20:18:58 UTC,
2-798976,2,2-4,359,359,Saepe omnis vel.,true,2020-07-15 22:03:32 UTC,
3-731820,3,3-6,537,537,Ipsum illum recusandae.,true,2020-07-17 17:56:46 UTC,
2-192747,2,2-4,1499,1499,"",false,2020-07-26 17:53:04 UTC,
2-601139,2,2-4,179,179,"",true,2020-07-14 20:38:38 UTC,
2-416465,2,2-4,1073,1073,Adipisci at debitis.,true,2020-07-19 20:18:15 UTC,
2-469070,2,2-4,1782,1782,In quos ut.,false,2020-07-24 20:10:31 UTC,
1-731379,1,1-7,913,913,"",false,2020-07-22 19:47:03 UTC,
2-267021,2,2-4,996,996,"",true,2020-07-14 22:06:52 UTC,
1-852719,1,1-7,1777,1777,Dolore accusantium aut.,true,2020-07-18 18:45:31 UTC,
2-175888,2,2-4,1635,1635,Eos nesciunt harum.,true,2020-07-03 19:05:11 UTC,
2-454771,2,2-4,1102,1102,Voluptas ipsam facilis.,false,2020-07-16 19:07:52 UTC,
3-922785,3,3-8,638,638,"",false,2020-08-07 19:01:10 UTC,
1-133090,1,1-7,1904,1904,Occaecati voluptas repudiandae.,true,2020-07-02 19:36:17 UTC,
2-303273,2,2-4,283,283,Iure sunt molestias.,true,2020-07-14 18:05:41 UTC,
1-719379,1,1-7,42,42,Saepe accusantium animi.,true,2020-06-30 17:29:59 UTC,
2-264911,2,2-4,474,474,Earum dolorem eaque.,true,2020-06-29 20:40:38 UTC,
2-684098,2,2-4,680,680,"",true,2020-07-21 18:53:28 UTC,
2-633272,2,2-4,546,546,"",false,2020-07-22 20:40:10 UTC,
3-569495,3,3-6,1623,1623,"",true,2020-07-05 22:49:51 UTC,
2-563151,2,2-4,311,311,"",false,2020-06-30 19:01:18 UTC,
2-564230,2,2-4,619,619,"",true,2020-07-26 17:04:59 UTC,
3-505885,3,3-6,1109,1109,Sit voluptatem occaecati.,true,2020-07-06 22:29:46 UTC,
1-884006,1,1-7,1814,1814,"",false,2020-06-29 19:04:34 UTC,
2-229334,2,2-4,1030,1030,Corrupti sit eum.,false,2020-06-30 19:52:53 UTC,
2-194976,2,2-4,1689,1689,"",true,2020-07-07 17:42:03 UTC,
2-116595,2,2-4,1025,1025,"",true,2020-07-17 19:25:49 UTC,
2-261946,2,2-4,109,109,Ad nobis nam.,false,2020-07-08 22:36:43 UTC,
3-116327,3,3-6,1464,1464,"",true,2020-07-07 21:10:50 UTC,
2-843481,2,2-4,136,136,Corrupti voluptatum quis.,false,2020-07-20 20:53:36 UTC,
3-283103,3,3-6,16,16,"",false,2020-07-06 22:02:01 UTC,
2-503935,2,2-4,652,652,"",false,2020-07-27 21:05:07 UTC,
2-507614,2,2-4,1915,1915,Et impedit beatae.,false,2020-07-25 19:30:46 UTC,
2-461298,2,2-4,1424,1424,"",true,2020-07-21 20:21:45 UTC,
2-111237,2,2-4,1833,1833,Aut voluptates eaque.,false,2020-07-15 19:57:35 UTC,
2-878365,2,2-4,1177,1177,Est voluptates sunt.,true,2020-07-07 19:14:18 UTC,
1-252648,1,1-7,1088,1088,"",true,2020-07-04 20:22:39 UTC,
2-817462,2,2-4,999,999,"",false,2020-07-27 18:48:46 UTC,
3-662318,3,3-6,1382,1382,"",false,2020-06-30 18:55:57 UTC,
3-101785,3,3-6,1227,1227,Quas praesentium enim.,false,2020-07-12 22:30:51 UTC,
2-813319,2,2-4,839,839,Consequatur repellat enim.,true,2020-07-22 18:27:50 UTC,
2-742542,2,2-4,1782,1782,Est rerum quibusdam.,true,2020-07-27 21:58:23 UTC,
2-894106,2,2-4,2000,2000,"",false,2020-06-30 22:33:06 UTC,
3-319175,3,3-6,1148,1148,"",false,2020-07-19 18:10:59 UTC,
3-711339,3,3-6,402,402,"",false,2020-06-29 18:06:53 UTC,
2-151018,2,2-4,1651,1651,Aut numquam distinctio.,false,2020-07-09 22:23:29 UTC,
2-641786,2,2-4,877,877,"",false,2020-07-01 19:29:14 UTC,
2-583974,2,2-4,3,3,"",true,2020-07-07 22:44:19 UTC,
1-574785,1,1-7,1212,1212,Voluptas excepturi error.,true,2020-07-05 22:50:06 UTC,
3-411863,3,3-6,578,578,"",true,2020-07-01 17:42:52 UTC,
1-259520,1,1-7,1179,1179,Qui quasi assumenda.,false,2020-07-21 18:28:09 UTC,
2-529336,2,2-4,1050,1050,Voluptatem et quibusdam.,true,2020-07-12 20:43:48 UTC,
3-699359,3,3-6,1568,1568,"",false,2020-07-19 22:02:38 UTC,
2-173925,2,2-4,146,146,Nobis quos delectus.,true,2020-07-14 17:35:19 UTC,
2-472229,2,2-4,1804,1804,Ut error nemo.,true,2020-07-17 22:36:04 UTC,
1-347695,1,1-7,533,533,"",false,2020-06-30 21:07:12 UTC,
3-180778,3,3-6,1563,1563,Enim vero quis.,true,2020-07-04 18:24:49 UTC,
1-103334,1,1-7,324,324,"",true,2020-07-13 17:39:09 UTC,
1-180335,1,1-7,388,388,Ad id explicabo.,true,2020-07-15 22:22:44 UTC,
2-881268,2,2-4,1419,1419,"",false,2020-06-28 20:38:28 UTC,
2-807428,2,2-4,1875,1875,Minima animi nihil.,false,2020-07-02 19:29:43 UTC,
3-877230,3,3-6,1416,1416,Dolor tempore perspiciatis.,false,2020-06-30 19:21:51 UTC,
3-799713,3,3-6,978,978,Autem et quam.,false,2020-06-29 21:07:21 UTC,
2-849379,2,2-4,498,498,Suscipit fuga ducimus.,true,2020-07-21 19:52:09 UTC,
3-634631,3,3-6,427,427,"",true,2020-07-03 21:25:35 UTC,
3-512148,3,3-6,1044,1044,Beatae vel illo.,false,2020-07-11 18:47:38 UTC,
1-919879,1,1-9,1160,1160,"",false,2020-07-31 19:35:53 UTC,
3-601431,3,3-6,1623,1623,Ex quo doloribus.,true,2020-07-11 20:49:03 UTC,
3-480575,3,3-6,1922,1922,Aut in et.,false,2020-07-12 19:00:06 UTC,
3-285022,3,3-6,754,754,Facilis quos ut.,false,2020-07-25 21:36:08 UTC,
3-351920,3,3-6,1773,1773,"",true,2020-07-19 21:30:50 UTC,
3-768031,3,3-6,31,31,"",false,2020-07-05 18:58:55 UTC,
2-383448,2,2-4,215,215,"",false,2020-07-06 22:38:07 UTC,
3-242883,3,3-6,1041,1041,Iure corporis inventore.,true,2020-07-20 20:36:06 UTC,
2-137664,2,2-4,1353,1353,Laudantium minima qui.,true,2020-07-18 18:35:03 UTC,
2-826572,2,2-4,338,338,"",true,2020-07-15 18:40:14 UTC,
2-257442,2,2-4,133,133,Dolore consequatur aperiam.,true,2020-07-15 22:48:57 UTC,
3-595740,3,3-6,1214,1214,"",false,2020-06-29 22:08:18 UTC,
3-465922,3,3-6,1128,1128,Aliquid totam quam.,true,2020-07-11 20:27:57 UTC,
3-376768,3,3-6,14,14,Eaque illo minus.,true,2020-07-27 22:44:08 UTC,
3-554035,3,3-6,829,829,Ipsum blanditiis porro.,false,2020-07-14 21:17:18 UTC,
1-957196,1,1-3,2008,2008,Cumque et quisquam.,true,2020-08-03 18:31:10 UTC,
1-921811,1,1-5,1754,1754,"",false,2020-07-30 21:12:31 UTC,
1-937604,1,1-1,213,213,"",true,2020-07-31 21:33:33 UTC,
2-629962,2,2-4,1867,1867,"",false,2020-07-14 19:05:05 UTC,
1-491268,1,1-7,945,945,"",false,2020-07-25 18:20:45 UTC,
1-879945,1,1-7,1360,1360,Rerum eum sunt.,true,2020-07-08 22:55:33 UTC,
1-508417,1,1-7,1384,1384,Sint ut harum.,false,2020-07-16 19:25:23 UTC,
2-885281,2,2-4,1212,1212,Sunt eum velit.,false,2020-06-29 19:42:26 UTC,
1-356209,1,1-7,695,695,Illum amet accusantium.,false,2020-07-20 18:42:09 UTC,
3-420868,3,3-6,280,280,Iure explicabo quia.,true,2020-07-03 20:39:40 UTC,
3-894501,3,3-6,28,28,"",false,2020-07-01 18:59:22 UTC,
3-978653,3,3-6,1148,1148,"",false,2020-07-30 17:06:17 UTC,
3-656770,3,3-6,1209,1209,"",true,2020-07-02 18:50:42 UTC,
1-836023,1,1-7,1011,1011,Numquam soluta voluptates.,true,2020-06-30 19:12:48 UTC,
1-804548,1,1-7,920,920,"",true,2020-07-03 21:00:57 UTC,
2-590415,2,2-4,1199,1199,Sint sed aspernatur.,false,2020-07-04 17:25:16 UTC,
1-198869,1,1-7,1101,1101,Minima veniam iste.,true,2020-07-13 20:39:21 UTC,
2-406299,2,2-4,689,689,"",false,2020-06-29 20:31:17 UTC,
1-786782,1,1-7,1808,1808,Est molestiae veritatis.,false,2020-07-13 18:25:08 UTC,
1-532665,1,1-7,285,285,Minus veritatis beatae.,false,2020-07-13 19:27:34 UTC,
3-773613,3,3-6,606,606,"",true,2020-06-29 20:07:44 UTC,
1-505962,1,1-7,865,865,"",true,2020-07-20 18:54:02 UTC,
2-719199,2,2-4,184,184,"",false,2020-07-05 18:13:34 UTC,
1-750724,1,1-7,1001,1001,"",false,2020-07-18 22:40:26 UTC,
2-803336,2,2-4,543,543,Eius omnis repellendus.,true,2020-07-07 20:10:40 UTC,
1-342591,1,1-7,331,331,"",true,2020-07-07 20:26:54 UTC,
2-287535,2,2-4,1344,1344,"",false,2020-07-12 17:39:03 UTC,
1-129405,1,1-7,1856,1856,"",false,2020-07-05 22:57:08 UTC,
2-860118,2,2-4,1499,1499,Impedit maxime omnis.,false,2020-07-25 17:05:21 UTC,
3-752988,3,3-6,607,607,"",true,2020-07-05 17:01:04 UTC,
1-847561,1,1-7,846,846,Quasi sint nisi.,true,2020-07-03 21:27:22 UTC,
2-351111,2,2-4,1545,1545,Unde architecto neque.,false,2020-07-20 18:50:45 UTC,
1-824251,1,1-7,1207,1207,"",true,2020-07-26 19:20:45 UTC,
2-116075,2,2-4,160,160,"",false,2020-07-09 18:45:39 UTC,
1-209207,1,1-7,1854,1854,"",true,2020-07-01 21:25:56 UTC,
2-344760,2,2-4,1895,1895,Corporis cum libero.,false,2020-07-27 18:32:46 UTC,
2-976238,2,2-8,1940,1940,"",true,2020-08-06 21:50:53 UTC,
3-470663,3,3-6,841,841,Dolorem architecto rerum.,true,2020-07-16 18:28:36 UTC,
3-377419,3,3-6,677,677,Tempora rerum non.,false,2020-06-28 22:45:11 UTC,
1-285788,1,1-7,292,292,Eum voluptate aut.,false,2020-07-02 19:51:02 UTC,
3-919298,3,3-1,370,370,"",false,2020-08-06 21:33:17 UTC,
2-229895,2,2-4,708,708,Similique esse qui.,false,2020-07-26 21:06:59 UTC,
1-492125,1,1-7,1495,1495,"",true,2020-07-15 22:41:06 UTC,
3-283750,3,3-6,473,473,Possimus reiciendis rem.,true,2020-06-28 22:27:59 UTC,
1-118581,1,1-7,1782,1782,"",false,2020-07-18 18:54:34 UTC,
3-679130,3,3-6,1502,1502,"",false,2020-07-08 21:00:26 UTC,
2-294968,2,2-4,1269,1269,Exercitationem consequuntur natus.,true,2020-06-29 18:50:47 UTC,
1-522961,1,1-7,1669,1669,Voluptas sint quibusdam.,true,2020-07-16 21:49:22 UTC,
3-228819,3,3-6,1874,1874,Fugit sunt dolor.,false,2020-06-30 22:35:11 UTC,
1-481322,1,1-7,346,346,"",false,2020-07-06 22:21:03 UTC,
1-467889,1,1-7,1584,1584,"",true,2020-07-11 22:47:18 UTC,
1-573163,1,1-7,880,880,Voluptas molestiae non.,false,2020-07-11 20:52:07 UTC,
1-575695,1,1-7,1693,1693,"",false,2020-07-15 21:22:31 UTC,
2-264637,2,2-4,1732,1732,Distinctio molestiae temporibus.,false,2020-07-13 20:51:01 UTC,
2-168641,2,2-4,855,855,Ut omnis inventore.,true,2020-07-22 19:09:18 UTC,
3-652944,3,3-6,1197,1197,"",true,2020-07-03 17:22:45 UTC,
1-743370,1,1-7,1115,1115,Aut cupiditate cumque.,false,2020-07-01 19:03:24 UTC,
3-902005,3,3-9,1845,1845,Voluptatem minus nisi.,false,2020-07-30 19:57:54 UTC,
3-522188,3,3-6,507,507,"",false,2020-07-07 18:42:25 UTC,
3-126248,3,3-6,586,586,"",true,2020-07-03 18:50:11 UTC,
1-199940,1,1-7,109,109,"",false,2020-07-09 18:12:03 UTC,
1-836944,1,1-7,1223,1223,Aspernatur libero aut.,false,2020-07-24 18:56:45 UTC,
3-918190,3,3-0,1867,1867,Quia deleniti repellendus.,true,2020-08-06 22:24:34 UTC,
1-403706,1,1-7,1616,1616,Inventore voluptatem consequatur.,false,2020-07-09 18:23:30 UTC,
1-298195,1,1-7,1734,1734,Consectetur exercitationem ut.,true,2020-07-04 22:42:09 UTC,
1-350504,1,1-7,1254,1254,"",false,2020-07-15 21:22:05 UTC,
1-771255,1,1-7,1901,1901,"",true,2020-07-20 22:20:57 UTC,
1-677016,1,1-7,1827,1827,Qui praesentium est.,false,2020-07-19 22:59:34 UTC,
3-195265,3,3-6,701,701,Veniam officiis laboriosam.,true,2020-07-18 21:38:47 UTC,
2-669250,2,2-4,254,254,"",true,2020-07-13 20:02:08 UTC,
2-811675,2,2-4,484,484,Laboriosam debitis a.,false,2020-07-09 22:16:55 UTC,
1-297441,1,1-7,864,864,Expedita quos minus.,false,2020-07-18 19:59:42 UTC,
1-626707,1,1-7,1472,1472,Eligendi qui sed.,false,2020-06-28 21:21:56 UTC,
1-549192,1,1-7,1829,1829,Neque maxime consequatur.,false,2020-07-26 20:55:09 UTC,
1-537200,1,1-7,236,236,"",true,2020-07-24 21:50:16 UTC,
1-576123,1,1-7,1450,1450,"",true,2020-07-26 20:00:25 UTC,
1-603246,1,1-7,1990,1990,Porro natus aperiam.,false,2020-07-07 18:11:03 UTC,
1-678617,1,1-7,114,114,Impedit est fuga.,true,2020-06-30 21:53:10 UTC,
3-380293,3,3-6,546,546,Sunt omnis corporis.,true,2020-07-11 22:48:48 UTC,
1-790116,1,1-7,489,489,"",false,2020-07-10 21:34:21 UTC,
1-179130,1,1-7,1842,1842,Qui est eius.,false,2020-07-15 19:18:35 UTC,
1-406388,1,1-7,180,180,"",false,2020-07-26 18:14:01 UTC,
1-651720,1,1-7,238,238,"",false,2020-07-04 18:25:02 UTC,
1-123774,1,1-7,770,770,"",true,2020-07-26 17:12:55 UTC,
1-825227,1,1-7,99,99,Aut placeat saepe.,true,2020-07-05 22:00:39 UTC,
3-950788,3,3-4,1098,1098,Non doloribus inventore.,true,2020-07-26 17:34:52 UTC,
2-198057,2,2-4,366,366,Distinctio et quia.,true,2020-07-18 17:08:02 UTC,
3-988880,3,3-3,543,543,"",true,2020-07-25 21:17:46 UTC,
1-172586,1,1-7,371,371,Sed qui quibusdam.,true,2020-06-29 20:18:26 UTC,
1-666381,1,1-7,830,830,"",true,2020-07-01 18:16:25 UTC,
1-187925,1,1-7,1159,1159,Provident qui voluptas.,true,2020-07-09 18:34:22 UTC,
1-383877,1,1-7,1601,1601,"",true,2020-07-09 19:47:55 UTC,
1-779740,1,1-7,1156,1156,"",false,2020-07-14 17:47:26 UTC,
2-383948,2,2-4,58,58,"",true,2020-07-05 22:30:29 UTC,
1-353540,1,1-7,1463,1463,Corrupti tempore sed.,false,2020-07-18 20:15:35 UTC,
1-629742,1,1-7,666,666,"",false,2020-07-05 22:32:53 UTC,
2-239928,2,2-4,1328,1328,Nobis magni aut.,false,2020-07-19 17:59:13 UTC,
1-668145,1,1-7,1169,1169,"",true,2020-07-08 19:37:05 UTC,
1-468996,1,1-7,1269,1269,"",false,2020-07-05 21:29:28 UTC,
1-421086,1,1-7,927,927,Tempore facilis provident.,false,2020-07-09 18:45:13 UTC,
3-241040,3,3-6,1261,1261,"",false,2020-07-09 20:49:46 UTC,
1-645314,1,1-7,1244,1244,Velit at veritatis.,false,2020-07-09 17:04:37 UTC,
2-531504,2,2-4,568,568,Recusandae quo et.,false,2020-07-14 22:46:22 UTC,
2-962993,2,2-2,1725,1725,Vero illo qui.,true,2020-07-23 21:14:44 UTC,
3-448522,3,3-6,980,980,Vel nulla et.,false,2020-07-07 17:13:50 UTC,
3-628876,3,3-6,182,182,Quia ut aut.,false,2020-07-19 20:29:35 UTC,
3-125016,3,3-6,1807,1807,"",true,2020-07-12 21:06:34 UTC,
2-325050,2,2-4,1600,1600,Sint laborum quam.,false,2020-07-19 21:10:29 UTC,
3-192929,3,3-6,487,487,Maxime autem quos.,true,2020-07-07 18:36:39 UTC,
1-334185,1,1-7,1566,1566,Culpa vitae accusamus.,false,2020-07-01 22:21:00 UTC,
3-986273,3,3-8,901,901,"",true,2020-08-05 18:48:21 UTC,
2-159386,2,2-4,1682,1682,Veniam reiciendis ut.,false,2020-07-21 17:42:35 UTC,
2-877404,2,2-4,93,93,Laudantium doloremque vitae.,false,2020-07-17 17:56:29 UTC,
3-718259,3,3-6,429,429,"",true,2020-07-03 19:11:09 UTC,
3-158566,3,3-6,676,676,"",true,2020-07-23 17:11:15 UTC,
3-284021,3,3-6,1544,1544,Ex nihil id.,true,2020-07-08 21:27:37 UTC,
1-195177,1,1-7,1431,1431,Voluptatem magni qui.,true,2020-07-26 21:34:04 UTC,
3-144372,3,3-6,83,83,Minima et doloremque.,true,2020-07-02 17:52:25 UTC,
1-537559,1,1-7,882,882,Quos dignissimos facere.,false,2020-06-28 20:30:14 UTC,
3-583678,3,3-6,395,395,"",false,2020-07-05 19:20:36 UTC,
3-248367,3,3-6,901,901,"",false,2020-07-13 22:51:48 UTC,
3-312927,3,3-6,472,472,Dolores minima sit.,true,2020-07-20 17:17:10 UTC,
3-773240,3,3-6,377,377,"",true,2020-07-19 17:46:31 UTC,
3-806270,3,3-6,1008,1008,"",false,2020-07-07 21:34:58 UTC,
3-545969,3,3-6,752,752,Harum et qui.,true,2020-07-16 19:39:52 UTC,
2-318125,2,2-4,460,460,"",true,2020-07-16 22:16:39 UTC,
3-850998,3,3-6,811,811,Itaque nihil sit.,false,2020-06-29 22:15:45 UTC,
3-675085,3,3-6,1707,1707,"",true,2020-07-26 21:22:34 UTC,
3-487619,3,3-6,1941,1941,Quo iusto quisquam.,false,2020-07-03 18:16:50 UTC,
3-767962,3,3-6,796,796,Ut non eum.,false,2020-06-29 17:01:08 UTC,
3-915659,3,3-3,1371,1371,"",false,2020-07-27 19:22:51 UTC,
3-120040,3,3-6,1422,1422,Vero velit non.,false,2020-07-26 17:46:29 UTC,
2-635255,2,2-4,677,677,"",true,2020-06-30 17:55:19 UTC,
2-374360,2,2-4,1873,1873,"",true,2020-07-06 18:34:28 UTC,
2-113095,2,2-4,977,977,"",true,2020-07-27 20:47:08 UTC,
1-455588,1,1-7,612,612,"",false,2020-07-02 20:21:12 UTC,
2-378506,2,2-4,877,877,"",false,2020-07-22 22:22:44 UTC,
1-866270,1,1-7,423,423,Dolor quis veritatis.,true,2020-07-15 19:31:15 UTC,
3-885811,3,3-6,1354,1354,"",true,2020-07-27 20:27:10 UTC,
2-101795,2,2-4,412,412,"",false,2020-07-04 22:42:57 UTC,
2-504814,2,2-4,1859,1859,Quia doloremque reprehenderit.,true,2020-06-28 22:52:24 UTC,
2-238348,2,2-4,450,450,"",false,2020-06-28 20:44:08 UTC,
3-616543,3,3-6,829,829,Ut perferendis molestias.,false,2020-07-19 18:20:22 UTC,
3-954151,3,3-7,1802,1802,"",true,2020-07-25 18:15:50 UTC,
2-911670,2,2-3,1869,1869,Ut quia enim.,false,2020-08-04 19:07:15 UTC,
1-559411,1,1-7,1411,1411,"",true,2020-07-02 18:31:17 UTC,
2-379523,2,2-4,1985,1985,Occaecati inventore nisi.,true,2020-07-03 19:36:03 UTC,
3-833746,3,3-6,745,745,Quia ut voluptatibus.,true,2020-07-16 18:00:42 UTC,
3-806962,3,3-6,1944,1944,Quod aut corrupti.,true,2020-07-15 19:49:48 UTC,
2-836580,2,2-4,544,544,Nam et quisquam.,true,2020-07-24 19:13:14 UTC,
2-701323,2,2-4,45,45,"",false,2020-07-23 22:05:00 UTC,
2-594615,2,2-4,1920,1920,Quia dolorum neque.,false,2020-07-12 21:28:35 UTC,
2-163361,2,2-4,1316,1316,Nostrum dolorum est.,false,2020-07-27 19:29:18 UTC,
2-755931,2,2-4,1984,1984,Vero velit sit.,false,2020-07-17 20:52:47 UTC,
2-724189,2,2-4,993,993,Pariatur voluptatibus quos.,true,2020-07-10 17:03:03 UTC,
3-939923,3,3-3,311,311,"",true,2020-08-03 21:38:26 UTC,
2-617096,2,2-4,1673,1673,"",false,2020-07-04 22:24:14 UTC,
2-632096,2,2-4,52,52,"",false,2020-07-11 19:33:49 UTC,
3-274730,3,3-6,660,660,Debitis vitae eum.,true,2020-06-28 20:09:19 UTC,
2-604215,2,2-4,1350,1350,Et aliquid tempore.,true,2020-07-13 20:52:45 UTC,
3-427622,3,3-6,1174,1174,"",true,2020-07-04 17:37:57 UTC,
1-633649,1,1-7,265,265,Ut quia dolorum.,true,2020-07-08 17:15:21 UTC,
1-664068,1,1-7,224,224,Sit commodi et.,false,2020-07-10 21:49:49 UTC,
1-940551,1,1-6,1662,1662,Et sit temporibus.,true,2020-07-24 18:57:35 UTC,
3-108960,3,3-6,1187,1187,"",true,2020-07-17 17:07:05 UTC,
2-876567,2,2-4,544,544,"",true,2020-07-05 19:44:39 UTC,
3-788620,3,3-6,1478,1478,"",true,2020-07-23 21:08:53 UTC,
1-121632,1,1-7,963,963,"",false,2020-07-08 21:02:07 UTC,
2-976026,2,2-6,1643,1643,Voluptates beatae explicabo.,false,2020-07-31 20:56:04 UTC,
1-984403,1,1-0,1177,1177,"",false,2020-07-28 21:28:03 UTC,
3-436512,3,3-6,419,419,"",true,2020-07-11 21:00:33 UTC,
3-207381,3,3-6,1953,1953,Et asperiores id.,false,2020-06-30 21:32:35 UTC,
3-278868,3,3-6,988,988,"",false,2020-07-07 21:39:27 UTC,
2-385289,2,2-4,788,788,Qui in corrupti.,true,2020-07-20 22:48:21 UTC,
3-146511,3,3-6,996,996,Rerum alias aut.,true,2020-07-27 18:49:05 UTC,
2-200616,2,2-4,1771,1771,"",false,2020-07-14 21:53:19 UTC,
3-787343,3,3-6,441,441,Aut alias non.,true,2020-07-15 17:01:32 UTC,
3-761551,3,3-6,440,440,Doloribus quasi facere.,true,2020-07-26 19:58:35 UTC,
2-975977,2,2-8,586,586,Id dicta delectus.,true,2020-07-30 18:40:34 UTC,
3-977419,3,3-1,1953,1953,"",true,2020-07-30 19:39:52 UTC,
1-577240,1,1-7,557,557,Neque minus et.,true,2020-07-18 19:54:17 UTC,
2-975109,2,2-1,1279,1279,"",false,2020-07-25 19:00:20 UTC,
1-928960,1,1-6,1587,1587,Ratione vel voluptate.,false,2020-07-24 20:14:47 UTC,
3-607655,3,3-6,1493,1493,Quaerat corrupti ea.,false,2020-07-20 22:27:52 UTC,
2-156849,2,2-4,1302,1302,Modi magni eveniet.,false,2020-07-19 19:45:07 UTC,
2-108512,2,2-4,352,352,"",false,2020-07-26 19:09:41 UTC,
3-161943,3,3-6,772,772,"",true,2020-07-10 20:38:56 UTC,
2-222345,2,2-4,90,90,Quo dolor quaerat.,false,2020-07-08 18:10:43 UTC,
3-523159,3,3-6,1838,1838,"",false,2020-07-24 21:50:00 UTC,
3-240980,3,3-6,1916,1916,"",false,2020-07-01 18:32:45 UTC,
2-788240,2,2-4,2010,2010,"",true,2020-07-15 21:32:24 UTC,
2-320396,2,2-4,53,53,"",false,2020-07-03 19:38:03 UTC,
3-501175,3,3-6,1981,1981,"",true,2020-07-03 19:57:18 UTC,
2-624677,2,2-4,933,933,"",true,2020-07-25 20:08:21 UTC,
2-794913,2,2-4,1347,1347,Voluptas libero laboriosam.,true,2020-07-25 21:34:13 UTC,
3-224121,3,3-6,1196,1196,Praesentium repellat reiciendis.,false,2020-07-11 20:36:07 UTC,
3-405558,3,3-6,1300,1300,"",true,2020-07-09 20:06:08 UTC,
1-215518,1,1-7,1899,1899,Iusto adipisci cumque.,false,2020-07-09 20:49:16 UTC,
3-742528,3,3-6,1877,1877,"",false,2020-07-26 17:22:41 UTC,
3-852978,3,3-6,307,307,"",false,2020-06-29 18:45:59 UTC,
3-156240,3,3-6,1047,1047,"",false,2020-06-29 22:17:10 UTC,
2-370926,2,2-4,1008,1008,Laudantium beatae earum.,false,2020-06-29 18:54:28 UTC,
1-713132,1,1-7,1696,1696,"",false,2020-07-11 22:56:30 UTC,
1-857530,1,1-7,1577,1577,Id quae molestiae.,false,2020-07-10 19:27:30 UTC,
1-466259,1,1-7,1801,1801,Nemo cumque optio.,true,2020-07-19 18:38:48 UTC,
1-160952,1,1-7,706,706,"",false,2020-07-04 20:08:03 UTC,
1-753189,1,1-7,115,115,"",false,2020-07-23 22:55:26 UTC,
1-775348,1,1-7,252,252,"",true,2020-07-05 17:47:15 UTC,
1-847025,1,1-7,1384,1384,"",false,2020-07-09 18:19:44 UTC,
1-311969,1,1-7,1738,1738,"",false,2020-07-08 18:57:47 UTC,
1-710730,1,1-7,636,636,Quidem saepe veniam.,false,2020-07-27 22:50:02 UTC,
1-356275,1,1-7,304,304,Omnis dolor corrupti.,true,2020-07-04 21:36:44 UTC,
1-501302,1,1-7,601,601,Sunt aliquid distinctio.,false,2020-07-22 20:54:31 UTC,
1-225630,1,1-7,511,511,"",true,2020-06-29 18:33:04 UTC,
1-897235,1,1-7,894,894,Adipisci qui molestiae.,false,2020-07-06 21:51:09 UTC,
1-780780,1,1-7,1068,1068,"",false,2020-07-21 22:36:54 UTC,
1-427163,1,1-7,773,773,Labore maiores eos.,false,2020-07-13 22:00:52 UTC,
1-824506,1,1-7,1297,1297,Dignissimos exercitationem sit.,false,2020-07-03 20:30:34 UTC,
1-619570,1,1-7,1164,1164,Nisi repellendus soluta.,true,2020-07-04 22:15:10 UTC,
1-892694,1,1-7,306,306,"",true,2020-07-10 19:29:22 UTC,
1-110896,1,1-7,193,193,"",false,2020-07-13 22:03:44 UTC,
1-548535,1,1-7,358,358,Omnis quis quia.,false,2020-07-14 17:25:03 UTC,
1-179685,1,1-7,1220,1220,"",true,2020-07-06 18:30:15 UTC,
1-470640,1,1-7,1321,1321,Quas amet dolor.,false,2020-07-01 21:42:09 UTC,
1-169120,1,1-7,1700,1700,Dolorem perspiciatis facere.,true,2020-06-30 19:08:49 UTC,
1-792546,1,1-7,1361,1361,Eius non qui.,true,2020-07-15 17:19:02 UTC,
1-756562,1,1-7,1954,1954,Consequatur officiis eligendi.,true,2020-06-29 19:28:33 UTC,
1-268121,1,1-7,996,996,Velit rem sit.,true,2020-07-01 21:52:11 UTC,
1-314314,1,1-7,1624,1624,"",true,2020-07-26 19:55:09 UTC,
1-566159,1,1-7,1161,1161,"",false,2020-07-05 17:06:54 UTC,
1-398897,1,1-7,353,353,"",false,2020-07-24 19:22:38 UTC,
1-618767,1,1-7,1502,1502,"",false,2020-07-17 19:18:19 UTC,
1-358435,1,1-7,663,663,"",false,2020-07-15 19:44:53 UTC,
1-135253,1,1-7,971,971,Deleniti debitis doloribus.,true,2020-07-05 18:06:55 UTC,
1-515862,1,1-7,842,842,"",true,2020-07-25 17:54:48 UTC,
1-393093,1,1-7,1761,1761,"",false,2020-07-06 20:50:30 UTC,
1-250688,1,1-7,634,634,"",true,2020-07-11 19:58:14 UTC,
1-696741,1,1-7,333,333,"",true,2020-07-15 20:04:03 UTC,
1-511982,1,1-7,1030,1030,"",false,2020-07-22 17:49:15 UTC,
1-150501,1,1-7,560,560,Quisquam nam sequi.,true,2020-07-09 21:46:06 UTC,
1-336731,1,1-7,43,43,"",true,2020-07-15 22:02:19 UTC,
1-842872,1,1-7,1806,1806,"",true,2020-07-10 20:00:31 UTC,
1-410632,1,1-7,91,91,"",true,2020-07-14 18:27:10 UTC,
1-275414,1,1-7,938,938,Est deleniti magnam.,false,2020-06-28 22:11:51 UTC,
1-377137,1,1-7,156,156,"",true,2020-07-18 20:21:57 UTC,
1-183358,1,1-7,534,534,"",false,2020-07-16 19:39:45 UTC,
1-452882,1,1-7,1823,1823,Harum laborum cumque.,true,2020-07-02 21:20:13 UTC,
1-141147,1,1-7,1551,1551,"",false,2020-07-26 22:16:35 UTC,
1-340714,1,1-7,20,20,"",true,2020-07-27 20:59:13 UTC,
1-727233,1,1-7,750,750,Modi rerum neque.,false,2020-07-09 21:18:10 UTC,
1-585853,1,1-7,224,224,"",true,2020-07-14 20:35:10 UTC,
1-752841,1,1-7,1573,1573,"",true,2020-07-06 22:51:41 UTC,
1-139175,1,1-7,338,338,"",false,2020-07-06 21:05:18 UTC,
1-414636,1,1-7,385,385,Et velit eligendi.,false,2020-07-04 21:31:47 UTC,
1-687769,1,1-7,181,181,Vel sit animi.,false,2020-06-30 21:32:34 UTC,
1-170709,1,1-7,777,777,"",true,2020-07-09 17:06:46 UTC,
1-144559,1,1-7,1084,1084,Qui assumenda voluptatem.,true,2020-07-06 17:53:52 UTC,
1-224690,1,1-7,905,905,Et nihil voluptas.,true,2020-07-15 20:33:53 UTC,
1-478425,1,1-7,686,686,Iste nesciunt repudiandae.,true,2020-06-29 20:15:37 UTC,
1-608324,1,1-7,288,288,Dolore dolorem cumque.,false,2020-06-30 21:40:17 UTC,
1-627789,1,1-7,1100,1100,Et perspiciatis voluptatibus.,false,2020-07-21 18:41:29 UTC,
1-120285,1,1-7,451,451,"",false,2020-07-14 19:01:30 UTC,
1-799983,1,1-7,135,135,Hic voluptatem vitae.,true,2020-07-04 19:34:58 UTC,
1-809204,1,1-7,1968,1968,Similique reprehenderit dolor.,true,2020-07-05 17:06:38 UTC,
1-458057,1,1-7,588,588,"",true,2020-07-26 21:31:37 UTC,
1-533823,1,1-7,1427,1427,"",false,2020-07-10 20:07:34 UTC,
1-545964,1,1-7,682,682,"",true,2020-07-10 20:44:53 UTC,
1-438899,1,1-7,141,141,Aliquam fuga sit.,true,2020-07-14 18:12:08 UTC,
1-108174,1,1-7,49,49,Molestias officia assumenda.,true,2020-07-05 17:40:17 UTC,
1-959001,1,1-4,1180,1180,"",false,2020-07-27 20:53:55 UTC,
1-923135,1,1-3,1623,1623,Qui natus quos.,true,2020-07-24 20:10:36 UTC,
1-967822,1,1-2,1250,1250,"",true,2020-08-07 19:38:07 UTC,
1-985394,1,1-4,1887,1887,Tempora fuga iste.,false,2020-07-26 21:57:24 UTC,
1-985959,1,1-0,1411,1411,"",false,2020-07-27 19:52:14 UTC,
1-922223,1,1-8,1247,1247,"",false,2020-08-01 21:03:09 UTC,
1-982750,1,1-5,746,746,Quia eveniet qui.,false,2020-08-03 19:42:24 UTC,
1-973456,1,1-0,886,886,"",true,2020-07-24 18:08:48 UTC,
1-980160,1,1-4,1355,1355,Sequi est ut.,true,2020-07-27 20:12:18 UTC,
1-941524,1,1-8,1219,1219,A et voluptatem.,false,2020-07-28 20:58:43 UTC,
2-123473,2,2-4,417,417,"",false,2020-07-02 18:08:57 UTC,
2-398613,2,2-4,1898,1898,"",true,2020-06-29 17:02:49 UTC,
2-233224,2,2-4,1407,1407,"",false,2020-06-29 17:20:19 UTC,
2-244646,2,2-4,282,282,"",true,2020-07-20 18:56:22 UTC,
2-422120,2,2-4,643,643,Ut quibusdam necessitatibus.,true,2020-07-09 20:30:58 UTC,
2-550565,2,2-4,1004,1004,"",true,2020-07-22 21:08:56 UTC,
2-493601,2,2-4,1999,1999,"",false,2020-07-26 17:08:19 UTC,
2-647608,2,2-4,1051,1051,Consequatur veritatis cum.,false,2020-07-23 21:46:29 UTC,
2-547277,2,2-4,106,106,"",false,2020-07-18 18:19:52 UTC,
2-809667,2,2-4,684,684,"",false,2020-07-03 17:05:14 UTC,
2-428061,2,2-4,305,305,Quis aliquid pariatur.,true,2020-06-29 19:21:37 UTC,
2-781672,2,2-4,1417,1417,Qui voluptas debitis.,false,2020-07-19 18:23:40 UTC,
2-822555,2,2-4,376,376,"",true,2020-07-22 19:25:49 UTC,
2-747907,2,2-4,563,563,"",false,2020-07-16 20:55:29 UTC,
2-333471,2,2-4,550,550,Accusamus dolorem qui.,false,2020-07-06 19:09:12 UTC,
2-767875,2,2-4,939,939,Nam reprehenderit veniam.,false,2020-07-03 17:42:46 UTC,
2-629674,2,2-4,623,623,Nostrum dolor qui.,false,2020-06-29 22:24:33 UTC,
2-491411,2,2-4,527,527,"",false,2020-07-11 21:46:04 UTC,
2-447597,2,2-4,1580,1580,"",true,2020-07-08 21:00:11 UTC,
2-540188,2,2-4,1103,1103,Et mollitia omnis.,false,2020-07-27 18:53:08 UTC,
2-344020,2,2-4,1977,1977,Sint dolorem cupiditate.,true,2020-07-25 22:28:30 UTC,
2-508875,2,2-4,16,16,Sequi molestiae aut.,false,2020-07-05 17:38:38 UTC,
2-113026,2,2-4,1870,1870,Iusto molestias quam.,false,2020-07-16 22:40:25 UTC,
2-409873,2,2-4,1684,1684,"",false,2020-06-29 22:07:42 UTC,
2-167933,2,2-4,308,308,Natus nobis quis.,true,2020-07-12 21:09:16 UTC,
2-415896,2,2-4,839,839,"",true,2020-07-18 18:42:19 UTC,
2-538110,2,2-4,1798,1798,"",true,2020-07-08 22:22:58 UTC,
2-675277,2,2-4,61,61,"",false,2020-07-05 17:33:09 UTC,
2-380352,2,2-4,368,368,Numquam voluptas ipsum.,true,2020-06-30 18:39:39 UTC,
2-681755,2,2-4,199,199,Neque omnis sit.,true,2020-07-02 18:04:00 UTC,
2-216120,2,2-4,1978,1978,Blanditiis non magni.,false,2020-07-08 17:26:51 UTC,
2-871471,2,2-4,987,987,"",false,2020-07-19 19:47:22 UTC,
2-823631,2,2-4,1603,1603,Omnis nisi consequatur.,false,2020-07-17 21:50:18 UTC,
2-548788,2,2-4,179,179,Dolorum dolor qui.,true,2020-07-27 21:23:24 UTC,
2-245037,2,2-4,691,691,Quidem omnis iure.,false,2020-07-17 19:06:29 UTC,
2-320110,2,2-4,936,936,Placeat quasi et.,false,2020-07-03 21:09:57 UTC,
2-644082,2,2-4,1327,1327,Est quia soluta.,true,2020-07-14 20:50:58 UTC,
2-737498,2,2-4,255,255,"",false,2020-07-04 19:54:59 UTC,
2-205500,2,2-4,142,142,Excepturi accusamus provident.,true,2020-07-17 22:16:12 UTC,
2-887999,2,2-4,912,912,"",true,2020-07-02 18:10:38 UTC,
2-225004,2,2-4,592,592,Quia corrupti animi.,true,2020-07-13 19:40:06 UTC,
2-112839,2,2-4,579,579,Ullam animi non.,true,2020-07-19 21:11:21 UTC,
2-348414,2,2-4,1452,1452,Sit temporibus iusto.,true,2020-07-05 22:31:06 UTC,
2-566513,2,2-4,1745,1745,"",false,2020-07-21 18:28:35 UTC,
2-337916,2,2-4,1663,1663,"",true,2020-07-07 19:10:27 UTC,
2-248863,2,2-4,725,725,Amet dolorem aut.,false,2020-07-16 17:17:49 UTC,
1-461548,1,1-7,1973,1973,"",true,2020-07-13 17:22:47 UTC,
2-840696,2,2-4,226,226,Vel quia accusantium.,false,2020-07-02 21:31:29 UTC,
2-184894,2,2-4,942,942,"",true,2020-07-14 19:25:36 UTC,
2-665488,2,2-4,397,397,"",false,2020-06-30 22:14:08 UTC,
2-567503,2,2-4,536,536,"",true,2020-07-16 22:05:15 UTC,
2-411853,2,2-4,1904,1904,"",false,2020-07-04 19:19:41 UTC,
2-283767,2,2-4,1071,1071,"",true,2020-07-05 17:44:10 UTC,
2-338941,2,2-4,270,270,Non et id.,true,2020-06-30 17:27:27 UTC,
2-179282,2,2-4,1189,1189,"",true,2020-07-08 21:21:59 UTC,
2-122095,2,2-4,1022,1022,Et ut autem.,true,2020-07-06 22:07:34 UTC,
2-352962,2,2-4,622,622,Est aut ut.,false,2020-07-21 17:45:18 UTC,
2-479341,2,2-4,1618,1618,"",true,2020-07-16 19:05:17 UTC,
2-374345,2,2-4,452,452,"",true,2020-07-13 21:29:04 UTC,
2-281227,2,2-4,859,859,Et rerum totam.,false,2020-07-05 18:10:31 UTC,
2-308723,2,2-4,801,801,"",false,2020-07-18 18:13:41 UTC,
2-672867,2,2-4,1003,1003,"",true,2020-07-15 20:36:10 UTC,
2-243162,2,2-4,1119,1119,"",true,2020-06-29 22:29:57 UTC,
2-121855,2,2-4,1505,1505,"",true,2020-07-26 17:49:59 UTC,
2-422516,2,2-4,1207,1207,Omnis magnam doloribus.,false,2020-07-02 20:42:33 UTC,
2-654844,2,2-4,1177,1177,Rerum atque ducimus.,false,2020-07-24 19:59:00 UTC,
2-235402,2,2-4,1537,1537,Sapiente ea nesciunt.,true,2020-07-06 22:21:47 UTC,
2-675430,2,2-4,1829,1829,Et ut sit.,true,2020-07-14 18:24:07 UTC,
2-235963,2,2-4,1958,1958,"",true,2020-07-23 22:44:16 UTC,
2-951514,2,2-3,1187,1187,"",true,2020-07-29 21:22:28 UTC,
2-979711,2,2-9,123,123,Deleniti amet sed.,true,2020-07-29 18:31:02 UTC,
2-975053,2,2-7,1323,1323,Qui ab exercitationem.,false,2020-08-05 21:59:19 UTC,
2-981817,2,2-6,406,406,"",true,2020-07-28 18:19:30 UTC,
2-925031,2,2-7,1868,1868,Consequatur libero molestiae.,false,2020-08-05 18:36:42 UTC,
2-938179,2,2-0,1642,1642,Fugiat ratione eum.,true,2020-07-25 17:21:48 UTC,
2-934399,2,2-4,1619,1619,"",true,2020-08-05 22:17:49 UTC,
2-907558,2,2-6,854,854,"",true,2020-08-05 22:38:55 UTC,
2-912951,2,2-1,857,857,"",false,2020-07-24 19:55:04 UTC,
2-941350,2,2-7,1778,1778,Aliquid fugit provident.,false,2020-08-04 18:19:22 UTC,
2-963323,2,2-5,94,94,Aspernatur accusantium in.,false,2020-07-24 20:44:07 UTC,
3-798533,3,3-6,1666,1666,Hic ea cum.,false,2020-07-13 20:10:55 UTC,
3-882425,3,3-6,1936,1936,Sapiente accusantium qui.,true,2020-07-23 19:08:20 UTC,
3-427274,3,3-6,1347,1347,"",true,2020-07-25 22:03:22 UTC,
3-755579,3,3-6,1471,1471,"",false,2020-07-23 17:56:05 UTC,
3-640552,3,3-6,544,544,Temporibus exercitationem repellendus.,false,2020-06-30 21:42:49 UTC,
3-731642,3,3-6,1889,1889,Minima voluptatem adipisci.,false,2020-07-10 19:57:40 UTC,
3-445109,3,3-6,824,824,"",false,2020-07-14 21:38:41 UTC,
3-249643,3,3-6,1359,1359,Omnis laborum quasi.,false,2020-07-14 19:47:19 UTC,
3-231505,3,3-6,848,848,Sequi provident assumenda.,false,2020-07-03 21:34:40 UTC,
3-262035,3,3-6,1796,1796,Occaecati vero cum.,true,2020-07-11 19:11:55 UTC,
3-636769,3,3-6,1886,1886,"",true,2020-06-28 21:35:45 UTC,
3-365167,3,3-6,998,998,"",false,2020-07-24 19:06:28 UTC,
3-772818,3,3-6,304,304,"",true,2020-07-02 18:00:20 UTC,
3-892285,3,3-6,1617,1617,Eaque ut nostrum.,true,2020-07-03 19:31:02 UTC,
3-592453,3,3-6,128,128,"",false,2020-07-27 17:16:02 UTC,
3-642180,3,3-6,896,896,Corporis soluta et.,true,2020-07-22 17:30:07 UTC,
3-359308,3,3-6,1360,1360,"",true,2020-07-12 22:35:12 UTC,
3-680183,3,3-6,219,219,Dolorum id maxime.,true,2020-07-22 22:27:18 UTC,
3-292988,3,3-6,364,364,"",true,2020-07-04 20:20:17 UTC,
3-733724,3,3-6,762,762,"",false,2020-07-18 18:04:40 UTC,
3-338577,3,3-6,1707,1707,Et aut consequuntur.,false,2020-07-19 22:20:48 UTC,
3-839012,3,3-6,453,453,"",true,2020-07-02 18:34:02 UTC,
3-711017,3,3-6,383,383,"",false,2020-07-07 18:02:40 UTC,
3-350246,3,3-6,883,883,Eum nihil est.,true,2020-07-08 22:07:14 UTC,
3-604114,3,3-6,1269,1269,"",true,2020-07-07 20:34:22 UTC,
3-584607,3,3-6,1833,1833,"",true,2020-07-01 22:48:06 UTC,
3-529476,3,3-6,1349,1349,"",true,2020-07-06 22:31:57 UTC,
3-486295,3,3-6,646,646,Rerum architecto est.,true,2020-07-04 22:51:33 UTC,
3-582500,3,3-6,1896,1896,"",false,2020-07-27 21:43:16 UTC,
3-497056,3,3-6,957,957,"",true,2020-07-03 17:07:25 UTC,
3-139324,3,3-6,333,333,Rerum quas pariatur.,true,2020-07-21 19:14:14 UTC,
3-159425,3,3-6,1404,1404,"",true,2020-07-12 19:51:21 UTC,
3-426517,3,3-6,360,360,Distinctio hic sapiente.,true,2020-07-09 20:06:26 UTC,
3-533300,3,3-6,417,417,"",true,2020-07-16 20:56:00 UTC,
3-899510,3,3-6,1815,1815,Porro error expedita.,false,2020-07-20 22:30:37 UTC,
3-380578,3,3-6,496,496,Nam voluptatum harum.,false,2020-07-06 19:28:08 UTC,
3-507949,3,3-6,1348,1348,"",true,2020-07-06 19:26:15 UTC,
3-204502,3,3-6,1811,1811,"",true,2020-07-23 18:20:50 UTC,
3-559910,3,3-6,454,454,Vero modi ex.,false,2020-07-16 20:25:08 UTC,
3-512516,3,3-6,1385,1385,Ea quia et.,false,2020-07-20 18:34:16 UTC,
3-648852,3,3-6,928,928,"",false,2020-07-08 21:11:17 UTC,
3-647180,3,3-6,1710,1710,"",false,2020-07-17 20:16:23 UTC,
3-516198,3,3-6,1259,1259,"",true,2020-07-05 19:37:31 UTC,
3-370860,3,3-6,455,455,Dolores minus omnis.,true,2020-06-28 21:48:33 UTC,
3-503806,3,3-6,1986,1986,"",true,2020-07-06 21:23:00 UTC,
3-736630,3,3-6,1770,1770,"",false,2020-07-20 18:49:13 UTC,
3-684975,3,3-6,813,813,"",false,2020-07-21 19:11:24 UTC,
3-735728,3,3-6,1054,1054,"",true,2020-07-15 21:07:12 UTC,
3-785435,3,3-6,61,61,Delectus sed ex.,true,2020-07-05 20:12:21 UTC,
3-225915,3,3-6,1920,1920,Reprehenderit impedit quo.,false,2020-06-29 18:31:35 UTC,
3-540020,3,3-6,1341,1341,"",false,2020-07-17 20:58:19 UTC,
3-289225,3,3-6,1726,1726,"",false,2020-07-26 18:29:13 UTC,
3-169928,3,3-6,1347,1347,"",false,2020-07-09 22:03:32 UTC,
3-463926,3,3-6,943,943,Sed aliquam excepturi.,false,2020-07-08 17:03:30 UTC,
3-684776,3,3-6,294,294,Quis et aspernatur.,false,2020-07-10 18:34:08 UTC,
3-443971,3,3-6,159,159,Rerum ea aut.,true,2020-07-15 19:36:45 UTC,
3-507155,3,3-6,361,361,Ut nulla veritatis.,false,2020-07-17 17:33:30 UTC,
3-553739,3,3-6,930,930,"",false,2020-07-18 19:22:28 UTC,
3-716481,3,3-6,1153,1153,Commodi repellendus rerum.,true,2020-07-18 20:42:00 UTC,
3-247011,3,3-6,172,172,Qui error quisquam.,true,2020-07-27 17:55:08 UTC,
3-431224,3,3-6,169,169,"",false,2020-07-23 18:21:05 UTC,
3-873565,3,3-6,235,235,Odio impedit itaque.,false,2020-07-10 19:53:38 UTC,
3-131837,3,3-6,1973,1973,Voluptatem harum eaque.,false,2020-07-06 22:06:51 UTC,
3-634109,3,3-6,765,765,Rerum explicabo ipsa.,false,2020-07-17 20:10:32 UTC,
3-220618,3,3-6,1613,1613,"",true,2020-07-18 19:52:34 UTC,
3-312679,3,3-6,936,936,Autem facere consequatur.,true,2020-07-25 22:17:53 UTC,
3-749742,3,3-6,32,32,Autem at odit.,false,2020-07-09 18:32:30 UTC,
3-673804,3,3-6,73,73,"",true,2020-06-29 20:52:00 UTC,
3-163540,3,3-6,1353,1353,"",false,2020-07-20 17:50:05 UTC,
3-889388,3,3-6,1344,1344,"",false,2020-07-14 17:32:46 UTC,
3-577709,3,3-6,1337,1337,"",true,2020-07-01 18:51:52 UTC,
3-511721,3,3-6,592,592,"",true,2020-07-02 22:40:19 UTC,
3-457668,3,3-6,1635,1635,"",true,2020-07-15 20:19:18 UTC,
3-983220,3,3-7,183,183,Rem qui enim.,true,2020-08-05 18:08:03 UTC,
3-961426,3,3-2,1924,1924,Id eum quis.,true,2020-08-07 22:44:13 UTC,
3-910194,3,3-0,1815,1815,"",false,2020-08-05 22:55:54 UTC,
2-613842,2,2-4,1386,1386,"",false,2020-06-28 17:23:27 UTC,
3-218558,3,3-6,1266,1266,Quis sit id.,false,2020-07-12 21:45:01 UTC,
2-574661,2,2-4,1879,1879,Similique nobis repellendus.,true,2020-07-18 22:04:35 UTC,
2-737947,2,2-4,1776,1776,Dignissimos earum beatae.,false,2020-07-12 20:35:13 UTC,
2-277094,2,2-4,897,897,"",true,2020-07-16 20:31:41 UTC,
3-481023,3,3-6,218,218,Cupiditate enim qui.,true,2020-07-13 21:19:37 UTC,
2-847802,2,2-4,1535,1535,"",false,2020-07-20 19:06:50 UTC,
1-847993,1,1-7,1574,1574,"",true,2020-07-07 19:39:39 UTC,
3-268889,3,3-6,1008,1008,Illo ipsam quo.,false,2020-07-07 20:48:32 UTC,
3-383560,3,3-6,888,888,Consequatur et velit.,true,2020-07-01 17:28:14 UTC,
2-664516,2,2-4,822,822,"",true,2020-07-03 17:50:51 UTC,
2-107424,2,2-4,1147,1147,"",true,2020-07-06 19:59:38 UTC,
2-219553,2,2-4,1431,1431,Delectus nisi omnis.,true,2020-07-27 21:47:09 UTC,
2-579332,2,2-4,134,134,"",false,2020-07-19 22:28:51 UTC,
2-343358,2,2-4,482,482,"",false,2020-07-07 19:24:19 UTC,
2-122714,2,2-4,131,131,Non ut minus.,false,2020-07-22 21:03:53 UTC,
2-873648,2,2-4,1264,1264,Delectus exercitationem est.,true,2020-07-12 17:45:57 UTC,
3-199290,3,3-6,1143,1143,"",true,2020-07-25 18:42:42 UTC,
2-346896,2,2-4,1010,1010,"",true,2020-07-09 18:39:13 UTC,
3-153606,3,3-6,1011,1011,"",true,2020-07-19 18:45:56 UTC,
2-227419,2,2-4,144,144,"",true,2020-07-04 21:49:25 UTC,
1-232944,1,1-7,973,973,"",true,2020-07-13 19:24:27 UTC,
3-579798,3,3-6,1716,1716,"",false,2020-07-09 19:13:32 UTC,
2-670496,2,2-4,45,45,"",false,2020-07-25 19:19:05 UTC,
2-511633,2,2-4,670,670,Quaerat aliquam mollitia.,true,2020-07-26 21:33:56 UTC,
2-718428,2,2-4,1955,1955,"",false,2020-07-20 18:55:40 UTC,
2-339976,2,2-4,1591,1591,"",false,2020-07-15 19:12:36 UTC,
2-852841,2,2-4,229,229,"",false,2020-07-12 18:06:19 UTC,
2-575538,2,2-4,1579,1579,"",true,2020-07-18 18:14:07 UTC,
2-325687,2,2-4,377,377,Non sapiente et.,false,2020-07-25 17:17:17 UTC,
2-862753,2,2-4,423,423,Aut iusto nesciunt.,false,2020-07-24 18:03:23 UTC,
2-675279,2,2-4,197,197,"",false,2020-07-17 21:39:24 UTC,
1-613574,1,1-7,1376,1376,Id quos impedit.,false,2020-07-09 18:55:31 UTC,
3-445082,3,3-6,1801,1801,"",false,2020-07-13 21:05:06 UTC,
1-418561,1,1-7,701,701,Officia eveniet nihil.,false,2020-06-29 22:13:05 UTC,
1-945554,1,1-2,300,300,Ab officiis adipisci.,true,2020-07-30 20:55:38 UTC,
1-398891,1,1-7,1603,1603,"",true,2020-07-21 20:44:05 UTC,
3-252120,3,3-6,1410,1410,"",true,2020-07-12 18:22:59 UTC,
3-208482,3,3-6,1507,1507,Enim quia eaque.,false,2020-07-11 22:33:36 UTC,
1-960931,1,1-8,1238,1238,Voluptas laudantium eum.,false,2020-07-26 20:53:09 UTC,
3-106310,3,3-6,227,227,"",true,2020-07-24 18:14:18 UTC,
3-400288,3,3-6,1863,1863,"",true,2020-07-23 17:52:38 UTC,
3-788865,3,3-6,1174,1174,"",true,2020-07-01 21:24:18 UTC,
3-908461,3,3-6,1287,1287,Tenetur distinctio qui.,false,2020-07-27 19:39:41 UTC,
1-431829,1,1-7,1927,1927,"",false,2020-07-04 20:58:40 UTC,
1-943821,1,1-5,444,444,"",false,2020-07-27 17:29:23 UTC,
3-266330,3,3-6,668,668,"",true,2020-07-14 17:56:10 UTC,
1-400769,1,1-7,1818,1818,Voluptatem et perspiciatis.,false,2020-07-04 19:40:04 UTC,
1-956449,1,1-1,216,216,Architecto aut occaecati.,true,2020-07-31 21:16:59 UTC,
3-550604,3,3-6,1623,1623,"",false,2020-07-13 17:56:45 UTC,
3-939617,3,3-7,328,328,"",true,2020-07-27 18:48:34 UTC,
3-294805,3,3-6,1216,1216,"",true,2020-07-10 21:39:40 UTC,
3-948367,3,3-4,1655,1655,"",true,2020-08-06 19:44:08 UTC,
1-931147,1,1-3,550,550,"",true,2020-07-26 21:20:27 UTC,
3-250506,3,3-6,551,551,"",false,2020-07-24 19:07:21 UTC,
3-244388,3,3-6,1501,1501,"",true,2020-07-03 17:35:18 UTC,
1-967897,1,1-2,9,9,Laboriosam omnis vel.,true,2020-08-04 21:05:00 UTC,
3-778290,3,3-6,1082,1082,"",true,2020-07-16 21:23:20 UTC,
1-189425,1,1-7,908,908,Earum ipsam ipsum.,true,2020-07-22 18:11:13 UTC,
1-489401,1,1-7,1177,1177,"",false,2020-07-06 17:48:07 UTC,
3-629992,3,3-6,609,609,Sint sit qui.,true,2020-07-12 19:59:12 UTC,
1-465673,1,1-7,764,764,Non sapiente nostrum.,false,2020-07-21 17:31:53 UTC,
1-918211,1,1-7,904,904,"",false,2020-07-23 17:57:12 UTC,
3-272636,3,3-6,922,922,"",false,2020-07-07 20:01:42 UTC,
1-955646,1,1-3,1060,1060,Numquam incidunt blanditiis.,false,2020-08-05 17:16:11 UTC,
3-952985,3,3-1,1083,1083,"",false,2020-08-04 20:00:05 UTC,
1-923026,1,1-9,380,380,Qui ducimus vero.,false,2020-07-30 17:39:46 UTC,
3-940901,3,3-4,1510,1510,Modi perspiciatis eius.,true,2020-07-30 21:10:47 UTC,
3-611259,3,3-6,1431,1431,Voluptas sit architecto.,true,2020-07-08 22:57:33 UTC,
1-687416,1,1-7,1151,1151,"",false,2020-06-30 18:58:43 UTC,
1-723063,1,1-7,840,840,"",true,2020-07-12 20:37:52 UTC,
1-639091,1,1-7,1285,1285,"",true,2020-07-02 21:03:32 UTC,
1-690792,1,1-7,1741,1741,Delectus iure velit.,true,2020-07-05 21:37:49 UTC,
1-470987,1,1-7,1920,1920,"",true,2020-06-29 22:30:26 UTC,
1-385144,1,1-7,19,19,"",false,2020-07-09 17:34:00 UTC,
1-329845,1,1-7,1520,1520,"",true,2020-06-29 17:51:14 UTC,
1-664835,1,1-7,366,366,Magnam eveniet quam.,false,2020-07-11 22:26:49 UTC,
1-646283,1,1-7,806,806,Distinctio reprehenderit ipsa.,false,2020-07-20 20:57:52 UTC,
1-239742,1,1-7,1512,1512,Unde aliquid et.,false,2020-07-27 19:09:26 UTC,
1-523717,1,1-7,830,830,Debitis magni velit.,false,2020-07-08 18:01:44 UTC,
1-895267,1,1-7,568,568,Velit iure aliquid.,true,2020-07-11 17:49:41 UTC,
1-525692,1,1-7,1323,1323,"",true,2020-07-07 21:02:33 UTC,
1-868145,1,1-7,1842,1842,"",true,2020-07-10 17:59:39 UTC,
3-505783,3,3-6,895,895,"",true,2020-07-23 21:25:31 UTC,
1-703692,1,1-7,697,697,"",true,2020-07-17 21:18:27 UTC,
1-339375,1,1-7,434,434,"",true,2020-07-01 21:23:06 UTC,
1-821847,1,1-7,690,690,"",true,2020-07-22 18:21:15 UTC,
1-293053,1,1-7,480,480,Sunt et enim.,false,2020-07-18 21:27:25 UTC,
1-668271,1,1-7,1796,1796,"",true,2020-07-22 20:59:57 UTC,
1-775305,1,1-7,841,841,"",true,2020-07-07 17:28:49 UTC,
1-788946,1,1-7,1742,1742,Aut quis reiciendis.,true,2020-06-28 17:10:28 UTC,
1-338358,1,1-7,1079,1079,"",false,2020-07-18 22:44:16 UTC,
1-331818,1,1-7,857,857,"",false,2020-07-08 22:49:50 UTC,
1-419987,1,1-7,335,335,Omnis voluptates natus.,true,2020-07-27 17:56:12 UTC,
1-818754,1,1-7,1429,1429,"",true,2020-07-23 19:01:38 UTC,
1-620997,1,1-7,1532,1532,"",false,2020-07-11 17:45:29 UTC,
3-871532,3,3-6,833,833,"",true,2020-07-09 20:27:13 UTC,
1-585659,1,1-7,1373,1373,"",true,2020-07-01 18:45:38 UTC,
1-641122,1,1-7,533,533,Ad dolor quo.,true,2020-07-22 19:06:51 UTC,
3-772120,3,3-6,965,965,Reiciendis ea totam.,false,2020-06-28 18:33:29 UTC,
1-876929,1,1-7,1692,1692,Placeat fugit consequatur.,true,2020-07-08 21:08:58 UTC,
1-680242,1,1-7,339,339,Porro reprehenderit eius.,false,2020-07-18 18:58:53 UTC,
1-184495,1,1-7,185,185,Voluptate est dolorum.,false,2020-07-18 20:04:06 UTC,
1-477519,1,1-7,1283,1283,"",false,2020-07-05 21:03:58 UTC,
1-445984,1,1-7,156,156,Adipisci cumque fugiat.,true,2020-07-03 22:42:52 UTC,
3-216984,3,3-6,1386,1386,Officia quis sit.,false,2020-07-25 22:36:14 UTC,
1-151811,1,1-7,715,715,"",true,2020-07-07 21:47:07 UTC,
1-555783,1,1-7,777,777,"",true,2020-07-02 18:37:53 UTC,
3-901587,3,3-0,448,448,"",true,2020-08-05 17:43:42 UTC,
1-887149,1,1-7,562,562,"",true,2020-07-06 20:47:26 UTC,
1-106917,1,1-7,1624,1624,"",false,2020-07-06 18:00:31 UTC,
1-250815,1,1-7,1374,1374,Ea et non.,true,2020-07-14 18:05:14 UTC,
1-215378,1,1-7,1955,1955,"",true,2020-06-29 19:09:27 UTC,
1-317632,1,1-7,69,69,"",false,2020-07-02 19:12:23 UTC,
1-850183,1,1-7,386,386,Beatae perferendis nisi.,false,2020-07-16 21:37:59 UTC,
1-375502,1,1-7,1453,1453,"",true,2020-07-14 21:21:31 UTC,
1-132730,1,1-7,1279,1279,"",true,2020-07-24 21:24:52 UTC,
3-913338,3,3-1,227,227,"",false,2020-08-07 22:59:53 UTC,
1-339204,1,1-7,805,805,"",false,2020-07-13 20:39:50 UTC,
1-693956,1,1-7,231,231,Dicta quos sit.,true,2020-07-09 18:14:17 UTC,
1-768250,1,1-7,830,830,"",false,2020-07-18 17:10:00 UTC,
1-449037,1,1-7,1983,1983,Quam est et.,true,2020-06-30 19:26:24 UTC,
1-118073,1,1-7,1634,1634,"",false,2020-07-24 19:36:12 UTC,
1-400164,1,1-7,876,876,"",false,2020-07-13 21:26:02 UTC,
3-488497,3,3-6,1330,1330,"",true,2020-07-12 19:00:52 UTC,
3-386827,3,3-6,1459,1459,"",false,2020-07-06 17:26:15 UTC,
1-813540,1,1-7,1127,1127,Aut voluptas amet.,true,2020-07-01 19:35:13 UTC,
3-123071,3,3-6,225,225,Aliquid aut possimus.,true,2020-07-26 21:06:18 UTC,
3-756854,3,3-6,162,162,"",true,2020-07-23 22:33:01 UTC,
3-722435,3,3-6,1482,1482,"",false,2020-07-06 22:56:27 UTC,
3-620834,3,3-6,1509,1509,Ut odit cumque.,true,2020-06-28 17:20:55 UTC,
3-923251,3,3-6,1591,1591,"",false,2020-07-24 17:58:59 UTC,
3-262046,3,3-6,1652,1652,"",true,2020-06-29 21:17:59 UTC,
3-200870,3,3-6,1175,1175,Doloremque illo suscipit.,true,2020-07-11 18:38:56 UTC,
3-291817,3,3-6,194,194,"",false,2020-07-21 22:50:15 UTC,
3-363130,3,3-6,72,72,Suscipit distinctio tempore.,false,2020-07-10 21:59:22 UTC,
2-950515,2,2-3,82,82,"",true,2020-08-04 22:37:11 UTC,
3-680296,3,3-6,1372,1372,"",false,2020-07-17 21:58:49 UTC,
3-684980,3,3-6,1359,1359,Est sint qui.,false,2020-07-04 21:59:15 UTC,
3-261532,3,3-6,120,120,Adipisci vero exercitationem.,true,2020-07-17 22:46:28 UTC,
1-112647,1,1-7,1739,1739,Omnis ratione esse.,true,2020-07-24 20:22:44 UTC,
3-866430,3,3-6,1042,1042,"",false,2020-07-01 20:53:14 UTC,
1-349942,1,1-7,1069,1069,"",true,2020-07-20 19:01:53 UTC,
3-222788,3,3-6,379,379,Exercitationem dolor voluptatibus.,false,2020-07-23 21:22:38 UTC,
3-710719,3,3-6,435,435,Possimus expedita distinctio.,false,2020-07-04 22:00:43 UTC,
3-161794,3,3-6,1440,1440,Odio omnis sit.,false,2020-07-04 19:11:55 UTC,
3-657759,3,3-6,404,404,Repellendus accusantium rerum.,true,2020-07-11 19:36:38 UTC,
1-440304,1,1-7,874,874,"",true,2020-07-07 20:05:17 UTC,
3-390140,3,3-6,805,805,"",false,2020-06-30 17:24:53 UTC,
2-916419,2,2-1,396,396,Iste libero et.,true,2020-07-31 17:36:25 UTC,
3-381146,3,3-6,2004,2004,Impedit eaque explicabo.,true,2020-06-29 22:07:56 UTC,
3-595615,3,3-6,532,532,"",true,2020-07-05 22:52:04 UTC,
1-779029,1,1-7,1753,1753,"",true,2020-07-13 21:07:36 UTC,
2-950463,2,2-9,1358,1358,Ducimus ut nam.,true,2020-07-23 18:27:23 UTC,
3-241236,3,3-6,124,124,Incidunt soluta molestias.,false,2020-07-11 21:56:02 UTC,
1-424101,1,1-7,1331,1331,"",false,2020-07-22 20:14:55 UTC,
2-978124,2,2-2,72,72,Doloribus illo aliquam.,true,2020-08-02 22:13:44 UTC,
3-912080,3,3-9,1537,1537,"",false,2020-07-30 22:57:28 UTC,
3-764500,3,3-6,782,782,"",true,2020-07-04 22:29:33 UTC,
3-215601,3,3-6,1143,1143,Officia consequatur in.,false,2020-07-02 19:50:16 UTC,
2-971756,2,2-5,641,641,Vero vel repudiandae.,false,2020-07-26 18:58:56 UTC,
3-812386,3,3-6,1519,1519,Et ut libero.,true,2020-07-02 18:30:58 UTC,
3-601237,3,3-6,1376,1376,Vero et consequatur.,false,2020-07-14 17:56:15 UTC,
2-957536,2,2-7,481,481,Perferendis ea voluptatem.,true,2020-07-28 20:47:58 UTC,
3-294493,3,3-6,135,135,"",true,2020-07-04 18:11:15 UTC,
3-323487,3,3-6,1165,1165,"",true,2020-07-20 19:22:17 UTC,
3-222271,3,3-6,12,12,Ullam corporis voluptas.,false,2020-07-11 18:02:43 UTC,
3-470907,3,3-6,539,539,Quas voluptatibus facere.,true,2020-07-14 20:50:26 UTC,
3-123035,3,3-6,690,690,Ipsam est nostrum.,true,2020-06-28 19:39:22 UTC,
3-233883,3,3-6,1728,1728,"",false,2020-07-06 20:24:48 UTC,
2-504630,2,2-4,23,23,Possimus rem voluptatem.,true,2020-07-01 20:45:14 UTC,
2-811919,2,2-4,1483,1483,Accusamus perferendis doloribus.,false,2020-07-17 21:28:53 UTC,
2-602494,2,2-4,993,993,"",true,2020-07-23 22:23:55 UTC,
3-404330,3,3-6,940,940,Voluptate perferendis quo.,true,2020-07-14 22:21:30 UTC,
2-572696,2,2-4,1482,1482,Et officiis vel.,true,2020-07-12 21:55:42 UTC,
2-461140,2,2-4,1224,1224,Distinctio molestiae est.,false,2020-07-23 18:20:48 UTC,
3-678342,3,3-6,332,332,"",false,2020-07-05 19:14:14 UTC,
2-404137,2,2-4,172,172,"",false,2020-07-06 20:23:17 UTC,
2-276354,2,2-4,1272,1272,"",true,2020-06-30 21:04:29 UTC,
2-549861,2,2-4,1886,1886,"",false,2020-07-07 22:00:58 UTC,
2-358430,2,2-4,1265,1265,In hic error.,true,2020-07-01 17:36:48 UTC,
2-565894,2,2-4,1348,1348,"",false,2020-07-21 21:31:06 UTC,
2-529499,2,2-4,1895,1895,Eum error ex.,false,2020-06-30 20:00:01 UTC,
2-263155,2,2-4,960,960,"",false,2020-06-28 22:19:59 UTC,
2-124216,2,2-4,1783,1783,Recusandae veritatis quaerat.,false,2020-07-22 22:47:12 UTC,
2-715217,2,2-4,68,68,"",false,2020-07-21 18:36:18 UTC,
2-187071,2,2-4,1049,1049,Eaque qui blanditiis.,false,2020-07-14 18:43:14 UTC,
2-476553,2,2-4,594,594,Quas sed omnis.,true,2020-07-07 20:49:50 UTC,
2-858510,2,2-4,1510,1510,"",false,2020-06-30 18:16:16 UTC,
1-568086,1,1-7,1651,1651,Ut voluptas molestias.,false,2020-07-24 22:42:09 UTC,
3-700018,3,3-6,1559,1559,A et voluptatibus.,false,2020-07-24 17:30:53 UTC,
3-988746,3,3-4,242,242,"",false,2020-07-30 21:50:11 UTC,
2-755255,2,2-4,780,780,Libero ut corrupti.,true,2020-07-04 21:18:51 UTC,
2-138583,2,2-4,1300,1300,Ipsa dolores nostrum.,true,2020-07-05 17:42:46 UTC,
2-428132,2,2-4,516,516,"",false,2020-07-16 19:35:42 UTC,
2-951376,2,2-2,526,526,"",true,2020-08-07 21:14:46 UTC,
2-775824,2,2-4,1230,1230,Quidem earum corrupti.,false,2020-07-10 21:45:12 UTC,
2-124407,2,2-4,96,96,"",false,2020-07-14 22:08:02 UTC,
2-345720,2,2-4,1532,1532,"",false,2020-07-03 22:54:52 UTC,
3-725159,3,3-6,1581,1581,"",false,2020-06-28 17:08:25 UTC,
3-888271,3,3-6,296,296,"",true,2020-07-17 17:25:12 UTC,
2-269803,2,2-4,1484,1484,"",false,2020-07-24 19:20:45 UTC,
2-594562,2,2-4,2003,2003,Quia perspiciatis facilis.,true,2020-07-02 18:57:12 UTC,
2-812892,2,2-4,943,943,"",false,2020-07-04 17:11:52 UTC,
2-312879,2,2-4,1571,1571,"",false,2020-07-27 21:11:22 UTC,
2-514087,2,2-4,565,565,Sed harum dolor.,true,2020-07-13 17:20:35 UTC,
2-692144,2,2-4,1197,1197,Modi et ut.,false,2020-07-17 21:58:36 UTC,
2-409847,2,2-4,128,128,"",false,2020-07-04 21:59:44 UTC,
2-812066,2,2-4,460,460,"",false,2020-07-21 19:53:29 UTC,
2-708159,2,2-4,596,596,Eligendi nihil cumque.,true,2020-07-10 21:34:00 UTC,
3-506870,3,3-6,1836,1836,"",false,2020-07-27 19:44:16 UTC,
2-176466,2,2-4,1548,1548,"",true,2020-07-04 17:49:29 UTC,
2-245885,2,2-4,1469,1469,"",true,2020-06-28 22:59:24 UTC,
2-172464,2,2-4,161,161,Illo dolorem iure.,true,2020-06-29 22:00:13 UTC,
2-287978,2,2-4,37,37,Optio laboriosam sit.,true,2020-07-14 22:30:14 UTC,
3-497517,3,3-6,1635,1635,"",false,2020-07-08 22:48:59 UTC,
1-780944,1,1-7,1605,1605,Quae enim ut.,false,2020-06-28 22:28:24 UTC,
2-267104,2,2-4,1496,1496,"",true,2020-07-18 21:54:38 UTC,
2-119891,2,2-4,883,883,"",false,2020-07-26 22:54:14 UTC,
3-611489,3,3-6,1150,1150,"",false,2020-07-18 20:18:25 UTC,
3-459346,3,3-6,962,962,"",false,2020-07-25 21:59:00 UTC,
2-930970,2,2-6,859,859,,,2020-07-24 17:48:13 UTC,
1-915649,1,1-8,1492,1492,,,2020-07-25 18:51:47 UTC,
2-978124,2,2-2,72,72,,,2020-08-02 22:13:44 UTC,
2-945177,2,2-0,1201,1201,,,2020-08-04 21:54:22 UTC,
3-951161,3,3-5,20,20,,,2020-08-06 22:23:14 UTC,
2-944765,2,2-2,123,123,,,2020-08-01 19:29:41 UTC,
2-981817,2,2-6,406,406,,,2020-07-28 18:19:30 UTC,
1-968677,1,1-0,314,314,,,2020-07-30 17:33:32 UTC,
2-976238,2,2-8,1940,1940,,,2020-08-06 21:50:53 UTC,
2-907558,2,2-6,854,854,,,2020-08-05 22:38:55 UTC,
3-908461,3,3-6,1287,1287,,,2020-07-27 19:39:41 UTC,
2-975053,2,2-7,1323,1323,,,2020-08-05 21:59:19 UTC,
2-956328,2,2-6,1046,1046,,,2020-07-24 20:05:19 UTC,
3-961426,3,3-2,1924,1924,,,2020-08-07 22:44:13 UTC,
2-971756,2,2-5,641,641,,,2020-07-26 18:58:56 UTC,
1-943821,1,1-5,444,444,,,2020-07-27 17:29:23 UTC,
2-979711,2,2-9,123,123,,,2020-07-29 18:31:02 UTC,
2-960632,2,2-3,989,989,,,2020-07-31 22:46:44 UTC,
2-944532,2,2-6,572,572,,,2020-07-31 21:26:16 UTC,
2-972346,2,2-1,1454,1454,,,2020-07-31 18:14:30 UTC,
2-934399,2,2-4,1619,1619,,,2020-08-05 22:17:49 UTC,
2-929776,2,2-4,424,424,,,2020-08-07 22:40:39 UTC,
2-951514,2,2-3,1187,1187,,,2020-07-29 21:22:28 UTC,
2-987036,2,2-1,1642,1642,,,2020-07-24 17:53:39 UTC,
2-962993,2,2-2,1725,1725,,,2020-07-23 21:14:44 UTC,
2-971853,2,2-5,621,621,,,2020-07-25 18:46:50 UTC,
2-957536,2,2-7,481,481,,,2020-07-28 20:47:58 UTC,
1-963558,1,1-7,477,477,,,2020-07-25 19:06:20 UTC,
1-980160,1,1-4,1355,1355,,,2020-07-27 20:12:18 UTC,
2-913696,2,2-5,1227,1227,,,2020-08-07 22:26:58 UTC,
1-928960,1,1-6,1587,1587,,,2020-07-24 20:14:47 UTC,
3-979321,3,3-1,611,611,,,2020-07-25 18:23:08 UTC,
1-956449,1,1-1,216,216,,,2020-07-31 21:16:59 UTC,
2-911670,2,2-3,1869,1869,,,2020-08-04 19:07:15 UTC,
2-913534,2,2-5,1957,1957,,,2020-08-05 18:52:05 UTC,
2-907779,2,2-6,318,318,,,2020-08-06 17:00:29 UTC,
2-952305,2,2-8,1967,1967,,,2020-07-29 22:09:09 UTC,
3-988448,3,3-7,1797,1797,,,2020-08-01 19:32:58 UTC,
2-988555,2,2-7,867,867,,,2020-07-27 19:08:05 UTC,
2-950463,2,2-9,1358,1358,,,2020-07-23 18:27:23 UTC,
2-972462,2,2-0,1392,1392,,,2020-08-07 21:55:28 UTC,
3-982641,3,3-3,1147,1147,,,2020-07-26 17:23:39 UTC,
1-930672,1,1-3,1739,1739,,,2020-08-03 18:26:14 UTC,
1-972698,1,1-5,1587,1587,,,2020-08-07 17:35:57 UTC,
1-938712,1,1-5,1160,1160,,,2020-08-06 18:36:43 UTC,
3-984449,3,3-3,1552,1552,,,2020-08-06 17:03:09 UTC,
2-907611,2,2-4,481,481,,,2020-07-23 18:56:49 UTC,
2-976026,2,2-6,1643,1643,,,2020-07-31 20:56:04 UTC,
1-922022,1,1-9,1475,1475,,,2020-08-01 21:55:32 UTC,
3-912080,3,3-9,1537,1537,,,2020-07-30 22:57:28 UTC,
3-911086,3,3-1,840,840,,,2020-07-29 21:12:47 UTC,
3-939617,3,3-7,328,328,,,2020-07-27 18:48:34 UTC,
1-925365,1,1-0,876,876,,,2020-08-06 22:09:35 UTC,
2-938179,2,2-0,1642,1642,,,2020-07-25 17:21:48 UTC,
1-926284,1,1-7,1224,1224,,,2020-08-07 20:04:23 UTC,
1-973456,1,1-0,886,886,,,2020-07-24 18:08:48 UTC,
1-931147,1,1-3,550,550,,,2020-07-26 21:20:27 UTC,
2-925031,2,2-7,1868,1868,,,2020-08-05 18:36:42 UTC,
1-900596,1,1-0,1775,1775,,,2020-08-02 20:50:48 UTC,
3-910194,3,3-0,1815,1815,,,2020-08-05 22:55:54 UTC,
1-978866,1,1-3,1523,1523,,,2020-07-26 19:18:36 UTC,
3-923251,3,3-6,1591,1591,,,2020-07-24 17:58:59 UTC,
1-967897,1,1-2,9,9,,,2020-08-04 21:05:00 UTC,
2-982110,2,2-7,1707,1707,,,2020-07-23 21:56:44 UTC,
3-974383,3,3-7,1439,1439,,,2020-07-26 21:23:37 UTC,
3-956843,3,3-4,266,266,,,2020-07-24 18:24:31 UTC,
1-938753,1,1-2,339,339,,,2020-08-06 20:40:28 UTC,
2-917951,2,2-6,1406,1406,,,2020-07-23 19:26:29 UTC,
1-975528,1,1-4,126,126,,,2020-07-23 21:07:39 UTC,
3-948367,3,3-4,1655,1655,,,2020-08-06 19:44:08 UTC,
3-901587,3,3-0,448,448,,,2020-08-05 17:43:42 UTC,
3-902005,3,3-9,1845,1845,,,2020-07-30 19:57:54 UTC,
1-982750,1,1-5,746,746,,,2020-08-03 19:42:24 UTC,
2-963323,2,2-5,94,94,,,2020-07-24 20:44:07 UTC,
1-922223,1,1-8,1247,1247,,,2020-08-01 21:03:09 UTC,
3-956346,3,3-3,614,614,,,2020-08-07 19:10:19 UTC,
1-979922,1,1-9,81,81,,,2020-07-27 17:03:21 UTC,
3-988746,3,3-4,242,242,,,2020-07-30 21:50:11 UTC,
1-985959,1,1-0,1411,1411,,,2020-07-27 19:52:14 UTC,
1-985394,1,1-4,1887,1887,,,2020-07-26 21:57:24 UTC,
3-918190,3,3-0,1867,1867,,,2020-08-06 22:24:34 UTC,
1-918211,1,1-7,904,904,,,2020-07-23 17:57:12 UTC,
2-950515,2,2-3,82,82,,,2020-08-04 22:37:11 UTC,
3-951727,3,3-2,1092,1092,,,2020-07-28 22:37:12 UTC,
2-932190,2,2-2,424,424,,,2020-08-07 21:57:36 UTC,
3-950788,3,3-4,1098,1098,,,2020-07-26 17:34:52 UTC,
1-919879,1,1-9,1160,1160,,,2020-07-31 19:35:53 UTC,
2-944724,2,2-1,1773,1773,,,2020-07-24 17:33:28 UTC,
1-967822,1,1-2,1250,1250,,,2020-08-07 19:38:07 UTC,
1-955646,1,1-3,1060,1060,,,2020-08-05 17:16:11 UTC,
2-962292,2,2-4,1954,1954,,,2020-07-28 21:52:18 UTC,
3-988880,3,3-3,543,543,,,2020-07-25 21:17:46 UTC,
1-923026,1,1-9,380,380,,,2020-07-30 17:39:46 UTC,
2-975977,2,2-8,586,586,,,2020-07-30 18:40:34 UTC,
3-955324,3,3-8,31,31,,,2020-07-29 17:34:54 UTC,
3-952985,3,3-1,1083,1083,,,2020-08-04 20:00:05 UTC,
1-975672,1,1-4,89,89,,,2020-07-26 20:22:04 UTC,
1-902847,1,1-8,1377,1377,,,2020-08-06 19:29:37 UTC,
1-953178,1,1-5,684,684,,,2020-08-04 20:20:04 UTC,
2-941350,2,2-7,1778,1778,,,2020-08-04 18:19:22 UTC,
3-934169,3,3-6,874,874,,,2020-07-24 18:50:43 UTC,
1-962013,1,1-8,1728,1728,,,2020-07-31 17:51:53 UTC,
3-947167,3,3-1,104,104,,,2020-07-24 18:16:14 UTC,
1-918107,1,1-3,1873,1873,,,2020-08-04 20:56:21 UTC,
1-923135,1,1-3,1623,1623,,,2020-07-24 20:10:36 UTC,
1-957196,1,1-3,2008,2008,,,2020-08-03 18:31:10 UTC,
1-921811,1,1-5,1754,1754,,,2020-07-30 21:12:31 UTC,
1-937604,1,1-1,213,213,,,2020-07-31 21:33:33 UTC,
1-959001,1,1-4,1180,1180,,,2020-07-27 20:53:55 UTC,
1-948021,1,1-7,1086,1086,,,2020-08-01 17:02:52 UTC,
2-912951,2,2-1,857,857,,,2020-07-24 19:55:04 UTC,
3-984070,3,3-1,745,745,,,2020-08-03 20:23:49 UTC,
3-954151,3,3-7,1802,1802,,,2020-07-25 18:15:50 UTC,
3-952432,3,3-3,739,739,,,2020-07-31 17:22:38 UTC,
3-983220,3,3-7,183,183,,,2020-08-05 18:08:03 UTC,
2-955133,2,2-6,340,340,,,2020-07-31 22:06:24 UTC,
3-946042,3,3-7,297,297,,,2020-08-04 20:21:42 UTC,
2-916419,2,2-1,396,396,,,2020-07-31 17:36:25 UTC,
3-948399,3,3-6,847,847,,,2020-07-24 18:23:29 UTC,
2-950650,2,2-5,1711,1711,,,2020-08-06 18:24:37 UTC,
3-913338,3,3-1,227,227,,,2020-08-07 22:59:53 UTC,
3-940901,3,3-4,1510,1510,,,2020-07-30 21:10:47 UTC,
3-976563,3,3-6,307,307,,,2020-08-06 18:56:07 UTC,
2-951376,2,2-2,526,526,,,2020-08-07 21:14:46 UTC,
1-978446,1,1-2,1345,1345,,,2020-07-26 22:29:30 UTC,
3-939923,3,3-3,311,311,,,2020-08-03 21:38:26 UTC,
3-960885,3,3-0,322,322,,,2020-07-25 20:38:46 UTC,
2-988051,2,2-4,198,198,,,2020-08-06 21:39:56 UTC,
3-977419,3,3-1,1953,1953,,,2020-07-30 19:39:52 UTC,
3-919298,3,3-1,370,370,,,2020-08-06 21:33:17 UTC,
3-920745,3,3-0,1318,1318,,,2020-08-07 22:27:09 UTC,
2-954000,2,2-4,208,208,,,2020-07-27 22:22:21 UTC,
1-985883,1,1-4,1649,1649,,,2020-07-29 18:31:20 UTC,
1-939521,1,1-3,866,866,,,2020-07-23 22:46:43 UTC,
1-911893,1,1-1,1412,1412,,,2020-07-30 21:31:20 UTC,
3-958066,3,3-4,625,625,,,2020-07-26 21:17:20 UTC,
3-986273,3,3-8,901,901,,,2020-08-05 18:48:21 UTC,
1-945554,1,1-2,300,300,,,2020-07-30 20:55:38 UTC,
2-966172,2,2-4,1135,1135,,,2020-08-04 20:05:13 UTC,
3-985314,3,3-6,1076,1076,,,2020-08-02 17:07:36 UTC,
3-900817,3,3-6,713,713,,,2020-07-23 17:43:12 UTC,
3-910218,3,3-1,397,397,,,2020-07-26 21:50:34 UTC,
1-941524,1,1-8,1219,1219,,,2020-07-28 20:58:43 UTC,
3-948258,3,3-0,158,158,,,2020-07-28 21:16:36 UTC,
1-940551,1,1-6,1662,1662,,,2020-07-24 18:57:35 UTC,
2-975109,2,2-1,1279,1279,,,2020-07-25 19:00:20 UTC,
1-960931,1,1-8,1238,1238,,,2020-07-26 20:53:09 UTC,
3-915659,3,3-3,1371,1371,,,2020-07-27 19:22:51 UTC,
3-902042,3,3-1,1199,1199,,,2020-07-30 18:57:14 UTC,
3-922785,3,3-8,638,638,,,2020-08-07 19:01:10 UTC,
1-971598,1,1-8,1919,1919,,,2020-07-23 19:57:57 UTC,
1-984403,1,1-0,1177,1177,,,2020-07-28 21:28:03 UTC,
3-978653,3,3-6,1148,1148,,,2020-07-30 17:06:17 UTC,
