appointment_id,service_id,price,duration
6874,1,68.27,
2191,1,22.28,
6323,1,0.49,
7654,1,61.04,
4450,1,6.73,
52,1,68.27,
2238,1,9.51,
58,1,95.38,
4757,1,55.72,
1504,1,45.44,
8053,1,30.56,
2496,1,39.57,
7825,1,79.04,
152,1,50.52,
7796,1,89.17,
1795,1,74.19,
8285,1,56.98,
647,1,30.71,
2650,1,68.05,
6942,1,78.87,
1645,1,36.46,
1540,1,91.23,
4199,1,62.4,
4744,1,73.28,
1786,1,10.87,
4519,1,79.77,
7897,1,96.97,
3437,1,38.74,
716,1,6.89,
7882,1,46.62,
719,1,55.46,
8617,1,48.92,
2334,1,98.43,
2068,1,99.45,
7661,1,4.69,
3136,1,11.82,
7413,1,97.57,
8900,1,24.78,
8280,1,78.35,
6609,1,73.45,
6973,1,63.99,
2351,1,85.99,
4195,1,15.69,
3216,1,23.6,
7486,1,90.96,
4317,1,37.47,
1205,1,25.33,
165,1,56.81,
4024,1,37.69,
1735,1,43.85,
8295,1,11.33,
7999,1,75.42,
8319,1,28.79,
3234,1,90.18,
4784,1,41.95,
7087,1,56.93,
511,1,87.38,
1363,1,65.26,
8953,1,15.33,
2604,1,15.89,
4421,1,82.46,
3970,1,15.23,
1447,1,62.04,
3030,1,53.45,
8425,1,9.21,
4042,1,39.49,
4427,1,62.07,
6692,1,64.12,
7329,1,61.71,
639,1,88.6,
3798,1,94.43,
2813,1,90.08,
117,1,70.67,
609,1,95.28,
2097,1,33.34,
1511,1,86.56,
6198,1,1.74,
3666,1,72.64,
7450,1,46.93,
6964,1,34.98,
6825,1,27.2,
8788,1,62.22,
3641,1,23.67,
2648,1,87.63,
3394,1,5.91,
3838,1,47.3,
2098,1,2.7,
537,1,23.87,
6595,1,67.73,
7462,1,25.75,
4992,1,21.79,
3413,1,54.78,
1668,1,55.0,
3377,1,86.31,
3584,1,23.73,
7218,1,27.94,
306,1,75.86,
246,1,28.98,
3006,1,29.01,
6038,1,55.54,
8952,1,83.82,
3400,1,39.97,
3066,1,50.49,
2111,1,6.28,
2122,1,57.18,
1070,1,38.07,
2734,1,75.36,
8538,1,14.35,
1832,1,76.41,
631,1,20.95,
6758,1,52.74,
2804,1,38.57,
1667,1,39.02,
4598,1,90.33,
4664,1,42.9,
6257,1,7.15,
2917,1,75.79,
8241,1,94.33,
2957,1,55.48,
2120,1,38.6,
6420,1,62.11,
367,1,34.69,
3664,1,87.8,
2212,1,2.61,
2462,1,97.87,
192,1,92.27,
3920,1,81.26,
1199,1,10.8,
6392,1,80.27,
2410,1,32.86,
1502,1,65.3,
8807,1,95.95,
7240,1,13.69,
3260,1,11.31,
702,1,97.4,
3716,1,59.83,
1024,1,16.71,
374,1,62.39,
8790,1,79.93,
417,1,55.43,
8651,1,0.22,
7344,1,3.06,
4472,1,9.08,
6021,1,80.68,
8341,1,28.36,
6369,1,77.77,
6261,1,81.48,
6646,1,30.89,
6572,1,27.44,
7579,1,86.66,
942,1,49.05,
915,1,52.85,
2270,1,52.84,
6135,1,12.6,
2659,1,52.09,
6706,1,25.83,
8131,1,2.4,
6856,1,72.95,
6388,1,68.86,
7774,1,34.42,
6991,1,70.98,
8172,1,75.54,
8997,1,42.95,
7531,1,54.92,
7751,1,2.44,
8261,1,85.36,
8509,1,92.59,
6345,1,71.3,
6841,1,83.17,
7021,1,72.06,
7433,1,60.34,
7422,1,10.24,
8070,1,45.0,
6800,1,8.96,
6178,1,78.72,
8160,1,71.26,
6554,1,87.95,
6567,1,3.82,
6961,1,69.16,
2154,1,63.52,
6515,1,35.31,
7430,1,9.63,
2455,1,16.63,
8981,1,43.23,
8205,1,22.38,
8088,1,12.05,
2142,1,29.18,
8677,1,46.16,
6781,1,47.84,
7184,1,66.97,
8149,1,18.62,
7949,1,79.27,
8579,1,18.48,
7913,1,93.85,
7981,1,98.71,
6755,1,53.31,
7253,1,42.67,
8257,1,93.26,
7915,1,61.71,
8243,1,24.96,
1701,1,90.59,
8289,1,28.3,
6268,1,25.42,
8536,1,67.05,
7523,1,38.15,
6239,1,22.22,
6911,1,62.01,
7936,1,92.6,
7782,1,9.63,
7153,1,30.09,
3517,1,16.56,
3698,1,59.19,
8531,1,31.76,
6241,1,16.38,
7983,1,11.72,
4033,1,49.95,
514,1,85.64,
6736,1,17.45,
2847,1,26.58,
8210,1,55.96,
6081,1,29.72,
8534,1,0.08,
6255,1,89.12,
4552,1,8.37,
6080,1,37.59,
8972,1,54.9,
6350,1,36.83,
8571,1,7.92,
6179,1,13.11,
8983,1,29.75,
1156,1,53.31,
6260,1,62.38,
8786,1,54.84,
6124,1,15.4,
7659,1,19.46,
7490,1,4.79,
8230,1,81.79,
6777,1,22.32,
7689,1,29.99,
8989,1,51.1,
8283,1,36.31,
6719,1,6.11,
8867,1,6.48,
6366,1,79.02,
6987,1,96.14,
8575,1,5.42,
8181,1,33.77,
6480,1,12.81,
1428,1,34.14,
6355,1,34.39,
7548,1,29.87,
329,1,29.23,
6059,1,23.78,
6681,1,63.08,
8762,1,91.02,
8137,1,66.06,
8055,1,82.85,
7121,1,76.46,
6401,1,16.87,
4322,1,78.92,
6654,1,65.19,
6403,1,41.34,
7277,1,47.66,
7280,1,16.53,
6919,1,40.72,
6233,1,13.53,
7994,1,54.44,
6145,1,0.06,
8115,1,46.74,
6172,1,59.46,
6520,1,27.89,
1408,1,20.04,
8890,1,78.27,
8848,1,51.46,
8680,1,5.13,
6152,1,3.41,
8294,1,64.34,
7497,1,86.76,
7483,1,76.63,
6445,1,46.68,
7098,1,85.19,
6380,1,18.1,
6311,1,61.38,
6685,1,90.52,
6269,1,60.23,
8497,1,22.85,
6196,1,33.42,
4832,1,91.18,
7162,1,93.84,
7109,1,32.99,
7359,1,89.84,
1862,1,1.19,
6636,1,39.99,
4125,1,6.3,
3703,1,82.71,
7393,1,56.27,
6477,1,99.84,
236,1,39.29,
6798,1,82.84,
4342,1,21.04,
6588,1,14.67,
8535,1,40.18,
8518,1,4.26,
1783,1,2.36,
4022,1,55.14,
3349,1,42.26,
6896,1,75.59,
6949,1,6.68,
841,1,78.02,
4698,1,92.68,
6642,1,40.25,
7505,1,43.12,
6546,1,74.79,
7216,1,43.68,
6289,1,63.25,
7429,1,66.91,
8568,1,47.43,
831,1,10.95,
3752,1,55.21,
7426,1,27.47,
4155,1,84.74,
2041,1,60.86,
6878,1,24.33,
1687,1,83.91,
6438,1,42.27,
7334,1,96.38,
8108,1,74.58,
4516,1,58.45,
4643,1,67.88,
6325,1,24.42,
2200,1,93.03,
7803,1,78.92,
7420,1,62.66,
3612,1,16.46,
3528,1,85.74,
7869,1,8.79,
8714,1,54.2,
4897,1,4.97,
8813,1,86.76,
3321,1,12.75,
3587,1,59.65,
1093,1,28.84,
2029,1,15.57,
3800,1,47.72,
6823,1,92.72,
2448,1,31.51,
7039,1,7.21,
8611,1,64.13,
7526,1,36.35,
6367,1,90.53,
7788,1,29.62,
1325,1,52.15,
7263,1,39.11,
6509,1,42.98,
7552,1,29.49,
2450,1,63.35,
6470,1,75.71,
7611,1,79.06,
8648,1,67.76,
8442,1,21.84,
27,1,94.54,
6846,1,81.19,
967,1,59.7,
4110,1,60.99,
8924,1,71.26,
6559,1,18.71,
8893,1,45.77,
6218,1,53.23,
687,1,41.05,
3261,1,66.09,
8539,1,33.85,
7883,1,99.54,
229,1,94.22,
3536,1,53.24,
4605,1,19.98,
7041,1,82.89,
7948,1,72.3,
8190,1,20.69,
6127,1,83.64,
2964,1,4.5,
6797,1,17.17,
2766,1,57.07,
780,1,71.24,
4220,1,51.67,
6363,1,92.59,
88,1,18.91,
2360,1,82.0,
7303,1,63.5,
4206,1,17.62,
8864,1,41.55,
4931,1,35.49,
228,1,1.9,
3469,1,80.97,
7839,1,87.29,
3914,1,86.05,
2601,1,83.26,
4520,1,33.32,
1844,1,83.85,
2320,1,18.33,
1793,1,46.22,
8221,1,18.68,
3775,1,70.61,
435,1,43.1,
885,1,87.78,
73,1,92.59,
3302,1,59.94,
8320,1,41.37,
7533,1,76.0,
731,1,26.61,
3264,1,50.75,
6157,1,74.1,
897,1,24.69,
6213,1,40.78,
6810,1,7.26,
7648,1,5.99,
7268,1,8.23,
8081,1,35.82,
4187,1,69.28,
640,1,53.3,
6752,1,87.07,
3946,1,77.19,
6310,1,58.28,
1998,1,60.01,
8018,1,91.2,
8371,1,41.01,
1084,1,72.75,
6163,1,37.99,
7007,1,49.38,
782,1,73.16,
6441,1,99.24,
2829,1,32.38,
8529,1,68.67,
2834,1,64.0,
2380,1,39.02,
6137,1,68.64,
4189,1,86.15,
4925,1,72.47,
7046,1,73.64,
7080,1,6.86,
8855,1,82.17,
6334,1,28.57,
995,1,1.91,
1585,1,93.96,
3545,1,76.31,
4980,1,80.48,
3438,1,3.74,
2203,1,5.56,
2726,1,97.75,
7634,2,83.85,
85,2,98.21,
6687,2,95.47,
8180,2,29.31,
7745,2,69.2,
8416,2,55.08,
1459,2,57.86,
8778,2,36.08,
1351,2,67.88,
8459,2,37.54,
8038,2,46.41,
7191,2,69.8,
8633,2,98.32,
7199,2,69.78,
8839,2,29.66,
7717,2,36.49,
8922,2,28.12,
8653,2,99.78,
8035,2,71.06,
8327,2,43.26,
4308,2,11.28,
8389,2,92.22,
6950,2,90.56,
632,2,48.67,
6018,2,87.09,
7958,2,36.5,
6314,2,52.79,
6424,2,62.57,
8725,2,66.73,
8963,2,72.64,
6763,2,60.98,
7864,2,58.9,
7092,2,73.7,
7633,2,49.85,
6146,2,31.66,
6222,2,27.86,
516,2,35.91,
7723,2,46.05,
2988,2,75.19,
8656,2,98.4,
1400,2,78.69,
8971,2,82.56,
6933,2,14.81,
8717,2,34.04,
8707,2,6.7,
1167,2,68.53,
6750,2,69.61,
8692,2,72.04,
6083,2,3.39,
7168,2,79.99,
8147,2,44.34,
7480,2,68.39,
6408,2,21.76,
7755,2,33.31,
8932,2,10.42,
6397,2,57.9,
6443,2,20.79,
6644,2,24.62,
7265,2,75.85,
6813,2,39.9,
6555,2,89.91,
6502,2,63.55,
8530,2,43.09,
6452,2,72.35,
8004,2,31.76,
8110,2,37.11,
7582,2,89.34,
7959,2,76.99,
6802,2,43.92,
6423,2,4.3,
6854,2,94.08,
8187,2,87.95,
8175,2,93.0,
7716,2,84.43,
4714,2,70.13,
8315,2,92.37,
1223,2,99.04,
6711,2,67.71,
8994,2,61.38,
8043,2,7.45,
7714,2,18.08,
4054,2,43.09,
8827,2,30.54,
6859,2,52.8,
8847,2,89.61,
8265,2,88.53,
3949,2,50.25,
8163,2,6.92,
8479,2,20.84,
8793,2,18.49,
7044,2,18.03,
8140,2,45.1,
19,2,51.99,
7022,2,67.94,
7886,2,64.8,
7073,2,33.89,
7178,2,34.93,
7011,2,28.39,
6650,2,44.94,
1818,2,19.32,
3248,2,22.8,
4950,2,1.42,
3546,2,53.35,
7859,2,54.12,
2258,2,75.69,
6306,2,14.76,
7231,2,42.93,
4487,2,50.77,
3609,2,29.74,
573,2,14.01,
1414,2,43.42,
3063,2,1.89,
1452,2,60.19,
3088,2,64.24,
1380,2,15.25,
2554,2,10.82,
7470,2,12.17,
2759,2,83.06,
2581,2,66.54,
398,2,99.12,
8974,2,26.95,
865,2,78.42,
789,2,43.85,
3957,2,54.62,
1564,2,0.37,
403,2,34.33,
4434,2,45.92,
2922,2,86.35,
1356,2,1.43,
4632,2,0.18,
6019,2,53.86,
2817,2,54.11,
2640,2,82.13,
6246,2,26.05,
3233,2,5.74,
1782,2,37.28,
2402,2,68.1,
752,2,44.08,
3036,2,23.33,
231,2,37.74,
7288,2,85.35,
4067,2,84.07,
3337,2,66.11,
1625,2,29.03,
3057,2,49.58,
3414,2,68.72,
6740,2,9.3,
1632,2,68.31,
3289,2,80.43,
319,2,23.21,
3119,2,34.73,
455,2,18.92,
1691,2,85.78,
3114,2,68.95,
1894,2,51.89,
4734,2,60.07,
3021,2,31.54,
3480,2,41.66,
8889,2,67.63,
2064,2,15.0,
6735,2,42.22,
4870,2,33.9,
2316,2,69.47,
2691,2,4.05,
4442,2,51.61,
1758,2,80.94,
3539,2,29.23,
500,2,0.22,
2851,2,12.74,
1918,2,50.9,
3794,2,73.55,
1956,2,52.05,
360,2,74.83,
508,2,99.69,
4091,2,49.71,
1812,2,42.49,
2150,2,11.82,
2321,2,11.49,
3944,2,59.37,
1179,2,70.08,
3494,2,50.11,
2798,2,29.38,
843,2,58.22,
8069,2,58.95,
1984,2,42.21,
422,2,99.92,
1957,2,86.27,
3204,2,22.65,
7488,2,0.4,
7255,2,14.27,
8300,2,63.25,
2387,2,83.14,
2428,2,86.48,
623,2,26.04,
8830,2,35.66,
2361,2,49.02,
2753,2,76.09,
2560,2,50.55,
819,2,90.39,
2113,2,70.79,
40,2,19.44,
7299,2,23.05,
1135,2,10.62,
1108,2,87.67,
4668,2,56.4,
2792,2,82.51,
292,2,16.96,
847,2,48.86,
382,2,74.11,
8572,2,35.92,
2504,2,35.54,
7159,2,64.36,
983,2,27.6,
7387,2,80.31,
708,2,96.3,
4551,2,10.81,
2456,2,80.28,
7640,2,13.38,
4879,2,98.24,
4093,2,3.98,
36,2,39.52,
38,2,36.54,
1238,2,2.99,
3463,2,8.89,
1549,2,25.23,
3643,2,25.15,
4255,2,34.12,
1281,2,29.33,
275,2,41.16,
4896,2,69.7,
4498,2,65.78,
1736,2,35.31,
961,2,19.3,
7743,2,63.26,
4736,2,35.49,
653,2,18.9,
3959,2,75.36,
2871,2,57.42,
6364,2,75.57,
1868,2,24.26,
3810,2,58.84,
2698,2,74.95,
8424,2,16.94,
1752,2,80.41,
3925,2,9.94,
4376,2,2.94,
199,2,45.72,
4826,2,30.39,
593,2,78.91,
951,2,94.14,
2179,2,97.83,
616,2,50.2,
8394,2,96.44,
8843,2,20.04,
1941,2,70.56,
24,2,64.74,
2401,2,99.39,
561,2,72.38,
580,2,70.99,
2669,2,69.63,
213,2,82.05,
3285,2,41.54,
3177,2,60.06,
3167,2,21.86,
3614,2,31.41,
3996,2,78.85,
798,2,12.4,
4382,2,94.36,
526,2,32.97,
2517,2,25.31,
1738,2,66.07,
1000,2,29.15,
2844,2,45.56,
4562,2,99.8,
3029,2,31.75,
1144,2,70.19,
1879,2,92.41,
787,2,34.62,
634,2,76.95,
239,2,51.63,
94,2,11.51,
6960,2,11.9,
3462,2,59.96,
241,2,69.91,
977,2,38.36,
4500,2,22.53,
6544,2,11.39,
362,2,66.37,
7260,2,61.54,
3383,2,85.62,
4626,2,84.97,
7660,2,2.56,
4439,2,22.69,
6205,2,38.48,
4569,2,95.41,
760,2,38.5,
4754,2,94.99,
4019,2,16.82,
2349,2,10.28,
2070,2,29.87,
783,2,37.99,
8743,2,40.55,
3495,2,95.99,
3000,2,32.82,
2796,2,76.81,
930,2,32.01,
135,2,15.02,
4039,2,14.24,
3595,2,45.71,
3910,2,92.41,
3973,2,55.23,
4345,2,90.91,
2282,2,37.71,
4224,2,0.99,
6617,2,85.75,
6405,2,94.88,
4529,2,90.46,
8866,2,74.68,
8581,2,21.18,
8907,2,94.59,
6153,2,70.31,
8965,2,32.58,
4035,2,59.16,
8184,2,98.38,
8161,2,30.45,
6069,2,7.24,
7522,2,51.39,
8111,2,9.23,
6980,2,98.73,
8406,2,34.93,
6298,2,14.43,
8975,2,49.16,
8775,2,27.65,
4117,2,67.03,
6376,2,16.21,
8174,2,92.8,
7267,2,27.85,
6916,2,29.87,
8779,2,62.55,
7729,2,0.23,
8567,2,79.1,
7805,2,17.49,
4268,2,24.87,
7489,2,1.89,
6295,2,92.26,
6378,2,29.18,
8443,2,10.38,
1178,2,63.21,
8041,2,17.59,
6768,2,30.73,
7590,2,70.57,
1954,2,8.39,
7206,2,96.68,
7335,2,41.8,
7928,2,73.01,
8501,2,72.71,
7656,2,41.41,
7337,2,29.66,
6287,2,40.04,
7772,2,18.46,
8958,2,18.42,
8684,2,90.85,
7841,2,31.98,
6458,2,56.86,
6833,2,51.68,
8064,2,7.36,
8476,2,65.85,
7658,2,69.14,
7318,2,44.37,
7820,2,12.75,
8857,2,63.8,
2833,2,58.32,
6436,2,48.16,
6516,2,48.02,
8595,2,83.74,
6183,2,87.84,
8040,2,44.05,
7880,2,19.21,
1762,2,53.43,
6330,2,0.37,
7585,2,45.72,
7921,2,73.19,
7370,2,70.91,
689,2,5.71,
4574,2,31.74,
6680,2,45.57,
8398,2,32.97,
2003,2,14.38,
8697,2,48.41,
8898,2,28.58,
7881,2,7.95,
6338,2,10.71,
7278,2,71.03,
7135,2,87.29,
8474,2,43.28,
7258,2,30.95,
6353,2,86.68,
7338,2,48.06,
7831,2,88.56,
7330,2,11.89,
7791,2,14.75,
7500,2,20.87,
6508,2,90.68,
6827,2,67.41,
7425,2,83.49,
6266,2,85.32,
7313,2,31.7,
6375,2,83.99,
7713,2,38.86,
6168,2,30.65,
7403,2,76.65,
2886,2,40.51,
8527,2,76.69,
4103,2,75.25,
7878,2,61.97,
6888,2,87.87,
8596,2,99.27,
6641,2,30.45,
8556,2,38.34,
6988,2,8.46,
8841,2,79.73,
7778,2,66.18,
6808,2,30.54,
6449,2,23.45,
6208,2,11.17,
8204,2,78.69,
7987,2,71.6,
4120,2,40.38,
7484,2,20.87,
8083,2,60.01,
7570,2,83.99,
6471,2,10.08,
6040,2,96.27,
7826,2,44.4,
6668,2,21.59,
6244,2,82.34,
6245,2,96.59,
7074,2,96.78,
7354,2,79.72,
7052,2,25.47,
1430,2,83.65,
8514,2,79.25,
7358,2,17.39,
7003,2,64.78,
7215,2,63.34,
7415,2,43.15,
8930,2,1.48,
6817,2,73.09,
8659,2,85.66,
8116,2,95.6,
6655,2,47.35,
8428,2,84.54,
7540,2,73.87,
566,2,69.19,
6667,2,93.19,
8426,2,28.27,
8206,2,73.5,
6834,2,91.29,
6442,2,1.04,
7968,2,54.19,
6867,2,72.78,
8755,2,22.12,
7096,2,41.07,
7105,2,74.68,
6899,2,13.82,
7411,2,21.98,
6963,2,26.17,
7502,2,95.37,
2756,2,15.38,
8515,2,79.57,
6922,2,85.31,
7306,2,2.53,
6861,2,9.4,
7064,2,35.16,
7513,2,6.77,
6552,2,54.36,
1952,3,6.8,
3997,3,18.99,
7474,3,31.64,
6290,3,32.16,
2621,3,95.28,
2850,3,92.52,
3101,3,12.15,
2262,3,71.48,
4138,3,58.48,
1506,3,24.02,
6204,3,58.23,
3502,3,18.12,
3043,3,53.71,
7169,3,39.89,
147,3,12.51,
3642,3,46.44,
3709,3,9.11,
3230,3,71.4,
1995,3,26.11,
3271,3,53.27,
8165,3,83.63,
4882,3,76.98,
8065,3,42.82,
4493,3,97.57,
6505,3,88.8,
6557,3,13.72,
7037,3,84.24,
8592,3,94.14,
3538,3,42.5,
2374,3,14.56,
1467,3,61.87,
3722,3,39.9,
3738,3,12.34,
1052,3,67.11,
6616,3,49.67,
3500,3,25.58,
8012,3,16.68,
4916,3,41.05,
6097,3,16.98,
6119,3,33.65,
6447,3,4.29,
6479,3,36.86,
7844,3,2.61,
8620,3,69.89,
4986,3,51.89,
1787,3,11.67,
3044,3,18.15,
6031,3,96.3,
7177,3,8.26,
3778,3,82.65,
7311,3,51.55,
6529,3,97.94,
2975,3,71.59,
6756,3,21.9,
3885,3,66.69,
3059,3,60.03,
4118,3,48.17,
6155,3,54.4,
6895,3,98.58,
8031,3,35.84,
4610,3,6.27,
7588,3,14.04,
3456,3,76.48,
7618,3,58.73,
6165,3,99.57,
3010,3,73.09,
748,3,56.3,
4538,3,24.26,
659,3,51.39,
4769,3,83.73,
2737,3,54.81,
6887,3,18.94,
7510,3,81.0,
7525,3,47.76,
2510,3,93.56,
8623,3,24.55,
7532,3,94.1,
4930,3,66.68,
8419,3,29.98,
6643,3,24.82,
7571,3,13.84,
7612,3,71.87,
3344,3,99.24,
958,3,5.49,
1418,3,92.06,
29,3,24.36,
7624,3,97.73,
6693,3,79.52,
6327,3,96.58,
3140,3,10.26,
8642,3,76.09,
1579,3,92.21,
4608,3,8.0,
8464,3,84.0,
4612,3,60.67,
1666,3,77.86,
309,3,57.98,
3235,3,27.52,
7808,3,97.89,
7918,3,49.97,
8658,3,78.34,
4548,3,94.92,
8494,3,25.02,
6094,3,14.03,
8247,3,83.27,
539,3,54.11,
13,3,12.09,
6765,3,45.92,
4978,3,62.59,
1449,3,63.32,
8635,3,20.36,
6785,3,49.94,
3562,3,59.78,
7150,3,72.76,
8503,3,3.67,
5,3,54.76,
8824,3,88.2,
7712,3,92.16,
3858,3,46.22,
1883,3,46.23,
7176,3,69.48,
578,3,37.17,
7757,3,23.47,
6384,3,60.2,
4208,3,68.48,
7118,3,72.82,
7309,3,73.29,
2637,3,13.71,
1124,3,65.62,
8598,3,27.12,
7156,3,49.65,
4599,3,92.21,
8466,3,2.37,
6729,3,17.17,
7694,3,77.91,
55,3,25.48,
7719,3,39.14,
4378,3,75.3,
8982,3,44.77,
7600,3,14.86,
6634,3,76.42,
6958,3,35.33,
6653,3,96.77,
7616,3,57.2,
8578,3,17.37,
2077,3,39.58,
4979,3,55.45,
8946,3,81.77,
6791,3,84.06,
7492,3,62.81,
7084,3,59.49,
7165,3,69.52,
2677,3,31.41,
8702,3,91.99,
4824,3,43.67,
8599,3,5.89,
7801,3,17.84,
8279,3,72.13,
7133,3,92.19,
7319,3,39.23,
8422,3,36.16,
8718,3,32.01,
6048,3,35.9,
1396,3,17.75,
8420,3,2.87,
6772,3,35.89,
8480,3,14.04,
7307,3,6.88,
3945,3,81.36,
8417,3,26.66,
6852,3,88.73,
8189,3,17.9,
6686,3,90.64,
6464,3,65.99,
7208,3,36.63,
8216,3,47.17,
8354,3,41.2,
1671,3,72.46,
4911,3,1.53,
8118,3,23.27,
8117,3,46.38,
8905,3,46.23,
8044,3,88.11,
8056,3,85.01,
8298,3,73.57,
6223,3,68.22,
8214,3,14.6,
6649,3,99.49,
8199,3,84.19,
6533,3,38.23,
6976,3,1.78,
7669,3,86.97,
8457,3,37.71,
8869,3,53.71,
7419,3,55.16,
7124,3,32.85,
6885,3,98.06,
4951,3,36.11,
6308,3,60.98,
8378,3,61.55,
8309,3,27.29,
2249,3,63.18,
8999,3,8.6,
327,3,52.0,
4259,3,20.81,
6679,3,53.18,
8858,3,18.1,
7930,3,21.32,
7754,3,27.69,
7990,3,66.06,
8585,3,74.44,
4038,3,45.03,
1627,3,56.55,
7223,3,29.64,
6697,3,16.79,
1316,3,87.92,
7252,3,85.79,
8551,3,66.9,
7909,3,16.57,
7183,3,32.75,
7545,3,85.35,
8011,3,80.99,
6455,3,50.82,
7866,3,10.18,
8154,3,49.66,
4627,3,74.92,
6394,3,24.57,
8288,3,80.66,
8863,3,47.73,
6869,3,37.84,
8077,3,49.1,
6272,3,1.57,
8870,3,99.49,
7650,3,56.35,
6628,3,12.76,
2704,3,72.08,
6839,3,39.91,
8613,3,62.11,
6247,3,44.06,
6527,3,8.25,
2277,3,47.9,
7932,3,25.72,
6407,3,92.16,
6320,3,10.91,
8229,3,20.68,
8941,3,89.78,
8652,3,63.01,
6728,3,36.88,
8220,3,95.63,
6790,3,20.35,
6670,3,90.81,
8665,3,56.47,
7187,3,69.93,
1348,3,56.33,
8583,3,22.62,
6518,3,80.01,
7020,3,54.05,
6880,3,98.04,
8507,3,64.02,
7539,3,28.55,
3878,3,64.3,
6637,3,86.5,
7293,3,14.48,
8808,3,75.71,
7629,3,82.13,
7171,3,28.92,
499,3,8.98,
6597,3,26.08,
3762,3,70.37,
2866,3,74.61,
7401,3,44.1,
7849,3,39.58,
1276,3,84.79,
701,3,1.0,
6603,3,70.87,
4006,3,14.86,
6297,3,81.8,
3015,3,43.5,
6116,3,36.93,
2603,3,33.36,
846,3,17.78,
7081,3,32.56,
4197,3,47.86,
2618,3,49.74,
7516,3,88.17,
3064,3,60.84,
2094,3,70.68,
7954,3,37.3,
2226,3,47.93,
7911,3,28.9,
4201,3,61.88,
7698,3,35.38,
7896,3,31.42,
2515,3,71.04,
1890,3,76.03,
4078,3,32.72,
2018,3,2.57,
950,3,65.76,
8729,3,76.65,
6465,3,36.86,
4153,3,70.94,
6486,3,97.16,
2445,3,96.1,
8413,3,19.93,
6742,3,73.79,
821,3,75.29,
1539,3,93.23,
344,3,80.6,
3308,3,6.37,
4900,3,80.15,
6656,3,62.16,
6936,3,9.72,
8970,3,8.14,
8574,3,82.92,
8906,3,54.05,
3782,3,37.54,
8626,3,19.22,
4963,3,89.57,
1810,3,13.39,
3816,3,19.19,
341,3,95.94,
2080,3,85.97,
6027,3,43.17,
7887,3,74.22,
6393,3,64.72,
889,3,97.52,
6548,3,18.58,
4984,3,35.92,
2435,3,66.35,
2687,3,0.2,
6926,3,96.0,
2544,3,92.98,
1278,3,14.97,
3509,3,1.31,
1123,3,34.24,
4244,3,47.48,
2181,3,19.27,
686,3,33.15,
6332,3,48.06,
2336,3,0.96,
6900,3,9.62,
8234,3,11.18,
7227,3,23.57,
3735,3,65.5,
4069,3,60.94,
1869,3,36.51,
1940,3,89.64,
8465,3,61.81,
692,3,63.38,
138,3,6.93,
4819,3,19.81,
2152,3,76.58,
171,3,5.2,
8332,3,28.43,
1337,3,84.56,
4985,3,88.81,
952,3,82.54,
6703,3,96.76,
7321,3,6.54,
8356,3,6.84,
2911,3,78.15,
7853,3,64.96,
307,3,16.63,
4230,3,71.11,
6912,3,85.23,
6156,3,42.33,
2971,3,60.69,
2289,3,70.97,
739,3,3.12,
7601,3,69.84,
4747,3,4.55,
6776,3,80.53,
3712,3,8.82,
48,3,87.94,
8427,3,95.16,
4865,3,18.5,
6175,3,32.31,
2311,3,52.08,
953,3,84.13,
4416,3,80.62,
4667,3,13.3,
8493,3,53.59,
3142,3,23.84,
6016,3,55.57,
3293,3,1.86,
1327,3,97.62,
7284,3,83.76,
911,3,95.79,
2061,3,66.37,
4704,3,85.72,
4544,3,89.09,
3993,3,65.44,
80,3,19.97,
1039,3,43.74,
7605,3,61.97,
8785,3,39.46,
8608,3,30.04,
4775,3,59.22,
7725,3,87.26,
740,3,52.43,
3774,3,62.07,
699,3,0.63,
3962,3,28.47,
4935,3,30.92,
2279,3,48.66,
156,3,6.0,
3923,3,21.71,
8103,3,1.01,
3170,3,90.31,
1920,3,27.13,
6326,3,41.37,
7961,3,78.37,
7241,3,74.77,
4620,3,70.78,
796,3,57.06,
6615,3,69.43,
1822,3,59.48,
4492,3,55.81,
7463,3,92.89,
7220,3,68.86,
6106,3,16.64,
8923,3,49.85,
4669,3,19.03,
3284,3,83.92,
1693,3,71.57,
6254,4,87.0,
8939,4,76.93,
3244,4,96.47,
4444,4,81.26,
3593,4,74.9,
8353,4,9.79,
1044,4,0.24,
8969,4,54.18,
6824,4,36.05,
6579,4,73.08,
6506,4,80.19,
2720,4,50.49,
6009,4,28.86,
7875,4,92.85,
7402,4,55.2,
7753,4,7.68,
7632,4,31.46,
6733,4,10.75,
1760,4,26.32,
4502,4,56.11,
3172,4,97.51,
923,4,53.64,
6909,4,5.46,
8486,4,20.4,
7668,4,93.69,
7824,4,11.2,
8415,4,53.89,
6500,4,24.71,
3323,4,65.98,
7481,4,75.25,
7818,4,32.42,
8683,4,95.33,
7349,4,14.62,
4362,4,91.26,
8540,4,58.29,
1972,4,54.5,
6101,4,50.35,
4129,4,19.09,
4800,4,72.17,
6990,4,15.08,
2441,4,61.14,
7507,4,98.46,
8636,4,54.31,
6427,4,62.9,
523,4,20.72,
510,4,53.94,
936,4,45.15,
4509,4,0.75,
8814,4,65.09,
8369,4,84.14,
7836,4,71.79,
7257,4,25.28,
8307,4,45.1,
8215,4,46.69,
4216,4,28.27,
7195,4,29.01,
3168,4,26.7,
4677,4,15.06,
886,4,60.19,
4828,4,73.84,
3580,4,34.12,
3770,4,45.9,
4467,4,35.26,
1569,4,5.89,
8324,4,11.94,
4541,4,14.23,
2507,4,46.7,
6512,4,58.25,
1419,4,58.42,
6487,4,41.92,
8738,4,30.44,
6759,4,66.29,
4456,4,20.81,
8960,4,65.98,
1865,4,58.78,
8761,4,96.56,
1480,4,26.95,
7270,4,16.51,
1914,4,14.87,
1861,4,44.03,
3020,4,19.89,
3983,4,95.09,
7166,4,52.17,
7584,4,0.85,
7271,4,98.8,
7865,4,99.93,
8374,4,32.04,
4353,4,23.0,
6123,4,32.53,
8367,4,52.69,
3600,4,45.68,
7482,4,94.57,
8663,4,52.37,
4712,4,93.52,
3079,4,32.07,
3572,4,80.42,
7196,4,85.83,
3186,4,75.86,
8979,4,91.98,
8385,4,46.21,
8826,4,5.49,
8321,4,1.32,
7236,4,42.69,
6176,4,51.31,
6074,4,52.5,
7110,4,67.49,
1930,4,87.11,
696,4,76.7,
7305,4,38.85,
4752,4,44.88,
6982,4,5.49,
1901,4,63.72,
786,4,55.47,
6312,4,16.95,
6399,4,35.45,
4282,4,16.89,
6929,4,68.47,
37,4,50.87,
6563,4,5.55,
6328,4,6.77,
3771,4,19.44,
7806,4,51.76,
7569,4,78.43,
8580,4,95.44,
3348,4,14.1,
8576,4,52.01,
6356,4,75.48,
8260,4,70.91,
1126,4,57.02,
1444,4,87.12,
7009,4,34.78,
7657,4,5.52,
7414,4,0.82,
1159,4,67.01,
2211,4,3.75,
2193,4,60.34,
7607,4,3.7,
6488,4,19.0,
6370,4,49.41,
8792,4,74.32,
4356,4,54.36,
4002,4,58.2,
7071,4,56.87,
7697,4,70.6,
6858,4,22.64,
4267,4,46.1,
4822,4,47.35,
1436,4,34.24,
8943,4,24.47,
6189,4,11.31,
8712,4,0.07,
4431,4,83.59,
989,4,17.39,
7381,4,98.21,
6624,4,80.27,
6256,4,55.2,
1976,4,39.19,
8467,4,48.5,
2485,4,56.58,
6578,4,51.2,
6181,4,6.04,
2501,4,11.45,
6182,4,17.82,
694,4,47.37,
7047,4,9.49,
7649,4,33.74,
518,4,0.65,
6908,4,13.61,
7943,4,27.79,
6461,4,66.54,
3486,4,43.3,
8403,4,87.03,
7192,4,43.97,
2118,4,52.67,
3156,4,35.64,
1697,4,69.16,
3963,4,99.02,
3518,4,41.48,
7641,4,67.28,
7703,4,65.9,
6525,4,43.02,
405,4,32.24,
6528,4,30.8,
8092,4,46.04,
3402,4,55.65,
682,4,89.29,
7461,4,42.44,
120,4,87.94,
8212,4,97.6,
6478,4,33.92,
6978,4,67.13,
8383,4,0.87,
1102,4,95.3,
7239,4,16.32,
7174,4,67.06,
262,4,0.68,
3341,4,86.57,
6126,4,75.93,
2314,4,86.47,
738,4,89.87,
1911,4,53.02,
633,4,53.1,
8071,4,46.89,
4355,4,4.05,
548,4,15.94,
3804,4,94.37,
2835,4,75.05,
1487,4,52.08,
3042,4,49.29,
8348,4,20.59,
3699,4,43.82,
6469,4,6.71,
6381,4,68.36,
7363,4,43.52,
3907,4,82.4,
6914,4,64.49,
2530,4,30.77,
6580,4,81.45,
3934,4,14.75,
7651,4,37.18,
8802,4,3.6,
3427,4,31.19,
7446,4,95.19,
3227,4,89.46,
784,4,28.07,
1143,4,14.94,
1187,4,9.34,
462,4,17.38,
2239,4,5.35,
4864,4,80.14,
3152,4,96.18,
3222,4,25.31,
6921,4,96.17,
8610,4,45.98,
6995,4,51.66,
3765,4,30.1,
4188,4,95.27,
8382,4,44.22,
4750,4,80.5,
3444,4,26.29,
7015,4,66.73,
7637,4,15.95,
3115,4,80.61,
8770,4,71.24,
3432,4,65.95,
8302,4,39.12,
8350,4,96.89,
4053,4,49.94,
2112,4,59.45,
8606,4,32.85,
384,4,41.87,
7198,4,25.77,
406,4,85.35,
7971,4,94.39,
3354,4,69.21,
8492,4,11.04,
7546,4,71.94,
3753,4,62.5,
8311,4,57.44,
3968,4,51.4,
1644,4,47.6,
8832,4,82.95,
2956,4,68.69,
6723,4,25.05,
1670,4,51.91,
3090,4,94.45,
6541,4,71.55,
7847,4,40.85,
8577,4,37.91,
2006,4,8.83,
8028,4,85.11,
6285,4,57.26,
4818,4,9.4,
6092,4,48.47,
1075,4,25.93,
7673,4,59.85,
2976,4,64.11,
6807,4,17.69,
7855,4,27.98,
8080,4,88.55,
3895,4,20.69,
4391,4,26.64,
7412,4,31.38,
4261,4,23.42,
2920,4,37.51,
1789,4,78.27,
1543,4,23.65,
7112,4,16.46,
4174,4,93.44,
1154,4,73.54,
7980,4,55.65,
4708,4,70.09,
8449,4,43.68,
1580,4,8.49,
6952,4,82.09,
6769,4,94.62,
7464,4,3.48,
4735,4,62.34,
2981,4,60.34,
8771,4,72.14,
3819,4,14.98,
8787,4,23.57,
1554,4,96.33,
8859,4,86.4,
7587,4,83.3,
7189,4,10.24,
1295,4,91.66,
6412,4,12.1,
6215,4,40.63,
6305,4,11.83,
8386,4,54.88,
8955,4,3.03,
6699,4,8.93,
8057,4,93.71,
6026,4,42.71,
8451,4,36.09,
7700,4,27.64,
7315,4,67.5,
6093,4,52.08,
8248,4,88.46,
8688,4,76.54,
8747,4,9.33,
6606,4,82.48,
6340,4,38.8,
8377,4,94.07,
8961,4,77.44,
8277,4,35.51,
7707,4,36.93,
6611,4,5.23,
3657,4,65.61,
970,4,27.54,
6134,4,45.21,
7072,4,26.64,
7819,4,36.34,
4717,4,74.83,
912,4,9.81,
2348,4,39.87,
1403,4,98.27,
7800,4,13.62,
8090,4,92.57,
3733,4,25.78,
7323,4,18.3,
6870,4,48.38,
1781,4,93.63,
8719,4,33.91,
6598,4,32.01,
7986,4,40.28,
7117,4,82.12,
44,4,97.3,
581,4,91.75,
2762,4,56.13,
8892,4,96.69,
8082,4,17.88,
4213,4,51.15,
4163,4,10.29,
4640,4,0.77,
7296,4,46.02,
8460,4,30.7,
2610,4,78.13,
3040,4,66.66,
6850,4,80.47,
8098,4,9.08,
6577,4,80.91,
8589,4,93.73,
6549,4,6.94,
7051,4,92.11,
7418,4,88.39,
1994,4,16.41,
7779,4,17.72,
3700,4,13.22,
4981,4,73.68,
7475,4,54.98,
8209,4,14.25,
2980,4,83.29,
8026,4,25.3,
7991,4,89.82,
7748,4,15.03,
7328,4,0.21,
8618,4,71.59,
8325,4,68.98,
3320,4,52.38,
2176,4,46.36,
317,4,95.98,
7617,4,22.56,
7104,4,40.39,
7976,4,48.03,
1450,4,17.99,
7247,4,87.92,
6672,4,91.19,
6707,4,75.6,
6463,4,52.15,
8667,4,31.59,
8224,4,25.56,
6716,4,14.99,
6664,4,33.54,
7487,4,49.64,
685,4,48.78,
7674,4,4.8,
7807,4,28.11,
4961,4,89.67,
7996,4,78.29,
8347,4,74.68,
2021,4,98.7,
8625,4,18.58,
6946,4,90.89,
577,4,43.52,
7167,4,70.7,
3935,4,17.8,
8641,4,89.7,
8888,4,49.04,
3817,4,34.5,
1308,4,63.26,
8087,4,86.14,
4302,4,47.93,
7572,4,47.18,
7519,4,41.87,
7158,4,67.23,
7902,4,47.76,
6084,4,61.78,
8022,4,2.88,
2121,4,39.96,
8904,4,94.26,
7821,4,5.46,
8019,4,2.15,
772,4,40.9,
4873,4,5.67,
3415,4,12.82,
6831,5,82.98,
4641,5,83.13,
1280,5,7.21,
501,5,1.0,
4034,5,95.43,
3902,5,69.24,
2937,5,24.8,
3050,5,52.79,
4116,5,41.79,
1727,5,40.58,
2595,5,38.26,
4849,5,71.87,
3821,5,27.28,
955,5,3.26,
3310,5,8.78,
902,5,10.32,
1200,5,50.42,
302,5,6.31,
4768,5,45.78,
3102,5,43.64,
2775,5,78.65,
3249,5,90.32,
1089,5,26.59,
3060,5,45.55,
4152,5,32.34,
3157,5,96.58,
4242,5,4.32,
3411,5,81.74,
1049,5,60.98,
1463,5,41.01,
3552,5,63.07,
1361,5,22.14,
2027,5,22.22,
2606,5,85.58,
985,5,38.56,
4423,5,43.63,
2322,5,45.94,
159,5,97.77,
1,5,9.91,
1690,5,54.37,
1010,5,43.94,
3630,5,19.18,
4149,5,60.46,
3726,5,50.37,
3314,5,69.17,
1509,5,98.16,
1558,5,82.08,
2016,5,17.58,
4666,5,21.5,
824,5,90.55,
4628,5,85.75,
2416,5,23.18,
3588,5,0.75,
747,5,64.15,
3499,5,26.99,
4350,5,84.15,
1195,5,2.31,
547,5,62.08,
1677,5,80.61,
1305,5,60.98,
1673,5,63.1,
485,5,2.51,
660,5,63.63,
2558,5,78.04,
1522,5,63.57,
3083,5,29.15,
924,5,57.21,
2106,5,90.9,
3184,5,43.99,
2868,5,95.25,
774,5,54.97,
3917,5,59.42,
4660,5,36.19,
3468,5,45.94,
1655,5,76.22,
8,5,20.82,
2324,5,30.47,
1080,5,89.24,
4578,5,26.06,
2570,5,74.76,
2944,5,97.83,
1916,5,2.02,
1977,5,57.74,
3711,5,98.88,
928,5,84.16,
4010,5,5.29,
541,5,76.74,
2338,5,8.2,
700,5,96.92,
1724,5,96.18,
715,5,3.03,
3534,5,16.94,
3446,5,14.18,
1817,5,41.46,
4658,5,40.42,
1027,5,90.31,
480,5,69.71,
858,5,15.19,
4693,5,61.26,
1189,5,11.07,
535,5,0.99,
1373,5,13.74,
429,5,62.05,
3022,5,37.81,
4975,5,59.97,
426,5,20.81,
896,5,50.01,
4370,5,24.6,
1484,5,74.0,
3309,5,56.97,
124,5,36.01,
3619,5,63.59,
4112,5,40.85,
4049,5,2.11,
3491,5,44.62,
1014,5,80.15,
4479,5,14.91,
560,5,12.63,
4390,5,27.03,
3686,5,28.56,
4579,5,11.62,
2134,5,7.62,
1371,5,28.45,
1224,5,35.38,
2466,5,64.14,
1515,5,0.81,
646,5,37.1,
1213,5,65.35,
4604,5,5.94,
1566,5,5.81,
1465,5,28.3,
2008,5,8.72,
4959,5,23.2,
1060,5,90.79,
3918,5,58.19,
1107,5,45.88,
4933,5,16.55,
2525,5,11.6,
3690,5,14.84,
4320,5,44.23,
3461,5,65.62,
54,5,32.28,
2032,5,34.23,
4354,5,69.21,
3465,5,16.12,
1358,5,37.54,
4025,5,58.01,
1878,5,88.67,
1860,5,81.71,
3393,5,50.85,
4545,5,19.52,
1309,5,78.99,
3250,5,66.31,
4008,5,48.14,
2085,5,67.32,
1635,5,68.29,
2014,5,15.16,
2678,5,40.73,
749,5,76.17,
3638,5,67.39,
1272,5,57.51,
2412,5,72.22,
910,5,66.11,
81,5,91.31,
200,5,14.19,
3419,5,57.36,
3620,5,54.14,
2938,5,67.94,
2518,5,29.32,
1012,5,20.55,
3296,5,0.81,
3659,5,35.92,
2730,5,5.01,
3206,5,53.65,
4094,5,70.72,
1765,5,53.53,
3362,5,87.08,
3019,5,63.25,
1921,5,15.28,
1562,5,3.83,
4172,5,52.38,
1446,5,31.85,
2627,5,12.01,
4180,5,75.76,
4099,5,82.05,
3850,5,68.66,
1247,5,36.02,
2233,5,18.21,
4497,5,44.8,
4396,5,98.4,
2028,5,6.86,
4071,5,94.96,
3286,5,15.72,
4449,5,44.21,
767,5,11.79,
3972,5,22.92,
2832,5,48.28,
742,5,24.13,
4531,5,40.37,
3196,5,98.58,
3290,5,95.8,
2915,5,72.69,
3582,5,94.46,
663,5,7.95,
3991,5,56.66,
803,5,56.0,
392,5,79.75,
349,5,62.27,
4235,5,36.49,
1907,5,53.26,
3493,5,98.03,
4279,5,96.61,
3183,5,53.38,
3072,5,38.1,
877,5,39.11,
3473,5,76.94,
3146,5,21.63,
4122,5,24.36,
11,5,77.45,
3759,5,69.78,
1090,5,0.66,
2079,5,51.08,
3743,5,90.63,
4150,5,77.64,
2516,5,34.1,
8506,5,99.37,
6941,5,31.75,
6531,5,53.13,
6064,5,58.39,
8749,5,49.6,
7863,5,79.52,
7361,5,4.6,
6022,5,65.98,
7827,5,13.72,
8262,5,20.65,
6828,5,40.96,
6957,5,82.74,
8272,5,47.88,
6398,5,48.67,
6787,5,48.05,
7456,5,35.98,
6001,5,87.05,
6906,5,58.23,
7379,5,15.83,
6291,5,70.69,
8016,5,85.11,
6722,5,84.32,
6011,5,33.17,
7493,5,13.91,
8251,5,91.39,
6025,5,60.13,
8412,5,57.57,
7438,5,61.91,
6293,5,88.41,
6863,5,58.88,
6015,5,34.84,
8362,5,49.91,
6709,5,61.56,
6701,5,98.61,
7343,5,93.36,
6264,5,33.8,
7672,5,80.53,
7285,5,64.76,
7028,5,54.79,
8815,5,8.43,
6200,5,46.76,
6804,5,27.09,
6522,5,84.71,
7890,5,34.55,
8734,5,41.55,
6749,5,48.49,
6891,5,2.98,
8631,5,99.7,
8099,5,73.85,
8675,5,34.02,
8936,5,71.11,
6819,5,76.71,
6610,5,51.64,
6012,5,63.59,
8639,5,82.56,
8705,5,54.73,
7568,5,63.31,
6191,5,11.05,
7410,5,25.29,
8454,5,33.45,
8434,5,65.24,
6943,5,54.65,
6547,5,38.12,
7082,5,36.17,
7908,5,19.86,
7963,5,3.96,
7256,5,21.87,
7722,5,60.56,
7454,5,6.89,
6114,5,5.22,
6068,5,35.77,
6386,5,9.8,
8664,5,37.6,
8170,5,28.85,
8886,5,98.35,
6848,5,74.38,
8455,5,81.19,
7573,5,7.55,
7595,5,65.9,
7113,5,6.8,
8805,5,90.52,
6368,5,55.23,
8881,5,25.72,
8219,5,7.21,
6184,5,96.65,
6732,5,99.74,
6574,5,67.62,
7029,5,86.85,
8801,5,75.57,
6396,5,78.71,
7934,5,95.65,
8696,5,40.82,
8097,5,11.2,
8954,5,29.44,
8296,5,49.46,
6374,5,82.35,
7636,5,41.04,
7018,5,93.16,
7291,5,3.36,
7455,5,18.28,
8391,5,45.97,
8346,5,56.78,
8208,5,58.82,
6600,5,91.48,
6966,5,7.03,
6993,5,27.85,
8153,5,72.02,
8701,5,56.86,
7248,5,94.68,
6573,5,81.88,
7172,5,41.54,
7097,5,44.46,
6466,5,23.68,
7447,5,51.16,
6604,5,6.53,
8074,5,65.11,
7752,5,85.04,
6524,5,26.65,
6666,5,62.07,
8404,5,21.25,
7804,5,34.18,
8024,5,22.73,
8796,5,22.07,
7926,5,91.08,
6238,5,25.72,
7010,5,46.84,
8435,5,37.09,
8698,5,96.63,
8133,5,19.76,
7822,5,56.03,
6821,5,58.81,
7017,5,0.53,
8829,5,75.18,
8177,5,5.43,
6581,5,91.13,
8355,5,30.68,
7854,5,77.2,
6744,5,46.39,
8345,5,6.19,
7136,5,8.39,
6000,5,9.61,
8491,5,31.2,
6815,5,54.13,
6965,5,15.99,
6148,5,3.55,
7947,5,4.92,
8791,5,55.77,
6566,5,50.78,
6855,5,36.58,
6202,5,59.29,
7333,5,1.0,
7339,5,42.03,
6684,5,46.66,
7852,5,47.33,
7065,5,38.22,
8182,5,17.15,
7710,5,69.47,
8903,5,0.12,
7033,5,43.71,
7085,5,68.13,
8264,5,1.65,
8964,5,68.66,
7790,5,50.83,
7449,5,36.27,
7272,5,48.71,
6931,5,22.6,
6046,5,5.37,
6036,5,32.53,
7581,5,2.7,
6354,5,55.4,
6689,5,52.82,
7914,5,19.11,
6217,5,87.29,
7048,5,91.15,
7205,5,9.2,
8764,5,72.0,
8627,5,6.98,
6842,5,38.38,
8094,5,83.67,
7466,5,73.15,
7232,5,26.87,
6894,5,29.58,
6562,5,93.52,
7553,5,21.66,
7114,5,19.84,
6660,5,63.81,
7276,5,94.73,
8872,5,52.91,
8873,5,3.64,
8045,5,77.82,
8005,5,40.56,
7517,5,95.32,
8600,5,34.06,
8439,5,72.68,
7302,5,6.48,
8874,5,6.69,
7970,5,97.63,
6651,5,99.23,
7364,5,49.11,
7154,5,84.74,
6948,5,98.25,
8342,5,7.3,
8306,5,67.77,
7919,5,52.26,
6211,5,56.86,
7997,5,51.06,
7445,5,35.23,
6169,5,27.2,
7383,5,87.25,
8720,5,82.28,
6696,5,57.78,
6190,5,19.69,
7560,5,39.17,
6292,5,95.76,
7035,5,74.55,
8666,5,19.92,
6629,5,42.92,
7514,5,74.27,
7078,5,57.35,
8186,5,63.95,
8166,5,50.4,
7592,5,14.34,
8769,5,95.67,
8039,5,87.04,
7127,5,62.31,
6262,5,57.13,
6761,5,4.65,
6674,5,21.23,
7906,5,54.73,
8751,5,24.51,
8670,5,51.44,
7942,5,61.54,
7122,5,64.34,
8291,5,11.34,
6075,5,31.08,
7732,5,20.63,
8254,5,1.75,
8931,5,13.7,
8405,5,78.42,
8737,5,86.47,
6601,5,21.43,
8352,5,30.99,
8821,5,43.93,
8008,5,47.0,
8313,5,91.22,
7399,5,14.65,
7070,5,87.67,
6537,5,96.95,
8806,5,62.18,
6143,5,91.5,
6843,6,81.95,
6086,6,57.2,
6553,6,55.96,
7665,6,27.98,
8687,6,57.06,
7907,6,57.41,
8510,6,37.79,
7472,6,5.62,
6865,6,36.99,
7468,6,62.97,
7164,6,30.71,
7643,6,91.66,
3613,6,16.39,
684,6,26.75,
7555,6,51.16,
722,6,94.39,
3242,6,63.96,
3656,6,79.75,
2811,6,17.09,
7224,6,59.18,
1021,6,1.06,
3769,6,28.57,
3779,6,49.46,
2482,6,45.86,
1050,6,21.45,
3141,6,58.71,
157,6,53.12,
4923,6,42.82,
8711,6,44.32,
177,6,5.47,
8122,6,63.06,
2645,6,18.33,
4728,6,4.69,
655,6,61.48,
33,6,96.76,
3347,6,33.3,
8672,6,91.32,
4965,6,46.05,
8669,6,90.66,
7014,6,31.56,
8740,6,85.04,
6300,6,33.88,
6459,6,43.52,
8268,6,60.82,
8179,6,13.33,
7316,6,34.16,
8543,6,55.04,
8338,6,98.26,
7279,6,12.84,
7823,6,67.02,
7066,6,41.69,
8956,6,10.85,
6864,6,68.04,
7619,6,57.13,
6494,6,43.05,
8591,6,99.77,
8615,6,96.04,
6564,6,38.71,
8882,6,44.49,
6002,6,64.5,
7217,6,59.37,
7405,6,76.35,
8027,6,21.52,
7709,6,96.23,
8921,6,60.3,
7476,6,69.27,
7739,6,18.61,
6151,6,40.55,
7889,6,71.03,
8123,6,44.42,
7210,6,96.22,
7862,6,94.88,
6523,6,71.78,
8897,6,88.31,
6006,6,40.97,
6008,6,11.27,
6959,6,85.01,
6803,6,93.54,
7043,6,11.04,
8194,6,48.55,
8135,6,67.27,
6918,6,1.89,
8765,6,70.66,
6352,6,90.53,
7783,6,23.2,
6622,6,30.14,
6460,6,87.91,
7266,6,95.03,
6751,6,74.7,
8388,6,15.44,
8638,6,47.92,
7920,6,97.15,
8250,6,43.6,
8052,6,2.08,
8107,6,5.68,
8682,6,58.07,
8292,6,41.76,
6652,6,10.48,
8014,6,68.21,
8916,6,25.32,
6462,6,63.92,
7845,6,10.31,
6907,6,83.03,
6091,6,92.6,
8490,6,13.39,
6591,6,78.09,
7287,6,47.19,
8141,6,50.62,
6745,6,53.66,
6924,6,45.63,
7346,6,65.75,
7371,6,62.5,
6915,6,26.66,
7925,6,61.41,
7816,6,62.36,
6972,6,48.76,
8891,6,1.7,
8201,6,75.78,
7100,6,25.4,
6535,6,45.22,
8381,6,98.67,
7314,6,14.92,
7589,6,98.79,
8908,6,33.91,
6584,6,68.11,
6294,6,19.26,
7229,6,26.4,
8286,6,95.64,
8552,6,18.95,
6371,6,59.14,
6147,6,75.29,
7506,6,26.95,
6499,6,78.24,
6812,6,52.01,
6029,6,9.94,
6240,6,14.34,
6930,6,17.17,
8795,6,63.58,
6889,6,45.96,
7653,6,72.77,
7832,6,85.63,
8933,6,26.24,
7347,6,17.04,
6989,6,75.98,
7352,6,60.56,
8231,6,98.46,
8947,6,57.71,
7180,6,13.18,
7606,6,14.12,
7423,6,21.23,
6372,6,19.64,
8339,6,69.79,
7795,6,67.38,
8777,6,93.76,
8051,6,57.88,
7812,6,53.71,
6760,6,74.63,
7366,6,81.61,
7946,6,75.2,
7544,6,49.16,
7813,6,77.16,
7181,6,3.52,
8126,6,63.63,
8252,6,35.46,
8555,6,47.31,
8191,6,18.79,
7148,6,18.6,
6173,6,45.83,
8654,6,57.32,
6409,6,7.49,
7699,6,45.12,
6158,6,76.53,
7107,6,10.23,
8373,6,64.99,
6739,6,76.58,
7756,6,19.49,
7079,6,62.0,
7998,6,62.97,
8504,6,88.16,
7083,6,30.33,
7145,6,33.61,
8310,6,17.9,
7251,6,90.23,
8940,6,25.52,
7094,6,60.52,
8228,6,14.47,
6748,6,45.77,
6893,6,49.92,
6056,6,59.72,
8524,6,13.52,
7380,6,33.46,
6851,6,99.02,
8151,6,41.59,
8032,6,10.08,
7683,6,43.9,
6945,6,68.96,
8376,6,96.88,
7389,6,33.76,
7644,6,6.47,
8985,6,85.68,
7957,6,0.98,
8603,6,68.91,
8100,6,52.31,
6467,6,40.08,
8780,6,61.39,
7400,6,10.12,
8998,6,77.72,
7392,6,51.45,
8227,6,6.2,
8722,6,0.55,
6061,6,44.48,
7120,6,23.86,
7670,6,34.99,
6583,6,48.94,
6551,6,46.89,
8155,6,68.35,
7951,6,87.77,
6835,6,17.12,
8477,6,64.6,
6983,6,39.14,
7008,6,43.33,
6775,6,36.8,
6513,6,99.63,
6568,6,8.23,
7953,6,14.67,
8029,6,32.5,
6782,6,86.5,
8148,6,9.7,
8444,6,3.68,
7688,6,55.67,
7770,6,38.52,
6047,6,68.79,
3692,6,30.86,
3061,6,58.21,
3247,6,3.2,
2166,6,28.45,
353,6,51.34,
857,6,89.68,
2615,6,25.77,
7292,6,12.34,
3533,6,71.77,
3525,6,85.52,
1114,6,75.55,
2394,6,78.35,
2174,6,69.66,
2588,6,75.47,
2378,6,56.0,
330,6,86.44,
255,6,10.75,
4,6,35.11,
4839,6,38.4,
4977,6,91.61,
1570,6,27.45,
1705,6,20.19,
4583,6,58.79,
887,6,35.86,
968,6,16.33,
1233,6,65.51,
1182,6,30.73,
2791,6,22.38,
726,6,50.95,
3652,6,73.22,
7391,6,77.41,
8335,6,41.69,
3715,6,56.17,
669,6,62.34,
2265,6,78.7,
4458,6,70.98,
2542,6,53.91,
1047,6,30.7,
251,6,89.55,
7792,6,92.34,
3409,6,76.37,
2727,6,56.28,
8776,6,85.6,
1722,6,97.06,
588,6,2.28,
1490,6,91.62,
4812,6,62.62,
3392,6,35.32,
7478,6,38.51,
6141,6,6.23,
2474,6,53.3,
6433,6,65.47,
1699,6,18.31,
238,6,32.24,
809,6,60.12,
1048,6,18.19,
3039,6,17.95,
6934,6,6.27,
3472,6,40.14,
8689,6,92.83,
1406,6,17.42,
1315,6,8.35,
698,6,53.76,
1840,6,17.07,
3648,6,71.0,
463,6,25.35,
7322,6,72.07,
6847,6,26.44,
3564,6,28.22,
1299,6,78.0,
1081,6,20.4,
1805,6,56.36,
2072,6,60.5,
2399,6,95.64,
7394,6,83.56,
3857,6,34.45,
7289,6,33.56,
2931,6,23.75,
6035,6,93.42,
775,6,11.07,
1149,6,66.5,
3689,6,87.24,
3376,6,45.76,
6626,6,61.57,
2498,6,72.27,
4777,6,14.98,
358,6,24.02,
6947,6,12.35,
804,6,21.3,
1689,6,95.35,
210,6,72.04,
2331,6,74.71,
1175,6,11.22,
227,6,60.25,
3145,6,28.13,
4912,6,18.1,
3007,6,67.12,
3253,6,47.57,
4332,6,99.0,
4638,6,66.69,
7088,6,15.69,
2764,6,49.23,
8176,6,42.62,
6316,6,16.44,
3784,6,26.8,
3435,6,76.69,
1937,6,21.44,
4036,6,79.98,
3073,6,43.99,
2926,6,78.54,
6265,6,85.68,
2711,6,13.94,
2803,6,68.35,
1892,6,57.32,
6594,6,21.92,
8408,6,41.33,
2880,6,3.93,
1379,6,53.45,
4175,6,62.84,
713,6,87.57,
1848,6,82.91,
2074,6,3.7,
8438,6,30.5,
7760,6,35.78,
4420,6,91.81,
4414,6,22.23,
1106,6,82.92,
1548,6,18.26,
4489,6,12.82,
2566,6,2.33,
4204,6,23.57,
2427,6,81.36,
2463,6,7.77,
2259,6,9.63,
776,6,39.69,
873,6,60.18,
2339,6,99.06,
4687,6,41.48,
2794,6,42.53,
8274,6,22.6,
3132,6,68.42,
3636,6,79.6,
8263,6,5.54,
2104,6,2.7,
567,6,40.17,
1926,6,14.43,
1121,6,35.13,
1326,6,91.57,
1265,6,54.87,
370,6,30.95,
8757,6,22.16,
4852,6,65.26,
2950,6,35.99,
7336,6,76.18,
2219,6,7.52,
4860,6,23.76,
2022,6,35.52,
2912,6,57.14,
3278,6,89.31,
948,6,76.64,
8164,6,49.94,
4940,6,31.58,
3812,6,48.68,
525,6,28.6,
2683,6,57.78,
3718,6,44.72,
8399,6,85.15,
4228,6,6.55,
8287,6,93.58,
505,6,56.53,
506,6,34.1,
4970,6,19.76,
4964,6,42.05,
2491,6,78.47,
6970,6,47.8,
4601,6,30.79,
371,6,42.04,
1992,6,2.38,
4611,6,25.18,
2393,6,98.41,
3428,6,65.53,
7062,6,89.8,
2418,6,52.17,
4859,6,96.16,
3688,6,71.16,
1145,6,64.61,
4335,6,4.24,
7233,6,85.89,
3786,6,64.4,
6138,6,84.05,
6034,6,70.99,
770,6,80.0,
4884,6,66.04,
4247,6,70.43,
3912,6,65.44,
3306,6,1.7,
3165,6,54.63,
1409,6,15.16,
2925,6,75.4,
3511,6,7.71,
6450,6,69.14,
3120,6,75.95,
8318,6,85.33,
4240,6,78.39,
4009,6,20.2,
4684,6,33.4,
3311,6,35.88,
2697,6,75.47,
2371,6,83.25,
3011,6,7.92,
1599,6,29.12,
2909,6,28.46,
2744,6,94.0,
3567,6,76.25,
1542,6,61.57,
8269,6,0.1,
3198,6,14.38,
6153,7,97.09,
8449,7,21.1,
8029,7,75.77,
7688,7,84.08,
8965,7,42.44,
7084,7,54.48,
7953,7,9.94,
6215,7,7.28,
6311,7,50.89,
8262,7,33.34,
8567,7,30.11,
8477,7,8.94,
8848,7,77.11,
6064,7,7.96,
8444,7,91.85,
7419,7,5.49,
8749,7,49.0,
6568,7,55.98,
7464,7,75.32,
8457,7,99.34,
6398,7,12.71,
6787,7,27.7,
7008,7,96.12,
8354,7,88.65,
7323,7,48.4,
8057,7,31.64,
8589,7,32.38,
6583,7,53.12,
7522,7,28.42,
6223,7,76.46,
7497,7,17.09,
8279,7,70.23,
8892,7,95.95,
6531,7,26.38,
7051,7,25.68,
7483,7,83.64,
8859,7,69.62,
6233,7,97.2,
6048,7,35.58,
8581,7,41.67,
6405,7,53.21,
8214,7,29.79,
7267,7,49.05,
6828,7,34.06,
8497,7,23.57,
6649,7,67.9,
8111,7,76.44,
8117,7,12.67,
8199,7,57.76,
7707,7,67.26,
7863,7,61.36,
6980,7,60.19,
6533,7,28.08,
7805,7,23.17,
7951,7,49.81,
7827,7,64.61,
7670,7,33.57,
6654,7,70.19,
6298,7,76.6,
7072,7,65.64,
6957,7,67.65,
7819,7,91.97,
7986,7,80.65,
8460,7,60.7,
8905,7,28.63,
8722,7,99.46,
6551,7,82.51,
6983,7,49.7,
8506,7,41.72,
8272,7,9.91,
7616,7,23.78,
6047,7,75.21,
8575,7,1.96,
7669,7,35.97,
7120,7,71.16,
8181,7,60.8,
8975,7,27.6,
8578,7,82.04,
6941,7,77.81,
6093,7,79.25,
6269,7,91.59,
8775,7,31.94,
8161,7,3.59,
7770,7,23.3,
7112,7,23.88,
6366,7,67.84,
6295,7,35.26,
7361,7,62.23,
6022,7,21.75,
8090,7,60.75,
7121,7,33.48,
7729,7,58.25,
6782,7,40.48,
6376,7,83.37,
8747,7,37.31,
6378,7,9.15,
6791,7,49.37,
8762,7,84.68,
6340,7,11.19,
7492,7,94.33,
