appointment_id,status,change_time,employee_id
1761,booked,2020-04-19 09:02:36 UTC,59
1556,booked,2020-05-06 15:20:25 UTC,24
1793,booked,2020-04-20 13:51:09 UTC,13
1820,booked,2020-04-21 15:10:00 UTC,23
1749,booked,2020-05-06 12:48:57 UTC,27
1871,booked,2020-04-30 16:17:27 UTC,28
638,booked,2020-04-22 14:52:01 UTC,32
278,booked,2020-04-20 13:45:44 UTC,46
983,booked,2020-04-18 11:44:09 UTC,90
1297,booked,2020-04-28 17:14:09 UTC,53
324,booked,2020-04-26 09:39:08 UTC,81
1109,booked,2020-04-30 16:45:35 UTC,53
161,booked,2020-04-08 08:22:35 UTC,8
1495,booked,2020-04-25 10:04:56 UTC,81
187,booked,2020-04-26 13:33:20 UTC,76
1685,booked,2020-05-06 10:01:11 UTC,76
505,booked,2020-04-29 11:07:01 UTC,6
1272,booked,2020-04-22 12:03:19 UTC,67
217,booked,2020-04-30 12:06:03 UTC,64
63,booked,2020-04-27 15:07:33 UTC,78
867,booked,2020-05-05 15:08:50 UTC,2
1988,booked,2020-04-14 10:51:32 UTC,72
1343,booked,2020-04-11 08:36:09 UTC,78
1955,booked,2020-05-04 10:30:59 UTC,95
1735,booked,2020-04-18 13:27:13 UTC,65
821,booked,2020-04-13 15:08:25 UTC,77
949,booked,2020-04-06 12:42:16 UTC,16
407,booked,2020-04-07 15:46:04 UTC,52
765,booked,2020-04-30 14:33:37 UTC,23
607,booked,2020-04-20 10:20:25 UTC,15
1700,booked,2020-05-05 15:15:50 UTC,30
1432,booked,2020-04-19 16:11:52 UTC,8
938,booked,2020-04-14 08:23:02 UTC,25
736,booked,2020-04-15 14:53:01 UTC,97
1103,booked,2020-04-16 12:20:09 UTC,29
1227,booked,2020-04-07 16:21:14 UTC,83
1475,booked,2020-05-02 12:43:26 UTC,76
1591,booked,2020-04-12 16:30:18 UTC,46
80,booked,2020-04-10 16:15:28 UTC,52
977,booked,2020-04-13 14:58:05 UTC,82
521,booked,2020-04-26 16:02:39 UTC,45
182,booked,2020-04-16 13:29:03 UTC,19
989,booked,2020-04-28 10:04:12 UTC,76
1732,booked,2020-05-02 15:12:02 UTC,33
56,booked,2020-04-24 13:55:01 UTC,28
1567,booked,2020-04-17 13:06:05 UTC,54
820,booked,2020-05-02 14:29:06 UTC,77
1680,booked,2020-04-29 16:24:44 UTC,98
1886,booked,2020-04-06 14:46:01 UTC,85
148,booked,2020-04-27 12:29:49 UTC,30
1366,booked,2020-04-15 08:29:13 UTC,13
361,booked,2020-05-06 17:12:00 UTC,97
256,booked,2020-04-10 08:24:20 UTC,38
369,booked,2020-04-21 16:50:30 UTC,72
244,booked,2020-04-19 11:05:32 UTC,54
1799,booked,2020-05-01 12:28:35 UTC,18
259,booked,2020-04-18 13:28:32 UTC,18
384,booked,2020-04-11 15:02:54 UTC,73
1704,booked,2020-04-16 13:27:30 UTC,2
1260,booked,2020-04-14 14:26:43 UTC,62
563,booked,2020-04-19 12:03:11 UTC,22
1254,booked,2020-04-19 10:01:04 UTC,44
503,booked,2020-04-09 14:04:10 UTC,6
1789,booked,2020-04-08 13:20:01 UTC,71
583,booked,2020-04-18 10:52:45 UTC,72
935,booked,2020-04-27 11:27:15 UTC,69
547,booked,2020-04-07 10:28:46 UTC,93
1491,booked,2020-04-24 12:29:27 UTC,31
1516,booked,2020-04-09 10:59:30 UTC,24
1661,booked,2020-04-09 16:40:01 UTC,11
1307,booked,2020-04-28 09:00:58 UTC,81
671,booked,2020-05-03 17:15:30 UTC,23
1421,booked,2020-04-23 10:24:32 UTC,36
1715,booked,2020-04-07 13:46:53 UTC,13
1773,booked,2020-04-22 14:39:52 UTC,20
1363,booked,2020-05-06 12:35:05 UTC,26
1371,booked,2020-04-16 16:46:01 UTC,7
1729,booked,2020-04-25 11:01:00 UTC,34
413,booked,2020-04-30 12:01:03 UTC,92
1655,booked,2020-04-06 15:06:53 UTC,34
1957,booked,2020-04-14 08:11:37 UTC,61
311,booked,2020-04-27 17:40:22 UTC,91
1499,booked,2020-05-02 10:59:09 UTC,35
1478,booked,2020-04-25 16:10:59 UTC,74
141,booked,2020-04-17 08:14:14 UTC,98
1139,booked,2020-04-08 10:29:00 UTC,30
1206,booked,2020-04-10 10:57:15 UTC,21
1020,booked,2020-04-24 13:35:52 UTC,14
302,booked,2020-04-16 15:17:05 UTC,18
1359,booked,2020-04-06 08:32:45 UTC,43
900,booked,2020-04-08 10:14:10 UTC,70
1259,booked,2020-04-27 11:09:00 UTC,84
1141,booked,2020-04-23 09:18:44 UTC,60
1742,booked,2020-05-04 11:35:59 UTC,33
932,booked,2020-05-06 09:38:58 UTC,55
1695,booked,2020-04-09 15:53:59 UTC,95
696,booked,2020-04-22 11:58:43 UTC,64
25,booked,2020-05-02 13:35:15 UTC,58
1950,booked,2020-05-02 10:58:39 UTC,80
541,booked,2020-05-05 11:46:46 UTC,16
1720,booked,2020-04-17 16:53:54 UTC,70
92,booked,2020-04-12 09:24:17 UTC,9
1906,booked,2020-04-07 09:05:45 UTC,45
1531,booked,2020-05-03 13:31:17 UTC,20
1442,booked,2020-05-01 09:47:34 UTC,8
167,booked,2020-04-26 16:10:18 UTC,56
330,booked,2020-05-06 12:11:08 UTC,53
815,booked,2020-04-24 14:36:41 UTC,26
269,booked,2020-05-03 09:31:08 UTC,79
1321,booked,2020-04-09 13:06:36 UTC,41
360,booked,2020-04-09 16:05:51 UTC,49
641,booked,2020-04-28 11:27:37 UTC,43
1785,booked,2020-04-07 14:56:40 UTC,96
1228,booked,2020-04-24 15:55:31 UTC,12
1804,booked,2020-04-18 09:55:16 UTC,99
273,booked,2020-04-07 13:41:12 UTC,71
796,booked,2020-04-19 17:55:10 UTC,51
480,booked,2020-04-08 15:41:24 UTC,19
1439,booked,2020-04-21 17:43:38 UTC,8
1180,booked,2020-04-25 16:02:56 UTC,83
806,booked,2020-05-03 09:40:09 UTC,65
1325,booked,2020-04-27 14:59:27 UTC,15
1398,booked,2020-05-04 17:41:01 UTC,68
1412,booked,2020-04-10 09:26:58 UTC,46
1964,booked,2020-04-30 12:05:22 UTC,16
1221,booked,2020-05-05 15:53:02 UTC,75
1266,booked,2020-04-17 09:45:31 UTC,76
892,booked,2020-05-01 11:50:18 UTC,85
963,booked,2020-04-30 12:08:28 UTC,41
1098,booked,2020-05-06 17:30:37 UTC,25
1572,booked,2020-04-14 08:29:28 UTC,85
1016,booked,2020-04-15 09:44:12 UTC,52
1689,booked,2020-05-01 15:43:39 UTC,17
1190,booked,2020-04-17 14:31:12 UTC,52
477,booked,2020-05-06 17:23:39 UTC,20
306,booked,2020-04-07 09:23:30 UTC,87
1011,booked,2020-05-05 11:38:44 UTC,6
1528,booked,2020-04-15 11:39:40 UTC,31
524,booked,2020-04-16 14:20:58 UTC,61
782,booked,2020-05-02 10:04:09 UTC,2
14,booked,2020-04-07 16:55:08 UTC,42
1948,booked,2020-04-20 17:22:07 UTC,91
1334,booked,2020-04-10 08:56:50 UTC,9
215,booked,2020-04-08 16:16:15 UTC,38
929,booked,2020-04-25 16:08:15 UTC,48
125,booked,2020-05-03 09:10:14 UTC,56
1734,booked,2020-04-13 15:44:51 UTC,99
1306,booked,2020-04-21 17:15:03 UTC,74
337,booked,2020-04-20 12:28:59 UTC,11
321,booked,2020-04-15 16:27:12 UTC,50
1838,booked,2020-04-27 11:40:56 UTC,71
439,booked,2020-04-15 16:41:22 UTC,44
542,booked,2020-04-16 16:51:28 UTC,18
519,booked,2020-04-13 14:28:55 UTC,51
323,booked,2020-04-23 10:29:40 UTC,88
1851,booked,2020-04-10 12:28:29 UTC,32
1924,booked,2020-05-05 13:35:49 UTC,6
964,booked,2020-05-02 10:25:10 UTC,55
328,booked,2020-04-06 14:51:15 UTC,77
1032,booked,2020-04-07 08:11:46 UTC,36
316,booked,2020-04-10 09:37:04 UTC,62
1691,booked,2020-04-06 08:51:51 UTC,26
1686,booked,2020-04-09 09:43:30 UTC,25
1835,booked,2020-04-26 16:39:35 UTC,76
659,booked,2020-04-08 08:10:12 UTC,37
1448,booked,2020-04-09 08:11:22 UTC,21
1768,booked,2020-04-20 13:32:51 UTC,6
890,booked,2020-04-22 09:15:29 UTC,91
1079,booked,2020-04-29 16:22:58 UTC,18
1921,booked,2020-04-12 09:41:24 UTC,26
788,booked,2020-04-25 14:59:04 UTC,12
928,booked,2020-04-19 14:41:10 UTC,89
1436,booked,2020-05-04 12:42:48 UTC,27
1782,booked,2020-04-30 13:50:36 UTC,88
518,booked,2020-04-26 12:25:31 UTC,15
1303,booked,2020-04-17 15:46:41 UTC,58
683,booked,2020-04-16 13:50:56 UTC,82
1755,booked,2020-04-10 13:29:44 UTC,8
1145,booked,2020-05-02 17:44:55 UTC,10
1569,booked,2020-04-22 15:13:16 UTC,85
585,booked,2020-04-27 11:07:08 UTC,79
153,booked,2020-04-08 10:24:10 UTC,67
1997,booked,2020-04-23 16:33:37 UTC,40
1711,booked,2020-04-07 12:01:37 UTC,14
20,booked,2020-04-25 10:52:02 UTC,37
1937,booked,2020-04-29 10:01:50 UTC,21
1323,booked,2020-04-24 17:27:44 UTC,95
501,booked,2020-04-17 13:43:51 UTC,88
646,booked,2020-05-04 16:20:17 UTC,24
1895,booked,2020-04-29 14:20:21 UTC,70
1940,booked,2020-04-24 09:02:05 UTC,59
998,booked,2020-04-11 10:59:17 UTC,52
1329,booked,2020-04-28 11:35:01 UTC,62
1610,booked,2020-05-04 10:26:27 UTC,35
452,booked,2020-04-30 11:44:28 UTC,58
1943,booked,2020-04-13 10:02:19 UTC,16
774,booked,2020-04-07 16:49:10 UTC,4
922,booked,2020-04-25 11:11:49 UTC,73
213,booked,2020-05-01 13:07:32 UTC,25
398,booked,2020-04-26 13:55:02 UTC,77
1469,booked,2020-04-06 14:41:32 UTC,12
930,booked,2020-05-01 16:21:11 UTC,57
695,booked,2020-04-19 17:00:00 UTC,42
1400,booked,2020-05-05 14:10:05 UTC,74
275,booked,2020-04-23 16:38:09 UTC,8
1589,booked,2020-04-20 12:14:29 UTC,31
75,booked,2020-04-18 16:04:35 UTC,34
453,booked,2020-04-21 17:48:00 UTC,87
218,booked,2020-05-04 16:22:02 UTC,7
367,booked,2020-04-24 15:52:23 UTC,62
1523,booked,2020-04-19 11:03:37 UTC,62
139,booked,2020-04-25 17:22:32 UTC,42
510,booked,2020-05-02 16:16:26 UTC,54
951,booked,2020-04-15 13:57:25 UTC,45
1028,booked,2020-04-23 13:11:07 UTC,79
566,booked,2020-04-28 16:44:30 UTC,78
1670,booked,2020-04-15 12:33:15 UTC,39
711,booked,2020-04-25 16:19:43 UTC,19
590,booked,2020-05-04 14:43:33 UTC,72
803,booked,2020-04-16 09:09:35 UTC,53
1979,booked,2020-04-09 11:52:38 UTC,10
21,booked,2020-04-18 12:21:10 UTC,38
715,booked,2020-04-20 11:06:18 UTC,49
68,booked,2020-04-23 17:24:26 UTC,79
1243,booked,2020-05-02 13:56:42 UTC,11
1634,booked,2020-04-10 12:46:37 UTC,18
1563,booked,2020-04-19 13:13:18 UTC,28
1119,booked,2020-04-24 14:52:47 UTC,6
430,booked,2020-04-13 12:29:54 UTC,94
1017,booked,2020-04-20 10:56:32 UTC,35
1209,booked,2020-04-28 16:16:29 UTC,35
1560,booked,2020-05-04 16:52:18 UTC,83
1247,booked,2020-05-05 11:10:52 UTC,26
22,booked,2020-04-13 11:14:30 UTC,97
1235,booked,2020-04-24 14:40:13 UTC,94
599,booked,2020-04-19 15:12:43 UTC,45
379,booked,2020-04-08 16:08:05 UTC,28
1620,booked,2020-04-06 09:55:08 UTC,36
870,booked,2020-05-01 14:06:28 UTC,4
1054,booked,2020-04-18 11:08:14 UTC,97
175,booked,2020-04-26 14:20:33 UTC,14
957,booked,2020-04-18 11:04:59 UTC,29
548,booked,2020-04-09 13:15:29 UTC,52
200,booked,2020-04-10 12:33:38 UTC,58
751,booked,2020-04-07 15:42:52 UTC,19
487,booked,2020-04-17 11:36:27 UTC,38
31,booked,2020-04-21 15:27:47 UTC,28
1747,booked,2020-04-19 16:28:34 UTC,28
952,booked,2020-04-12 10:34:06 UTC,37
1052,booked,2020-04-14 15:23:10 UTC,74
1618,booked,2020-04-09 16:00:24 UTC,47
1666,booked,2020-04-29 14:18:28 UTC,2
1310,booked,2020-04-06 09:30:18 UTC,46
1189,booked,2020-04-08 11:14:03 UTC,71
1993,booked,2020-04-28 11:22:15 UTC,68
1552,booked,2020-04-11 16:39:45 UTC,44
894,booked,2020-04-13 10:46:00 UTC,13
1420,booked,2020-05-05 17:19:40 UTC,15
738,booked,2020-04-20 12:37:08 UTC,78
111,booked,2020-04-10 15:01:58 UTC,77
1086,booked,2020-04-18 08:39:17 UTC,5
835,booked,2020-04-27 15:51:51 UTC,51
1174,booked,2020-04-08 10:29:56 UTC,26
1030,booked,2020-04-07 10:18:44 UTC,74
179,booked,2020-04-29 16:32:05 UTC,85
906,booked,2020-04-23 13:55:19 UTC,20
1246,booked,2020-04-19 12:01:05 UTC,84
1040,booked,2020-04-09 08:45:33 UTC,77
1013,booked,2020-04-20 16:36:13 UTC,20
1253,booked,2020-05-02 17:10:53 UTC,81
165,booked,2020-04-16 16:52:07 UTC,25
432,booked,2020-04-24 09:35:00 UTC,17
678,booked,2020-04-24 13:16:52 UTC,41
544,booked,2020-05-03 09:30:33 UTC,70
897,booked,2020-05-03 16:39:41 UTC,92
621,booked,2020-05-03 09:51:56 UTC,98
138,booked,2020-04-27 13:06:02 UTC,28
298,booked,2020-05-04 15:43:58 UTC,78
358,booked,2020-05-02 14:22:30 UTC,88
1389,booked,2020-04-28 09:46:57 UTC,27
1580,booked,2020-04-13 11:57:42 UTC,99
497,booked,2020-05-01 14:40:48 UTC,17
11,booked,2020-04-23 16:50:56 UTC,78
652,booked,2020-04-30 12:13:09 UTC,81
1072,booked,2020-04-10 15:05:19 UTC,65
775,booked,2020-04-14 12:20:34 UTC,50
1757,booked,2020-04-19 10:58:32 UTC,57
923,booked,2020-04-24 14:30:31 UTC,87
595,booked,2020-04-22 14:31:21 UTC,72
1555,booked,2020-04-23 11:01:52 UTC,48
1403,booked,2020-04-16 14:01:00 UTC,59
980,booked,2020-04-11 09:19:29 UTC,15
1649,booked,2020-04-08 15:07:54 UTC,0
1667,booked,2020-05-06 16:09:28 UTC,56
739,booked,2020-04-13 10:26:42 UTC,39
1419,booked,2020-04-08 14:55:55 UTC,75
338,booked,2020-04-09 15:30:42 UTC,4
1931,booked,2020-04-16 12:49:35 UTC,93
1424,booked,2020-04-26 15:28:46 UTC,45
1234,booked,2020-05-06 11:50:36 UTC,74
776,booked,2020-04-07 14:17:01 UTC,29
421,booked,2020-04-30 12:21:51 UTC,48
1351,booked,2020-04-11 08:26:37 UTC,48
1509,booked,2020-05-02 17:42:17 UTC,51
1275,booked,2020-04-11 13:31:36 UTC,48
1085,booked,2020-04-23 14:01:40 UTC,17
1839,booked,2020-05-04 09:53:39 UTC,68
761,booked,2020-04-13 10:06:43 UTC,15
309,booked,2020-04-09 10:32:09 UTC,0
880,booked,2020-04-19 10:37:08 UTC,60
228,booked,2020-04-22 12:46:36 UTC,82
690,booked,2020-05-06 16:48:08 UTC,12
1187,booked,2020-05-01 14:42:06 UTC,55
759,booked,2020-04-17 16:53:55 UTC,1
1314,booked,2020-04-17 08:36:58 UTC,73
60,booked,2020-04-12 10:27:19 UTC,76
312,booked,2020-05-06 09:00:38 UTC,56
1726,booked,2020-04-26 10:31:32 UTC,24
593,booked,2020-04-08 14:07:59 UTC,80
66,booked,2020-04-25 09:39:38 UTC,17
658,booked,2020-04-20 13:21:11 UTC,10
1288,booked,2020-04-25 16:43:08 UTC,8
1443,booked,2020-04-23 17:00:44 UTC,33
1007,booked,2020-05-02 17:13:42 UTC,94
186,booked,2020-04-16 15:56:40 UTC,58
1223,booked,2020-05-04 15:21:17 UTC,31
296,booked,2020-04-27 12:34:20 UTC,5
1244,booked,2020-04-26 11:19:27 UTC,46
192,booked,2020-05-04 10:22:53 UTC,63
1216,booked,2020-04-11 08:42:49 UTC,10
940,booked,2020-04-19 16:48:53 UTC,17
878,booked,2020-04-30 14:30:33 UTC,98
520,booked,2020-05-06 09:52:06 UTC,24
1536,booked,2020-04-25 10:09:14 UTC,86
1637,booked,2020-04-26 17:28:30 UTC,70
402,booked,2020-04-26 13:37:24 UTC,95
409,booked,2020-04-15 08:16:03 UTC,99
103,booked,2020-05-02 16:38:02 UTC,64
483,booked,2020-04-17 14:52:13 UTC,75
115,booked,2020-04-13 12:41:35 UTC,9
1942,booked,2020-04-16 13:53:25 UTC,85
238,booked,2020-05-06 11:39:05 UTC,64
1878,booked,2020-04-08 16:52:51 UTC,90
1124,booked,2020-04-12 16:13:17 UTC,39
481,booked,2020-04-20 15:49:58 UTC,94
1604,booked,2020-04-22 10:59:34 UTC,85
1035,booked,2020-04-27 16:18:15 UTC,31
681,booked,2020-04-17 09:36:59 UTC,30
1290,booked,2020-04-25 15:36:55 UTC,48
1917,booked,2020-04-12 16:43:16 UTC,49
804,booked,2020-04-13 12:30:08 UTC,73
488,booked,2020-05-04 10:26:11 UTC,47
969,booked,2020-04-14 09:51:41 UTC,77
1461,booked,2020-05-01 17:57:47 UTC,33
1024,booked,2020-04-14 11:18:14 UTC,52
1164,booked,2020-04-30 12:18:13 UTC,82
1245,booked,2020-04-29 15:39:34 UTC,83
1176,booked,2020-04-14 10:02:12 UTC,57
1629,booked,2020-04-21 17:45:55 UTC,75
327,booked,2020-04-10 10:19:47 UTC,10
862,booked,2020-05-04 09:13:01 UTC,37
597,booked,2020-04-21 14:01:16 UTC,35
1484,booked,2020-04-22 09:21:42 UTC,88
999,booked,2020-04-23 14:42:59 UTC,67
181,booked,2020-04-06 14:56:11 UTC,35
885,booked,2020-04-17 14:45:54 UTC,90
997,booked,2020-04-28 13:16:53 UTC,4
1852,booked,2020-05-01 15:21:54 UTC,14
622,booked,2020-05-01 16:54:08 UTC,4
1946,booked,2020-04-17 14:44:46 UTC,82
1294,booked,2020-05-01 14:31:52 UTC,100
1188,booked,2020-04-25 11:48:39 UTC,66
1834,booked,2020-04-07 14:22:06 UTC,58
767,booked,2020-04-30 12:47:15 UTC,50
341,booked,2020-04-27 14:22:56 UTC,87
1470,booked,2020-04-26 09:31:27 UTC,20
961,booked,2020-04-27 11:51:28 UTC,78
1868,booked,2020-04-30 13:04:40 UTC,64
1387,booked,2020-04-29 14:50:51 UTC,1
1342,booked,2020-04-21 12:29:58 UTC,78
1378,booked,2020-04-06 14:57:23 UTC,16
600,booked,2020-04-09 14:35:07 UTC,54
314,booked,2020-04-30 09:13:46 UTC,30
823,booked,2020-04-27 09:28:17 UTC,60
1099,booked,2020-05-02 13:50:20 UTC,77
1177,booked,2020-04-22 13:13:59 UTC,4
1425,booked,2020-05-04 13:05:22 UTC,21
1702,booked,2020-04-11 14:02:27 UTC,62
366,booked,2020-04-12 09:07:33 UTC,71
709,booked,2020-04-12 16:24:57 UTC,7
1352,booked,2020-05-05 12:28:05 UTC,75
1296,booked,2020-04-21 14:58:08 UTC,74
1746,booked,2020-04-28 09:37:23 UTC,34
1133,booked,2020-04-14 11:23:28 UTC,89
1763,booked,2020-04-16 09:39:04 UTC,89
147,booked,2020-05-05 09:43:25 UTC,90
18,booked,2020-05-03 12:16:15 UTC,89
354,booked,2020-04-16 10:58:40 UTC,60
1292,booked,2020-05-05 15:01:20 UTC,22
1592,booked,2020-04-22 16:46:50 UTC,73
216,booked,2020-04-17 08:50:04 UTC,98
1486,booked,2020-05-01 10:16:30 UTC,92
1821,booked,2020-05-01 16:39:40 UTC,2
1212,booked,2020-05-05 14:56:50 UTC,50
1593,booked,2020-04-18 09:56:35 UTC,21
529,booked,2020-04-19 11:30:56 UTC,28
1991,booked,2020-04-07 13:19:52 UTC,62
1080,booked,2020-04-26 09:37:27 UTC,7
1362,booked,2020-04-22 12:43:22 UTC,40
615,booked,2020-04-23 14:08:16 UTC,100
1600,booked,2020-04-24 10:56:52 UTC,92
740,booked,2020-05-01 13:13:32 UTC,26
1845,booked,2020-04-17 08:08:25 UTC,71
1396,booked,2020-05-06 15:46:54 UTC,82
418,booked,2020-04-29 10:55:41 UTC,99
317,booked,2020-04-11 08:55:43 UTC,52
168,booked,2020-04-10 11:36:51 UTC,36
1471,booked,2020-04-24 12:09:47 UTC,49
1857,booked,2020-05-05 17:58:18 UTC,56
288,booked,2020-05-05 16:08:56 UTC,3
603,booked,2020-04-19 10:41:26 UTC,41
199,booked,2020-04-08 10:15:05 UTC,90
1372,booked,2020-04-27 11:51:01 UTC,73
1218,booked,2020-04-30 15:21:36 UTC,98
1161,booked,2020-04-20 11:42:34 UTC,24
700,booked,2020-04-18 16:49:33 UTC,11
285,booked,2020-04-21 16:39:26 UTC,42
348,booked,2020-04-25 17:09:50 UTC,80
1926,booked,2020-04-21 13:10:37 UTC,93
504,booked,2020-04-08 15:06:52 UTC,0
1427,booked,2020-04-06 11:58:26 UTC,5
610,booked,2020-05-01 10:41:19 UTC,76
46,booked,2020-04-25 13:25:50 UTC,13
966,booked,2020-04-29 17:28:24 UTC,26
673,booked,2020-04-29 10:57:38 UTC,22
1551,booked,2020-04-08 13:51:01 UTC,72
1819,booked,2020-04-17 11:50:56 UTC,51
1106,booked,2020-04-10 09:40:40 UTC,20
118,booked,2020-04-15 10:55:36 UTC,100
578,booked,2020-04-21 17:30:54 UTC,25
1093,booked,2020-05-03 12:07:41 UTC,66
825,booked,2020-04-11 16:13:36 UTC,86
1384,booked,2020-04-15 12:40:24 UTC,45
727,booked,2020-04-14 16:40:14 UTC,44
1023,booked,2020-04-11 15:49:19 UTC,5
1171,booked,2020-04-17 15:16:49 UTC,29
1788,booked,2020-04-10 08:25:36 UTC,33
1880,booked,2020-04-12 10:18:01 UTC,60
38,booked,2020-05-03 15:51:01 UTC,96
1520,booked,2020-04-19 09:28:04 UTC,26
717,booked,2020-04-27 12:35:57 UTC,28
920,booked,2020-04-25 11:32:17 UTC,94
1281,booked,2020-04-20 16:25:41 UTC,77
1029,booked,2020-04-20 10:01:42 UTC,10
832,booked,2020-04-20 16:21:20 UTC,16
907,booked,2020-04-14 15:03:26 UTC,54
1679,booked,2020-04-18 15:13:43 UTC,98
644,booked,2020-04-26 11:03:48 UTC,70
588,booked,2020-04-17 10:01:18 UTC,64
89,booked,2020-04-10 11:16:15 UTC,38
572,booked,2020-05-02 11:08:37 UTC,48
64,booked,2020-04-28 11:08:55 UTC,94
1529,booked,2020-05-01 15:18:41 UTC,37
1022,booked,2020-05-05 12:20:13 UTC,35
1892,booked,2020-04-21 17:04:34 UTC,39
1058,booked,2020-04-08 14:35:11 UTC,43
1841,booked,2020-04-18 13:56:46 UTC,40
921,booked,2020-04-16 11:52:16 UTC,81
36,booked,2020-04-21 09:38:37 UTC,88
1135,booked,2020-04-19 12:59:35 UTC,16
433,booked,2020-04-30 09:24:05 UTC,26
365,booked,2020-05-03 17:22:59 UTC,94
533,booked,2020-04-17 09:35:31 UTC,91
974,booked,2020-04-28 13:45:04 UTC,25
1524,booked,2020-04-18 14:36:01 UTC,45
1071,booked,2020-04-29 17:38:14 UTC,5
1081,booked,2020-04-15 11:39:58 UTC,59
1289,booked,2020-04-30 14:54:56 UTC,74
1703,booked,2020-04-19 14:25:09 UTC,88
1907,booked,2020-05-06 17:27:37 UTC,31
668,booked,2020-04-26 10:32:01 UTC,100
506,booked,2020-04-25 12:06:45 UTC,40
1101,booked,2020-04-26 11:19:32 UTC,18
794,booked,2020-04-23 17:16:56 UTC,38
1701,booked,2020-05-01 12:03:11 UTC,60
1084,booked,2020-05-03 11:18:13 UTC,41
1015,booked,2020-05-03 16:35:39 UTC,53
1865,booked,2020-04-09 10:25:08 UTC,41
1249,booked,2020-05-04 16:07:29 UTC,11
1916,booked,2020-05-04 14:44:14 UTC,9
875,booked,2020-04-15 10:59:14 UTC,38
883,booked,2020-04-07 09:31:34 UTC,67
1748,booked,2020-05-04 16:13:29 UTC,42
428,booked,2020-04-20 15:46:05 UTC,39
785,booked,2020-04-29 13:08:58 UTC,100
1553,booked,2020-04-26 10:59:50 UTC,69
1391,booked,2020-05-03 13:25:49 UTC,34
1295,booked,2020-04-25 12:28:28 UTC,4
1203,booked,2020-04-18 08:48:50 UTC,68
71,booked,2020-04-22 17:31:03 UTC,49
1418,booked,2020-04-10 08:34:41 UTC,93
1264,booked,2020-04-15 16:34:05 UTC,52
1952,booked,2020-04-11 14:22:46 UTC,71
420,booked,2020-04-18 11:54:50 UTC,73
344,booked,2020-04-25 12:14:29 UTC,68
72,booked,2020-04-12 16:16:52 UTC,81
220,booked,2020-04-18 13:58:20 UTC,21
852,booked,2020-04-16 16:23:06 UTC,96
351,booked,2020-04-08 15:28:37 UTC,68
1485,booked,2020-05-02 10:51:52 UTC,40
1825,booked,2020-04-06 09:43:01 UTC,61
385,booked,2020-04-08 13:11:46 UTC,69
1565,booked,2020-04-25 11:27:11 UTC,5
606,booked,2020-04-18 16:57:52 UTC,55
561,booked,2020-05-04 17:20:02 UTC,54
310,booked,2020-04-12 13:24:19 UTC,15
1619,booked,2020-04-07 12:47:07 UTC,8
1721,booked,2020-05-04 14:49:05 UTC,59
584,booked,2020-04-07 10:01:40 UTC,6
1046,booked,2020-05-01 16:01:18 UTC,71
549,booked,2020-05-05 16:25:39 UTC,21
1074,booked,2020-04-23 14:05:53 UTC,8
1740,booked,2020-04-26 10:38:12 UTC,5
325,booked,2020-05-05 17:11:22 UTC,12
1590,booked,2020-04-14 15:07:03 UTC,25
749,booked,2020-04-13 08:29:38 UTC,31
637,booked,2020-04-29 12:09:51 UTC,27
664,booked,2020-04-25 11:24:04 UTC,61
1196,booked,2020-04-29 16:07:21 UTC,51
392,booked,2020-05-04 10:45:05 UTC,90
674,booked,2020-04-23 13:05:44 UTC,86
158,booked,2020-04-22 11:00:01 UTC,60
373,booked,2020-04-23 12:11:23 UTC,53
926,booked,2020-05-02 11:08:17 UTC,13
579,booked,2020-04-20 15:32:18 UTC,14
1123,booked,2020-04-19 12:53:43 UTC,99
227,booked,2020-05-03 09:12:51 UTC,12
802,booked,2020-04-19 15:06:18 UTC,51
1519,booked,2020-04-20 09:28:14 UTC,14
346,booked,2020-04-28 11:57:15 UTC,45
1168,booked,2020-05-05 10:38:46 UTC,3
1635,booked,2020-04-28 11:19:35 UTC,15
1500,booked,2020-05-02 09:18:02 UTC,85
1158,booked,2020-04-27 13:55:40 UTC,77
42,booked,2020-04-15 08:28:53 UTC,54
1626,booked,2020-04-09 15:44:04 UTC,19
1075,booked,2020-04-29 15:06:15 UTC,81
1147,booked,2020-04-07 13:58:21 UTC,32
251,booked,2020-05-03 14:07:08 UTC,0
1241,booked,2020-05-01 10:43:50 UTC,67
1914,booked,2020-04-19 11:30:25 UTC,6
142,booked,2020-04-20 12:04:05 UTC,95
1127,booked,2020-04-27 17:53:33 UTC,29
1584,booked,2020-04-16 09:13:35 UTC,12
1911,booked,2020-04-19 11:40:43 UTC,24
202,booked,2020-04-21 14:38:47 UTC,16
350,booked,2020-04-07 12:14:12 UTC,18
1380,booked,2020-04-17 14:29:59 UTC,56
1490,booked,2020-04-29 12:35:56 UTC,54
1208,booked,2020-04-28 10:05:51 UTC,23
1014,booked,2020-04-18 11:31:43 UTC,91
1219,booked,2020-05-03 10:35:18 UTC,85
1694,booked,2020-04-28 17:46:08 UTC,21
1222,booked,2020-04-10 16:13:15 UTC,33
1140,booked,2020-05-04 11:33:56 UTC,57
130,booked,2020-05-06 10:28:57 UTC,71
113,booked,2020-04-09 12:44:42 UTC,80
654,booked,2020-05-02 12:23:37 UTC,48
605,booked,2020-05-03 15:34:50 UTC,11
1837,booked,2020-04-26 14:56:12 UTC,87
594,booked,2020-04-10 11:34:57 UTC,10
786,booked,2020-04-14 12:31:39 UTC,41
538,booked,2020-04-28 15:48:16 UTC,44
364,booked,2020-04-23 17:40:27 UTC,19
1458,booked,2020-05-01 16:35:50 UTC,52
1089,booked,2020-04-29 16:58:57 UTC,66
872,booked,2020-04-20 11:59:02 UTC,21
429,booked,2020-04-30 13:17:14 UTC,79
1534,booked,2020-04-26 12:30:30 UTC,28
397,booked,2020-04-12 14:55:37 UTC,62
869,booked,2020-04-30 12:59:42 UTC,6
733,booked,2020-05-02 11:25:59 UTC,54
522,booked,2020-04-30 12:43:10 UTC,44
1388,booked,2020-05-04 12:22:42 UTC,31
1725,booked,2020-04-25 09:33:33 UTC,9
185,booked,2020-04-13 11:16:00 UTC,9
100,booked,2020-05-02 13:38:12 UTC,96
1287,booked,2020-04-30 12:29:21 UTC,93
1059,booked,2020-04-21 12:01:19 UTC,15
1595,booked,2020-04-29 09:34:57 UTC,4
340,booked,2020-04-30 10:42:22 UTC,63
1305,booked,2020-05-03 13:38:53 UTC,71
845,booked,2020-04-29 09:34:26 UTC,6
1659,booked,2020-04-19 12:40:40 UTC,98
924,booked,2020-05-01 14:44:39 UTC,59
987,booked,2020-04-30 09:20:31 UTC,12
1463,booked,2020-04-06 16:35:40 UTC,68
1944,booked,2020-04-06 12:42:44 UTC,72
1327,booked,2020-04-28 15:17:55 UTC,20
1727,booked,2020-04-22 14:08:02 UTC,50
608,booked,2020-05-06 09:25:54 UTC,60
1919,booked,2020-04-20 14:05:14 UTC,4
50,booked,2020-04-16 14:18:08 UTC,31
1232,booked,2020-04-19 16:09:03 UTC,98
1515,booked,2020-05-03 12:19:02 UTC,70
1863,booked,2020-04-16 08:49:14 UTC,32
1550,booked,2020-04-09 08:44:48 UTC,71
1142,booked,2020-04-15 14:24:15 UTC,50
1625,booked,2020-04-25 09:43:14 UTC,74
1752,booked,2020-04-23 09:57:44 UTC,43
1242,booked,2020-04-21 09:00:16 UTC,92
1211,booked,2020-04-12 10:35:45 UTC,58
172,booked,2020-05-01 17:01:13 UTC,69
1338,booked,2020-04-29 09:34:25 UTC,87
723,booked,2020-04-07 08:01:54 UTC,66
624,booked,2020-04-06 10:56:46 UTC,16
742,booked,2020-04-13 16:09:35 UTC,82
170,booked,2020-04-24 17:20:50 UTC,98
619,booked,2020-05-03 15:54:51 UTC,9
1941,booked,2020-04-21 15:45:05 UTC,87
129,booked,2020-05-06 17:32:42 UTC,71
189,booked,2020-04-26 10:42:25 UTC,88
408,booked,2020-04-12 15:14:19 UTC,78
881,booked,2020-05-02 15:34:33 UTC,35
1479,booked,2020-04-11 09:11:59 UTC,78
40,booked,2020-04-08 15:48:32 UTC,58
1672,booked,2020-04-15 14:49:49 UTC,55
507,booked,2020-04-09 16:04:52 UTC,21
1745,booked,2020-04-21 10:46:09 UTC,16
43,booked,2020-04-25 12:23:46 UTC,0
84,booked,2020-04-25 09:30:15 UTC,66
391,booked,2020-04-09 09:35:26 UTC,6
460,booked,2020-04-15 11:25:33 UTC,67
990,booked,2020-04-08 09:00:12 UTC,77
849,booked,2020-04-17 09:28:02 UTC,33
1881,booked,2020-04-06 08:08:56 UTC,76
1350,booked,2020-04-12 12:07:08 UTC,8
1108,booked,2020-04-23 09:07:29 UTC,37
1687,booked,2020-04-06 13:38:02 UTC,50
264,booked,2020-04-22 14:29:19 UTC,73
557,booked,2020-04-26 13:00:34 UTC,70
697,booked,2020-04-28 12:16:12 UTC,32
1376,booked,2020-04-08 16:23:38 UTC,74
1335,booked,2020-04-21 11:39:03 UTC,54
693,booked,2020-04-27 14:29:02 UTC,66
660,booked,2020-04-24 12:31:40 UTC,8
336,booked,2020-04-22 15:06:49 UTC,48
500,booked,2020-05-02 10:51:25 UTC,80
1062,booked,2020-04-14 13:04:37 UTC,40
447,booked,2020-04-27 17:34:20 UTC,23
1255,booked,2020-04-22 12:17:33 UTC,24
1165,booked,2020-04-06 08:33:19 UTC,4
479,booked,2020-05-02 17:46:02 UTC,92
1083,booked,2020-04-19 11:17:29 UTC,69
645,booked,2020-04-30 09:47:34 UTC,51
1951,booked,2020-04-15 12:02:46 UTC,39
231,booked,2020-04-27 09:27:58 UTC,94
1049,booked,2020-04-13 14:44:00 UTC,58
1817,booked,2020-05-06 11:46:39 UTC,75
1558,booked,2020-04-27 17:47:36 UTC,31
1200,booked,2020-04-11 10:42:04 UTC,12
1807,booked,2020-05-02 14:02:26 UTC,38
539,booked,2020-04-25 13:32:29 UTC,50
1431,booked,2020-04-21 14:43:58 UTC,29
1214,booked,2020-04-28 11:20:31 UTC,87
1651,booked,2020-04-17 16:58:22 UTC,47
1370,booked,2020-04-23 14:59:00 UTC,10
304,booked,2020-04-29 14:38:30 UTC,32
891,booked,2020-04-18 10:45:36 UTC,40
1291,booked,2020-05-05 12:55:36 UTC,85
689,booked,2020-05-02 13:03:51 UTC,26
1045,booked,2020-04-11 10:15:08 UTC,2
1248,booked,2020-04-23 17:03:15 UTC,84
59,booked,2020-04-29 17:32:29 UTC,15
568,booked,2020-05-05 15:42:33 UTC,18
917,booked,2020-05-05 13:55:53 UTC,4
1627,booked,2020-04-15 16:15:24 UTC,44
1163,booked,2020-04-15 08:33:17 UTC,0
1978,booked,2020-04-21 15:59:00 UTC,17
1468,booked,2020-04-07 09:12:53 UTC,51
1577,booked,2020-04-28 09:37:42 UTC,18
375,booked,2020-04-13 09:37:24 UTC,77
427,booked,2020-04-29 15:35:00 UTC,47
1373,booked,2020-04-12 15:50:22 UTC,76
954,booked,2020-04-09 12:20:23 UTC,85
1966,booked,2020-05-05 16:17:53 UTC,34
1511,booked,2020-04-12 11:14:51 UTC,15
1405,booked,2020-04-10 14:47:55 UTC,54
630,booked,2020-04-12 09:59:00 UTC,93
1010,booked,2020-04-08 15:47:34 UTC,18
1833,booked,2020-05-02 10:47:03 UTC,16
333,booked,2020-04-23 15:27:42 UTC,40
945,booked,2020-05-04 09:10:24 UTC,94
1153,booked,2020-04-28 09:04:23 UTC,17
1542,booked,2020-04-29 11:59:39 UTC,37
396,booked,2020-05-02 09:45:08 UTC,84
1829,booked,2020-04-17 09:42:22 UTC,12
632,booked,2020-04-17 09:04:26 UTC,1
627,booked,2020-04-09 11:33:06 UTC,76
243,booked,2020-04-17 08:51:15 UTC,94
812,booked,2020-05-06 11:59:28 UTC,10
1220,booked,2020-04-07 11:16:30 UTC,62
1888,booked,2020-04-21 16:11:43 UTC,55
406,booked,2020-04-14 13:44:23 UTC,24
132,booked,2020-04-13 13:46:22 UTC,7
1114,booked,2020-04-24 13:02:59 UTC,67
1800,booked,2020-04-28 11:52:30 UTC,11
194,booked,2020-04-07 12:55:53 UTC,52
1693,booked,2020-04-14 11:36:48 UTC,92
1250,booked,2020-04-16 15:33:53 UTC,58
1483,booked,2020-05-01 12:36:38 UTC,5
1578,booked,2020-04-07 16:59:12 UTC,52
514,booked,2020-04-13 09:11:58 UTC,35
1512,booked,2020-04-07 10:40:46 UTC,66
1473,booked,2020-04-23 17:41:33 UTC,39
73,booked,2020-04-26 10:39:48 UTC,47
12,booked,2020-04-28 09:51:17 UTC,21
135,booked,2020-04-10 09:08:17 UTC,40
1322,booked,2020-04-14 15:02:39 UTC,53
1521,booked,2020-05-04 09:04:55 UTC,97
545,booked,2020-04-29 09:50:10 UTC,34
1496,booked,2020-04-29 17:48:54 UTC,63
334,booked,2020-04-13 09:44:45 UTC,97
1464,booked,2020-04-09 12:26:44 UTC,58
1810,booked,2020-05-04 11:13:07 UTC,49
1267,booked,2020-04-20 16:35:09 UTC,29
667,booked,2020-05-05 12:18:28 UTC,69
726,booked,2020-04-30 11:44:35 UTC,63
1644,booked,2020-05-06 11:53:41 UTC,14
1004,booked,2020-04-26 12:55:20 UTC,89
1301,booked,2020-04-24 15:24:56 UTC,69
1818,booked,2020-05-01 09:21:24 UTC,55
1915,booked,2020-05-04 12:11:28 UTC,50
415,booked,2020-04-26 11:17:25 UTC,54
1466,booked,2020-04-19 14:26:19 UTC,53
1411,booked,2020-04-26 14:52:01 UTC,22
833,booked,2020-04-11 09:00:00 UTC,59
1175,booked,2020-05-02 17:36:33 UTC,59
226,booked,2020-04-21 10:16:21 UTC,92
691,booked,2020-05-01 16:44:33 UTC,88
1636,booked,2020-04-28 14:19:50 UTC,92
1730,booked,2020-04-20 09:53:52 UTC,30
419,booked,2020-04-18 11:25:29 UTC,100
1965,booked,2020-04-15 14:30:46 UTC,95
484,booked,2020-05-03 17:34:02 UTC,1
1057,booked,2020-05-05 16:14:50 UTC,13
1481,booked,2020-04-21 12:46:42 UTC,15
58,booked,2020-04-25 09:05:49 UTC,4
456,booked,2020-04-26 13:12:31 UTC,22
968,booked,2020-04-24 17:26:10 UTC,4
1728,booked,2020-04-20 16:56:01 UTC,82
552,booked,2020-04-25 12:52:23 UTC,44
120,booked,2020-04-29 14:51:43 UTC,53
840,booked,2020-04-16 15:27:06 UTC,56
1861,booked,2020-05-02 17:48:23 UTC,46
16,booked,2020-04-27 10:35:24 UTC,59
1526,booked,2020-04-25 17:28:10 UTC,7
1648,booked,2020-05-04 17:59:31 UTC,23
440,booked,2020-04-12 09:49:03 UTC,41
1060,booked,2020-04-23 15:34:26 UTC,41
1731,booked,2020-04-17 13:37:45 UTC,9
976,booked,2020-04-14 15:26:54 UTC,62
1156,booked,2020-04-09 12:48:30 UTC,51
283,booked,2020-04-09 13:00:38 UTC,79
1682,booked,2020-04-11 13:14:51 UTC,35
1269,booked,2020-05-02 10:26:55 UTC,49
1169,booked,2020-04-09 10:25:16 UTC,17
879,booked,2020-05-04 15:16:21 UTC,97
140,booked,2020-05-05 15:55:28 UTC,49
1076,booked,2020-04-29 15:19:05 UTC,52
326,booked,2020-04-28 17:54:22 UTC,74
424,booked,2020-04-21 17:13:54 UTC,99
1758,booked,2020-04-17 10:26:09 UTC,58
183,booked,2020-05-03 15:53:09 UTC,7
719,booked,2020-04-08 15:05:41 UTC,15
122,booked,2020-04-23 10:54:17 UTC,25
1938,booked,2020-04-20 11:47:59 UTC,28
985,booked,2020-04-11 11:55:59 UTC,78
401,booked,2020-04-27 09:20:39 UTC,37
753,booked,2020-04-26 11:19:17 UTC,87
666,booked,2020-04-18 09:19:30 UTC,62
934,booked,2020-05-05 12:24:34 UTC,60
1547,booked,2020-04-10 13:25:13 UTC,67
1953,booked,2020-05-06 17:13:42 UTC,97
937,booked,2020-04-16 08:43:33 UTC,16
604,booked,2020-05-02 15:33:21 UTC,52
380,booked,2020-04-13 11:28:40 UTC,72
1750,booked,2020-04-06 10:44:27 UTC,86
1112,booked,2020-04-23 17:35:38 UTC,93
91,booked,2020-04-22 09:19:56 UTC,61
372,booked,2020-05-03 11:45:25 UTC,93
97,booked,2020-04-13 13:52:55 UTC,79
1365,booked,2020-04-25 13:52:39 UTC,47
1313,booked,2020-04-21 13:51:35 UTC,81
478,booked,2020-05-03 11:20:40 UTC,78
1044,booked,2020-04-25 14:53:28 UTC,95
451,booked,2020-04-10 16:51:09 UTC,16
837,booked,2020-04-10 08:59:30 UTC,29
1887,booked,2020-04-09 13:21:36 UTC,39
1713,booked,2020-04-19 17:19:15 UTC,43
534,booked,2020-05-05 13:23:58 UTC,36
1975,booked,2020-04-19 14:56:33 UTC,78
1767,booked,2020-05-05 16:54:05 UTC,9
15,booked,2020-04-22 17:07:59 UTC,5
1815,booked,2020-05-01 10:09:01 UTC,78
655,booked,2020-04-08 15:02:04 UTC,1
602,booked,2020-04-27 13:23:44 UTC,40
106,booked,2020-04-23 17:44:56 UTC,82
1198,booked,2020-04-16 16:30:45 UTC,22
208,booked,2020-04-20 14:15:50 UTC,87
1507,booked,2020-05-06 15:39:10 UTC,57
86,booked,2020-04-24 16:40:14 UTC,65
65,booked,2020-04-26 17:37:51 UTC,4
543,booked,2020-05-05 12:48:56 UTC,87
904,booked,2020-04-09 13:08:49 UTC,95
1356,booked,2020-04-23 09:57:55 UTC,67
617,booked,2020-04-25 16:34:40 UTC,20
1705,booked,2020-04-08 10:17:09 UTC,85
124,booked,2020-05-02 15:46:07 UTC,85
755,booked,2020-04-16 10:49:27 UTC,21
1617,booked,2020-04-08 10:37:22 UTC,81
469,booked,2020-04-27 09:28:39 UTC,3
112,booked,2020-04-14 15:05:08 UTC,80
441,booked,2020-04-20 17:49:06 UTC,6
826,booked,2020-04-22 15:57:26 UTC,49
1920,booked,2020-04-29 11:16:59 UTC,49
1870,booked,2020-04-17 16:31:36 UTC,25
1000,booked,2020-04-13 08:24:18 UTC,24
1549,booked,2020-04-21 15:10:55 UTC,37
94,booked,2020-04-27 09:53:30 UTC,52
1864,booked,2020-04-14 12:14:27 UTC,0
909,booked,2020-05-01 09:57:27 UTC,63
844,booked,2020-04-18 09:28:03 UTC,25
1912,booked,2020-04-20 09:39:56 UTC,68
1402,booked,2020-05-04 14:26:58 UTC,10
204,booked,2020-05-06 10:48:04 UTC,22
1806,booked,2020-04-14 16:47:49 UTC,7
1828,booked,2020-04-06 10:29:52 UTC,46
1194,booked,2020-04-09 09:10:24 UTC,97
707,booked,2020-04-16 15:38:52 UTC,50
819,booked,2020-04-27 15:56:22 UTC,39
730,booked,2020-04-17 10:19:40 UTC,23
817,booked,2020-04-30 10:33:33 UTC,62
771,booked,2020-04-15 09:02:32 UTC,27
57,booked,2020-05-02 16:52:02 UTC,94
225,booked,2020-04-21 09:54:13 UTC,99
236,booked,2020-04-18 10:46:28 UTC,78
1125,booked,2020-04-20 15:21:54 UTC,59
1382,booked,2020-04-30 15:26:53 UTC,57
766,booked,2020-04-23 09:18:40 UTC,99
1195,booked,2020-04-15 13:56:07 UTC,79
356,booked,2020-04-17 11:01:37 UTC,29
562,booked,2020-04-15 16:12:32 UTC,40
1347,booked,2020-04-12 10:56:50 UTC,37
1201,booked,2020-04-20 11:07:17 UTC,80
1430,booked,2020-04-19 12:41:48 UTC,7
1270,booked,2020-04-29 14:04:31 UTC,74
1131,booked,2020-04-08 15:27:00 UTC,0
1787,booked,2020-05-05 14:07:55 UTC,84
1025,booked,2020-04-23 13:46:43 UTC,85
272,booked,2020-04-19 17:46:08 UTC,9
1192,booked,2020-05-06 15:13:04 UTC,90
551,booked,2020-04-22 15:42:25 UTC,63
750,booked,2020-04-29 10:19:07 UTC,1
248,booked,2020-04-12 12:52:48 UTC,14
98,booked,2020-04-08 16:46:29 UTC,22
509,booked,2020-05-01 16:13:26 UTC,67
1969,booked,2020-04-21 13:34:50 UTC,91
1487,booked,2020-05-04 11:04:09 UTC,94
1299,booked,2020-04-25 13:14:08 UTC,21
1621,booked,2020-04-16 10:26:33 UTC,86
941,booked,2020-04-26 10:27:18 UTC,29
1770,booked,2020-04-30 10:53:05 UTC,4
1460,booked,2020-04-30 11:03:01 UTC,39
1853,booked,2020-04-09 10:16:17 UTC,74
119,booked,2020-04-20 14:23:39 UTC,83
1554,booked,2020-04-18 12:34:49 UTC,49
1390,booked,2020-04-27 12:30:33 UTC,6
601,booked,2020-04-27 16:41:41 UTC,45
1324,booked,2020-04-09 10:11:34 UTC,0
1630,booked,2020-04-13 16:08:20 UTC,83
212,booked,2020-04-16 12:57:13 UTC,95
2000,booked,2020-04-17 14:59:13 UTC,68
950,booked,2020-05-01 12:40:20 UTC,16
261,booked,2020-04-15 14:17:06 UTC,73
1318,booked,2020-04-22 09:37:42 UTC,44
720,booked,2020-04-24 09:03:55 UTC,75
472,booked,2020-04-28 17:57:58 UTC,32
1932,booked,2020-04-21 14:57:03 UTC,96
1300,booked,2020-04-10 09:27:04 UTC,70
95,booked,2020-04-29 15:20:19 UTC,30
927,booked,2020-05-06 12:45:46 UTC,97
1501,booked,2020-05-06 16:54:27 UTC,50
134,booked,2020-04-29 10:48:39 UTC,46
1204,booked,2020-04-28 16:43:48 UTC,41
1514,booked,2020-04-29 16:52:03 UTC,16
1238,booked,2020-04-06 11:36:05 UTC,77
589,booked,2020-04-10 16:42:53 UTC,39
1822,booked,2020-04-23 09:26:09 UTC,35
1816,booked,2020-04-16 11:15:23 UTC,37
1397,booked,2020-04-29 10:46:10 UTC,78
52,booked,2020-04-07 09:24:51 UTC,61
757,booked,2020-04-11 08:40:02 UTC,61
1309,booked,2020-04-16 12:53:04 UTC,53
1408,booked,2020-04-19 14:50:35 UTC,53
144,booked,2020-04-08 11:44:33 UTC,16
1753,booked,2020-04-25 10:45:09 UTC,52
1042,booked,2020-04-14 10:35:06 UTC,55
822,booked,2020-05-05 11:32:57 UTC,17
979,booked,2020-04-25 09:22:09 UTC,17
1903,booked,2020-04-09 10:33:24 UTC,68
1576,booked,2020-04-19 10:25:33 UTC,98
307,booked,2020-04-30 13:16:18 UTC,71
1394,booked,2020-04-15 13:28:46 UTC,57
263,booked,2020-04-10 09:46:27 UTC,23
473,booked,2020-04-20 13:29:23 UTC,64
1766,booked,2020-04-29 16:28:32 UTC,49
1330,booked,2020-04-17 09:00:16 UTC,43
1286,booked,2020-04-16 10:43:11 UTC,39
1230,booked,2020-04-28 15:21:45 UTC,7
1018,booked,2020-04-22 14:43:51 UTC,8
195,booked,2020-04-27 11:59:33 UTC,0
331,booked,2020-04-27 12:43:26 UTC,86
661,booked,2020-04-28 10:27:19 UTC,49
898,booked,2020-04-08 08:16:20 UTC,61
567,booked,2020-04-07 08:18:45 UTC,63
1998,booked,2020-04-09 16:04:29 UTC,85
1537,booked,2020-04-14 16:21:39 UTC,32
1885,booked,2020-04-16 16:02:19 UTC,83
1859,booked,2020-04-19 17:03:51 UTC,46
370,booked,2020-05-01 12:07:34 UTC,41
807,booked,2020-04-06 14:28:17 UTC,86
884,booked,2020-04-10 10:36:34 UTC,27
1862,booked,2020-04-10 13:10:28 UTC,14
284,booked,2020-04-25 10:51:57 UTC,37
818,booked,2020-05-01 15:46:22 UTC,66
994,booked,2020-04-24 10:40:23 UTC,14
1737,booked,2020-04-18 14:49:04 UTC,67
1954,booked,2020-05-02 11:04:27 UTC,72
639,booked,2020-04-18 16:06:54 UTC,98
1899,booked,2020-04-23 15:19:56 UTC,69
943,booked,2020-04-28 15:04:59 UTC,28
1210,booked,2020-04-09 09:45:29 UTC,54
224,booked,2020-04-12 14:15:16 UTC,86
856,booked,2020-04-08 08:15:26 UTC,15
735,booked,2020-04-23 11:00:49 UTC,81
1097,booked,2020-04-12 14:08:02 UTC,76
253,booked,2020-04-06 13:00:03 UTC,72
868,booked,2020-04-25 13:59:00 UTC,80
320,booked,2020-05-02 17:39:01 UTC,23
517,booked,2020-04-26 11:17:11 UTC,26
910,booked,2020-04-11 08:06:36 UTC,49
1453,booked,2020-04-26 11:23:03 UTC,68
1710,booked,2020-04-21 12:18:39 UTC,17
648,booked,2020-04-14 09:45:06 UTC,62
1452,booked,2020-04-24 10:45:18 UTC,98
1540,booked,2020-04-17 11:27:24 UTC,1
1962,booked,2020-04-07 08:25:17 UTC,27
1795,booked,2020-04-19 14:24:31 UTC,30
459,booked,2020-04-10 16:23:04 UTC,47
1884,booked,2020-04-06 13:22:22 UTC,57
245,booked,2020-04-26 13:08:15 UTC,75
62,booked,2020-04-22 16:17:34 UTC,75
1375,booked,2020-04-14 16:22:46 UTC,74
694,booked,2020-05-01 10:32:31 UTC,29
721,booked,2020-04-06 12:47:47 UTC,14
405,booked,2020-05-06 13:13:00 UTC,16
1781,booked,2020-05-02 12:22:42 UTC,79
1037,booked,2020-04-12 08:29:06 UTC,37
403,booked,2020-04-06 16:29:23 UTC,55
1148,booked,2020-04-26 14:54:29 UTC,59
290,booked,2020-04-16 12:20:43 UTC,41
1346,booked,2020-05-01 10:13:53 UTC,98
39,booked,2020-04-30 15:48:06 UTC,40
293,booked,2020-04-11 14:35:49 UTC,70
1866,booked,2020-04-30 09:16:37 UTC,80
1277,booked,2020-04-25 14:08:34 UTC,44
571,booked,2020-05-04 16:55:08 UTC,54
1383,booked,2020-04-24 17:32:37 UTC,85
383,booked,2020-04-17 09:30:49 UTC,45
133,booked,2020-04-26 13:26:57 UTC,90
1069,booked,2020-04-25 12:19:46 UTC,91
574,booked,2020-04-17 10:16:04 UTC,42
1762,booked,2020-04-14 13:02:55 UTC,45
345,booked,2020-05-02 11:01:55 UTC,36
1445,booked,2020-04-18 11:30:28 UTC,40
843,booked,2020-04-22 16:07:39 UTC,59
127,booked,2020-05-05 17:23:50 UTC,45
1446,booked,2020-04-15 11:28:06 UTC,82
956,booked,2020-04-10 11:35:43 UTC,55
554,booked,2020-04-30 16:29:53 UTC,49
1078,booked,2020-05-06 15:32:49 UTC,30
76,booked,2020-04-08 14:12:26 UTC,68
1274,booked,2020-04-26 15:19:00 UTC,66
414,booked,2020-04-09 12:30:14 UTC,91
1901,booked,2020-04-16 08:09:00 UTC,16
417,booked,2020-04-06 15:50:40 UTC,96
121,booked,2020-04-26 15:46:51 UTC,3
663,booked,2020-04-10 16:41:31 UTC,19
1811,booked,2020-04-22 17:36:16 UTC,9
329,booked,2020-05-05 09:53:42 UTC,30
169,booked,2020-04-13 12:34:17 UTC,74
914,booked,2020-04-07 11:15:10 UTC,96
1121,booked,2020-04-06 15:55:25 UTC,73
461,booked,2020-05-05 15:18:09 UTC,100
1585,booked,2020-04-11 10:56:35 UTC,52
1423,booked,2020-04-09 13:07:43 UTC,39
760,booked,2020-04-11 13:20:50 UTC,60
1874,booked,2020-05-02 11:52:16 UTC,71
1298,booked,2020-04-24 17:06:13 UTC,86
737,booked,2020-04-21 12:55:48 UTC,10
828,booked,2020-04-19 09:32:18 UTC,100
489,booked,2020-05-01 09:51:40 UTC,36
1132,booked,2020-05-02 12:13:51 UTC,7
88,booked,2020-04-26 15:08:46 UTC,9
1150,booked,2020-04-08 08:20:44 UTC,28
1876,booked,2020-04-27 15:42:23 UTC,55
811,booked,2020-04-29 15:43:52 UTC,36
1236,booked,2020-05-02 12:45:20 UTC,19
643,booked,2020-04-18 16:35:51 UTC,37
708,booked,2020-04-10 09:51:20 UTC,35
1002,booked,2020-04-25 16:23:55 UTC,89
1564,booked,2020-04-25 11:53:15 UTC,81
530,booked,2020-04-12 14:14:05 UTC,28
462,booked,2020-04-24 09:49:45 UTC,77
670,booked,2020-04-06 12:46:14 UTC,85
394,booked,2020-04-27 15:31:06 UTC,52
85,booked,2020-04-19 14:57:46 UTC,64
196,booked,2020-04-13 13:28:52 UTC,91
1183,booked,2020-04-06 12:47:43 UTC,4
1628,booked,2020-04-11 14:10:09 UTC,74
993,booked,2020-04-30 17:24:50 UTC,100
1522,booked,2020-04-07 09:28:38 UTC,16
378,booked,2020-05-04 15:06:16 UTC,0
905,booked,2020-04-24 16:06:17 UTC,87
836,booked,2020-04-07 09:16:28 UTC,62
756,booked,2020-05-04 14:54:53 UTC,22
576,booked,2020-04-14 08:51:33 UTC,96
1898,booked,2020-04-27 12:56:43 UTC,88
152,booked,2020-04-09 09:58:36 UTC,38
105,booked,2020-04-19 10:31:36 UTC,21
353,booked,2020-04-06 10:14:33 UTC,94
69,booked,2020-04-10 12:51:14 UTC,54
104,booked,2020-04-13 08:33:04 UTC,25
1368,booked,2020-04-06 09:46:00 UTC,26
778,booked,2020-04-26 09:27:42 UTC,71
1199,booked,2020-05-01 15:43:51 UTC,61
918,booked,2020-05-02 09:11:19 UTC,73
1239,booked,2020-04-12 15:56:08 UTC,1
1596,booked,2020-04-27 11:38:50 UTC,5
1162,booked,2020-04-12 11:01:38 UTC,79
1642,booked,2020-04-20 12:56:38 UTC,40
1504,booked,2020-04-22 11:02:32 UTC,87
531,booked,2020-05-06 16:12:30 UTC,66
386,booked,2020-04-15 10:17:09 UTC,84
1632,booked,2020-05-03 11:06:33 UTC,75
1581,booked,2020-05-06 09:04:26 UTC,11
625,booked,2020-05-01 13:36:23 UTC,49
1671,booked,2020-04-28 12:10:07 UTC,18
1505,booked,2020-04-17 16:51:03 UTC,61
388,booked,2020-04-06 11:53:40 UTC,86
848,booked,2020-04-30 11:39:06 UTC,17
17,booked,2020-04-12 08:26:54 UTC,59
537,booked,2020-04-09 16:39:07 UTC,9
1429,booked,2020-04-19 15:04:31 UTC,58
6,booked,2020-04-08 11:58:11 UTC,19
1844,booked,2020-04-26 16:33:39 UTC,40
873,booked,2020-04-19 10:15:18 UTC,65
570,booked,2020-04-07 12:57:13 UTC,40
1513,booked,2020-05-01 15:38:36 UTC,67
67,booked,2020-04-23 12:50:58 UTC,95
1616,booked,2020-04-10 16:32:56 UTC,61
438,booked,2020-04-10 12:46:48 UTC,4
1364,booked,2020-04-15 10:27:06 UTC,5
580,booked,2020-04-12 09:57:36 UTC,47
1280,booked,2020-04-24 15:38:39 UTC,3
877,booked,2020-04-11 08:54:44 UTC,94
1345,booked,2020-05-06 11:53:33 UTC,10
393,booked,2020-04-27 16:11:44 UTC,12
468,booked,2020-04-30 10:25:53 UTC,54
1213,booked,2020-04-29 12:03:25 UTC,47
1482,booked,2020-04-12 12:53:01 UTC,41
230,booked,2020-04-09 15:09:56 UTC,95
1036,booked,2020-04-15 13:23:00 UTC,21
1562,booked,2020-04-26 14:29:52 UTC,94
769,booked,2020-04-27 15:31:59 UTC,69
1805,booked,2020-05-01 17:42:05 UTC,0
1252,booked,2020-04-19 17:11:04 UTC,37
219,booked,2020-05-01 11:20:53 UTC,19
1191,booked,2020-04-28 11:03:44 UTC,75
136,booked,2020-04-06 14:01:31 UTC,87
855,booked,2020-04-25 16:57:06 UTC,79
1832,booked,2020-04-28 15:53:20 UTC,49
44,booked,2020-04-23 15:48:01 UTC,61
1517,booked,2020-04-28 13:52:43 UTC,77
1796,booked,2020-04-06 08:58:06 UTC,80
335,booked,2020-04-30 17:35:46 UTC,23
1934,booked,2020-04-06 16:54:01 UTC,69
536,booked,2020-04-29 15:13:10 UTC,11
762,booked,2020-04-23 09:33:03 UTC,19
631,booked,2020-04-14 14:32:10 UTC,7
808,booked,2020-04-08 10:11:27 UTC,60
1535,booked,2020-04-08 13:39:37 UTC,15
1973,booked,2020-04-23 12:56:56 UTC,11
1889,booked,2020-04-30 13:59:33 UTC,71
1877,booked,2020-04-14 15:21:15 UTC,79
214,booked,2020-04-23 09:37:30 UTC,96
1840,booked,2020-04-17 13:31:41 UTC,7
1603,booked,2020-04-15 14:33:36 UTC,40
1226,booked,2020-04-22 12:51:30 UTC,91
1624,booked,2020-04-06 15:44:42 UTC,46
746,booked,2020-04-16 15:36:56 UTC,98
252,booked,2020-04-27 17:45:05 UTC,53
1639,booked,2020-04-30 17:49:04 UTC,74
1714,booked,2020-04-12 12:27:39 UTC,9
789,booked,2020-04-28 10:54:44 UTC,85
145,booked,2020-04-07 10:51:21 UTC,51
1803,booked,2020-05-04 09:08:18 UTC,99
1229,booked,2020-04-24 17:24:57 UTC,90
1233,booked,2020-04-26 09:50:03 UTC,18
1392,booked,2020-04-07 15:21:48 UTC,71
1070,booked,2020-04-07 14:37:33 UTC,14
1813,booked,2020-04-29 12:57:22 UTC,95
1918,booked,2020-04-14 13:24:05 UTC,61
1891,booked,2020-04-13 14:04:40 UTC,56
495,booked,2020-04-29 16:43:16 UTC,68
850,booked,2020-05-02 14:55:21 UTC,98
1525,booked,2020-05-05 15:09:03 UTC,47
838,booked,2020-04-27 12:48:42 UTC,87
1883,booked,2020-05-03 10:15:23 UTC,24
1836,booked,2020-04-22 10:26:36 UTC,87
747,booked,2020-04-21 10:22:31 UTC,35
596,booked,2020-04-26 11:42:45 UTC,24
381,booked,2020-05-03 10:54:43 UTC,4
1718,booked,2020-04-06 15:54:52 UTC,85
156,booked,2020-05-03 16:14:34 UTC,34
41,booked,2020-04-27 11:51:27 UTC,18
222,booked,2020-04-20 11:16:10 UTC,93
1902,booked,2020-04-11 14:34:05 UTC,3
32,booked,2020-04-11 14:32:16 UTC,76
149,booked,2020-04-15 16:54:00 UTC,21
1681,booked,2020-04-25 12:30:37 UTC,22
1690,booked,2020-04-17 11:46:32 UTC,53
1707,booked,2020-04-18 10:32:12 UTC,96
270,booked,2020-04-08 09:12:38 UTC,88
29,booked,2020-04-24 10:49:02 UTC,80
1497,booked,2020-04-29 14:35:16 UTC,58
1157,booked,2020-05-02 09:09:31 UTC,6
54,booked,2020-04-10 08:16:35 UTC,99
540,booked,2020-04-08 13:04:18 UTC,69
1102,booked,2020-04-18 11:29:21 UTC,64
647,booked,2020-04-23 15:48:19 UTC,38
229,booked,2020-04-21 10:40:12 UTC,91
653,booked,2020-04-26 17:32:40 UTC,99
1116,booked,2020-05-05 10:13:30 UTC,49
698,booked,2020-04-26 10:37:15 UTC,70
1120,booked,2020-04-20 16:37:29 UTC,44
982,booked,2020-04-07 14:44:08 UTC,56
532,booked,2020-04-22 15:27:05 UTC,87
1503,booked,2020-04-12 08:07:54 UTC,69
729,booked,2020-04-14 15:43:57 UTC,39
1631,booked,2020-04-30 16:39:22 UTC,68
1612,booked,2020-05-01 12:44:23 UTC,100
863,booked,2020-04-20 12:51:46 UTC,19
706,booked,2020-05-06 10:24:38 UTC,42
754,booked,2020-04-28 14:19:57 UTC,34
1736,booked,2020-04-11 09:59:14 UTC,49
734,booked,2020-05-06 16:42:28 UTC,9
1182,booked,2020-04-10 15:44:50 UTC,16
234,booked,2020-04-23 11:52:50 UTC,3
258,booked,2020-04-19 15:03:44 UTC,91
1271,booked,2020-04-25 15:46:57 UTC,36
1712,booked,2020-04-26 16:13:35 UTC,89
1843,booked,2020-04-12 12:43:48 UTC,45
1197,booked,2020-04-06 13:54:30 UTC,4
882,booked,2020-04-24 13:19:08 UTC,31
294,booked,2020-04-07 10:03:35 UTC,39
853,booked,2020-04-22 17:48:31 UTC,80
550,booked,2020-04-16 15:17:04 UTC,38
1166,booked,2020-04-09 12:36:27 UTC,93
1846,booked,2020-05-05 17:48:46 UTC,95
1968,booked,2020-05-05 15:34:10 UTC,99
376,booked,2020-04-19 16:54:58 UTC,73
1719,booked,2020-04-08 11:38:59 UTC,89
1985,booked,2020-04-22 09:17:48 UTC,89
1437,booked,2020-04-12 15:37:42 UTC,98
703,booked,2020-04-17 15:40:10 UTC,15
731,booked,2020-05-01 09:38:26 UTC,11
389,booked,2020-04-22 12:14:25 UTC,31
117,booked,2020-04-06 13:39:51 UTC,88
511,booked,2020-04-07 16:47:24 UTC,79
299,booked,2020-04-10 08:26:23 UTC,65
1574,booked,2020-04-24 09:08:22 UTC,53
411,booked,2020-05-02 15:40:20 UTC,97
1939,booked,2020-04-07 08:25:41 UTC,12
19,booked,2020-04-23 13:17:51 UTC,49
131,booked,2020-04-30 11:58:17 UTC,96
1548,booked,2020-04-27 14:02:03 UTC,16
680,booked,2020-04-18 11:59:56 UTC,1
558,booked,2020-04-20 16:29:25 UTC,23
1607,booked,2020-04-17 08:23:21 UTC,67
395,booked,2020-04-08 16:09:48 UTC,91
128,booked,2020-04-07 12:38:56 UTC,21
412,booked,2020-04-25 10:17:55 UTC,43
1489,booked,2020-04-29 12:17:41 UTC,39
1137,booked,2020-04-16 10:22:13 UTC,8
377,booked,2020-04-25 12:27:32 UTC,47
150,booked,2020-04-17 16:43:57 UTC,75
207,booked,2020-04-21 16:44:16 UTC,81
498,booked,2020-04-10 15:31:36 UTC,31
110,booked,2020-04-13 13:30:03 UTC,95
287,booked,2020-04-19 10:40:51 UTC,1
173,booked,2020-05-03 12:01:18 UTC,67
960,booked,2020-05-04 11:28:35 UTC,66
795,booked,2020-04-21 14:43:34 UTC,9
260,booked,2020-04-23 14:58:53 UTC,99
297,booked,2020-04-13 09:13:39 UTC,22
1541,booked,2020-04-11 16:33:38 UTC,97
1980,booked,2020-04-30 12:57:25 UTC,93
936,booked,2020-04-21 09:57:01 UTC,49
1348,booked,2020-04-13 10:29:49 UTC,22
953,booked,2020-04-14 12:07:36 UTC,26
1543,booked,2020-04-18 10:08:32 UTC,88
496,booked,2020-04-08 08:34:56 UTC,93
374,booked,2020-04-16 10:35:56 UTC,62
860,booked,2020-04-14 09:28:03 UTC,83
623,booked,2020-04-30 10:51:19 UTC,68
363,booked,2020-04-23 12:10:09 UTC,46
1582,booked,2020-04-26 15:41:39 UTC,51
1401,booked,2020-04-27 17:15:01 UTC,59
155,booked,2020-04-11 13:38:16 UTC,67
1786,booked,2020-04-12 08:02:30 UTC,45
1193,booked,2020-05-04 10:18:31 UTC,23
1633,booked,2020-04-14 13:35:19 UTC,0
798,booked,2020-04-09 09:05:12 UTC,25
1575,booked,2020-04-25 17:39:21 UTC,25
1570,booked,2020-04-29 14:48:40 UTC,59
1395,booked,2020-04-08 15:31:57 UTC,73
2,booked,2020-04-30 14:56:46 UTC,16
1579,booked,2020-04-16 12:39:37 UTC,86
1104,booked,2020-04-10 09:31:46 UTC,80
1539,booked,2020-05-03 15:06:07 UTC,13
368,booked,2020-04-21 12:40:02 UTC,19
688,booked,2020-05-03 15:02:35 UTC,45
1434,booked,2020-04-25 14:17:30 UTC,44
223,booked,2020-04-19 12:51:59 UTC,73
55,booked,2020-04-23 16:21:23 UTC,33
1399,booked,2020-04-11 09:57:24 UTC,32
1664,booked,2020-04-18 13:55:30 UTC,96
24,booked,2020-04-09 15:21:37 UTC,99
1457,booked,2020-04-10 09:58:05 UTC,93
1091,booked,2020-04-21 10:02:02 UTC,86
553,booked,2020-04-09 09:43:11 UTC,17
1977,booked,2020-05-04 10:01:38 UTC,83
463,booked,2020-04-06 14:41:50 UTC,19
701,booked,2020-05-05 09:42:50 UTC,52
1963,booked,2020-05-02 09:47:33 UTC,45
1409,booked,2020-04-12 11:39:58 UTC,34
454,booked,2020-04-11 11:05:25 UTC,45
30,booked,2020-04-13 08:09:31 UTC,75
1557,booked,2020-04-24 13:43:15 UTC,79
573,booked,2020-04-08 12:16:56 UTC,69
1065,booked,2020-05-05 11:17:49 UTC,47
7,booked,2020-05-02 11:55:31 UTC,90
1779,booked,2020-04-28 10:17:38 UTC,70
1802,booked,2020-04-16 13:39:56 UTC,80
1780,booked,2020-04-12 10:18:22 UTC,67
1905,booked,2020-04-16 08:58:57 UTC,92
1404,booked,2020-04-21 13:41:36 UTC,62
559,booked,2020-05-04 11:13:35 UTC,7
159,booked,2020-04-22 15:02:42 UTC,53
191,booked,2020-04-12 14:50:38 UTC,86
981,booked,2020-04-26 10:19:21 UTC,22
1566,booked,2020-04-18 14:12:50 UTC,26
1760,booked,2020-04-09 14:44:36 UTC,44
685,booked,2020-04-10 15:02:02 UTC,78
1006,booked,2020-04-28 15:47:54 UTC,81
1178,booked,2020-04-07 16:24:24 UTC,99
1896,booked,2020-04-24 12:56:59 UTC,49
178,booked,2020-04-13 10:31:04 UTC,8
1493,booked,2020-04-25 16:12:06 UTC,76
1003,booked,2020-04-23 10:03:42 UTC,67
1622,booked,2020-04-14 15:12:57 UTC,56
1073,booked,2020-04-22 17:20:39 UTC,51
942,booked,2020-04-21 15:20:41 UTC,76
728,booked,2020-04-09 11:42:11 UTC,12
99,booked,2020-05-01 11:31:01 UTC,10
74,booked,2020-04-29 16:44:24 UTC,20
1527,booked,2020-04-23 17:31:06 UTC,21
725,booked,2020-04-25 15:44:27 UTC,98
281,booked,2020-04-27 09:06:31 UTC,23
613,booked,2020-04-19 15:27:46 UTC,85
499,booked,2020-04-20 13:45:43 UTC,91
1257,booked,2020-04-28 10:39:58 UTC,94
1652,booked,2020-05-05 12:47:26 UTC,38
858,booked,2020-05-05 11:50:32 UTC,58
1256,booked,2020-04-22 17:23:40 UTC,19
1126,booked,2020-04-13 10:26:54 UTC,38
1447,booked,2020-04-17 12:39:13 UTC,55
83,booked,2020-04-09 16:43:35 UTC,81
895,booked,2020-04-29 14:37:38 UTC,52
612,booked,2020-04-21 09:12:01 UTC,100
669,booked,2020-04-17 09:40:21 UTC,19
1224,booked,2020-04-18 15:34:58 UTC,76
33,booked,2020-04-23 16:06:14 UTC,74
1606,booked,2020-04-17 15:06:30 UTC,74
1358,booked,2020-04-11 14:15:28 UTC,0
1251,booked,2020-04-17 13:52:20 UTC,40
1544,booked,2020-04-15 10:25:59 UTC,60
523,booked,2020-05-03 15:44:27 UTC,23
1033,booked,2020-04-30 16:03:57 UTC,98
764,booked,2020-04-18 09:50:26 UTC,89
1594,booked,2020-04-19 13:23:35 UTC,59
1673,booked,2020-05-04 12:49:27 UTC,56
1518,booked,2020-04-10 13:27:36 UTC,39
1972,booked,2020-04-07 09:16:32 UTC,5
470,booked,2020-04-23 15:05:25 UTC,29
102,booked,2020-05-05 11:08:53 UTC,6
1474,booked,2020-04-13 09:20:13 UTC,15
1051,booked,2020-04-28 11:33:52 UTC,49
792,booked,2020-04-07 09:19:11 UTC,67
650,booked,2020-04-08 11:59:25 UTC,68
887,booked,2020-04-18 13:18:06 UTC,97
616,booked,2020-04-11 09:38:24 UTC,1
268,booked,2020-04-07 14:01:31 UTC,65
446,booked,2020-04-26 09:00:43 UTC,9
1407,booked,2020-04-20 16:18:58 UTC,24
1231,booked,2020-04-09 16:22:57 UTC,67
705,booked,2020-05-06 13:27:21 UTC,65
1039,booked,2020-04-10 09:55:56 UTC,28
47,booked,2020-04-16 12:22:06 UTC,34
1107,booked,2020-04-27 17:02:09 UTC,42
1601,booked,2020-04-23 14:04:03 UTC,66
1982,booked,2020-05-06 12:18:38 UTC,22
1910,booked,2020-05-05 14:56:48 UTC,50
1697,booked,2020-04-19 12:52:33 UTC,49
1088,booked,2020-04-14 16:20:08 UTC,51
143,booked,2020-04-25 13:26:34 UTC,91
1909,booked,2020-05-06 15:12:33 UTC,7
308,booked,2020-04-13 10:36:15 UTC,19
889,booked,2020-04-17 11:16:54 UTC,82
1090,booked,2020-04-23 15:24:35 UTC,52
286,booked,2020-04-15 08:04:00 UTC,26
1353,booked,2020-04-10 09:25:10 UTC,48
1477,booked,2020-04-12 12:10:34 UTC,77
357,booked,2020-05-02 11:50:29 UTC,38
362,booked,2020-04-13 10:30:07 UTC,8
1984,booked,2020-04-11 15:09:36 UTC,12
277,booked,2020-04-11 12:19:40 UTC,3
915,booked,2020-04-28 14:24:10 UTC,3
665,booked,2020-04-21 15:26:35 UTC,54
1282,booked,2020-04-15 15:13:02 UTC,84
1185,booked,2020-04-12 16:08:51 UTC,63
1433,booked,2020-04-22 12:04:40 UTC,9
1775,booked,2020-04-27 16:28:01 UTC,61
1122,booked,2020-04-26 17:30:14 UTC,86
1641,booked,2020-04-18 12:57:16 UTC,5
1021,booked,2020-04-15 12:39:17 UTC,11
1462,booked,2020-04-22 12:31:31 UTC,85
1152,booked,2020-04-14 08:26:08 UTC,39
824,booked,2020-05-03 11:20:21 UTC,53
1776,booked,2020-04-25 12:06:02 UTC,42
1413,booked,2020-04-27 10:04:42 UTC,11
800,booked,2020-04-21 15:30:27 UTC,88
651,booked,2020-04-28 17:14:23 UTC,78
319,booked,2020-04-29 13:59:33 UTC,36
805,booked,2020-04-22 12:37:58 UTC,4
1308,booked,2020-04-16 10:20:08 UTC,8
1136,booked,2020-04-26 13:35:48 UTC,2
1546,booked,2020-05-05 09:04:33 UTC,33
1743,booked,2020-04-26 10:30:05 UTC,31
371,booked,2020-04-12 14:51:46 UTC,50
525,booked,2020-04-13 09:07:39 UTC,28
1258,booked,2020-05-04 11:33:47 UTC,70
1573,booked,2020-04-12 09:11:01 UTC,55
1744,booked,2020-05-05 15:13:45 UTC,15
1738,booked,2020-04-29 13:38:42 UTC,75
184,booked,2020-05-05 14:07:04 UTC,40
1923,booked,2020-04-17 13:36:41 UTC,86
1063,booked,2020-04-16 12:14:42 UTC,62
834,booked,2020-04-14 10:32:04 UTC,0
1506,booked,2020-05-01 16:26:29 UTC,17
1538,booked,2020-04-17 13:31:10 UTC,29
716,booked,2020-05-06 10:10:04 UTC,61
241,booked,2020-04-20 14:58:06 UTC,3
704,booked,2020-05-03 16:22:30 UTC,29
1159,booked,2020-04-10 16:58:33 UTC,76
1893,booked,2020-05-02 13:54:12 UTC,53
692,booked,2020-05-04 13:51:46 UTC,35
1692,booked,2020-04-10 14:20:58 UTC,97
422,booked,2020-04-11 10:36:31 UTC,9
1435,booked,2020-04-09 14:16:50 UTC,70
1647,booked,2020-04-18 13:38:20 UTC,89
305,booked,2020-04-30 11:54:57 UTC,78
45,booked,2020-04-13 15:15:13 UTC,38
1205,booked,2020-04-21 17:06:26 UTC,39
516,booked,2020-04-16 15:11:14 UTC,86
1472,booked,2020-04-14 08:21:31 UTC,98
82,booked,2020-04-30 14:20:00 UTC,18
1724,booked,2020-05-02 17:50:12 UTC,93
1716,booked,2020-05-02 11:55:22 UTC,43
491,booked,2020-05-04 10:00:28 UTC,3
190,booked,2020-04-09 15:39:34 UTC,94
1311,booked,2020-04-07 08:43:15 UTC,79
1263,booked,2020-04-19 09:25:27 UTC,80
1623,booked,2020-04-12 14:17:01 UTC,47
1974,booked,2020-04-08 16:57:55 UTC,45
677,booked,2020-04-30 17:51:46 UTC,9
859,booked,2020-04-13 09:16:35 UTC,9
1240,booked,2020-04-10 09:43:40 UTC,91
108,booked,2020-04-28 17:32:41 UTC,100
611,booked,2020-04-06 12:55:53 UTC,99
1494,booked,2020-05-03 11:29:02 UTC,43
793,booked,2020-04-22 13:48:25 UTC,54
899,booked,2020-04-07 10:49:28 UTC,67
911,booked,2020-05-05 13:40:46 UTC,27
206,booked,2020-04-30 12:45:17 UTC,44
1,booked,2020-05-02 13:59:51 UTC,22
827,booked,2020-04-29 17:31:43 UTC,57
1276,booked,2020-05-04 09:53:31 UTC,86
901,booked,2020-04-16 16:34:45 UTC,18
1717,booked,2020-05-06 10:37:42 UTC,56
247,booked,2020-04-12 08:00:47 UTC,3
996,booked,2020-04-09 09:34:50 UTC,65
26,booked,2020-04-22 14:45:35 UTC,83
1897,booked,2020-04-08 14:40:51 UTC,86
1676,booked,2020-04-26 13:03:19 UTC,23
1613,booked,2020-04-25 11:42:05 UTC,82
925,booked,2020-04-19 10:14:02 UTC,96
710,booked,2020-04-22 09:31:11 UTC,26
1467,booked,2020-04-10 08:05:01 UTC,51
1674,booked,2020-04-15 16:03:11 UTC,19
1759,booked,2020-04-16 12:31:10 UTC,6
933,booked,2020-04-30 10:15:03 UTC,94
1986,booked,2020-04-30 10:57:00 UTC,63
1336,booked,2020-04-20 13:47:45 UTC,68
1894,booked,2020-04-14 15:56:55 UTC,3
1848,booked,2020-05-01 09:22:56 UTC,59
280,booked,2020-05-02 14:20:50 UTC,85
1154,booked,2020-04-11 12:37:42 UTC,12
763,booked,2020-05-03 11:23:01 UTC,26
5,booked,2020-04-09 10:27:35 UTC,78
1117,booked,2020-05-06 09:07:47 UTC,42
1008,booked,2020-04-22 13:27:49 UTC,69
831,booked,2020-05-05 12:03:42 UTC,67
349,booked,2020-04-23 14:30:12 UTC,19
1842,booked,2020-04-06 13:38:27 UTC,12
702,booked,2020-04-22 09:02:12 UTC,62
435,booked,2020-04-15 12:41:28 UTC,20
618,booked,2020-04-22 14:08:29 UTC,95
1677,booked,2020-04-23 12:56:14 UTC,6
1769,booked,2020-05-01 16:56:33 UTC,97
556,booked,2020-04-08 08:46:41 UTC,44
865,booked,2020-04-14 09:28:46 UTC,7
1019,booked,2020-04-15 10:25:57 UTC,98
1215,booked,2020-04-07 16:25:16 UTC,73
382,booked,2020-04-08 08:00:44 UTC,70
995,booked,2020-04-18 15:06:51 UTC,31
1428,booked,2020-04-09 16:07:03 UTC,47
1374,booked,2020-04-18 14:52:47 UTC,38
1064,booked,2020-04-27 17:26:36 UTC,72
445,booked,2020-04-27 09:02:16 UTC,87
1444,booked,2020-04-18 12:42:44 UTC,78
846,booked,2020-04-17 13:27:22 UTC,21
986,booked,2020-05-06 10:48:55 UTC,83
1455,booked,2020-04-26 15:04:05 UTC,97
1882,booked,2020-04-12 13:53:10 UTC,63
1949,booked,2020-04-06 13:11:31 UTC,36
569,booked,2020-04-16 16:06:03 UTC,47
1971,booked,2020-04-11 15:46:41 UTC,40
1095,booked,2020-05-06 16:33:23 UTC,88
1202,booked,2020-04-06 14:08:52 UTC,98
829,booked,2020-05-03 17:04:51 UTC,34
1067,booked,2020-04-30 09:45:53 UTC,27
560,booked,2020-05-03 15:23:25 UTC,49
1184,booked,2020-04-06 11:53:34 UTC,36
1927,booked,2020-04-14 15:35:53 UTC,16
1410,booked,2020-04-27 11:03:15 UTC,8
1441,booked,2020-04-23 15:18:48 UTC,40
4,booked,2020-04-21 10:50:10 UTC,3
295,booked,2020-04-12 09:03:22 UTC,27
1284,booked,2020-05-01 17:09:53 UTC,95
1860,booked,2020-04-24 17:12:09 UTC,72
1654,booked,2020-04-15 09:58:44 UTC,82
797,booked,2020-04-27 16:29:51 UTC,11
1936,booked,2020-04-19 15:24:11 UTC,20
1908,booked,2020-04-16 13:59:34 UTC,54
970,booked,2020-04-13 11:42:15 UTC,20
485,booked,2020-04-20 13:07:22 UTC,43
1285,booked,2020-04-17 15:20:21 UTC,40
1111,booked,2020-04-23 14:25:12 UTC,16
1739,booked,2020-04-19 09:11:00 UTC,77
1826,booked,2020-04-06 14:22:53 UTC,48
564,booked,2020-04-20 16:56:45 UTC,5
437,booked,2020-04-21 14:17:05 UTC,91
476,booked,2020-04-15 11:57:28 UTC,39
620,booked,2020-04-10 10:48:27 UTC,83
254,booked,2020-05-02 09:04:32 UTC,47
758,booked,2020-05-06 12:17:29 UTC,53
748,booked,2020-04-08 13:09:40 UTC,96
1331,booked,2020-04-13 09:43:11 UTC,90
1929,booked,2020-04-27 14:12:31 UTC,72
662,booked,2020-04-26 15:37:47 UTC,47
274,booked,2020-05-03 17:34:45 UTC,80
79,booked,2020-04-27 17:49:35 UTC,6
162,booked,2020-04-11 09:35:12 UTC,94
449,booked,2020-04-06 11:40:26 UTC,98
443,booked,2020-05-06 15:32:17 UTC,77
1856,booked,2020-04-16 11:57:43 UTC,41
965,booked,2020-04-26 16:02:43 UTC,1
1772,booked,2020-04-21 14:31:39 UTC,93
1646,booked,2020-05-03 13:56:09 UTC,40
1559,booked,2020-04-23 13:01:08 UTC,62
126,booked,2020-04-25 11:23:32 UTC,99
633,booked,2020-05-01 09:42:46 UTC,54
123,booked,2020-04-10 12:16:45 UTC,17
628,booked,2020-05-02 09:21:40 UTC,23
343,booked,2020-04-25 10:12:09 UTC,86
741,booked,2020-04-13 13:36:26 UTC,68
267,booked,2020-04-10 08:33:22 UTC,46
1532,booked,2020-04-08 12:04:33 UTC,85
1155,booked,2020-04-21 11:00:10 UTC,90
649,booked,2020-04-12 15:19:12 UTC,12
1337,booked,2020-04-19 13:31:40 UTC,47
1340,booked,2020-04-22 11:48:04 UTC,19
1611,booked,2020-04-23 12:42:43 UTC,15
1319,booked,2020-05-06 12:48:22 UTC,76
28,booked,2020-04-10 11:19:10 UTC,75
1367,booked,2020-04-24 14:56:28 UTC,22
1001,booked,2020-04-14 13:22:40 UTC,33
1283,booked,2020-04-28 17:41:38 UTC,27
913,booked,2020-04-25 15:24:39 UTC,47
770,booked,2020-04-13 14:38:18 UTC,81
151,booked,2020-04-06 11:53:12 UTC,35
814,booked,2020-04-25 13:35:13 UTC,20
188,booked,2020-04-25 17:09:22 UTC,51
684,booked,2020-04-10 14:00:51 UTC,85
1465,booked,2020-04-21 17:22:30 UTC,38
291,booked,2020-04-30 14:14:37 UTC,75
1508,booked,2020-04-06 12:11:17 UTC,26
874,booked,2020-04-28 09:08:37 UTC,77
1723,booked,2020-04-21 15:32:30 UTC,62
157,booked,2020-04-16 15:52:15 UTC,86
634,booked,2020-04-22 17:57:26 UTC,92
962,booked,2020-04-11 11:19:14 UTC,7
176,booked,2020-04-29 09:17:42 UTC,45
1663,booked,2020-05-04 16:00:17 UTC,7
482,booked,2020-04-07 13:47:05 UTC,80
197,booked,2020-04-29 16:24:47 UTC,78
1999,booked,2020-04-14 16:10:03 UTC,16
1764,booked,2020-05-04 14:28:42 UTC,16
315,booked,2020-04-28 11:28:43 UTC,85
27,booked,2020-04-11 14:56:01 UTC,9
787,booked,2020-04-26 10:47:17 UTC,93
455,booked,2020-04-30 09:37:56 UTC,94
1872,booked,2020-04-19 09:28:07 UTC,63
390,booked,2020-04-07 12:40:43 UTC,89
235,booked,2020-04-17 10:47:59 UTC,19
1684,booked,2020-05-02 13:49:51 UTC,51
1774,booked,2020-04-22 12:59:51 UTC,29
137,booked,2020-04-23 11:13:04 UTC,85
53,booked,2020-04-20 16:15:44 UTC,58
1614,booked,2020-04-24 09:39:02 UTC,43
1668,booked,2020-04-17 09:35:07 UTC,78
1066,booked,2020-04-25 11:16:50 UTC,22
1662,booked,2020-04-22 16:48:31 UTC,72
1960,booked,2020-04-09 14:43:29 UTC,46
1777,booked,2020-05-02 10:09:05 UTC,67
745,booked,2020-04-11 08:13:22 UTC,77
1605,booked,2020-04-12 15:05:32 UTC,75
784,booked,2020-04-11 15:14:33 UTC,15
109,booked,2020-04-22 17:12:12 UTC,73
1990,booked,2020-04-15 10:22:12 UTC,15
1855,booked,2020-04-14 08:35:43 UTC,56
1144,booked,2020-04-23 09:53:56 UTC,87
1656,booked,2020-04-07 14:13:39 UTC,67
1416,booked,2020-04-19 14:42:06 UTC,45
871,booked,2020-04-16 10:57:09 UTC,53
752,booked,2020-04-27 14:09:37 UTC,96
1440,booked,2020-04-26 14:36:32 UTC,19
1360,booked,2020-04-18 09:50:10 UTC,87
37,booked,2020-04-15 12:36:45 UTC,90
1160,booked,2020-04-14 14:55:26 UTC,22
77,booked,2020-04-24 17:14:30 UTC,87
1935,booked,2020-05-01 13:19:21 UTC,67
586,booked,2020-04-06 16:42:19 UTC,73
1849,booked,2020-04-08 15:27:57 UTC,93
1043,booked,2020-04-25 10:56:35 UTC,31
1273,booked,2020-04-27 11:27:40 UTC,62
1048,booked,2020-04-25 12:06:23 UTC,52
1597,booked,2020-04-28 09:55:59 UTC,58
436,booked,2020-04-24 17:56:39 UTC,13
49,booked,2020-04-13 16:16:21 UTC,3
1609,booked,2020-04-16 16:55:11 UTC,95
240,booked,2020-04-19 16:04:55 UTC,9
1650,booked,2020-05-06 09:09:23 UTC,72
1038,booked,2020-04-09 15:13:25 UTC,83
1417,booked,2020-04-15 12:56:28 UTC,24
902,booked,2020-04-22 17:46:59 UTC,63
1947,booked,2020-04-27 11:13:08 UTC,14
1317,booked,2020-04-23 11:05:32 UTC,20
1129,booked,2020-04-10 12:14:03 UTC,11
528,booked,2020-04-12 13:42:11 UTC,45
1754,booked,2020-05-06 15:08:02 UTC,32
457,booked,2020-04-17 11:38:13 UTC,85
1302,booked,2020-05-04 17:06:18 UTC,68
626,booked,2020-04-22 15:32:31 UTC,92
1377,booked,2020-04-18 11:19:44 UTC,85
1733,booked,2020-04-21 16:03:07 UTC,85
1357,booked,2020-04-27 10:50:47 UTC,95
722,booked,2020-04-30 11:01:59 UTC,20
1449,booked,2020-04-20 13:51:22 UTC,92
575,booked,2020-04-23 10:27:35 UTC,7
265,booked,2020-04-17 15:08:38 UTC,66
180,booked,2020-04-12 12:18:37 UTC,67
1756,booked,2020-04-17 10:30:49 UTC,35
1900,booked,2020-04-24 13:45:05 UTC,97
1315,booked,2020-04-26 11:01:58 UTC,68
8,booked,2020-04-18 09:19:41 UTC,59
1812,booked,2020-04-28 11:38:18 UTC,97
1438,booked,2020-05-01 12:19:13 UTC,1
780,booked,2020-04-16 13:03:01 UTC,15
841,booked,2020-04-20 10:58:27 UTC,44
471,booked,2020-04-25 11:53:01 UTC,63
1498,booked,2020-04-27 16:10:11 UTC,25
486,booked,2020-04-16 13:32:58 UTC,26
1615,booked,2020-04-08 16:01:42 UTC,45
1361,booked,2020-04-25 13:34:52 UTC,7
300,booked,2020-04-20 12:34:34 UTC,83
1096,booked,2020-04-06 12:46:47 UTC,48
210,booked,2020-04-06 13:35:48 UTC,24
10,booked,2020-04-07 12:08:13 UTC,6
1530,booked,2020-04-06 10:19:32 UTC,16
555,booked,2020-04-09 10:28:28 UTC,50
1643,booked,2020-04-12 11:53:33 UTC,58
494,booked,2020-04-18 08:16:40 UTC,77
1450,booked,2020-04-22 11:42:46 UTC,20
1847,booked,2020-04-21 13:42:08 UTC,20
1041,booked,2020-04-18 08:40:07 UTC,23
991,booked,2020-04-16 13:08:12 UTC,55
1034,booked,2020-04-27 10:49:54 UTC,37
512,booked,2020-05-04 14:37:27 UTC,66
425,booked,2020-04-25 11:14:24 UTC,59
609,booked,2020-04-28 12:25:56 UTC,86
1406,booked,2020-04-15 10:27:06 UTC,90
947,booked,2020-04-22 15:45:38 UTC,49
1645,booked,2020-04-17 10:25:10 UTC,83
1675,booked,2020-05-01 11:06:08 UTC,45
242,booked,2020-04-17 15:06:59 UTC,79
198,booked,2020-04-15 13:38:40 UTC,34
598,booked,2020-04-06 09:50:09 UTC,12
790,booked,2020-04-14 14:15:21 UTC,28
1502,booked,2020-04-06 14:59:38 UTC,49
1146,booked,2020-04-27 13:06:42 UTC,97
1959,booked,2020-04-27 16:38:27 UTC,45
1354,booked,2020-04-17 12:51:08 UTC,53
1332,booked,2020-05-02 11:50:23 UTC,6
1571,booked,2020-04-26 09:38:39 UTC,69
201,booked,2020-04-17 14:20:23 UTC,62
679,booked,2020-04-23 11:06:19 UTC,22
1172,booked,2020-04-08 13:15:35 UTC,1
177,booked,2020-04-29 14:52:04 UTC,70
1722,booked,2020-05-04 09:27:13 UTC,52
1784,booked,2020-04-23 14:08:45 UTC,74
1869,booked,2020-04-24 11:55:41 UTC,84
262,booked,2020-04-27 16:47:52 UTC,31
448,booked,2020-05-04 10:47:12 UTC,13
1304,booked,2020-04-26 17:42:38 UTC,31
1237,booked,2020-04-06 12:42:10 UTC,40
1708,booked,2020-04-18 12:35:07 UTC,48
636,booked,2020-04-21 13:36:31 UTC,5
426,booked,2020-04-14 11:09:42 UTC,83
193,booked,2020-04-10 11:16:02 UTC,58
1009,booked,2020-05-06 16:59:32 UTC,86
276,booked,2020-04-19 11:16:23 UTC,38
431,booked,2020-04-19 10:30:28 UTC,21
1170,booked,2020-04-24 11:31:53 UTC,97
1143,booked,2020-05-03 15:41:59 UTC,81
515,booked,2020-04-10 08:34:00 UTC,23
813,booked,2020-04-10 08:29:59 UTC,3
1669,booked,2020-04-23 14:12:39 UTC,56
635,booked,2020-04-06 14:15:17 UTC,85
3,booked,2020-05-02 12:50:18 UTC,28
257,booked,2020-04-20 12:30:07 UTC,83
1061,booked,2020-05-03 09:58:26 UTC,59
434,booked,2020-04-27 10:02:47 UTC,17
1928,booked,2020-04-19 11:55:41 UTC,42
9,booked,2020-04-25 09:58:39 UTC,19
830,booked,2020-04-12 11:30:08 UTC,94
546,booked,2020-04-06 15:35:42 UTC,93
1794,booked,2020-04-07 16:58:59 UTC,95
801,booked,2020-04-18 13:31:18 UTC,30
1293,booked,2020-04-11 11:57:37 UTC,36
410,booked,2020-04-13 10:04:29 UTC,56
387,booked,2020-04-21 17:22:06 UTC,60
1386,booked,2020-05-02 12:11:56 UTC,100
1476,booked,2020-04-07 10:12:57 UTC,68
23,booked,2020-04-07 16:05:33 UTC,86
1688,booked,2020-04-23 12:16:10 UTC,81
1958,booked,2020-04-09 12:14:36 UTC,76
1696,booked,2020-04-23 12:33:17 UTC,53
783,booked,2020-04-08 10:46:05 UTC,34
209,booked,2020-04-07 11:17:12 UTC,82
732,booked,2020-04-07 08:54:54 UTC,30
1854,booked,2020-04-12 15:43:24 UTC,16
1792,booked,2020-04-09 12:50:10 UTC,46
916,booked,2020-04-20 13:56:21 UTC,84
1790,booked,2020-05-03 12:32:12 UTC,63
493,booked,2020-05-04 15:47:14 UTC,70
779,booked,2020-04-13 14:27:32 UTC,18
657,booked,2020-04-23 12:20:07 UTC,93
687,booked,2020-05-01 16:20:51 UTC,37
467,booked,2020-04-23 09:25:10 UTC,33
116,booked,2020-04-06 08:54:14 UTC,41
781,booked,2020-04-10 16:57:38 UTC,92
1344,booked,2020-04-13 12:25:52 UTC,18
1087,booked,2020-04-21 10:34:01 UTC,93
203,booked,2020-04-08 14:19:24 UTC,13
1657,booked,2020-04-14 11:06:13 UTC,38
1814,booked,2020-04-30 15:44:14 UTC,39
1459,booked,2020-05-02 16:00:33 UTC,55
1055,booked,2020-04-22 16:52:32 UTC,5
249,booked,2020-04-06 15:37:56 UTC,20
1638,booked,2020-04-23 13:55:49 UTC,75
1355,booked,2020-04-28 11:26:31 UTC,54
318,booked,2020-04-12 10:06:50 UTC,82
211,booked,2020-04-30 15:20:33 UTC,13
1268,booked,2020-04-23 12:25:15 UTC,59
851,booked,2020-04-08 08:07:21 UTC,37
342,booked,2020-04-26 09:37:40 UTC,36
48,booked,2020-04-14 10:23:40 UTC,59
888,booked,2020-04-24 09:25:56 UTC,15
1105,booked,2020-04-25 16:15:59 UTC,78
301,booked,2020-04-18 11:53:34 UTC,4
205,booked,2020-04-07 09:02:20 UTC,75
1393,booked,2020-04-21 14:23:54 UTC,94
744,booked,2020-04-20 12:23:19 UTC,6
1149,booked,2020-04-11 14:48:49 UTC,28
1830,booked,2020-05-03 11:34:43 UTC,72
1904,booked,2020-04-25 15:25:34 UTC,51
1138,booked,2020-04-07 08:08:04 UTC,46
816,booked,2020-04-12 16:40:24 UTC,66
237,booked,2020-05-03 13:03:58 UTC,10
864,booked,2020-04-17 14:53:28 UTC,44
1027,booked,2020-04-10 11:13:36 UTC,34
174,booked,2020-04-19 14:56:00 UTC,34
1588,booked,2020-04-19 15:57:22 UTC,53
1858,booked,2020-04-13 11:16:35 UTC,42
912,booked,2020-05-01 17:27:31 UTC,4
799,booked,2020-05-04 16:01:49 UTC,78
535,booked,2020-04-14 11:01:47 UTC,56
160,booked,2020-05-04 14:02:04 UTC,21
984,booked,2020-04-06 09:44:39 UTC,47
1181,booked,2020-04-14 16:43:33 UTC,49
1608,booked,2020-04-21 11:59:48 UTC,58
1801,booked,2020-05-02 16:36:38 UTC,96
629,booked,2020-04-25 11:06:45 UTC,9
61,booked,2020-04-16 10:16:17 UTC,3
672,booked,2020-04-07 15:42:16 UTC,11
1130,booked,2020-04-19 11:10:10 UTC,4
1640,booked,2020-04-08 16:53:07 UTC,36
93,booked,2020-05-01 09:20:12 UTC,27
1992,booked,2020-04-26 17:17:30 UTC,87
1488,booked,2020-04-19 17:31:48 UTC,49
1797,booked,2020-05-06 17:14:32 UTC,29
292,booked,2020-04-12 13:31:27 UTC,84
640,booked,2020-04-24 12:39:26 UTC,62
1873,booked,2020-04-28 10:08:18 UTC,61
1454,booked,2020-04-10 14:03:26 UTC,34
465,booked,2020-04-23 13:54:52 UTC,71
676,booked,2020-04-12 12:54:22 UTC,49
743,booked,2020-04-07 13:08:44 UTC,16
1994,booked,2020-04-30 16:40:40 UTC,72
810,booked,2020-04-23 12:14:25 UTC,44
51,booked,2020-05-02 12:42:40 UTC,16
773,booked,2020-05-03 09:00:29 UTC,13
1113,booked,2020-04-28 10:00:55 UTC,54
163,booked,2020-04-18 16:13:29 UTC,2
944,booked,2020-04-12 10:58:46 UTC,43
1510,booked,2020-04-24 09:16:15 UTC,0
842,booked,2020-04-15 11:47:58 UTC,1
1751,booked,2020-04-18 16:48:35 UTC,50
581,booked,2020-05-03 17:50:09 UTC,55
1808,booked,2020-04-14 15:51:49 UTC,47
1278,booked,2020-04-14 10:37:04 UTC,66
466,booked,2020-05-01 12:45:55 UTC,61
939,booked,2020-04-14 14:31:02 UTC,11
587,booked,2020-04-15 14:54:59 UTC,44
642,booked,2020-05-04 16:57:32 UTC,9
359,booked,2020-05-03 12:29:29 UTC,38
992,booked,2020-04-15 10:22:26 UTC,4
946,booked,2020-04-21 11:32:57 UTC,89
13,booked,2020-04-18 14:40:49 UTC,69
114,booked,2020-04-08 09:08:16 UTC,87
1369,booked,2020-04-14 16:25:39 UTC,77
1492,booked,2020-04-20 15:31:58 UTC,51
1598,booked,2020-04-19 17:19:22 UTC,91
1831,booked,2020-04-21 13:45:21 UTC,60
339,booked,2020-04-24 12:59:34 UTC,71
958,booked,2020-04-20 15:00:16 UTC,47
1265,booked,2020-04-08 10:46:05 UTC,70
1173,booked,2020-04-16 10:21:01 UTC,96
1824,booked,2020-04-14 14:41:04 UTC,71
713,booked,2020-04-16 11:38:04 UTC,29
1451,booked,2020-04-25 17:20:26 UTC,46
1989,booked,2020-04-24 15:09:10 UTC,43
146,booked,2020-04-23 09:40:30 UTC,4
955,booked,2020-05-01 11:16:38 UTC,65
577,booked,2020-04-23 17:21:18 UTC,20
582,booked,2020-04-27 17:40:04 UTC,26
1005,booked,2020-04-12 08:53:04 UTC,3
1995,booked,2020-04-10 12:26:01 UTC,29
768,booked,2020-04-24 16:20:57 UTC,16
1414,booked,2020-04-19 14:18:15 UTC,93
246,booked,2020-04-15 13:31:11 UTC,84
1381,booked,2020-04-21 14:31:29 UTC,40
1660,booked,2020-05-05 09:52:48 UTC,84
282,booked,2020-04-16 09:12:53 UTC,69
526,booked,2020-04-30 15:46:00 UTC,79
444,booked,2020-04-22 17:36:34 UTC,25
1110,booked,2020-05-03 10:06:23 UTC,96
1186,booked,2020-04-12 12:08:11 UTC,60
1809,booked,2020-04-06 14:33:59 UTC,17
255,booked,2020-04-22 16:33:21 UTC,22
1312,booked,2020-04-29 11:04:00 UTC,4
474,booked,2020-04-10 14:57:08 UTC,17
591,booked,2020-04-18 12:38:00 UTC,93
809,booked,2020-04-16 11:51:03 UTC,76
1925,booked,2020-04-24 17:54:36 UTC,86
399,booked,2020-04-18 15:41:29 UTC,64
1333,booked,2020-05-03 10:29:51 UTC,54
839,booked,2020-04-30 12:40:55 UTC,93
1987,booked,2020-04-15 15:23:03 UTC,67
1077,booked,2020-04-26 17:43:05 UTC,87
1967,booked,2020-04-06 11:37:57 UTC,35
1709,booked,2020-04-30 12:45:44 UTC,97
686,booked,2020-05-06 13:45:43 UTC,73
1586,booked,2020-04-29 16:14:53 UTC,52
1326,booked,2020-04-25 16:32:53 UTC,61
931,booked,2020-04-17 10:50:29 UTC,38
1068,booked,2020-04-18 10:12:45 UTC,16
1698,booked,2020-04-21 09:31:48 UTC,45
988,booked,2020-04-12 16:04:21 UTC,87
948,booked,2020-04-21 17:50:13 UTC,18
1118,booked,2020-04-22 14:43:30 UTC,89
1082,booked,2020-04-25 13:50:08 UTC,77
423,booked,2020-04-06 15:51:14 UTC,91
1778,booked,2020-04-19 13:27:01 UTC,32
718,booked,2020-04-26 14:33:44 UTC,93
107,booked,2020-04-21 09:01:06 UTC,5
164,booked,2020-04-06 13:58:41 UTC,36
1783,booked,2020-05-04 11:08:45 UTC,22
171,booked,2020-04-30 16:45:45 UTC,56
355,booked,2020-04-19 12:57:24 UTC,59
1056,booked,2020-04-11 14:58:44 UTC,94
791,booked,2020-04-11 09:00:41 UTC,2
527,booked,2020-05-06 13:55:46 UTC,97
675,booked,2020-04-08 14:58:57 UTC,38
896,booked,2020-05-03 09:48:27 UTC,41
1913,booked,2020-04-08 12:47:10 UTC,58
1930,booked,2020-05-01 10:10:28 UTC,98
1890,booked,2020-05-01 13:13:11 UTC,7
1262,booked,2020-04-27 14:19:00 UTC,8
1207,booked,2020-04-11 12:10:24 UTC,81
1426,booked,2020-04-16 13:07:55 UTC,30
1092,booked,2020-04-11 08:03:18 UTC,93
1316,booked,2020-04-10 11:39:18 UTC,6
1771,booked,2020-05-01 10:07:42 UTC,91
78,booked,2020-05-01 14:53:57 UTC,82
347,booked,2020-04-23 11:44:02 UTC,64
1791,booked,2020-04-27 17:17:05 UTC,94
1706,booked,2020-04-11 12:22:01 UTC,12
400,booked,2020-04-06 12:36:16 UTC,51
442,booked,2020-04-09 13:59:34 UTC,24
975,booked,2020-04-26 10:27:54 UTC,15
959,booked,2020-04-22 16:57:31 UTC,68
893,booked,2020-04-15 13:28:29 UTC,81
490,booked,2020-04-08 11:43:54 UTC,4
508,booked,2020-04-17 08:16:32 UTC,98
90,booked,2020-04-07 14:43:48 UTC,99
1867,booked,2020-05-05 09:20:47 UTC,5
592,booked,2020-04-27 14:28:12 UTC,6
1031,booked,2020-05-04 11:56:37 UTC,75
1653,booked,2020-04-13 16:24:38 UTC,37
1415,booked,2020-04-09 08:53:55 UTC,89
221,booked,2020-04-08 14:17:51 UTC,95
87,booked,2020-05-04 11:30:57 UTC,55
973,booked,2020-04-20 12:41:31 UTC,2
1823,booked,2020-04-27 09:15:37 UTC,20
1279,booked,2020-05-05 09:29:56 UTC,66
313,booked,2020-04-26 11:23:50 UTC,25
1983,booked,2020-04-09 12:57:26 UTC,50
1976,booked,2020-04-18 14:15:51 UTC,48
1583,booked,2020-04-25 17:53:52 UTC,72
1956,booked,2020-05-04 12:39:38 UTC,64
908,booked,2020-04-11 15:37:47 UTC,66
876,booked,2020-05-04 12:22:58 UTC,93
978,booked,2020-04-22 13:11:51 UTC,93
1599,booked,2020-05-05 12:23:53 UTC,74
967,booked,2020-04-19 10:22:27 UTC,56
772,booked,2020-04-09 10:33:27 UTC,16
166,booked,2020-04-28 13:15:27 UTC,49
1875,booked,2020-04-23 16:23:48 UTC,86
1665,booked,2020-04-29 14:04:12 UTC,83
1339,booked,2020-04-14 15:51:39 UTC,28
1480,booked,2020-04-17 13:55:51 UTC,39
712,booked,2020-04-06 10:33:26 UTC,75
232,booked,2020-04-17 10:33:56 UTC,74
972,booked,2020-04-11 16:45:39 UTC,3
1533,booked,2020-04-29 11:15:19 UTC,56
1261,booked,2020-04-09 15:42:50 UTC,64
271,booked,2020-04-21 14:59:07 UTC,73
1217,booked,2020-04-26 10:06:50 UTC,0
1349,booked,2020-04-14 14:49:04 UTC,91
239,booked,2020-04-14 16:52:57 UTC,92
1981,booked,2020-04-08 16:20:08 UTC,9
1151,booked,2020-04-29 16:50:28 UTC,22
1741,booked,2020-04-16 16:27:07 UTC,86
861,booked,2020-04-16 15:40:23 UTC,87
1320,booked,2020-04-29 09:18:19 UTC,37
1545,booked,2020-04-06 15:25:45 UTC,23
656,booked,2020-04-17 12:39:11 UTC,70
847,booked,2020-05-02 16:26:05 UTC,100
886,booked,2020-04-11 08:11:23 UTC,69
1970,booked,2020-05-06 12:32:17 UTC,48
1047,booked,2020-04-21 16:55:56 UTC,64
1879,booked,2020-04-23 16:48:40 UTC,50
464,booked,2020-04-08 08:33:05 UTC,0
1798,booked,2020-04-24 12:39:17 UTC,35
1179,booked,2020-04-24 11:15:34 UTC,14
250,booked,2020-05-01 12:05:35 UTC,93
352,booked,2020-04-21 10:32:21 UTC,87
475,booked,2020-04-20 16:22:29 UTC,56
1026,booked,2020-04-26 10:11:56 UTC,20
1922,booked,2020-04-16 12:15:29 UTC,62
1328,booked,2020-04-24 11:07:27 UTC,24
332,booked,2020-04-15 12:55:29 UTC,15
903,booked,2020-04-27 13:49:32 UTC,51
1094,booked,2020-04-16 11:34:58 UTC,7
81,booked,2020-04-14 13:23:20 UTC,81
1699,booked,2020-04-29 12:54:22 UTC,37
1050,booked,2020-04-23 15:56:38 UTC,51
724,booked,2020-05-02 13:53:49 UTC,54
1945,booked,2020-04-06 11:18:37 UTC,70
70,booked,2020-04-22 14:21:07 UTC,42
565,booked,2020-04-26 12:58:40 UTC,47
1678,booked,2020-04-19 14:30:59 UTC,11
1827,booked,2020-04-27 11:32:42 UTC,87
303,booked,2020-05-06 12:42:57 UTC,9
1683,booked,2020-04-16 13:23:34 UTC,30
1341,booked,2020-04-14 12:51:21 UTC,85
1602,booked,2020-04-28 14:10:43 UTC,81
699,booked,2020-04-22 12:53:38 UTC,55
1658,booked,2020-04-20 10:08:09 UTC,12
1561,booked,2020-04-22 11:41:34 UTC,13
1385,booked,2020-05-06 15:20:21 UTC,67
35,booked,2020-04-15 14:34:44 UTC,98
34,booked,2020-05-01 11:38:19 UTC,78
1012,booked,2020-04-28 10:03:28 UTC,45
777,booked,2020-04-16 14:59:23 UTC,66
289,booked,2020-04-22 12:20:54 UTC,19
854,booked,2020-05-06 17:06:55 UTC,42
1053,booked,2020-04-22 17:58:16 UTC,90
502,booked,2020-04-24 15:25:12 UTC,11
919,booked,2020-04-08 09:40:26 UTC,47
1456,booked,2020-04-28 14:51:09 UTC,1
1167,booked,2020-04-17 10:34:31 UTC,66
322,booked,2020-04-19 14:10:25 UTC,68
154,booked,2020-05-02 14:18:44 UTC,84
1128,booked,2020-04-24 17:47:48 UTC,80
866,booked,2020-04-26 11:46:21 UTC,25
266,booked,2020-04-13 15:16:10 UTC,95
1115,booked,2020-04-12 16:16:06 UTC,57
1961,booked,2020-04-17 16:25:26 UTC,78
233,booked,2020-04-29 13:34:28 UTC,98
492,booked,2020-04-07 12:13:20 UTC,21
96,booked,2020-04-29 14:52:49 UTC,32
279,booked,2020-04-10 11:13:32 UTC,33
1568,booked,2020-04-23 14:46:16 UTC,20
857,booked,2020-05-02 15:37:03 UTC,10
450,booked,2020-05-02 16:10:57 UTC,28
513,booked,2020-04-19 15:07:46 UTC,95
1850,booked,2020-04-19 14:39:59 UTC,3
614,booked,2020-04-26 12:48:03 UTC,0
404,booked,2020-04-27 16:03:44 UTC,55
714,booked,2020-04-14 12:00:57 UTC,56
1100,booked,2020-04-26 17:21:43 UTC,68
1933,booked,2020-04-18 08:53:57 UTC,55
458,booked,2020-04-17 12:57:07 UTC,29
1587,booked,2020-05-01 09:57:34 UTC,40
416,booked,2020-04-14 15:48:52 UTC,17
682,booked,2020-04-21 16:49:36 UTC,57
1765,booked,2020-05-02 12:51:25 UTC,29
1225,booked,2020-05-06 16:24:59 UTC,33
101,booked,2020-04-19 14:24:12 UTC,66
1996,booked,2020-05-02 14:23:03 UTC,96
971,booked,2020-05-02 12:20:06 UTC,24
1379,booked,2020-04-20 11:56:35 UTC,33
1422,booked,2020-05-01 15:58:49 UTC,73
1134,booked,2020-04-18 10:37:48 UTC,54
