code,amount,purchased_at,client_id,location_id
2064474547,138.65,2020-12-16 21:27:59 UTC,558,1
2491533765,54.72,2020-12-19 21:38:04 UTC,1605,1
3432329316,62.84,2020-12-07 17:39:35 UTC,1465,1
7653351990,102.16,2020-12-19 17:06:41 UTC,67,1
7254747049,21.33,2020-12-06 21:37:04 UTC,1316,1
5924660782,53.08,2020-12-22 18:36:51 UTC,1636,1
9505309920,136.25,2020-12-07 20:20:28 UTC,367,1
8865719154,23.29,2020-12-21 18:45:12 UTC,730,1
1734216693,25.18,2020-12-15 20:50:39 UTC,115,1
9855338596,129.05,2020-11-25 22:50:58 UTC,244,1
2720685925,32.97,2020-12-05 18:49:04 UTC,973,1
6973526915,70.04,2020-12-18 18:30:38 UTC,1590,1
7333956564,23.34,2020-12-17 21:51:09 UTC,1388,1
3693756978,54.63,2020-12-03 21:00:14 UTC,853,1
6507491722,30.51,2020-12-23 21:28:23 UTC,281,1
9160992097,138.95,2020-12-05 18:23:57 UTC,864,1
3087688454,23.71,2020-11-27 21:28:02 UTC,1477,1
2250245782,25.83,2020-12-19 21:32:35 UTC,1294,1
4120612565,72.92,2020-11-28 22:22:53 UTC,929,1
8267401213,72.38,2020-12-11 20:17:43 UTC,481,1
6967913999,21.38,2020-12-08 17:01:50 UTC,1139,1
3459762279,137.12,2020-12-02 17:15:14 UTC,148,1
3814493782,103.36,2020-12-20 18:42:26 UTC,730,1
2222194739,49.82,2020-11-28 17:58:23 UTC,745,1
3377521421,74.85,2020-12-08 18:37:54 UTC,1406,1
9988762307,61.49,2020-12-18 20:03:14 UTC,1660,1
3329540074,31.9,2020-12-10 17:49:22 UTC,1025,1
1396322110,112.15,2020-12-09 17:45:15 UTC,13,1
4458270827,28.97,2020-12-10 17:24:37 UTC,177,1
1343908932,129.73,2020-12-14 20:35:13 UTC,798,1
9647171240,28.95,2020-12-17 17:30:15 UTC,1157,1
8603262699,31.54,2020-12-15 20:47:03 UTC,1428,1
1512998133,63.62,2020-12-17 21:16:15 UTC,1457,1
6651284825,76.77,2020-12-23 21:01:25 UTC,1784,1
4136930250,135.06,2020-11-30 22:36:31 UTC,822,1
9315817135,24.37,2020-12-22 20:18:27 UTC,1255,1
8672131273,79.97,2020-11-25 17:28:31 UTC,1229,1
8487410035,70.73,2020-12-03 21:22:07 UTC,1292,1
5235002406,68.19,2020-12-07 21:07:07 UTC,1932,1
6517754734,74.14,2020-11-28 18:45:43 UTC,689,1
1615101617,32.57,2020-12-24 17:57:14 UTC,8,1
9089784539,32.85,2020-12-10 18:59:39 UTC,5,1
1278700505,31.23,2020-12-16 20:02:28 UTC,1928,1
1864998611,110.11,2020-12-12 17:29:44 UTC,1866,1
5013711084,140.84,2020-12-05 18:30:55 UTC,19,1
3255298788,45.15,2020-12-05 18:01:43 UTC,231,1
7158453374,66.01,2020-12-05 22:23:07 UTC,849,1
4553371082,53.54,2020-11-28 22:58:36 UTC,1064,1
9385246555,127.29,2020-12-12 20:28:44 UTC,405,1
2364266728,139.68,2020-11-27 18:00:43 UTC,1329,1
7228234131,136.37,2020-11-26 21:02:19 UTC,221,1
5155393257,53.1,2020-11-25 21:31:19 UTC,1943,1
6732587794,132.56,2020-12-09 17:29:30 UTC,1902,1
8569041250,21.65,2020-12-17 19:22:34 UTC,874,1
3833752959,114.79,2020-12-22 21:47:32 UTC,377,1
2795315180,74.72,2020-12-05 22:06:58 UTC,976,1
1522650848,114.82,2020-11-27 22:44:48 UTC,242,1
5455993737,53.24,2020-12-13 22:59:19 UTC,1734,1
9694883379,24.69,2020-11-30 18:16:25 UTC,589,1
8997796400,30.8,2020-12-13 20:31:12 UTC,1776,1
9481881488,23.64,2020-11-29 22:32:59 UTC,406,1
7625068456,79.8,2020-11-26 19:13:39 UTC,1024,1
8119592089,68.81,2020-12-20 22:17:51 UTC,1558,1
7711970110,107.74,2020-12-04 17:53:51 UTC,957,1
7253007526,67.48,2020-12-15 21:52:17 UTC,1069,1
6794021788,72.51,2020-12-20 17:22:15 UTC,253,1
9066126475,110.79,2020-11-27 20:27:50 UTC,247,1
9475396031,130.08,2020-12-15 17:55:49 UTC,348,1
1407870584,108.01,2020-12-22 20:35:09 UTC,434,1
6787230523,113.7,2020-12-01 19:04:22 UTC,1224,1
1506277114,27.08,2020-12-03 18:57:24 UTC,1327,1
8478563973,71.83,2020-11-26 22:50:12 UTC,1055,1
6173693860,66.92,2020-12-17 21:18:34 UTC,259,1
9919617352,77.16,2020-11-29 21:27:50 UTC,918,1
1112949429,74.15,2020-12-12 19:38:18 UTC,96,1
6740501193,115.19,2020-12-20 18:32:56 UTC,367,1
2162087533,22.04,2020-12-19 18:20:41 UTC,1245,1
2358637643,115.96,2020-11-29 20:00:42 UTC,366,1
6926527971,109.68,2020-12-21 22:18:20 UTC,220,1
4145856618,59.52,2020-12-24 19:59:29 UTC,1752,1
8594813576,69.63,2020-12-08 21:18:31 UTC,1242,1
9844345164,29.45,2020-12-08 17:37:17 UTC,9,1
9329920643,70.2,2020-12-09 19:18:36 UTC,1295,1
9899345715,67.57,2020-12-14 22:21:31 UTC,1711,1
2693645679,133.05,2020-11-27 18:27:11 UTC,1258,1
8855462149,58.47,2020-12-22 21:18:39 UTC,452,1
2981047646,64.73,2020-12-13 18:36:48 UTC,2006,1
2494501233,31.24,2020-12-22 20:02:16 UTC,820,1
8142449101,59.97,2020-12-05 18:15:51 UTC,1151,1
2568854501,65.06,2020-12-15 18:17:54 UTC,1328,1
2096810654,73.8,2020-11-26 22:05:38 UTC,1827,1
1046167808,73.07,2020-12-24 22:17:18 UTC,220,1
1495553749,58.06,2020-12-13 20:53:07 UTC,620,1
3407706962,109.38,2020-11-26 18:30:41 UTC,384,1
1958919211,112.1,2020-12-17 17:44:22 UTC,1801,1
9134289359,28.11,2020-11-26 18:30:31 UTC,909,1
3505751476,112.58,2020-12-09 19:04:25 UTC,1412,1
2931619631,116.82,2020-12-07 22:34:32 UTC,977,1
7874852778,112.56,2020-12-08 21:54:43 UTC,1901,1
8134384394,58.56,2020-12-19 17:24:17 UTC,283,1
1255806467,70.22,2020-12-16 19:26:50 UTC,556,1
2523513596,24.02,2020-12-20 18:37:28 UTC,1913,1
9663973651,102.29,2020-12-08 21:13:52 UTC,797,1
8060179920,129.63,2020-12-18 22:33:00 UTC,509,1
2314054815,126.18,2020-12-08 20:16:55 UTC,756,1
8823545494,108.47,2020-11-27 21:22:32 UTC,1455,1
7849989166,113.92,2020-11-29 18:54:58 UTC,109,1
1018691329,72.13,2020-11-25 18:04:34 UTC,926,1
5472898540,136.36,2020-12-08 20:19:35 UTC,1605,1
9812195174,74.81,2020-12-01 17:02:38 UTC,822,1
7256920294,80.01,2020-12-10 19:29:07 UTC,1080,1
8371826092,103.75,2020-12-24 20:24:45 UTC,1606,1
4829619307,103.69,2020-12-12 21:42:43 UTC,1552,1
3000789891,55.31,2020-12-20 20:34:59 UTC,214,1
5110009707,75.44,2020-12-20 22:47:03 UTC,1584,1
9587987803,135.02,2020-12-17 19:15:54 UTC,1674,1
9659394654,34.68,2020-12-09 22:18:35 UTC,1745,1
7003019552,74.52,2020-12-20 20:04:28 UTC,1906,1
9263733511,20.89,2020-12-06 17:30:57 UTC,1213,1
7400330193,58.3,2020-11-27 21:01:34 UTC,206,1
3935686870,73.76,2020-12-14 18:50:09 UTC,325,1
7728233425,74.92,2020-12-14 22:39:58 UTC,29,1
5668380568,136.71,2020-11-26 19:59:51 UTC,603,1
6554882703,106.41,2020-12-08 19:59:45 UTC,1275,1
5480919948,110.57,2020-12-02 21:54:53 UTC,1867,1
5878643760,70.81,2020-12-23 18:27:29 UTC,1070,1
3271020689,31.26,2020-12-24 18:58:04 UTC,1805,1
6130949012,73.78,2020-12-17 20:30:15 UTC,557,1
4197885878,132.37,2020-12-05 20:55:24 UTC,111,1
1688361004,53.87,2020-12-12 21:23:47 UTC,1185,1
3268838757,136.04,2020-11-28 17:57:23 UTC,1704,1
8059160223,60.89,2020-12-11 18:50:57 UTC,2002,1
6403995462,53.99,2020-12-24 20:03:06 UTC,1697,1
6217491159,113.82,2020-12-18 18:06:16 UTC,1393,1
6599694895,29.09,2020-12-01 22:23:38 UTC,1106,1
7151644653,70.42,2020-11-28 18:26:38 UTC,1714,1
7874841331,109.49,2020-12-13 17:15:11 UTC,1861,1
2234639058,53.93,2020-11-26 20:27:41 UTC,504,1
3694189174,28.83,2020-12-13 22:28:10 UTC,1957,1
2479300708,104.05,2020-12-06 22:06:13 UTC,1131,1
2097656705,107.19,2020-12-01 21:01:57 UTC,1330,1
6821472896,131.09,2020-12-15 18:55:17 UTC,1789,1
7267094552,63.14,2020-12-10 17:48:12 UTC,1952,1
2209525217,111.19,2020-12-13 20:30:18 UTC,1746,1
3132555326,46.01,2020-12-05 19:32:00 UTC,501,1
3759839978,115.72,2020-12-04 22:38:35 UTC,167,1
4840881527,131.9,2020-12-07 18:21:19 UTC,843,1
4962858501,69.3,2020-12-02 20:37:27 UTC,149,1
2108011453,58.84,2020-11-26 19:21:23 UTC,1874,1
9439320403,70.93,2020-12-09 21:40:05 UTC,1454,1
1758757099,138.57,2020-11-30 19:46:09 UTC,53,1
9968679897,109.65,2020-12-20 19:14:29 UTC,1825,1
2776298337,102.47,2020-11-28 20:06:12 UTC,1132,1
6436926240,21.17,2020-12-03 21:10:39 UTC,54,1
1705567875,107.1,2020-12-22 17:34:12 UTC,200,1
4429615588,66.43,2020-11-26 17:20:17 UTC,880,1
9246933253,63.41,2020-12-07 17:27:30 UTC,1522,1
9744241906,20.92,2020-12-13 21:34:54 UTC,1033,1
3393933218,127.29,2020-12-14 18:07:25 UTC,1386,1
5930223219,135.16,2020-12-11 18:58:36 UTC,537,1
3996326664,21.96,2020-12-03 18:44:04 UTC,942,1
3573812488,115.69,2020-12-13 20:49:49 UTC,121,1
9664376679,79.73,2020-11-25 22:34:12 UTC,382,1
9468849044,56.46,2020-11-28 17:40:10 UTC,670,1
2016470839,70.1,2020-12-16 18:20:11 UTC,958,1
3759887624,71.0,2020-12-08 17:48:06 UTC,1860,1
1340332921,126.73,2020-12-08 21:27:40 UTC,1987,1
4960271649,111.1,2020-12-22 18:19:35 UTC,190,1
1650691090,22.97,2020-12-02 20:31:51 UTC,1437,1
6866746077,71.81,2020-11-27 19:43:16 UTC,1964,1
7529508044,133.34,2020-12-19 17:32:44 UTC,1807,1
1501406642,70.14,2020-12-21 22:53:26 UTC,652,1
1169421460,53.68,2020-12-05 17:26:44 UTC,125,1
7923635533,112.78,2020-12-13 17:05:20 UTC,128,1
6156938162,110.72,2020-12-24 22:53:24 UTC,838,1
4082597641,102.08,2020-12-06 18:01:27 UTC,1314,1
7555849079,64.16,2020-12-15 21:34:09 UTC,747,1
6283221663,126.23,2020-12-15 22:19:38 UTC,1828,1
4448157768,65.44,2020-12-18 19:56:01 UTC,788,1
1458512091,68.24,2020-12-07 22:05:00 UTC,1139,1
4786414420,51.26,2020-12-14 20:41:17 UTC,1091,1
7524471583,129.91,2020-11-27 17:05:33 UTC,1036,1
7936818164,33.81,2020-12-17 20:16:38 UTC,1927,1
5420579248,133.99,2020-12-07 22:56:50 UTC,99,1
6513282711,77.07,2020-12-24 22:20:06 UTC,840,1
2809752621,75.66,2020-12-16 19:06:51 UTC,1949,1
3955703696,23.45,2020-12-09 17:55:18 UTC,1921,1
1025385119,77.93,2020-12-07 19:09:44 UTC,54,1
8906688281,73.22,2020-12-10 17:34:49 UTC,11,1
,151.69,2021-01-02 17:51:20 UTC,1304,1
7288732501,134.65,2020-12-24 18:28:45 UTC,1600,1
4138285350,133.32,2020-12-09 17:13:29 UTC,97,1
7645448493,67.5,2020-11-29 18:58:00 UTC,54,1
5070176117,73.41,2020-11-28 20:34:30 UTC,1927,1
3330857423,60.84,2020-12-23 19:40:44 UTC,1833,1
4185280052,33.79,2020-12-23 19:36:19 UTC,1807,1
7248416197,67.08,2020-12-23 19:55:42 UTC,1001,1
9298931747,63.13,2020-12-03 20:11:48 UTC,107,1
5603168870,28.34,2020-12-11 20:20:47 UTC,542,1
6531930182,137.28,2020-12-03 20:24:12 UTC,608,1
5912601961,26.7,2020-12-20 21:57:46 UTC,1186,1
1854736228,32.61,2020-12-11 18:38:47 UTC,37,1
2803041273,132.87,2020-12-09 22:57:55 UTC,1717,1
6135348868,59.52,2020-12-06 19:58:21 UTC,595,1
1239414867,137.88,2020-12-18 17:30:40 UTC,238,1
2008676149,69.83,2020-12-14 21:30:20 UTC,1518,1
5915691806,107.53,2020-12-16 19:13:20 UTC,1043,1
5566265620,128.2,2020-12-23 20:57:58 UTC,1726,1
1200329906,50.95,2020-12-03 22:01:47 UTC,1656,1
6579481434,79.65,2020-12-06 22:46:51 UTC,1482,1
2357654525,102.42,2020-12-03 20:09:07 UTC,326,1
6849588416,134.64,2020-12-09 20:20:56 UTC,890,1
8841759826,67.11,2020-12-17 21:15:45 UTC,555,1
5468847097,135.9,2020-11-29 17:25:25 UTC,136,1
7521399766,108.2,2020-12-12 19:03:07 UTC,1374,1
5170679385,72.0,2020-12-01 21:14:25 UTC,1619,1
5275698439,22.23,2020-12-03 20:43:51 UTC,1755,1
3142119276,76.65,2020-12-14 19:12:02 UTC,862,1
9874482146,126.13,2020-12-10 19:58:01 UTC,1178,1
7004099654,66.64,2020-12-04 18:41:12 UTC,1440,1
2657123070,51.18,2020-11-29 18:35:39 UTC,1521,1
2209227863,27.89,2020-12-12 20:55:34 UTC,1211,1
6170549924,32.96,2020-12-19 20:01:24 UTC,1308,1
3692416872,102.18,2020-12-16 17:38:04 UTC,800,1
7560795964,52.96,2020-12-12 21:32:06 UTC,121,1
5454105957,22.22,2020-12-04 22:19:24 UTC,1161,1
8218148405,70.87,2020-11-29 19:21:55 UTC,437,1
,,2020-12-21 20:30:55 UTC,1548,1
7143099009,69.11,2020-12-14 20:34:42 UTC,832,1
6150056855,47.96,2020-12-03 19:32:50 UTC,1230,1
6806566889,69.09,2020-12-22 19:45:57 UTC,895,1
6085348390,80.5,2020-12-10 21:13:14 UTC,1667,1
2616238024,56.44,2020-12-07 22:05:38 UTC,500,1
3094489827,139.91,2020-11-29 19:54:54 UTC,608,1
3382598924,76.85,2020-12-15 19:09:19 UTC,547,1
5302866097,137.07,2020-12-07 17:27:29 UTC,294,1
1385927012,60.31,2020-12-23 20:39:45 UTC,98,1
3206187747,24.68,2020-12-21 22:15:27 UTC,1035,1
4186953764,69.77,2020-12-06 22:57:42 UTC,1034,1
7508733347,61.24,2020-12-23 19:16:52 UTC,466,1
3017210628,134.25,2020-12-23 21:52:26 UTC,721,1
2763103988,35.0,2020-12-09 22:51:59 UTC,965,1
4369772383,73.97,2020-12-21 19:55:48 UTC,1357,1
9135397837,68.25,2020-12-22 19:30:03 UTC,1742,1
3670054178,109.44,2020-11-26 19:24:58 UTC,1692,1
3270913688,30.05,2020-11-26 18:56:24 UTC,139,1
5374508094,131.16,2020-12-23 22:12:56 UTC,1387,1
3991117520,133.99,2020-12-06 18:23:17 UTC,1689,1
2600971533,68.15,2020-12-05 21:14:09 UTC,1679,1
3310141270,61.19,2020-12-07 17:37:08 UTC,1234,1
2749878847,116.69,2020-12-11 20:42:37 UTC,832,1
1927577263,77.31,2020-11-29 18:25:06 UTC,357,1
7356950544,48.76,2020-12-05 18:14:14 UTC,1368,1
7476461001,109.51,2020-12-05 17:53:51 UTC,609,1
9823741890,53.7,2020-12-17 19:31:19 UTC,1617,1
8083244845,68.21,2020-12-19 17:53:47 UTC,563,1
8226833454,137.5,2020-12-04 18:54:05 UTC,1431,1
9149778350,114.34,2020-12-13 22:51:23 UTC,1356,1
2330822159,107.35,2020-12-24 20:14:51 UTC,228,1
4636050321,68.06,2020-11-28 20:25:51 UTC,1337,1
9963945368,67.12,2020-12-20 21:16:06 UTC,1213,1
5504010211,114.58,2020-12-23 18:04:06 UTC,836,1
1446748241,128.33,2020-12-21 18:56:23 UTC,1234,1
9084436038,78.37,2020-12-01 18:24:35 UTC,1947,1
2696526970,136.17,2020-11-26 21:02:29 UTC,1669,1
5571906268,105.5,2020-12-14 21:04:21 UTC,1718,1
8358086738,69.39,2020-11-26 20:49:17 UTC,1366,1
8091085974,60.58,2020-12-05 20:51:35 UTC,634,1
6561246526,71.48,2020-12-02 20:11:27 UTC,880,1
4073198442,66.21,2020-12-24 17:20:04 UTC,1647,1
1210209496,49.42,2020-12-11 21:32:06 UTC,1767,1
1722358845,110.56,2020-12-15 21:26:57 UTC,1836,1
5995250662,103.59,2020-12-06 19:51:04 UTC,51,1
5741401284,69.36,2020-12-11 22:28:53 UTC,1709,1
5982920150,103.5,2020-12-06 19:25:49 UTC,237,1
8917739273,33.98,2020-12-04 20:46:51 UTC,1102,1
8498710572,112.82,2020-12-12 17:56:56 UTC,91,1
8263016672,115.85,2020-12-18 22:17:09 UTC,405,1
4195968687,30.02,2020-12-09 19:35:23 UTC,1898,1
9435876691,139.78,2020-12-22 19:19:30 UTC,104,1
8314726934,48.46,2020-11-28 20:15:23 UTC,950,1
2133201453,21.83,2020-12-13 22:04:18 UTC,1949,1
7247807532,74.7,2020-12-11 22:34:41 UTC,1781,1
1801733879,57.14,2020-12-04 19:16:30 UTC,1482,1
4500799209,68.39,2020-11-27 21:23:18 UTC,1686,1
8688587568,71.64,2020-12-17 18:06:36 UTC,100,1
3252506070,32.63,2020-12-09 18:27:03 UTC,729,1
7485790794,107.19,2020-12-24 17:56:30 UTC,732,1
6150665144,132.79,2020-11-29 18:02:06 UTC,1805,1
9593271942,59.57,2020-12-19 22:44:30 UTC,272,1
9043262925,114.19,2020-11-26 21:49:50 UTC,1991,1
6760132612,45.85,2020-12-01 20:14:56 UTC,534,1
1086150725,52.66,2020-12-11 19:45:53 UTC,1831,1
3678180880,79.28,2020-12-09 19:35:57 UTC,970,1
1425446412,29.93,2020-12-07 21:21:58 UTC,380,1
7931880359,51.11,2020-12-15 17:40:29 UTC,1299,1
7404812200,47.42,2020-12-17 21:58:52 UTC,410,1
7069675667,102.58,2020-12-09 18:04:12 UTC,672,1
4922537239,129.76,2020-12-08 18:52:49 UTC,847,1
3221634468,104.77,2020-12-05 17:29:44 UTC,516,1
1988472963,73.52,2020-11-29 19:03:57 UTC,861,1
5519766372,138.46,2020-12-19 20:21:04 UTC,1962,1
4963502532,67.42,2020-12-05 17:12:46 UTC,816,1
9575438861,102.71,2020-12-01 22:08:15 UTC,1616,1
5541267319,104.18,2020-12-21 21:22:23 UTC,1035,1
2317646298,64.48,2020-11-30 19:45:08 UTC,1984,1
6429298163,29.17,2020-12-12 20:27:03 UTC,1869,1
3140758580,31.29,2020-12-23 17:14:09 UTC,1231,1
6909141995,32.47,2020-11-30 18:13:23 UTC,1500,1
2759823402,67.72,2020-12-23 21:24:27 UTC,1882,1
2409821987,34.77,2020-12-05 17:59:16 UTC,1943,1
5735694126,65.34,2020-12-17 22:51:23 UTC,1664,1
4807472901,66.53,2020-12-03 21:12:15 UTC,384,1
9033194217,67.81,2020-12-20 20:47:56 UTC,1291,1
6515367997,114.79,2020-12-24 21:48:21 UTC,1506,1
9358752448,72.53,2020-12-10 19:31:56 UTC,1180,1
5746535077,45.82,2020-12-03 20:39:48 UTC,605,1
8249295466,30.12,2020-12-23 20:11:23 UTC,153,1
8774140730,136.99,2020-11-27 17:03:34 UTC,1903,1
1464812700,107.85,2020-12-20 18:14:46 UTC,1942,1
8941169053,107.92,2020-12-17 18:11:40 UTC,1995,1
7752509435,23.01,2020-12-21 20:23:47 UTC,476,1
5111880564,103.43,2020-12-05 22:53:20 UTC,1119,1
6000772346,135.5,2020-12-20 18:33:24 UTC,1656,1
7370195090,49.37,2020-12-05 19:47:23 UTC,1209,1
8294599278,80.59,2020-12-13 17:22:09 UTC,1972,1
1242773503,71.09,2020-11-26 18:38:27 UTC,1865,1
9159803203,48.7,2020-12-20 22:36:45 UTC,1710,1
5934198564,23.23,2020-12-02 18:20:34 UTC,867,1
8515906773,105.04,2020-12-06 20:15:02 UTC,168,1
9483559079,131.31,2020-12-05 20:46:51 UTC,1616,1
3820867558,68.66,2020-12-24 17:27:34 UTC,1071,1
6814006014,115.25,2020-12-16 20:23:19 UTC,836,1
5796447416,64.54,2020-11-30 17:28:51 UTC,1161,1
5517065768,106.05,2020-12-09 22:24:23 UTC,1669,1
3025761007,46.53,2020-12-17 18:51:45 UTC,292,1
7134971828,26.12,2020-12-13 18:21:07 UTC,169,1
3591960561,31.96,2020-12-22 20:08:08 UTC,133,1
9453364736,127.46,2020-12-24 20:58:37 UTC,1011,1
6883163366,69.12,2020-11-25 19:22:42 UTC,1989,1
4383152729,71.42,2020-12-16 17:56:30 UTC,913,1
8127791737,129.1,2020-12-24 17:46:53 UTC,1525,1
1877833437,72.48,2020-12-14 22:54:19 UTC,1219,1
3034936987,46.88,2020-11-29 20:42:30 UTC,1636,1
4470845771,66.65,2020-12-07 17:57:56 UTC,461,1
7656459333,69.27,2020-11-29 22:47:22 UTC,830,1
7598528795,61.2,2020-12-18 20:29:42 UTC,801,1
2202543106,108.58,2020-12-04 21:38:22 UTC,1882,1
8904779708,71.26,2020-12-16 17:00:49 UTC,577,1
8651039694,26.0,2020-12-14 22:06:35 UTC,336,1
4611763254,130.49,2020-12-24 19:14:18 UTC,179,1
5703857441,48.21,2020-12-12 17:25:00 UTC,759,1
8040409729,65.44,2020-12-04 21:13:17 UTC,1039,1
5713193707,113.1,2020-12-17 17:24:17 UTC,822,1
1063363912,132.97,2020-12-15 17:07:48 UTC,1159,1
2277741973,31.1,2020-11-30 22:15:32 UTC,1200,1
3020495972,58.44,2020-11-26 19:55:26 UTC,919,1
2765924107,80.15,2020-12-07 21:36:25 UTC,170,1
5354893864,70.56,2020-12-08 22:41:12 UTC,1044,1
3314591796,63.14,2020-12-05 17:57:27 UTC,373,1
9842034408,28.03,2020-12-12 19:55:54 UTC,425,1
8646203066,46.61,2020-12-02 20:55:26 UTC,1226,1
8929278686,108.17,2020-12-09 21:44:56 UTC,1759,1
6969263192,49.11,2020-12-07 18:25:03 UTC,988,1
3728836948,74.49,2020-12-02 18:18:27 UTC,1911,1
1974181213,69.28,2020-12-14 20:34:51 UTC,936,1
6834580007,46.86,2020-12-20 19:39:50 UTC,315,1
7944396427,72.7,2020-12-24 18:50:29 UTC,1116,1
6811380170,104.22,2020-12-19 21:35:59 UTC,1884,1
6685546102,68.35,2020-12-20 19:57:40 UTC,213,1
7560769313,67.49,2020-12-03 18:16:39 UTC,1438,1
1809543520,139.34,2020-12-05 20:34:21 UTC,38,1
5692177315,138.09,2020-12-13 17:55:25 UTC,743,1
1548568604,126.15,2020-12-01 21:30:12 UTC,1260,1
3844624887,140.61,2020-11-30 18:47:38 UTC,530,1
5909270124,108.19,2020-12-08 19:45:25 UTC,585,1
6814460268,61.93,2020-12-12 20:58:38 UTC,275,1
2195847068,27.81,2020-12-22 18:04:58 UTC,84,1
1056204784,127.06,2020-12-18 20:04:57 UTC,956,1
4520702731,46.46,2020-12-11 18:30:07 UTC,1565,1
7435634781,73.92,2020-12-05 18:41:24 UTC,1080,1
5892113278,31.61,2020-11-26 18:55:46 UTC,570,1
3646431104,27.91,2020-12-16 17:25:18 UTC,783,1
9912921398,131.46,2020-12-15 22:32:55 UTC,1409,1
4531684197,31.97,2020-12-01 20:58:21 UTC,185,1
5483761726,108.63,2020-11-27 17:19:54 UTC,669,1
1793551568,23.5,2020-12-24 20:28:54 UTC,416,1
7790150086,69.38,2020-12-24 21:34:07 UTC,1620,1
3303601234,69.63,2020-11-26 17:58:12 UTC,1513,1
6830564436,55.33,2020-12-06 17:29:45 UTC,900,1
1798037574,112.88,2020-11-26 19:52:15 UTC,1947,1
7159609961,23.27,2020-12-05 18:18:58 UTC,1408,1
3987046335,79.8,2020-11-30 22:19:58 UTC,1655,1
4974149685,26.87,2020-12-06 19:01:30 UTC,1791,1
7421325045,31.17,2020-12-03 19:49:49 UTC,512,1
1910249366,33.12,2020-11-28 17:14:45 UTC,1999,1
9696102827,66.17,2020-12-15 17:31:11 UTC,304,1
2530150709,23.82,2020-12-12 19:17:44 UTC,1171,1
7639992590,136.68,2020-11-25 20:57:15 UTC,505,1
6717432609,137.43,2020-11-29 17:40:01 UTC,291,1
3057804759,45.89,2020-12-02 18:03:01 UTC,1586,1
5574850534,25.71,2020-12-05 22:26:10 UTC,764,1
,,2020-12-27 18:28:22 UTC,380,1
,90.29,2020-12-27 18:28:22 UTC,380,1
,,2021-01-04 17:01:21 UTC,139,1
,53.52,2021-01-04 17:01:21 UTC,139,1
,,2020-12-31 17:10:08 UTC,1495,1
,76.35,2020-12-31 17:10:08 UTC,1495,1
,,2020-12-28 17:36:10 UTC,506,1
,105.06,2020-12-28 17:36:10 UTC,506,1
,,2020-12-23 18:06:28 UTC,1973,1
,133.64,2020-12-23 18:06:28 UTC,1973,1
,,2020-12-23 22:15:50 UTC,833,1
,80.71,2020-12-23 22:15:50 UTC,833,1
,,2020-12-31 18:43:26 UTC,1195,1
,103.29,2020-12-31 18:43:26 UTC,1195,1
,,2021-01-02 17:51:20 UTC,1304,1
,85.79,2020-12-21 20:30:55 UTC,1548,1
,,2020-12-27 22:15:59 UTC,1698,1
,72.41,2020-12-27 22:15:59 UTC,1698,1
,,2020-12-24 17:19:34 UTC,412,1
,52.25,2020-12-24 17:19:34 UTC,412,1
,,2020-12-27 22:35:39 UTC,1968,1
,115.49,2020-12-27 22:35:39 UTC,1968,1
,,2020-12-24 22:42:32 UTC,421,1
,44.95,2020-12-24 22:42:32 UTC,421,1
,,2020-12-20 21:03:57 UTC,1005,1
,63.9,2020-12-20 21:03:57 UTC,1005,1
,,2020-12-30 21:45:49 UTC,1905,1
,144.91,2020-12-30 21:45:49 UTC,1905,1
,,2020-12-25 21:51:13 UTC,1248,1
,127.94,2020-12-25 21:51:13 UTC,1248,1
,,2021-01-02 21:10:18 UTC,858,1
,115.24,2021-01-02 21:10:18 UTC,858,1
,,2020-12-29 21:23:49 UTC,79,1
,135.48,2020-12-29 21:23:49 UTC,79,1
,,2021-01-04 20:17:39 UTC,1394,1
,130.53,2021-01-04 20:17:39 UTC,1394,1
,,2021-01-01 22:01:32 UTC,180,1
,146.92,2021-01-01 22:01:32 UTC,180,1
,,2020-12-29 21:03:26 UTC,48,1
,85.7,2020-12-29 21:03:26 UTC,48,1
,,2020-12-24 19:04:42 UTC,1374,1
,151.61,2020-12-24 19:04:42 UTC,1374,1
,,2020-12-30 22:27:56 UTC,1919,1
,99.43,2020-12-30 22:27:56 UTC,1919,1
,,2020-12-28 20:04:33 UTC,572,1
,79.07,2020-12-28 20:04:33 UTC,572,1
,,2021-01-03 21:02:14 UTC,1799,1
,118.34,2021-01-03 21:02:14 UTC,1799,1
,,2021-01-01 18:12:07 UTC,798,1
,138.13,2021-01-01 18:12:07 UTC,798,1
,,2020-12-25 19:37:14 UTC,863,1
,146.88,2020-12-25 19:37:14 UTC,863,1
,,2020-12-20 19:19:56 UTC,1942,1
,122.8,2020-12-20 19:19:56 UTC,1942,1
,,2020-12-23 17:51:17 UTC,268,1
,122.38,2020-12-23 17:51:17 UTC,268,1
,,2020-12-21 20:17:42 UTC,403,1
,128.55,2020-12-21 20:17:42 UTC,403,1
,,2020-12-24 20:43:35 UTC,1726,1
,90.77,2020-12-24 20:43:35 UTC,1726,1
,,2021-01-04 20:51:11 UTC,500,1
,55.51,2021-01-04 20:51:11 UTC,500,1
,,2020-12-24 18:17:46 UTC,611,1
,80.29,2020-12-24 18:17:46 UTC,611,1
,,2021-01-02 20:55:33 UTC,1644,1
,127.14,2021-01-02 20:55:33 UTC,1644,1
,,2021-01-01 20:09:20 UTC,691,1
,88.85,2021-01-01 20:09:20 UTC,691,1
,,2020-12-26 21:19:46 UTC,1905,1
,95.91,2020-12-26 21:19:46 UTC,1905,1
,,2020-12-21 17:02:55 UTC,299,1
,133.01,2020-12-21 17:02:55 UTC,299,1
,,2021-01-02 21:05:57 UTC,1674,1
,104.22,2021-01-02 21:05:57 UTC,1674,1
,,2020-12-24 20:22:43 UTC,1168,1
,137.0,2020-12-24 20:22:43 UTC,1168,1
,,2020-12-28 21:47:15 UTC,732,1
,150.95,2020-12-28 21:47:15 UTC,732,1
,,2020-12-24 20:11:46 UTC,1721,1
,139.59,2020-12-24 20:11:46 UTC,1721,1
,,2021-01-04 21:30:52 UTC,1910,1
,88.62,2021-01-04 21:30:52 UTC,1910,1
,,2020-12-20 21:28:01 UTC,961,1
,120.91,2020-12-20 21:28:01 UTC,961,1
,,2021-01-02 22:17:31 UTC,1416,1
,79.2,2021-01-02 22:17:31 UTC,1416,1
,,2021-01-04 22:40:20 UTC,1283,1
,147.19,2021-01-04 22:40:20 UTC,1283,1
,,2020-12-28 18:16:24 UTC,874,1
,71.13,2020-12-28 18:16:24 UTC,874,1
,,2020-12-24 21:00:05 UTC,1333,1
,76.72,2020-12-24 21:00:05 UTC,1333,1
,,2020-12-26 20:12:44 UTC,1212,1
,69.9,2020-12-26 20:12:44 UTC,1212,1
,,2020-12-26 22:07:30 UTC,1087,1
,144.81,2020-12-26 22:07:30 UTC,1087,1
,,2020-12-22 18:19:23 UTC,1572,1
,110.56,2020-12-22 18:19:23 UTC,1572,1
,,2021-01-03 19:17:13 UTC,908,1
,147.32,2021-01-03 19:17:13 UTC,908,1
2767239388,61.5,2020-12-14 18:40:18 UTC,540,2
4934614958,135.16,2020-12-12 20:30:00 UTC,821,2
1807194612,109.56,2020-12-15 22:57:47 UTC,1817,2
4589789178,23.29,2020-12-19 17:56:01 UTC,752,2
5946335428,48.25,2020-12-21 18:20:21 UTC,1362,2
4815707597,29.01,2020-12-15 20:17:19 UTC,1591,2
8294280177,65.25,2020-12-15 21:26:53 UTC,364,2
4214699477,138.23,2020-12-13 20:50:51 UTC,1578,2
2110723712,73.45,2020-12-09 19:35:20 UTC,1194,2
3162960195,132.74,2020-12-14 18:34:06 UTC,1106,2
4336702511,71.03,2020-11-27 21:53:42 UTC,1930,2
3704571880,64.16,2020-12-17 19:42:20 UTC,743,2
1359047928,46.64,2020-12-21 21:11:32 UTC,1668,2
7551755589,28.09,2020-12-01 22:30:26 UTC,708,2
2200656763,140.9,2020-12-03 21:15:03 UTC,620,2
7648829015,129.67,2020-12-21 18:00:14 UTC,318,2
5922930101,139.66,2020-12-09 20:16:44 UTC,74,2
9134944091,55.04,2020-11-27 17:02:01 UTC,350,2
4208190146,137.64,2020-12-22 21:07:55 UTC,1430,2
3512164159,32.58,2020-12-12 21:28:04 UTC,1175,2
9180170061,133.45,2020-11-25 19:29:17 UTC,1329,2
1271333480,68.77,2020-12-19 19:59:06 UTC,1014,2
1973067915,72.15,2020-12-07 20:54:25 UTC,1512,2
8710903606,28.89,2020-12-04 20:25:29 UTC,1398,2
7844634183,112.51,2020-12-15 19:34:17 UTC,59,2
4897953994,67.07,2020-12-02 22:01:23 UTC,1695,2
2372153511,66.72,2020-12-14 18:15:09 UTC,971,2
2166318343,108.02,2020-12-05 21:44:08 UTC,167,2
9627075715,132.23,2020-12-11 22:01:28 UTC,702,2
7863566698,105.92,2020-11-29 21:12:03 UTC,326,2
9764975248,56.41,2020-12-02 17:07:52 UTC,63,2
8940216200,72.62,2020-12-24 22:03:26 UTC,530,2
3689303260,30.54,2020-12-01 17:45:53 UTC,692,2
5199882542,23.99,2020-12-07 22:12:13 UTC,1777,2
6161966247,126.2,2020-12-11 17:11:40 UTC,812,2
1221590521,23.96,2020-12-22 19:20:26 UTC,719,2
4944426866,102.85,2020-12-07 17:24:09 UTC,207,2
6653666128,57.98,2020-11-30 21:10:31 UTC,821,2
3246484234,69.2,2020-12-17 21:24:07 UTC,1680,2
4062667743,104.49,2020-12-01 19:15:24 UTC,1495,2
5250260855,50.29,2020-12-10 18:41:17 UTC,394,2
1544824764,33.64,2020-12-09 18:22:46 UTC,1321,2
4153015078,61.98,2020-12-11 20:01:29 UTC,600,2
9767763000,132.91,2020-12-10 22:00:25 UTC,1544,2
2082368623,108.81,2020-12-08 22:56:43 UTC,919,2
4469019465,133.8,2020-12-02 18:59:52 UTC,1854,2
3455484498,22.72,2020-12-12 19:44:48 UTC,422,2
2991580888,53.54,2020-12-06 17:16:40 UTC,1560,2
5361109131,107.93,2020-12-06 19:38:38 UTC,80,2
3119697185,113.08,2020-12-23 19:40:35 UTC,1128,2
2545853458,46.87,2020-12-21 17:42:03 UTC,687,2
8155272491,68.22,2020-12-10 22:21:32 UTC,1560,2
1322155793,73.26,2020-12-22 20:17:15 UTC,1198,2
4863883478,25.3,2020-12-01 21:04:52 UTC,1723,2
7760216001,129.41,2020-12-06 17:04:44 UTC,1423,2
4145320074,27.29,2020-12-06 22:34:17 UTC,179,2
2883671417,69.52,2020-12-19 19:00:54 UTC,399,2
5901707177,133.88,2020-12-06 22:07:09 UTC,195,2
9146882235,56.32,2020-12-24 18:27:00 UTC,320,2
6700118700,111.91,2020-11-30 19:54:27 UTC,1179,2
8536305329,25.43,2020-12-19 22:32:43 UTC,277,2
2094187640,29.69,2020-12-08 19:55:47 UTC,220,2
6457868838,20.97,2020-12-05 22:49:58 UTC,1758,2
6417547274,56.45,2020-12-14 17:51:42 UTC,155,2
2782649280,49.93,2020-12-01 21:36:13 UTC,501,2
6246779540,21.73,2020-11-26 22:26:28 UTC,1254,2
6619182897,30.78,2020-11-29 22:30:51 UTC,591,2
5227445813,79.54,2020-12-10 22:40:25 UTC,1635,2
8913617043,58.94,2020-11-27 17:15:23 UTC,1882,2
9760944124,54.15,2020-11-25 21:05:17 UTC,1075,2
4651461621,112.26,2020-12-20 17:47:35 UTC,419,2
5147277674,24.01,2020-12-08 20:00:16 UTC,1924,2
2737484392,48.69,2020-12-23 22:37:14 UTC,1069,2
7429304710,127.27,2020-12-23 19:33:40 UTC,1446,2
8471015432,54.05,2020-12-08 22:24:18 UTC,194,2
3456693530,64.37,2020-11-27 19:17:55 UTC,979,2
3056434134,78.11,2020-12-20 18:32:04 UTC,888,2
8399579365,133.18,2020-12-01 22:20:25 UTC,1190,2
5790703654,24.51,2020-11-29 21:21:36 UTC,376,2
5703352107,22.27,2020-12-24 21:07:18 UTC,1031,2
9110153643,137.52,2020-12-19 20:26:40 UTC,285,2
9356376825,57.92,2020-12-16 18:32:06 UTC,41,2
2514183591,26.31,2020-12-11 21:01:10 UTC,674,2
7406929133,70.54,2020-12-01 21:38:52 UTC,8,2
9744322546,23.85,2020-12-07 21:04:59 UTC,1495,2
5050071436,25.43,2020-11-25 17:15:24 UTC,614,2
6355261679,34.79,2020-12-21 17:34:21 UTC,559,2
8142844679,55.69,2020-12-16 17:56:49 UTC,1841,2
4546171117,135.96,2020-12-08 19:25:50 UTC,1969,2
3049823880,78.79,2020-12-22 21:29:42 UTC,925,2
2785904966,72.95,2020-12-24 17:12:49 UTC,320,2
8015017735,63.39,2020-12-20 22:21:07 UTC,1801,2
4697314154,55.76,2020-12-10 22:42:16 UTC,476,2
8051712504,31.47,2020-12-21 22:14:08 UTC,1195,2
7845104821,65.83,2020-12-04 20:15:53 UTC,1197,2
8905746702,138.58,2020-12-03 20:25:13 UTC,70,2
3223223931,134.87,2020-12-22 20:48:40 UTC,1814,2
2198133407,66.05,2020-11-25 18:15:57 UTC,1379,2
1299698951,28.64,2020-12-01 20:55:39 UTC,367,2
9323777198,50.12,2020-12-23 21:07:42 UTC,1205,2
6209861309,140.36,2020-11-29 22:56:31 UTC,1859,2
7024390443,71.54,2020-12-23 20:39:09 UTC,335,2
1639475926,140.37,2020-12-04 18:33:31 UTC,264,2
9187499089,67.29,2020-12-17 22:22:23 UTC,323,2
6080399201,140.6,2020-12-24 21:47:32 UTC,1826,2
3970654237,46.38,2020-12-16 19:53:14 UTC,1268,2
5583397495,137.2,2020-12-16 17:52:55 UTC,814,2
4188850601,69.54,2020-12-21 19:13:45 UTC,1390,2
5648374774,47.24,2020-12-02 17:42:01 UTC,1284,2
4042362780,62.57,2020-12-15 19:15:20 UTC,422,2
5080657566,29.64,2020-11-25 18:45:41 UTC,1705,2
4952080764,63.54,2020-12-09 20:44:49 UTC,512,2
3310560946,71.91,2020-11-26 22:30:43 UTC,277,2
6007834737,104.59,2020-12-17 17:52:23 UTC,248,2
5879521852,109.82,2020-12-17 18:18:21 UTC,714,2
3689741753,49.8,2020-11-25 22:06:36 UTC,35,2
7967101778,55.79,2020-12-07 18:34:52 UTC,1902,2
6593642417,69.46,2020-12-12 18:41:34 UTC,697,2
3417490479,78.66,2020-12-23 22:44:36 UTC,1048,2
9326815686,72.84,2020-12-03 20:56:44 UTC,1428,2
2849391418,103.23,2020-12-18 22:03:22 UTC,1408,2
9211873122,66.0,2020-12-02 20:22:09 UTC,1960,2
2296760725,23.77,2020-12-19 18:51:41 UTC,274,2
7447655725,73.17,2020-12-23 18:07:29 UTC,64,2
8924138411,31.64,2020-12-08 21:34:20 UTC,64,2
2222612569,132.47,2020-12-11 22:31:46 UTC,909,2
7334337418,138.83,2020-12-15 19:47:16 UTC,722,2
2540577906,139.97,2020-11-27 21:10:14 UTC,34,2
4959572727,66.1,2020-12-24 19:04:29 UTC,1531,2
5877226662,113.18,2020-12-11 17:51:01 UTC,399,2
8674841009,127.42,2020-12-08 17:03:18 UTC,281,2
3701623231,50.4,2020-11-29 22:30:22 UTC,174,2
4010216635,138.52,2020-12-16 17:11:13 UTC,1752,2
5499500544,110.17,2020-12-11 19:38:20 UTC,1850,2
6901439944,130.37,2020-12-21 22:58:01 UTC,1667,2
4141503677,102.33,2020-12-17 18:32:08 UTC,1829,2
5820846324,67.78,2020-11-28 19:48:22 UTC,383,2
8360894770,30.24,2020-12-06 22:37:54 UTC,1498,2
7248544863,46.89,2020-12-12 19:17:26 UTC,707,2
2299142339,23.15,2020-11-28 17:38:38 UTC,1939,2
3660699247,20.47,2020-12-22 20:54:39 UTC,1469,2
3844920850,75.18,2020-11-28 21:07:10 UTC,1041,2
7174903668,78.46,2020-12-23 21:59:33 UTC,285,2
9798940529,57.02,2020-12-09 18:51:09 UTC,1038,2
6074318777,32.28,2020-12-16 19:25:26 UTC,393,2
4249690236,135.7,2020-12-18 21:28:39 UTC,834,2
9611830588,69.63,2020-12-01 20:28:49 UTC,441,2
3442420046,55.98,2020-12-14 21:58:36 UTC,1731,2
4800774178,54.81,2020-12-23 20:34:16 UTC,1879,2
4797163667,63.33,2020-12-14 22:38:45 UTC,1408,2
7942165220,31.13,2020-12-18 17:03:57 UTC,15,2
4366021061,63.61,2020-12-23 18:39:45 UTC,771,2
4012430016,112.59,2020-12-17 21:55:27 UTC,589,2
5706468489,134.05,2020-12-14 20:32:55 UTC,820,2
9000037313,111.3,2020-11-25 22:07:27 UTC,237,2
7983992966,49.96,2020-11-28 22:27:14 UTC,1425,2
7975087513,112.94,2020-11-26 18:44:03 UTC,303,2
2431461671,108.79,2020-12-20 18:48:43 UTC,453,2
3226306462,53.94,2020-12-10 22:42:16 UTC,934,2
7519283694,29.95,2020-12-04 18:32:54 UTC,155,2
2562949355,111.16,2020-12-22 18:32:34 UTC,402,2
2528678783,108.17,2020-11-30 22:41:21 UTC,446,2
7792906253,138.9,2020-11-26 21:03:18 UTC,1691,2
8188007082,72.39,2020-12-18 22:41:29 UTC,215,2
7818972997,67.4,2020-12-24 22:37:29 UTC,1429,2
7979682346,111.89,2020-11-25 19:21:10 UTC,1390,2
6725908179,109.13,2020-12-06 20:58:42 UTC,1219,2
6300406535,52.15,2020-12-12 17:30:43 UTC,1228,2
3590479765,139.91,2020-12-24 21:36:32 UTC,1931,2
6668669901,60.12,2020-12-06 17:20:50 UTC,1293,2
7862050446,32.48,2020-12-13 17:13:44 UTC,223,2
3213307824,72.38,2020-12-01 17:48:44 UTC,672,2
8161857667,31.38,2020-12-22 22:23:30 UTC,107,2
9575932697,58.82,2020-12-13 17:15:53 UTC,1047,2
5079378581,136.42,2020-12-07 20:37:23 UTC,699,2
5982771001,55.1,2020-12-06 22:17:20 UTC,1694,2
1568272730,69.61,2020-11-25 21:30:42 UTC,559,2
4582027431,75.43,2020-12-04 19:41:53 UTC,16,2
7922004564,66.7,2020-12-14 17:14:07 UTC,86,2
3864780743,127.99,2020-12-08 20:00:14 UTC,268,2
4142815723,61.1,2020-12-06 18:00:44 UTC,653,2
1293228937,135.23,2020-12-05 22:51:23 UTC,155,2
1092271594,80.87,2020-11-30 18:52:08 UTC,1228,2
2148395462,56.06,2020-12-21 17:11:27 UTC,928,2
2690663651,54.16,2020-12-16 19:17:14 UTC,808,2
9661278425,45.69,2020-12-09 19:19:32 UTC,1906,2
2323741400,140.39,2020-12-23 22:51:16 UTC,1088,2
2461723834,107.9,2020-12-13 19:18:33 UTC,1610,2
6946221753,114.93,2020-12-21 19:19:40 UTC,1379,2
9636986459,130.86,2020-12-12 17:49:39 UTC,1799,2
8473479180,80.63,2020-12-05 19:06:39 UTC,1991,2
1849957881,35.36,2020-11-28 22:14:30 UTC,1789,2
8408716992,79.18,2020-11-27 19:54:17 UTC,423,2
4696311899,105.31,2020-12-12 21:46:55 UTC,1818,2
8256412996,129.27,2020-12-16 20:29:30 UTC,949,2
5561048017,53.79,2020-12-02 17:01:20 UTC,720,2
7396450171,63.55,2020-12-06 17:20:08 UTC,581,2
6612534977,116.88,2020-12-12 22:52:59 UTC,300,2
5047100689,50.49,2020-12-24 19:29:19 UTC,616,2
3976691675,71.7,2020-12-05 17:35:04 UTC,1416,2
7073655961,137.21,2020-12-12 20:54:21 UTC,1646,2
8785022064,22.73,2020-11-29 22:45:20 UTC,1311,2
3347599214,112.09,2020-12-20 17:51:04 UTC,369,2
1546392576,20.96,2020-12-22 22:37:22 UTC,1814,2
6525305604,21.11,2020-12-16 22:36:04 UTC,1976,2
6149245237,113.23,2020-12-15 21:01:01 UTC,1625,2
9755352609,70.58,2020-12-10 20:51:05 UTC,555,2
6203998349,71.01,2020-12-22 20:17:13 UTC,1269,2
9858023643,136.48,2020-12-21 20:01:57 UTC,1000,2
2967710586,54.78,2020-12-16 22:57:11 UTC,1968,2
5066277061,129.69,2020-12-24 22:07:21 UTC,630,2
5333384294,48.33,2020-11-25 18:30:38 UTC,868,2
5595485803,69.88,2020-12-13 18:14:25 UTC,1464,2
1301945004,109.3,2020-12-14 22:34:43 UTC,216,2
4251331402,77.73,2020-12-04 22:31:18 UTC,991,2
9902777835,115.2,2020-12-21 22:16:08 UTC,95,2
8752560796,67.23,2020-12-10 19:06:02 UTC,1241,2
6345705856,70.39,2020-12-17 19:08:32 UTC,1720,2
7909502272,47.5,2020-12-13 19:27:17 UTC,550,2
9256644492,116.0,2020-12-20 21:13:12 UTC,1798,2
6468751360,78.2,2020-12-01 19:25:29 UTC,1230,2
5335950289,30.59,2020-12-13 21:43:48 UTC,298,2
3123558441,22.19,2020-12-08 21:21:53 UTC,1782,2
6309100430,55.97,2020-12-08 21:25:04 UTC,581,2
5876904892,68.48,2020-12-23 19:55:20 UTC,174,2
6926636867,115.46,2020-11-30 17:35:17 UTC,1517,2
5654603967,108.79,2020-12-22 22:10:20 UTC,776,2
9791883670,34.76,2020-11-26 20:11:59 UTC,1578,2
4122695488,80.43,2020-11-30 18:12:33 UTC,191,2
7297305680,102.59,2020-12-14 21:13:12 UTC,1133,2
8999695847,72.41,2020-12-14 20:12:04 UTC,1177,2
2295350765,29.97,2020-12-20 20:08:10 UTC,34,2
6592976160,47.58,2020-12-22 21:59:23 UTC,1050,2
3490212982,66.44,2020-12-10 22:45:59 UTC,737,2
9758101075,111.58,2020-11-30 22:31:52 UTC,824,2
4345135780,107.07,2020-11-30 19:15:34 UTC,1751,2
8261283107,115.36,2020-12-24 22:43:49 UTC,181,2
5610301413,111.85,2020-12-04 19:38:43 UTC,1993,2
3646075288,69.96,2020-11-30 20:03:22 UTC,283,2
9950225687,68.54,2020-11-25 21:20:50 UTC,810,2
7904539835,46.96,2020-12-16 21:21:40 UTC,1281,2
9372842046,132.36,2020-12-13 18:34:07 UTC,623,2
2305653553,76.17,2020-12-15 17:32:31 UTC,1391,2
4176427137,135.76,2020-11-26 17:31:32 UTC,433,2
7383659844,72.04,2020-12-06 20:38:43 UTC,1071,2
8593249793,20.95,2020-12-16 22:06:46 UTC,985,2
8200830476,58.39,2020-12-14 20:01:13 UTC,704,2
5855814962,69.47,2020-11-29 20:08:51 UTC,1184,2
6323082780,131.36,2020-12-15 17:20:33 UTC,1525,2
3273022210,69.62,2020-12-15 17:32:06 UTC,1912,2
7004813853,60.6,2020-12-20 18:29:21 UTC,355,2
5859527496,105.46,2020-11-26 20:14:25 UTC,997,2
6929719258,59.67,2020-12-13 22:38:03 UTC,67,2
1181438427,45.94,2020-12-13 22:59:22 UTC,1607,2
1727015280,74.25,2020-11-26 21:12:27 UTC,274,2
8446692379,77.53,2020-12-16 17:34:05 UTC,1937,2
6641857740,129.34,2020-12-13 18:30:36 UTC,1101,2
9827211886,46.68,2020-12-11 17:11:16 UTC,471,2
3753482166,72.39,2020-12-02 22:24:49 UTC,1270,2
2906455709,55.33,2020-12-05 17:21:54 UTC,1370,2
1262305333,28.47,2020-12-20 17:55:05 UTC,1931,2
3944655227,140.6,2020-12-04 22:31:09 UTC,1638,2
9410231124,108.44,2020-12-04 18:13:10 UTC,888,2
1172007331,131.72,2020-12-12 22:51:31 UTC,602,2
9463891917,70.04,2020-11-26 20:09:38 UTC,1746,2
6408031940,111.02,2020-12-15 19:02:34 UTC,1301,2
1805735123,79.11,2020-12-08 20:01:51 UTC,1746,2
8964927533,109.09,2020-12-15 18:17:35 UTC,51,2
5777526593,49.42,2020-12-16 21:51:11 UTC,106,2
8374301948,64.72,2020-12-08 21:02:32 UTC,1475,2
7574225729,58.03,2020-12-10 18:56:57 UTC,1456,2
8891995272,52.6,2020-12-08 18:15:15 UTC,1403,2
9015752515,32.89,2020-12-17 20:20:18 UTC,149,2
6944917998,108.83,2020-12-12 19:23:48 UTC,72,2
8414027482,137.82,2020-12-02 19:36:12 UTC,512,2
3369723209,71.34,2020-12-21 18:55:38 UTC,1124,2
2759475638,77.26,2020-12-18 17:40:14 UTC,53,2
4069631197,33.95,2020-12-11 17:35:19 UTC,1777,2
7315882578,104.12,2020-11-28 19:34:13 UTC,493,2
5293433302,130.36,2020-11-29 19:58:22 UTC,1063,2
5532578586,53.92,2020-12-09 22:13:13 UTC,135,2
8084999617,68.11,2020-12-23 17:22:09 UTC,394,2
2816391396,79.27,2020-12-07 21:32:56 UTC,1484,2
4988368668,70.79,2020-12-13 17:14:04 UTC,1522,2
1196015030,57.53,2020-12-16 20:55:02 UTC,912,2
7711021320,56.08,2020-11-28 21:34:45 UTC,870,2
3754896091,66.98,2020-12-11 18:42:50 UTC,1543,2
8357611487,115.08,2020-11-30 20:10:48 UTC,962,2
6740617281,103.03,2020-11-28 18:06:50 UTC,1464,2
2635226200,29.49,2020-12-13 20:14:46 UTC,1690,2
1358273389,68.97,2020-12-24 22:29:26 UTC,1952,2
6199440956,106.84,2020-12-10 22:58:32 UTC,1547,2
3048402665,71.42,2020-12-12 20:22:54 UTC,808,2
5826086924,76.74,2020-12-15 22:45:32 UTC,1949,2
5654748756,62.84,2020-12-21 20:22:51 UTC,945,2
4329981757,67.85,2020-12-10 20:10:42 UTC,1749,2
9824754337,116.13,2020-11-28 20:33:42 UTC,1546,2
2438105071,127.96,2020-11-28 21:30:24 UTC,705,2
3139279355,104.66,2020-12-01 18:11:26 UTC,57,2
4330218647,26.15,2020-11-26 19:55:39 UTC,1409,2
5040594596,108.03,2020-11-29 18:44:02 UTC,1918,2
9991434019,112.94,2020-12-11 22:36:11 UTC,618,2
8130688640,113.73,2020-12-07 22:15:27 UTC,1540,2
4096474836,128.59,2020-12-21 19:56:55 UTC,766,2
4519918982,107.21,2020-12-17 17:31:42 UTC,1782,2
3744879354,29.37,2020-11-27 19:44:45 UTC,902,2
9870270659,133.66,2020-11-28 18:04:00 UTC,1876,2
1774568126,104.78,2020-12-12 17:58:43 UTC,1712,2
6877834336,126.74,2020-12-07 22:24:49 UTC,165,2
5183380661,69.72,2020-11-30 21:08:36 UTC,986,2
1113927022,134.0,2020-11-30 18:32:10 UTC,775,2
2290215959,60.36,2020-12-12 20:29:08 UTC,534,2
2697372924,23.48,2020-12-19 19:20:38 UTC,1223,2
1235542668,31.66,2020-12-20 18:42:37 UTC,155,2
9513176611,108.13,2020-12-22 21:46:21 UTC,1383,2
8696694645,68.59,2020-12-02 22:29:13 UTC,358,2
9445712373,105.03,2020-12-07 18:19:59 UTC,1757,2
7610351174,115.53,2020-12-16 20:14:46 UTC,1465,2
7480597261,102.74,2020-12-09 19:36:20 UTC,378,2
9075422018,127.57,2020-11-28 18:58:37 UTC,952,2
2340927777,127.12,2020-12-11 19:59:54 UTC,26,2
2391393318,116.41,2020-12-10 22:24:59 UTC,1472,2
7832901470,75.33,2020-12-17 22:00:43 UTC,352,2
3148654611,72.41,2020-12-06 17:57:03 UTC,162,2
8364916351,67.24,2020-12-07 19:16:14 UTC,1698,2
4850219044,126.51,2020-12-07 20:46:02 UTC,415,2
5181860519,128.55,2020-12-01 20:44:16 UTC,47,2
1172549700,34.81,2020-12-16 17:46:50 UTC,1816,2
4085205125,56.57,2020-12-22 21:19:07 UTC,1980,2
2058723369,111.77,2020-12-19 17:27:14 UTC,398,2
2012312027,51.45,2020-11-27 17:00:06 UTC,150,2
5083721007,109.97,2020-12-03 21:04:07 UTC,499,2
4765161100,25.73,2020-11-30 18:27:01 UTC,1014,2
5110961900,74.51,2020-12-14 21:03:30 UTC,1460,2
2045285706,28.32,2020-12-06 18:59:37 UTC,1517,2
8439453121,102.55,2020-12-06 19:52:00 UTC,1978,2
4135239851,131.34,2020-11-25 18:50:03 UTC,776,2
1888853208,128.01,2020-12-22 17:17:20 UTC,468,2
6905591693,58.46,2020-12-22 17:36:41 UTC,655,2
1955156538,30.87,2020-12-19 21:06:12 UTC,1632,2
6389530287,66.21,2020-12-06 20:45:46 UTC,480,2
4222785509,113.75,2020-12-04 22:26:22 UTC,579,2
6207194497,72.08,2020-12-11 20:24:16 UTC,911,2
5411600137,80.06,2020-11-28 17:20:45 UTC,919,2
4260626872,109.53,2020-12-13 17:17:59 UTC,429,2
6088161942,69.58,2020-12-05 20:34:12 UTC,660,2
4480566823,106.58,2020-12-10 17:20:33 UTC,908,2
1482577516,22.41,2020-12-08 20:25:04 UTC,139,2
9659810158,33.52,2020-12-10 22:41:58 UTC,1358,2
6276043718,53.96,2020-12-15 18:03:26 UTC,1452,2
2944944220,29.04,2020-11-30 20:00:10 UTC,642,2
6377926249,52.32,2020-12-03 19:50:18 UTC,514,2
7195935354,22.75,2020-12-02 22:22:48 UTC,1525,2
8645931679,29.41,2020-12-21 20:52:02 UTC,598,2
4090291441,116.11,2020-12-17 22:53:29 UTC,1495,2
2698683302,126.15,2020-12-17 21:09:47 UTC,1886,2
1054087352,61.56,2020-12-23 22:27:57 UTC,929,2
9075776463,109.24,2020-12-22 17:27:49 UTC,1734,2
3798679485,23.18,2020-12-07 18:01:24 UTC,233,2
6889465361,65.78,2020-11-26 21:05:40 UTC,1889,2
7411531631,53.4,2020-11-30 22:25:16 UTC,995,2
2777761006,22.16,2020-12-12 18:27:10 UTC,1552,2
1205017314,29.88,2020-11-30 18:20:40 UTC,197,2
6578957924,77.98,2020-12-18 22:20:20 UTC,1345,2
3635328491,110.96,2020-12-04 19:51:04 UTC,920,2
1946211537,25.16,2020-12-18 17:37:35 UTC,171,2
6784402970,105.2,2020-12-10 20:44:28 UTC,1643,2
5797338982,110.49,2020-11-25 19:13:16 UTC,1219,2
9006353872,79.51,2020-12-13 21:56:48 UTC,46,2
3772399396,70.22,2020-12-09 20:20:19 UTC,67,2
5444991065,24.16,2020-12-16 19:53:07 UTC,62,2
2172261340,54.95,2020-12-10 21:34:02 UTC,802,2
6636907941,62.99,2020-12-15 17:57:14 UTC,690,2
4900711704,65.63,2020-12-01 18:30:18 UTC,1473,2
3964284676,21.21,2020-12-21 20:37:15 UTC,36,2
2947645504,116.14,2020-12-05 20:46:54 UTC,657,2
6806384937,62.43,2020-12-21 21:15:35 UTC,686,2
9380838353,62.91,2020-12-12 19:43:32 UTC,327,2
8288980220,27.16,2020-11-25 18:36:14 UTC,1326,2
2247986270,73.5,2020-12-22 20:46:16 UTC,1412,2
4185702152,64.43,2020-12-20 17:18:23 UTC,1034,2
5461158533,57.06,2020-12-17 22:10:50 UTC,181,2
4111021487,108.28,2020-11-27 20:46:01 UTC,255,2
8185314350,57.3,2020-11-29 22:26:36 UTC,618,2
4365679492,110.9,2020-12-24 19:57:13 UTC,1098,2
5755128595,133.7,2020-11-25 17:07:54 UTC,962,2
7756897355,107.93,2020-12-08 18:16:27 UTC,859,2
6026212750,26.03,2020-11-25 18:16:01 UTC,1562,2
2350372820,21.89,2020-12-19 20:57:20 UTC,1726,2
1120984962,66.69,2020-12-02 21:40:54 UTC,1174,2
2217694471,64.41,2020-11-25 21:47:32 UTC,1842,2
4936827462,46.71,2020-12-09 17:05:24 UTC,1935,2
2127922078,138.81,2020-11-26 20:56:14 UTC,720,2
3364248458,132.56,2020-12-03 19:36:09 UTC,412,2
9125626378,67.68,2020-12-06 20:54:11 UTC,1428,2
5616850969,57.37,2020-12-05 20:15:51 UTC,631,2
3530734299,131.8,2020-12-14 21:07:47 UTC,1768,2
7755069973,29.53,2020-11-29 19:47:45 UTC,1435,2
9283506146,138.04,2020-12-10 21:26:15 UTC,1851,2
8161189811,33.86,2020-12-08 21:48:52 UTC,1682,2
,,2021-01-03 21:34:10 UTC,1413,2
,143.65,2021-01-03 21:34:10 UTC,1413,2
,,2020-12-31 17:47:18 UTC,571,2
,87.17,2020-12-31 17:47:18 UTC,571,2
,,2021-01-03 21:28:40 UTC,1336,2
,85.03,2021-01-03 21:28:40 UTC,1336,2
,,2020-12-31 22:05:42 UTC,1701,2
,139.16,2020-12-31 22:05:42 UTC,1701,2
,,2021-01-03 19:15:38 UTC,1650,2
,88.9,2021-01-03 19:15:38 UTC,1650,2
,,2021-01-04 18:49:22 UTC,953,2
,69.57,2021-01-04 18:49:22 UTC,953,2
,,2020-12-29 20:20:12 UTC,577,2
,155.23,2020-12-29 20:20:12 UTC,577,2
,,2020-12-20 18:12:04 UTC,174,2
,113.4,2020-12-20 18:12:04 UTC,174,2
,,2020-12-29 22:12:26 UTC,1480,2
,73.3,2020-12-29 22:12:26 UTC,1480,2
,,2021-01-03 21:00:30 UTC,582,2
,94.58,2021-01-03 21:00:30 UTC,582,2
,,2020-12-21 20:59:37 UTC,1039,2
,122.16,2020-12-21 20:59:37 UTC,1039,2
,,2020-12-28 19:44:47 UTC,174,2
,87.01,2020-12-28 19:44:47 UTC,174,2
,,2020-12-29 20:50:39 UTC,175,2
,116.07,2020-12-29 20:50:39 UTC,175,2
,,2021-01-03 22:15:26 UTC,485,2
,147.46,2021-01-03 22:15:26 UTC,485,2
,,2021-01-03 21:28:17 UTC,82,2
,84.39,2021-01-03 21:28:17 UTC,82,2
,,2020-12-30 20:19:49 UTC,1488,2
,82.06,2020-12-30 20:19:49 UTC,1488,2
,,2020-12-27 19:23:26 UTC,1986,2
,95.96,2020-12-27 19:23:26 UTC,1986,2
,,2021-01-01 22:13:52 UTC,134,2
,73.29,2021-01-01 22:13:52 UTC,134,2
,,2020-12-24 18:52:18 UTC,1009,2
,152.93,2020-12-24 18:52:18 UTC,1009,2
,,2020-12-25 18:43:21 UTC,1002,2
,48.51,2020-12-25 18:43:21 UTC,1002,2
,,2020-12-22 19:25:18 UTC,1758,2
,72.21,2020-12-22 19:25:18 UTC,1758,2
,,2020-12-22 19:08:39 UTC,493,2
,143.93,2020-12-22 19:08:39 UTC,493,2
,,2020-12-26 18:54:10 UTC,388,2
,71.97,2020-12-26 18:54:10 UTC,388,2
,,2021-01-02 21:32:03 UTC,179,2
,141.33,2021-01-02 21:32:03 UTC,179,2
,,2020-12-25 18:02:58 UTC,372,2
,91.1,2020-12-25 18:02:58 UTC,372,2
,,2020-12-23 19:10:55 UTC,1705,2
,118.17,2020-12-23 19:10:55 UTC,1705,2
,,2020-12-23 18:49:19 UTC,1794,2
,89.5,2020-12-23 18:49:19 UTC,1794,2
,,2020-12-20 18:20:40 UTC,301,2
,50.05,2020-12-20 18:20:40 UTC,301,2
,,2020-12-21 22:22:00 UTC,195,2
,125.88,2020-12-21 22:22:00 UTC,195,2
,,2020-12-29 22:58:17 UTC,1826,2
,95.46,2020-12-29 22:58:17 UTC,1826,2
,,2020-12-28 18:08:34 UTC,1925,2
,146.96,2020-12-28 18:08:34 UTC,1925,2
,,2020-12-26 21:16:35 UTC,760,2
,45.18,2020-12-26 21:16:35 UTC,760,2
,,2020-12-30 22:06:23 UTC,1117,2
,121.6,2020-12-30 22:06:23 UTC,1117,2
,,2020-12-24 19:53:38 UTC,1014,2
,45.86,2020-12-24 19:53:38 UTC,1014,2
,,2020-12-24 21:03:02 UTC,587,2
,94.04,2020-12-24 21:03:02 UTC,587,2
,,2020-12-29 21:59:20 UTC,1812,2
,86.32,2020-12-29 21:59:20 UTC,1812,2
,,2021-01-04 20:16:45 UTC,1019,2
,94.45,2021-01-04 20:16:45 UTC,1019,2
,,2020-12-29 20:24:41 UTC,704,2
,95.99,2020-12-29 20:24:41 UTC,704,2
,,2020-12-31 21:52:45 UTC,1068,2
,86.7,2020-12-31 21:52:45 UTC,1068,2
,,2021-01-03 18:49:41 UTC,1037,2
,90.36,2021-01-03 18:49:41 UTC,1037,2
,,2020-12-22 22:54:48 UTC,34,2
,55.4,2020-12-22 22:54:48 UTC,34,2
,,2020-12-29 17:28:54 UTC,340,2
,74.78,2020-12-29 17:28:54 UTC,340,2
,,2020-12-28 20:45:29 UTC,1854,2
,131.2,2020-12-28 20:45:29 UTC,1854,2
,,2021-01-01 18:40:46 UTC,1041,2
,72.77,2021-01-01 18:40:46 UTC,1041,2
,,2020-12-28 17:22:45 UTC,450,2
,120.73,2020-12-28 17:22:45 UTC,450,2
,,2020-12-20 18:39:51 UTC,1515,2
,54.65,2020-12-20 18:39:51 UTC,1515,2
,,2020-12-23 18:43:18 UTC,1005,2
,50.57,2020-12-23 18:43:18 UTC,1005,2
,,2020-12-20 19:54:30 UTC,491,2
,63.73,2020-12-20 19:54:30 UTC,491,2
,,2020-12-21 18:16:52 UTC,1364,2
,97.94,2020-12-21 18:16:52 UTC,1364,2
,,2020-12-22 18:33:35 UTC,266,2
,92.29,2020-12-22 18:33:35 UTC,266,2
,,2021-01-02 18:58:57 UTC,1995,2
,72.05,2021-01-02 18:58:57 UTC,1995,2
1486691059,77.46,2020-12-15 22:10:28 UTC,1766,3
7566497248,34.31,2020-12-21 18:10:49 UTC,1885,3
6087868012,35.26,2020-11-28 21:00:02 UTC,1222,3
8797357413,102.31,2020-12-02 19:32:14 UTC,1925,3
5721589736,56.3,2020-11-26 19:01:08 UTC,87,3
2969832350,135.75,2020-12-06 19:43:11 UTC,1377,3
3447288987,132.39,2020-12-20 21:14:43 UTC,270,3
1767255709,137.57,2020-11-30 17:24:04 UTC,649,3
6027630362,26.25,2020-12-24 17:17:29 UTC,246,3
4042025515,64.07,2020-11-26 18:21:20 UTC,1829,3
5497834959,127.83,2020-12-14 21:33:19 UTC,885,3
1372005031,55.81,2020-11-26 20:24:52 UTC,1962,3
8132799994,45.38,2020-11-25 17:49:07 UTC,634,3
3694018874,134.11,2020-11-26 18:39:57 UTC,443,3
1873568761,73.25,2020-12-21 18:53:50 UTC,1968,3
7503324333,114.45,2020-12-24 22:29:12 UTC,535,3
6734788760,25.35,2020-12-03 18:50:40 UTC,1409,3
7079715799,136.17,2020-11-29 18:48:25 UTC,1476,3
4038108586,129.84,2020-12-13 20:54:52 UTC,821,3
8795807606,109.32,2020-12-22 19:43:00 UTC,1448,3
9470057961,105.16,2020-12-02 19:37:01 UTC,1038,3
7992271261,137.8,2020-12-23 22:50:27 UTC,613,3
2203941178,28.11,2020-12-23 20:39:50 UTC,1931,3
3038216141,48.83,2020-11-30 20:30:05 UTC,1316,3
1007121404,45.05,2020-11-30 17:10:06 UTC,507,3
3564228013,70.84,2020-12-20 17:17:07 UTC,862,3
6257222532,46.36,2020-11-25 18:38:07 UTC,513,3
7636995682,62.52,2020-12-13 22:21:34 UTC,718,3
5584664300,72.86,2020-12-23 20:04:59 UTC,1524,3
5505505458,23.11,2020-11-30 21:25:23 UTC,1090,3
2711490514,27.12,2020-12-18 18:23:12 UTC,1146,3
3911504716,57.83,2020-12-02 19:17:22 UTC,700,3
4990097268,111.13,2020-12-09 19:59:31 UTC,1870,3
4380471509,71.48,2020-12-09 21:10:08 UTC,1472,3
4451844010,64.93,2020-12-18 21:49:17 UTC,293,3
6175268622,106.38,2020-12-22 21:19:56 UTC,568,3
5086470286,113.19,2020-12-20 22:08:42 UTC,728,3
4202871127,137.47,2020-12-05 20:25:43 UTC,1854,3
2297020855,35.24,2020-12-16 19:00:26 UTC,1211,3
5744347865,21.13,2020-12-14 22:29:47 UTC,449,3
2680781041,102.68,2020-11-26 22:57:58 UTC,1239,3
1852585489,23.5,2020-12-24 17:41:20 UTC,71,3
2558614347,76.08,2020-11-25 19:01:56 UTC,1053,3
7592472291,70.18,2020-12-17 20:59:14 UTC,538,3
5967652536,53.1,2020-12-10 21:06:15 UTC,825,3
8302794371,126.31,2020-12-01 20:02:59 UTC,1928,3
9149236236,69.7,2020-12-15 20:25:02 UTC,225,3
9589869628,109.84,2020-12-21 21:03:21 UTC,78,3
2778538569,60.29,2020-11-25 22:48:37 UTC,1989,3
5765290138,139.47,2020-12-10 20:13:30 UTC,380,3
6998959991,26.11,2020-12-11 17:25:43 UTC,1382,3
9992116561,24.21,2020-12-05 20:56:09 UTC,1338,3
2141484408,61.9,2020-12-08 17:01:34 UTC,861,3
7683154732,66.29,2020-11-30 21:02:50 UTC,1862,3
3811113054,68.0,2020-11-28 21:13:27 UTC,1506,3
9854981270,30.79,2020-12-06 19:23:22 UTC,974,3
1331783560,73.7,2020-12-08 20:06:39 UTC,1345,3
8212297912,68.57,2020-12-01 21:53:23 UTC,981,3
8027918577,110.53,2020-12-05 18:43:29 UTC,334,3
4254744506,75.17,2020-11-26 21:35:24 UTC,1361,3
3897763162,46.78,2020-11-25 19:30:20 UTC,1988,3
9026318330,67.15,2020-11-26 20:32:47 UTC,1515,3
7854382179,67.2,2020-11-29 21:42:51 UTC,404,3
1517245721,105.66,2020-12-03 21:37:53 UTC,986,3
5777660025,23.91,2020-12-22 18:21:40 UTC,1315,3
7152193920,79.3,2020-12-05 22:55:23 UTC,1257,3
3216507445,27.8,2020-11-28 17:38:55 UTC,601,3
5775541198,71.11,2020-12-17 22:02:26 UTC,1843,3
3757985328,131.38,2020-12-21 22:19:59 UTC,1249,3
6644120317,128.39,2020-12-11 18:23:00 UTC,1654,3
9604302197,31.18,2020-12-17 18:54:10 UTC,1041,3
6627560475,73.79,2020-12-01 22:56:43 UTC,1207,3
9496747743,73.68,2020-12-24 19:19:01 UTC,1703,3
3110038717,26.17,2020-12-23 20:50:36 UTC,1264,3
4507587097,60.84,2020-12-24 22:01:57 UTC,1302,3
,,2021-01-03 18:08:34 UTC,421,3
8686346911,68.17,2020-12-08 22:14:37 UTC,707,3
8665068903,130.97,2020-12-24 17:42:05 UTC,1814,3
7418536805,115.72,2020-12-22 22:01:46 UTC,708,3
6318734853,133.39,2020-12-09 19:00:03 UTC,1497,3
9381701115,69.11,2020-11-26 20:01:42 UTC,1911,3
6270502010,132.7,2020-11-28 18:19:14 UTC,1891,3
1827648834,69.29,2020-11-27 21:24:44 UTC,1443,3
7043966054,59.63,2020-12-03 22:53:06 UTC,929,3
6976924211,70.25,2020-12-18 17:07:48 UTC,609,3
6343468347,80.52,2020-12-21 18:55:08 UTC,1096,3
5754933911,68.55,2020-12-06 21:57:14 UTC,1570,3
5037333083,133.8,2020-12-12 22:08:20 UTC,1778,3
3376854127,51.17,2020-12-15 20:44:19 UTC,405,3
7219757141,71.28,2020-11-26 21:38:10 UTC,676,3
8121217640,69.09,2020-12-14 20:02:12 UTC,1607,3
2298621685,68.5,2020-12-16 21:54:34 UTC,1996,3
5279149983,54.28,2020-12-22 17:24:21 UTC,583,3
7979630774,73.52,2020-12-19 21:34:57 UTC,1527,3
8941465096,32.73,2020-12-18 19:20:43 UTC,329,3
3001379969,62.63,2020-12-06 22:09:38 UTC,1294,3
2544926830,79.55,2020-12-20 22:08:50 UTC,966,3
2237199948,67.84,2020-12-23 17:28:07 UTC,17,3
8046678394,58.67,2020-12-19 19:46:14 UTC,601,3
7599341519,115.98,2020-12-10 21:50:20 UTC,187,3
6238796942,140.56,2020-12-16 22:36:15 UTC,115,3
8316100956,127.1,2020-12-04 21:45:58 UTC,927,3
4859164545,68.03,2020-11-25 21:16:54 UTC,1482,3
1499844686,56.6,2020-12-14 17:18:09 UTC,1359,3
6633829498,107.32,2020-12-16 19:26:40 UTC,1946,3
2683497551,136.45,2020-12-12 18:29:40 UTC,1645,3
9405946439,113.01,2020-11-28 21:08:30 UTC,194,3
8011325617,112.31,2020-12-05 20:31:37 UTC,791,3
9519478703,115.65,2020-11-27 20:48:53 UTC,999,3
5606801224,112.24,2020-12-13 21:37:27 UTC,99,3
4722949943,132.68,2020-11-27 22:28:16 UTC,582,3
1112969900,139.86,2020-12-18 18:39:02 UTC,387,3
4106273787,46.67,2020-12-05 18:10:09 UTC,1352,3
7322334450,62.76,2020-12-11 21:33:26 UTC,1641,3
2738100938,61.82,2020-11-26 19:46:08 UTC,1193,3
7596647930,24.49,2020-12-12 18:41:12 UTC,205,3
6476405198,74.36,2020-12-17 20:31:58 UTC,365,3
4518820992,139.75,2020-12-13 22:56:34 UTC,263,3
4199775162,32.5,2020-12-13 22:45:03 UTC,1796,3
5532859114,110.77,2020-12-04 22:35:33 UTC,1588,3
4598875071,32.55,2020-11-30 21:31:05 UTC,1662,3
6592973363,24.85,2020-12-23 19:13:33 UTC,868,3
9465709910,108.84,2020-11-27 19:03:03 UTC,953,3
4198995447,110.35,2020-12-04 19:21:35 UTC,45,3
1226641449,25.31,2020-12-09 18:46:49 UTC,78,3
7562315749,115.14,2020-12-04 21:14:21 UTC,759,3
2168612834,33.72,2020-12-08 20:38:05 UTC,1710,3
9268478146,54.35,2020-12-13 17:13:22 UTC,1328,3
4649679325,113.45,2020-12-13 21:11:04 UTC,1760,3
2119551322,28.41,2020-12-07 19:02:44 UTC,1618,3
2071747939,20.55,2020-12-01 21:42:27 UTC,1918,3
3779481906,107.13,2020-12-16 22:09:38 UTC,638,3
5682529511,67.61,2020-12-06 19:34:37 UTC,1163,3
5811563026,76.68,2020-12-09 19:17:24 UTC,437,3
2151964848,108.75,2020-12-18 17:56:13 UTC,357,3
8860748201,78.6,2020-12-18 19:57:37 UTC,998,3
5762426495,50.61,2020-11-30 22:30:41 UTC,932,3
2253425511,133.81,2020-11-26 22:25:48 UTC,1985,3
1471140465,139.15,2020-11-28 22:44:24 UTC,1660,3
6905541580,69.65,2020-11-25 17:55:32 UTC,74,3
9685447835,62.68,2020-12-23 18:49:48 UTC,961,3
1444213267,52.89,2020-12-06 22:59:14 UTC,1435,3
5741793516,133.72,2020-11-28 22:57:50 UTC,959,3
6162399278,113.89,2020-12-14 17:19:09 UTC,878,3
8071010794,67.21,2020-12-09 22:23:25 UTC,503,3
1184782708,33.93,2020-12-19 19:19:59 UTC,455,3
4778070946,75.62,2020-12-07 19:55:40 UTC,1804,3
7886283958,76.48,2020-12-03 18:28:51 UTC,1949,3
2681090712,135.18,2020-12-08 17:49:07 UTC,1304,3
6766524382,69.42,2020-12-03 17:23:54 UTC,545,3
4280198244,29.4,2020-12-17 17:54:32 UTC,1005,3
7065841207,67.53,2020-11-30 17:58:23 UTC,969,3
2153040253,71.97,2020-12-12 21:56:55 UTC,869,3
7340755307,107.57,2020-12-10 21:53:27 UTC,1209,3
8152623385,61.79,2020-11-28 20:24:02 UTC,1257,3
1684621164,135.77,2020-12-12 20:26:50 UTC,1155,3
2521825469,110.76,2020-11-27 20:05:29 UTC,128,3
2356473749,112.78,2020-12-21 17:51:15 UTC,1483,3
4746914559,77.25,2020-12-14 22:49:39 UTC,1439,3
8391274734,129.33,2020-11-27 21:49:17 UTC,674,3
1335481996,71.8,2020-12-20 21:19:48 UTC,1997,3
2337835320,113.11,2020-12-05 21:30:40 UTC,982,3
2814452112,74.64,2020-11-25 21:30:11 UTC,531,3
6930250049,128.96,2020-12-09 19:50:42 UTC,1997,3
9888812722,20.92,2020-12-02 21:54:00 UTC,1975,3
5028699447,131.55,2020-12-22 18:31:55 UTC,909,3
6709168960,64.21,2020-12-10 19:04:18 UTC,178,3
3492551440,73.72,2020-11-26 19:35:01 UTC,1694,3
4834579974,126.19,2020-12-14 19:51:51 UTC,362,3
2304550269,26.26,2020-12-08 20:34:19 UTC,1909,3
7459510134,137.62,2020-12-14 22:27:55 UTC,1230,3
3048100799,33.55,2020-12-11 22:48:13 UTC,1408,3
1198708852,70.68,2020-11-30 17:04:42 UTC,607,3
2092588059,59.18,2020-12-10 19:58:26 UTC,1013,3
5091182217,21.89,2020-12-03 18:37:24 UTC,1181,3
6860946097,59.87,2020-12-23 17:59:57 UTC,1637,3
7557536555,109.92,2020-12-21 21:05:18 UTC,466,3
5246911749,113.35,2020-12-03 20:08:35 UTC,1081,3
6943209399,104.2,2020-12-03 19:29:45 UTC,582,3
8564617366,102.76,2020-12-07 18:04:30 UTC,312,3
3179520972,107.22,2020-11-30 21:12:38 UTC,705,3
1066743599,26.63,2020-12-22 18:50:42 UTC,1698,3
8715579864,106.44,2020-12-16 20:19:15 UTC,1742,3
4254528824,23.81,2020-12-23 20:45:03 UTC,1159,3
6979959561,136.76,2020-12-23 22:04:09 UTC,1496,3
3770458328,73.95,2020-12-11 21:22:39 UTC,146,3
7806402620,116.71,2020-12-08 17:54:33 UTC,1624,3
7038980770,104.72,2020-11-28 20:19:34 UTC,1524,3
4135966415,46.54,2020-11-25 19:30:29 UTC,1709,3
6598575352,48.45,2020-12-19 21:24:58 UTC,198,3
8832906889,107.32,2020-11-27 17:57:18 UTC,652,3
9349133488,54.7,2020-11-26 22:35:12 UTC,425,3
4865843445,111.79,2020-12-01 21:46:19 UTC,1534,3
7393836210,57.39,2020-11-27 22:50:13 UTC,281,3
6597782340,48.27,2020-12-17 18:03:24 UTC,380,3
3309170637,113.39,2020-12-20 18:08:10 UTC,760,3
8559923440,111.27,2020-12-21 17:58:14 UTC,1330,3
8176721930,52.26,2020-12-09 22:31:50 UTC,461,3
1125319919,66.42,2020-12-05 18:09:25 UTC,934,3
9315585771,68.56,2020-12-22 19:53:06 UTC,1871,3
2018900134,114.88,2020-12-22 17:12:33 UTC,1976,3
4320260243,24.13,2020-12-06 19:28:10 UTC,644,3
8633127367,72.51,2020-11-29 22:00:00 UTC,393,3
8233258315,25.62,2020-12-21 21:58:46 UTC,790,3
8511127682,107.98,2020-12-12 22:05:56 UTC,65,3
6131566230,79.12,2020-12-08 19:12:11 UTC,370,3
2886342642,67.47,2020-12-04 21:51:48 UTC,1878,3
6896575356,70.83,2020-12-04 21:00:55 UTC,1997,3
7525125149,129.85,2020-12-19 18:11:51 UTC,288,3
7631079138,106.27,2020-12-24 22:25:28 UTC,1372,3
9161501679,130.66,2020-12-08 17:42:30 UTC,1483,3
7944696337,72.92,2020-12-06 20:33:59 UTC,1937,3
9527213402,113.09,2020-12-13 17:58:24 UTC,1553,3
4899601935,115.91,2020-12-24 22:52:39 UTC,879,3
9206507812,30.3,2020-11-25 19:25:00 UTC,276,3
8491074366,55.07,2020-12-14 20:38:53 UTC,449,3
3996256400,112.92,2020-12-02 21:01:16 UTC,381,3
5064073395,70.43,2020-12-14 20:47:31 UTC,835,3
4896726111,69.67,2020-12-12 19:40:31 UTC,1753,3
4768018147,107.23,2020-12-01 18:25:44 UTC,1929,3
2251702762,26.54,2020-12-07 22:33:11 UTC,194,3
9584942606,105.71,2020-12-08 21:07:10 UTC,273,3
1923823456,48.07,2020-11-29 17:30:50 UTC,67,3
6335303947,64.92,2020-11-28 22:46:45 UTC,684,3
9518925714,57.39,2020-12-05 21:38:23 UTC,1390,3
9832579007,137.22,2020-12-06 21:43:50 UTC,1103,3
3115689927,67.98,2020-12-01 21:13:00 UTC,1105,3
5515801997,59.23,2020-12-15 20:21:55 UTC,1711,3
7027423190,132.37,2020-12-24 19:51:55 UTC,500,3
3022429063,79.44,2020-12-11 19:24:49 UTC,909,3
2409302490,51.92,2020-12-03 22:46:05 UTC,1056,3
7391065630,103.13,2020-12-14 17:26:11 UTC,919,3
7947826458,32.62,2020-12-20 20:02:49 UTC,1029,3
5248595250,133.12,2020-12-12 20:32:33 UTC,664,3
8717939560,104.31,2020-12-22 21:50:39 UTC,903,3
9810201788,46.87,2020-12-22 18:02:14 UTC,1342,3
4283351729,21.26,2020-11-28 18:51:21 UTC,1675,3
2554151830,111.46,2020-11-28 22:24:33 UTC,218,3
1766348827,59.81,2020-12-22 19:10:01 UTC,408,3
4865227178,25.43,2020-12-04 22:50:24 UTC,724,3
5216973426,21.94,2020-12-23 20:04:46 UTC,1618,3
7681123571,105.09,2020-11-25 18:05:24 UTC,108,3
8719566867,134.71,2020-12-23 17:49:38 UTC,346,3
8310094559,77.01,2020-11-28 20:34:59 UTC,1047,3
2608754041,52.03,2020-12-21 21:27:34 UTC,1360,3
6102225970,79.98,2020-12-02 22:24:29 UTC,1172,3
4673402424,68.13,2020-12-15 19:51:38 UTC,1921,3
5322258462,107.73,2020-12-16 19:25:31 UTC,635,3
6117165071,47.26,2020-12-04 17:06:15 UTC,92,3
5194118346,59.01,2020-11-30 21:12:10 UTC,1173,3
8208440875,66.8,2020-12-20 22:32:25 UTC,1126,3
2104660046,132.83,2020-12-01 17:49:58 UTC,1508,3
4911947872,30.9,2020-12-21 19:34:08 UTC,1768,3
7516803656,69.94,2020-12-09 17:21:29 UTC,95,3
5584000002,139.72,2020-12-06 18:43:58 UTC,480,3
3117480284,134.43,2020-12-11 19:35:46 UTC,1777,3
2133157973,137.56,2020-11-25 17:58:25 UTC,1781,3
4908032302,128.97,2020-12-12 18:44:54 UTC,1339,3
4866092269,70.82,2020-12-04 17:50:22 UTC,1134,3
3671539631,102.65,2020-12-07 19:47:11 UTC,209,3
9884439437,74.63,2020-12-09 17:31:50 UTC,197,3
2770327399,67.27,2020-12-10 19:08:00 UTC,261,3
5580085293,52.27,2020-12-16 18:06:41 UTC,1026,3
,87.33,2021-01-03 18:08:34 UTC,421,3
6415392112,26.81,2020-12-18 19:00:19 UTC,1536,3
7189487910,53.82,2020-12-23 19:03:12 UTC,877,3
5978098415,49.77,2020-11-28 20:22:36 UTC,218,3
6944765809,114.65,2020-12-06 21:34:19 UTC,1752,3
8217451869,78.37,2020-12-18 19:18:56 UTC,1715,3
7129980982,105.13,2020-11-27 17:39:53 UTC,989,3
6756971861,71.05,2020-12-21 18:32:14 UTC,369,3
9831315776,23.56,2020-11-29 17:54:31 UTC,1489,3
8930913326,35.17,2020-12-10 18:31:24 UTC,1205,3
7581201762,66.34,2020-12-03 17:08:07 UTC,1818,3
7112314786,70.93,2020-12-02 17:22:33 UTC,1026,3
5269452655,128.01,2020-12-13 21:27:44 UTC,1203,3
1632322710,73.84,2020-11-30 22:13:58 UTC,1621,3
1554724252,133.53,2020-11-30 17:36:33 UTC,1416,3
8242672208,22.41,2020-12-16 20:27:51 UTC,1361,3
7526784339,114.33,2020-12-08 20:48:06 UTC,628,3
8245291656,53.89,2020-12-06 22:29:33 UTC,799,3
9558681511,54.21,2020-12-17 17:28:35 UTC,1067,3
7067904040,59.35,2020-12-03 20:09:51 UTC,1541,3
7284011875,28.2,2020-12-04 19:44:25 UTC,102,3
2278164861,35.02,2020-12-15 19:11:03 UTC,1918,3
5811000201,29.68,2020-12-07 17:02:56 UTC,437,3
6881057362,65.0,2020-11-28 17:43:28 UTC,1879,3
8377581387,131.07,2020-11-30 18:00:15 UTC,111,3
9063760590,70.83,2020-12-09 17:58:00 UTC,1083,3
3004559041,136.37,2020-12-18 21:23:39 UTC,519,3
9642183088,35.31,2020-11-25 20:04:01 UTC,1757,3
4372781511,70.04,2020-12-24 19:23:21 UTC,1563,3
8605216658,32.12,2020-11-27 18:57:08 UTC,1292,3
7825807722,56.06,2020-12-08 22:12:34 UTC,1962,3
9808080703,65.82,2020-12-08 19:31:09 UTC,1671,3
2496633150,107.02,2020-12-10 18:19:40 UTC,1990,3
2522328397,34.85,2020-12-13 19:59:17 UTC,1546,3
7546774271,103.46,2020-12-14 17:24:43 UTC,358,3
9331136675,127.81,2020-12-14 21:53:20 UTC,1051,3
8133803491,51.85,2020-12-19 18:39:46 UTC,1826,3
9049176921,65.06,2020-11-30 17:47:56 UTC,1179,3
5550412998,60.05,2020-12-11 22:53:03 UTC,914,3
5647654640,20.68,2020-12-10 19:00:56 UTC,998,3
1558853272,46.91,2020-12-15 22:18:53 UTC,1798,3
6616163251,52.82,2020-12-20 22:31:26 UTC,1928,3
5740106231,63.68,2020-12-24 20:54:42 UTC,1074,3
9179594411,64.74,2020-12-02 18:20:51 UTC,583,3
5207159459,59.88,2020-11-28 17:24:40 UTC,652,3
1647021697,132.42,2020-12-24 19:36:24 UTC,776,3
6120952356,140.92,2020-12-19 20:08:07 UTC,1209,3
1854281476,61.57,2020-11-28 22:16:12 UTC,778,3
2461705358,137.4,2020-11-29 17:32:06 UTC,1291,3
3392861999,45.68,2020-11-29 19:20:57 UTC,391,3
4505247629,23.36,2020-12-13 18:20:46 UTC,162,3
6757331713,109.93,2020-12-03 21:28:57 UTC,1820,3
3818193506,130.12,2020-12-13 22:03:54 UTC,96,3
1332837297,113.62,2020-12-08 21:42:15 UTC,1495,3
1729356754,56.93,2020-12-15 22:17:36 UTC,1556,3
5286833890,69.01,2020-12-23 22:14:41 UTC,1263,3
9504255550,75.29,2020-12-06 21:36:08 UTC,1039,3
3594240188,134.5,2020-12-15 20:14:06 UTC,1583,3
5276346442,135.37,2020-12-02 19:46:46 UTC,807,3
3311861756,63.02,2020-12-05 18:43:09 UTC,831,3
6275372101,134.75,2020-12-11 21:07:19 UTC,515,3
6882864768,56.55,2020-12-05 21:32:23 UTC,1903,3
6290097910,47.65,2020-12-03 17:48:39 UTC,1747,3
6522257948,102.22,2020-12-22 21:54:50 UTC,1717,3
1592575721,113.96,2020-12-10 21:49:43 UTC,1193,3
3425690319,57.07,2020-12-02 19:57:27 UTC,1971,3
2827031850,24.63,2020-11-28 22:12:06 UTC,1363,3
8858808469,30.71,2020-11-26 18:10:48 UTC,1848,3
8067539047,53.32,2020-12-14 17:36:09 UTC,840,3
7733387550,24.73,2020-12-06 17:36:20 UTC,1411,3
6153172178,108.01,2020-12-23 20:15:25 UTC,1578,3
7884364521,49.77,2020-12-09 22:35:12 UTC,1474,3
5870340282,34.51,2020-11-29 17:10:30 UTC,1209,3
3930385701,76.2,2020-12-19 22:13:33 UTC,1539,3
4803936180,71.35,2020-12-03 19:43:36 UTC,1738,3
8849130246,66.51,2020-12-19 17:33:17 UTC,210,3
4145083237,54.72,2020-11-26 19:48:49 UTC,1201,3
3182238819,110.53,2020-12-16 19:05:58 UTC,1945,3
5412957413,135.33,2020-12-11 18:01:24 UTC,690,3
5672722597,69.67,2020-11-29 21:41:11 UTC,477,3
5507952593,139.41,2020-12-03 22:03:46 UTC,471,3
3311786228,73.11,2020-12-19 22:39:04 UTC,1155,3
9097028806,61.03,2020-12-19 18:02:56 UTC,1587,3
4309046830,137.58,2020-12-07 22:20:51 UTC,264,3
9222183467,130.63,2020-12-15 19:16:26 UTC,189,3
9398132327,66.06,2020-11-29 22:50:04 UTC,454,3
7249318424,127.79,2020-12-15 20:18:08 UTC,928,3
3316158330,72.91,2020-11-28 17:06:45 UTC,1788,3
5970583156,136.38,2020-12-22 22:47:09 UTC,561,3
5785657526,102.54,2020-12-17 21:49:57 UTC,1974,3
2716145714,111.77,2020-12-23 18:44:31 UTC,593,3
1899992227,115.04,2020-11-30 17:43:54 UTC,771,3
3969431814,132.78,2020-12-10 22:30:03 UTC,1300,3
2481045766,76.7,2020-12-04 17:23:42 UTC,708,3
6326095310,128.52,2020-12-16 22:20:33 UTC,163,3
4715851510,28.82,2020-12-17 17:40:55 UTC,1783,3
1868428944,21.7,2020-12-08 17:44:38 UTC,1122,3
5052430933,113.5,2020-12-01 20:03:30 UTC,1746,3
9472722095,69.07,2020-12-12 18:59:50 UTC,14,3
8309145832,129.65,2020-11-25 22:18:53 UTC,989,3
4075664703,61.56,2020-12-01 22:43:20 UTC,430,3
1994358334,69.11,2020-12-11 17:36:08 UTC,1518,3
5033269064,66.79,2020-12-14 20:35:17 UTC,1222,3
9713361309,70.18,2020-12-13 18:00:03 UTC,103,3
4001610742,107.92,2020-12-15 21:44:29 UTC,128,3
3139396194,72.23,2020-12-05 22:54:08 UTC,495,3
5172591039,53.87,2020-12-10 20:42:39 UTC,843,3
5672290444,79.7,2020-12-08 21:44:02 UTC,1282,3
1703902891,70.49,2020-12-18 22:35:24 UTC,236,3
5928403637,69.85,2020-12-17 18:23:34 UTC,1051,3
9664898814,76.72,2020-12-21 17:35:55 UTC,241,3
8204301201,110.05,2020-12-21 17:59:50 UTC,1277,3
2415350661,133.45,2020-12-13 20:21:49 UTC,384,3
1370630237,21.19,2020-12-13 21:33:16 UTC,848,3
2025412020,45.0,2020-12-19 20:19:35 UTC,553,3
8255629937,56.1,2020-12-14 20:08:03 UTC,867,3
3830526132,61.04,2020-11-26 21:36:25 UTC,1517,3
8404087990,51.88,2020-12-19 22:09:37 UTC,1423,3
4917520086,52.93,2020-11-26 18:36:15 UTC,430,3
7288108822,75.3,2020-12-10 22:03:54 UTC,1223,3
5855763671,132.87,2020-12-03 20:30:17 UTC,1642,3
5884299263,135.57,2020-12-12 20:16:50 UTC,319,3
5784339336,115.97,2020-11-30 22:29:43 UTC,730,3
5366356643,33.14,2020-11-26 22:23:28 UTC,301,3
2149171781,70.48,2020-12-11 18:41:58 UTC,1265,3
6510852969,63.81,2020-12-08 19:26:32 UTC,181,3
8796786383,23.66,2020-12-17 21:41:59 UTC,352,3
9319099866,57.74,2020-12-19 17:24:01 UTC,1412,3
8659588624,140.12,2020-12-07 20:51:47 UTC,47,3
7206722909,62.66,2020-11-25 17:54:48 UTC,159,3
6239984463,135.18,2020-12-21 19:22:29 UTC,1078,3
3292741472,28.2,2020-12-18 17:01:37 UTC,1194,3
1448213801,27.0,2020-12-03 22:32:23 UTC,86,3
6982279606,106.56,2020-12-07 21:19:45 UTC,1260,3
2447624418,74.07,2020-12-04 21:18:47 UTC,1422,3
9920293751,28.97,2020-11-25 18:14:32 UTC,193,3
7067938713,49.74,2020-12-20 18:39:44 UTC,1742,3
1701142015,32.98,2020-12-22 18:55:38 UTC,728,3
1182445925,69.84,2020-11-28 22:40:47 UTC,794,3
,,2020-12-30 18:08:26 UTC,1697,3
,87.02,2020-12-30 18:08:26 UTC,1697,3
,,2021-01-03 17:36:06 UTC,1174,3
,84.25,2021-01-03 17:36:06 UTC,1174,3
,,2020-12-25 22:50:58 UTC,1781,3
,84.48,2020-12-25 22:50:58 UTC,1781,3
,,2021-01-04 21:29:46 UTC,795,3
,95.21,2021-01-04 21:29:46 UTC,795,3
,,2020-12-27 21:11:52 UTC,1788,3
,90.56,2020-12-27 21:11:52 UTC,1788,3
,,2020-12-22 22:06:41 UTC,1937,3
,88.34,2020-12-22 22:06:41 UTC,1937,3
,,2020-12-22 22:26:59 UTC,1013,3
,120.01,2020-12-22 22:26:59 UTC,1013,3
,,2020-12-29 21:02:07 UTC,58,3
,142.63,2020-12-29 21:02:07 UTC,58,3
,,2020-12-27 22:44:08 UTC,1054,3
,45.73,2020-12-27 22:44:08 UTC,1054,3
,,2020-12-20 20:05:21 UTC,1703,3
,147.49,2020-12-20 20:05:21 UTC,1703,3
,,2020-12-24 19:59:53 UTC,594,3
,142.62,2020-12-24 19:59:53 UTC,594,3
,,2020-12-23 18:42:08 UTC,585,3
,116.27,2020-12-23 18:42:08 UTC,585,3
,,2020-12-21 17:56:11 UTC,1272,3
,70.69,2020-12-21 17:56:11 UTC,1272,3
,,2020-12-20 17:21:30 UTC,1062,3
,127.77,2020-12-20 17:21:30 UTC,1062,3
,,2020-12-28 17:29:16 UTC,1773,3
,58.21,2020-12-28 17:29:16 UTC,1773,3
,,2020-12-25 21:18:24 UTC,681,3
,65.32,2020-12-25 21:18:24 UTC,681,3
,,2020-12-25 17:17:32 UTC,1171,3
,94.13,2020-12-25 17:17:32 UTC,1171,3
,,2020-12-26 19:27:04 UTC,1663,3
,85.18,2020-12-26 19:27:04 UTC,1663,3
,,2021-01-01 22:33:47 UTC,158,3
,116.09,2021-01-01 22:33:47 UTC,158,3
,,2020-12-24 21:39:06 UTC,143,3
,88.09,2020-12-24 21:39:06 UTC,143,3
,,2020-12-24 17:48:56 UTC,774,3
,87.49,2020-12-24 17:48:56 UTC,774,3
,,2020-12-24 22:13:20 UTC,481,3
,95.05,2020-12-24 22:13:20 UTC,481,3
,,2021-01-02 21:14:07 UTC,1570,3
,92.99,2021-01-02 21:14:07 UTC,1570,3
,,2020-12-29 19:13:46 UTC,1017,3
,98.63,2020-12-29 19:13:46 UTC,1017,3
,,2021-01-04 18:47:31 UTC,503,3
,140.72,2021-01-04 18:47:31 UTC,503,3
,,2020-12-24 19:49:14 UTC,476,3
,68.73,2020-12-24 19:49:14 UTC,476,3
,,2020-12-22 20:01:22 UTC,52,3
,84.88,2020-12-22 20:01:22 UTC,52,3
,,2021-01-02 18:09:30 UTC,811,3
,78.69,2021-01-02 18:09:30 UTC,811,3
,,2020-12-25 22:58:39 UTC,819,3
,95.57,2020-12-25 22:58:39 UTC,819,3
,,2020-12-29 19:35:45 UTC,939,3
,137.64,2020-12-29 19:35:45 UTC,939,3
,,2020-12-31 19:59:04 UTC,574,3
,95.32,2020-12-31 19:59:04 UTC,574,3
,,2020-12-31 20:19:35 UTC,427,3
,112.16,2020-12-31 20:19:35 UTC,427,3
,,2021-01-02 19:59:45 UTC,342,3
,100.27,2021-01-02 19:59:45 UTC,342,3
,,2021-01-04 22:05:51 UTC,979,3
,50.28,2021-01-04 22:05:51 UTC,979,3
,,2020-12-27 22:50:57 UTC,1691,3
,70.27,2020-12-27 22:50:57 UTC,1691,3
,,2020-12-31 21:58:30 UTC,818,3
,58.49,2020-12-31 21:58:30 UTC,818,3
,,2020-12-22 17:06:03 UTC,1189,3
,88.86,2020-12-22 17:06:03 UTC,1189,3
,,2020-12-31 17:26:19 UTC,1206,3
,119.34,2020-12-31 17:26:19 UTC,1206,3
,,2021-01-02 17:53:13 UTC,1553,3
,129.56,2021-01-02 17:53:13 UTC,1553,3
,,2021-01-01 19:00:01 UTC,512,3
,55.67,2021-01-01 19:00:01 UTC,512,3
,,2020-12-29 18:53:36 UTC,28,3
,91.12,2020-12-29 18:53:36 UTC,28,3
,,2020-12-27 19:48:04 UTC,345,3
,83.87,2020-12-27 19:48:04 UTC,345,3
,,2020-12-30 19:33:21 UTC,1844,3
,81.52,2020-12-30 19:33:21 UTC,1844,3
,,2021-01-02 20:27:26 UTC,518,3
,130.73,2021-01-02 20:27:26 UTC,518,3
,,2020-12-23 19:46:45 UTC,960,3
,56.68,2020-12-23 19:46:45 UTC,960,3
,,2020-12-22 20:08:19 UTC,10,3
,93.16,2020-12-22 20:08:19 UTC,10,3
,,2020-12-24 21:22:08 UTC,1370,3
,84.53,2020-12-24 21:22:08 UTC,1370,3
,,2020-12-26 19:16:56 UTC,1703,3
,49.59,2020-12-26 19:16:56 UTC,1703,3
,,2020-12-31 17:11:07 UTC,741,3
,92.09,2020-12-31 17:11:07 UTC,741,3
,,2020-12-27 19:21:24 UTC,1189,3
,87.29,2020-12-27 19:21:24 UTC,1189,3
