ticket_id,location_id,client_id,status,employee_id,closed_by_employee_id,closed_at
305899,1,745,closed,13,13,2020-07-20 22:47:17 UTC
892548,2,1985,closed,28,28,2020-07-06 18:14:39 UTC
800753,3,1066,closed,38,38,2020-07-17 22:34:12 UTC
606258,1,1727,closed,10,10,2020-07-07 19:14:51 UTC
618651,2,487,closed,28,28,2020-06-26 21:44:17 UTC
792636,3,326,closed,34,34,2020-07-12 18:55:15 UTC
511691,1,1871,closed,11,11,2020-07-10 19:00:21 UTC
363374,2,688,closed,28,28,2020-06-23 20:04:25 UTC
842674,3,1214,closed,34,34,2020-07-15 19:10:36 UTC
733977,1,1486,closed,11,11,2020-06-27 17:26:13 UTC
295860,2,511,closed,22,22,2020-07-18 20:13:28 UTC
771104,3,1932,closed,38,38,2020-06-26 18:40:34 UTC
410169,1,242,closed,13,13,2020-06-22 21:34:42 UTC
427189,2,894,closed,23,23,2020-07-18 20:46:44 UTC
670786,3,558,closed,39,39,2020-06-25 19:54:39 UTC
143577,1,995,closed,19,19,2020-06-24 20:07:48 UTC
261371,2,814,closed,26,26,2020-07-10 20:14:15 UTC
675416,3,763,closed,31,31,2020-07-11 20:19:29 UTC
147523,1,363,closed,18,18,2020-07-20 21:24:24 UTC
258731,2,762,closed,22,22,2020-07-12 22:34:21 UTC
487949,3,1580,closed,38,38,2020-06-26 21:00:25 UTC
268782,1,877,closed,12,12,2020-07-06 17:12:18 UTC
629154,2,75,closed,28,28,2020-07-06 18:45:11 UTC
625865,3,2000,closed,32,32,2020-07-13 17:58:41 UTC
894992,1,1273,closed,14,14,2020-07-10 20:22:27 UTC
641073,2,1077,closed,21,21,2020-07-06 19:13:51 UTC
505665,3,676,closed,37,37,2020-07-16 21:23:09 UTC
627692,1,1352,closed,17,17,2020-06-23 17:01:14 UTC
567087,2,353,closed,28,28,2020-07-04 22:54:07 UTC
617360,3,907,closed,39,39,2020-07-18 22:27:04 UTC
723095,1,626,closed,10,10,2020-06-24 17:20:38 UTC
661599,2,1619,closed,29,29,2020-07-05 22:21:20 UTC
374804,3,207,closed,38,38,2020-07-18 19:27:38 UTC
656634,1,814,closed,10,10,2020-07-13 17:58:50 UTC
350119,2,1082,closed,21,21,2020-06-24 22:07:02 UTC
193106,3,407,closed,38,38,2020-06-28 22:49:15 UTC
177512,1,1515,closed,15,15,2020-06-29 17:31:49 UTC
612197,2,1534,closed,22,22,2020-07-16 20:23:17 UTC
486363,3,322,closed,33,33,2020-07-14 17:34:25 UTC
556323,1,49,closed,11,11,2020-07-10 17:33:07 UTC
547129,2,1153,closed,26,26,2020-07-11 19:12:25 UTC
439063,3,567,closed,30,30,2020-07-16 21:24:14 UTC
447104,1,1251,closed,10,10,2020-06-26 22:06:22 UTC
295964,2,449,closed,21,21,2020-07-11 21:38:42 UTC
438171,3,1759,closed,30,30,2020-06-30 19:29:31 UTC
415630,1,130,closed,12,12,2020-06-30 17:28:53 UTC
125324,2,681,closed,24,24,2020-07-05 22:30:32 UTC
770734,3,394,closed,30,30,2020-06-30 20:10:12 UTC
492271,1,354,closed,15,15,2020-07-13 20:58:53 UTC
307032,2,1413,closed,25,25,2020-06-23 17:52:02 UTC
526134,3,1922,closed,32,32,2020-07-15 21:51:45 UTC
414173,1,1287,closed,17,17,2020-07-21 18:45:41 UTC
680584,2,832,closed,25,25,2020-06-30 20:33:34 UTC
857970,3,1732,closed,37,37,2020-07-14 21:07:55 UTC
445096,1,289,closed,11,11,2020-07-07 20:42:17 UTC
702529,2,1466,closed,21,21,2020-06-24 19:49:14 UTC
436555,3,605,closed,37,37,2020-07-20 22:18:43 UTC
767266,1,116,closed,13,13,2020-06-26 19:43:14 UTC
597601,2,1574,closed,29,29,2020-07-17 22:10:53 UTC
879776,3,1432,closed,35,35,2020-07-09 22:05:12 UTC
884838,1,1059,closed,17,17,2020-06-24 17:15:27 UTC
565999,2,853,closed,21,21,2020-06-23 20:51:33 UTC
543079,3,888,closed,36,36,2020-07-21 20:02:18 UTC
853628,1,522,closed,11,11,2020-07-15 17:14:51 UTC
626467,2,1265,closed,27,27,2020-07-10 18:49:38 UTC
759742,3,1486,closed,37,37,2020-07-08 22:51:56 UTC
545149,1,834,closed,13,13,2020-07-04 21:13:01 UTC
306385,2,674,closed,27,27,2020-07-14 22:22:12 UTC
434018,3,1872,closed,32,32,2020-06-28 18:28:20 UTC
727695,1,423,closed,12,12,2020-07-16 22:05:15 UTC
553335,2,1243,closed,23,23,2020-07-21 17:48:06 UTC
251339,3,1683,closed,31,31,2020-06-30 17:55:05 UTC
209229,1,1139,closed,17,17,2020-07-01 18:37:05 UTC
848597,2,584,closed,28,28,2020-07-07 21:14:31 UTC
324098,3,1803,closed,30,30,2020-07-14 20:01:25 UTC
638168,1,1197,closed,16,16,2020-07-05 19:06:48 UTC
525303,2,1801,closed,26,26,2020-07-20 20:59:16 UTC
337190,3,1871,closed,32,32,2020-07-14 21:50:43 UTC
307290,1,1557,closed,17,17,2020-07-03 19:42:49 UTC
892591,2,2009,closed,22,22,2020-07-13 21:41:54 UTC
301906,3,80,closed,36,36,2020-06-24 17:34:37 UTC
429064,1,721,closed,19,19,2020-07-14 21:00:15 UTC
320815,2,375,closed,22,22,2020-07-19 19:48:48 UTC
268282,3,1968,closed,39,39,2020-07-19 17:15:11 UTC
858070,1,354,closed,12,12,2020-07-06 21:09:00 UTC
629059,2,1192,closed,23,23,2020-06-29 21:19:05 UTC
136978,3,1173,closed,33,33,2020-07-02 19:34:00 UTC
387818,1,1977,closed,12,12,2020-07-05 19:59:59 UTC
340394,2,1252,closed,27,27,2020-07-20 18:19:22 UTC
690633,3,12,closed,32,32,2020-07-07 21:42:53 UTC
786292,1,1347,closed,12,12,2020-07-01 19:54:03 UTC
526910,2,852,closed,27,27,2020-07-13 21:35:16 UTC
178041,3,1936,closed,36,36,2020-07-03 21:13:55 UTC
483664,1,502,closed,17,17,2020-07-18 21:25:05 UTC
620262,2,856,closed,25,25,2020-06-23 20:17:41 UTC
198159,3,367,closed,39,39,2020-07-01 21:47:57 UTC
472017,1,419,closed,18,18,2020-06-22 21:47:45 UTC
118027,2,1186,closed,24,24,2020-07-02 18:42:28 UTC
341631,3,1319,closed,31,31,2020-07-07 22:58:45 UTC
731127,1,212,closed,14,14,2020-07-14 22:05:16 UTC
623323,2,1134,closed,26,26,2020-07-10 17:11:13 UTC
417841,3,607,closed,39,39,2020-07-18 17:31:26 UTC
193950,1,743,closed,18,18,2020-07-04 21:59:33 UTC
420651,2,1766,closed,28,28,2020-07-18 20:07:15 UTC
386991,3,1697,closed,31,31,2020-07-14 17:51:12 UTC
342878,1,1456,closed,10,10,2020-07-11 19:53:01 UTC
734363,2,938,closed,21,21,2020-07-04 21:37:40 UTC
594978,3,2008,closed,37,37,2020-06-23 21:33:00 UTC
474561,1,1822,closed,14,14,2020-07-10 18:26:00 UTC
199137,2,856,closed,26,26,2020-07-13 18:52:58 UTC
708241,3,980,closed,32,32,2020-07-03 19:02:03 UTC
366416,1,1217,closed,11,11,2020-06-25 20:46:54 UTC
272536,2,1911,closed,24,24,2020-06-28 21:31:11 UTC
689131,3,842,closed,31,31,2020-06-27 19:09:45 UTC
760439,1,25,closed,10,10,2020-07-08 20:52:09 UTC
354452,2,649,closed,26,26,2020-06-27 18:41:47 UTC
868025,3,1052,closed,38,38,2020-07-05 20:32:41 UTC
367483,1,642,closed,19,19,2020-07-01 17:57:51 UTC
234394,2,386,closed,27,27,2020-07-14 17:42:59 UTC
316003,3,617,closed,33,33,2020-06-22 22:44:30 UTC
265673,1,292,closed,13,13,2020-07-10 20:42:56 UTC
629662,2,404,closed,27,27,2020-06-29 17:10:55 UTC
509771,3,747,closed,30,30,2020-07-14 18:08:56 UTC
135357,1,679,closed,13,13,2020-07-07 17:59:27 UTC
819412,2,1946,closed,29,29,2020-07-06 22:04:33 UTC
179173,3,919,closed,31,31,2020-07-06 17:05:01 UTC
419753,1,1312,closed,19,19,2020-07-19 18:26:01 UTC
580409,2,1648,closed,23,23,2020-07-20 17:54:53 UTC
633429,3,295,closed,32,32,2020-06-27 21:51:31 UTC
120841,1,265,closed,14,14,2020-06-25 17:49:54 UTC
877433,2,1404,closed,21,21,2020-07-11 20:22:47 UTC
675214,3,197,closed,32,32,2020-06-28 21:37:26 UTC
573165,1,307,closed,10,10,2020-07-16 20:16:27 UTC
563067,2,1759,closed,21,21,2020-06-27 19:04:21 UTC
872271,3,1421,closed,34,34,2020-06-25 22:29:52 UTC
815722,1,1357,closed,17,17,2020-07-17 21:59:44 UTC
206043,2,1464,closed,20,20,2020-07-20 20:15:31 UTC
813351,3,1845,closed,39,39,2020-07-01 22:04:20 UTC
774952,1,170,closed,18,18,2020-07-04 20:01:37 UTC
303834,2,395,closed,26,26,2020-07-21 17:40:34 UTC
178578,3,1369,closed,32,32,2020-06-30 18:31:37 UTC
193750,1,1610,closed,10,10,2020-07-03 18:34:51 UTC
542209,2,621,closed,28,28,2020-06-26 20:04:47 UTC
528881,3,1129,closed,33,33,2020-07-19 22:48:21 UTC
514998,1,1741,closed,19,19,2020-07-03 17:13:49 UTC
592105,2,1970,closed,23,23,2020-07-19 20:00:13 UTC
875477,3,827,closed,36,36,2020-07-14 21:00:14 UTC
572531,1,1096,closed,18,18,2020-07-07 17:36:28 UTC
895130,2,271,closed,24,24,2020-07-01 22:45:03 UTC
398030,3,1044,closed,31,31,2020-07-09 20:53:45 UTC
831876,1,263,closed,19,19,2020-07-09 21:31:38 UTC
318699,2,487,closed,21,21,2020-07-14 19:18:52 UTC
876814,3,908,closed,38,38,2020-07-11 21:06:38 UTC
766914,1,1540,closed,10,10,2020-07-04 20:26:30 UTC
459954,2,1099,closed,21,21,2020-07-17 20:48:30 UTC
547301,3,1143,closed,35,35,2020-06-26 19:11:18 UTC
271565,1,1982,closed,17,17,2020-07-18 19:02:14 UTC
612667,2,1127,closed,20,20,2020-07-07 17:06:04 UTC
113313,3,1509,closed,35,35,2020-06-26 19:45:42 UTC
157019,1,444,closed,13,13,2020-07-02 18:03:50 UTC
192516,2,916,closed,23,23,2020-07-08 20:47:15 UTC
325803,3,423,closed,30,30,2020-07-07 22:41:30 UTC
869375,1,243,closed,19,19,2020-07-15 17:53:38 UTC
307335,2,360,closed,24,24,2020-07-21 19:12:19 UTC
200131,3,52,closed,36,36,2020-06-30 19:50:53 UTC
354592,1,1140,closed,19,19,2020-07-12 21:48:22 UTC
208861,2,539,closed,23,23,2020-07-02 18:56:19 UTC
444373,3,919,closed,31,31,2020-06-26 17:45:15 UTC
535708,1,1531,closed,19,19,2020-06-24 19:20:20 UTC
525915,2,345,closed,25,25,2020-06-26 21:55:32 UTC
417515,3,1333,closed,31,31,2020-07-19 20:02:52 UTC
804618,1,1880,closed,19,19,2020-07-01 21:18:43 UTC
241782,2,1760,closed,27,27,2020-07-10 19:53:06 UTC
334780,3,121,closed,37,37,2020-06-22 20:12:18 UTC
657116,1,189,closed,18,18,2020-07-16 21:24:29 UTC
713284,2,761,closed,21,21,2020-06-29 20:03:15 UTC
245568,3,693,closed,33,33,2020-06-24 21:30:54 UTC
131789,1,1557,closed,14,14,2020-06-23 18:09:50 UTC
236831,2,1915,closed,20,20,2020-07-03 22:12:03 UTC
264415,3,696,closed,31,31,2020-07-06 17:33:06 UTC
208853,1,83,closed,14,14,2020-07-19 19:30:20 UTC
651284,2,308,closed,23,23,2020-07-11 21:35:54 UTC
287495,3,160,closed,38,38,2020-07-20 17:14:33 UTC
733833,1,155,closed,19,19,2020-07-13 20:07:20 UTC
722988,2,922,closed,27,27,2020-07-15 20:19:10 UTC
612544,3,1508,closed,39,39,2020-07-21 21:20:28 UTC
211643,1,467,closed,12,12,2020-07-21 20:39:36 UTC
719721,2,256,closed,21,21,2020-07-02 18:30:37 UTC
578093,3,647,closed,32,32,2020-07-07 21:16:22 UTC
246191,1,640,closed,18,18,2020-07-05 21:37:43 UTC
651154,2,1250,closed,26,26,2020-07-12 19:28:16 UTC
533669,3,279,closed,38,38,2020-06-27 18:53:12 UTC
590388,1,1153,closed,13,13,2020-07-11 21:29:52 UTC
506173,2,163,closed,24,24,2020-07-14 21:05:42 UTC
346607,3,1668,closed,36,36,2020-07-20 17:20:43 UTC
233308,1,1685,closed,11,11,2020-06-22 20:36:08 UTC
274891,2,25,closed,22,22,2020-07-17 18:36:02 UTC
229992,3,1282,closed,32,32,2020-07-21 22:27:30 UTC
254700,1,326,closed,14,14,2020-07-10 18:42:56 UTC
747106,2,1439,closed,27,27,2020-07-19 21:06:54 UTC
816035,3,1088,closed,34,34,2020-07-10 18:42:16 UTC
642113,1,487,closed,17,17,2020-07-07 20:58:09 UTC
220795,2,916,closed,21,21,2020-06-27 20:41:22 UTC
488032,3,750,closed,37,37,2020-07-13 18:46:35 UTC
209759,1,1672,closed,17,17,2020-07-06 22:36:31 UTC
282591,2,964,closed,23,23,2020-07-21 17:15:32 UTC
365997,3,1486,closed,32,32,2020-06-30 20:02:07 UTC
129547,1,995,closed,19,19,2020-07-16 21:58:55 UTC
254086,2,620,closed,25,25,2020-07-06 17:04:29 UTC
740464,3,1811,closed,38,38,2020-06-29 19:20:55 UTC
759073,1,153,closed,19,19,2020-07-14 19:23:35 UTC
337127,2,360,closed,26,26,2020-06-27 18:02:35 UTC
625471,3,1117,closed,39,39,2020-07-14 19:55:34 UTC
196706,1,925,closed,17,17,2020-07-15 18:09:07 UTC
755338,2,1905,closed,20,20,2020-07-17 17:03:24 UTC
143217,3,590,closed,37,37,2020-07-19 21:39:39 UTC
588780,1,1525,closed,18,18,2020-07-17 20:59:00 UTC
547220,2,504,closed,23,23,2020-07-06 20:44:58 UTC
684041,3,86,closed,35,35,2020-07-02 18:39:16 UTC
511368,1,117,closed,19,19,2020-07-04 21:46:02 UTC
559444,2,65,closed,28,28,2020-07-02 22:52:19 UTC
712507,3,1095,closed,31,31,2020-07-02 18:44:02 UTC
276893,1,1010,closed,13,13,2020-06-23 20:40:11 UTC
406694,2,1463,closed,27,27,2020-07-04 18:03:40 UTC
315762,3,1428,closed,34,34,2020-07-12 19:36:04 UTC
852007,1,474,closed,16,16,2020-06-22 20:31:51 UTC
414356,2,51,closed,26,26,2020-07-17 19:43:34 UTC
549823,3,835,closed,30,30,2020-07-01 19:02:40 UTC
810256,1,654,closed,18,18,2020-06-25 18:35:03 UTC
408963,2,1579,closed,24,24,2020-06-23 18:45:52 UTC
639539,3,1118,closed,32,32,2020-06-24 20:45:58 UTC
123009,1,38,closed,12,12,2020-07-20 21:42:10 UTC
772099,2,10,closed,28,28,2020-07-12 19:45:28 UTC
790578,3,540,closed,36,36,2020-06-25 21:23:40 UTC
424472,1,1029,closed,14,14,2020-07-02 20:07:18 UTC
840869,2,1540,closed,25,25,2020-07-16 22:34:27 UTC
808003,3,1105,closed,39,39,2020-07-01 19:46:31 UTC
679829,1,794,closed,12,12,2020-06-29 20:09:18 UTC
163905,2,398,closed,25,25,2020-07-21 22:13:59 UTC
113147,3,1423,closed,32,32,2020-06-23 20:37:48 UTC
117765,1,1286,closed,12,12,2020-06-26 21:26:20 UTC
142107,2,305,closed,23,23,2020-06-30 17:06:24 UTC
210382,3,614,closed,33,33,2020-07-20 21:46:12 UTC
861338,1,1175,closed,14,14,2020-07-19 17:04:40 UTC
223429,2,902,closed,20,20,2020-07-20 21:16:56 UTC
864913,3,696,closed,38,38,2020-06-26 17:45:38 UTC
680207,1,118,closed,11,11,2020-07-13 20:36:17 UTC
489227,2,1425,closed,25,25,2020-06-28 17:14:37 UTC
442660,3,613,closed,34,34,2020-07-15 20:35:19 UTC
542917,1,1012,closed,11,11,2020-07-03 19:28:39 UTC
698055,2,477,closed,28,28,2020-07-21 21:53:43 UTC
855799,3,200,closed,36,36,2020-07-16 18:57:59 UTC
685427,1,863,closed,14,14,2020-07-14 20:38:16 UTC
135284,2,321,closed,22,22,2020-07-05 17:58:19 UTC
159469,3,859,closed,36,36,2020-07-20 20:53:33 UTC
790024,1,1799,closed,16,16,2020-07-12 20:24:33 UTC
406419,2,2000,closed,24,24,2020-07-16 17:23:34 UTC
228915,3,679,closed,35,35,2020-07-06 19:39:47 UTC
168921,1,1449,closed,13,13,2020-07-17 18:55:16 UTC
894115,2,946,closed,28,28,2020-06-30 20:55:49 UTC
768393,3,1124,closed,37,37,2020-06-25 19:30:13 UTC
117339,1,1405,closed,10,10,2020-07-13 21:45:07 UTC
739622,2,453,closed,28,28,2020-07-14 18:03:49 UTC
306379,3,215,closed,39,39,2020-07-13 22:19:41 UTC
670159,1,361,closed,15,15,2020-06-26 21:46:31 UTC
862087,2,1803,closed,29,29,2020-07-08 20:37:56 UTC
661389,3,1098,closed,30,30,2020-07-01 18:32:59 UTC
840944,1,198,closed,15,15,2020-06-23 21:20:58 UTC
864329,2,556,closed,27,27,2020-07-21 19:54:49 UTC
468770,3,1097,closed,34,34,2020-07-19 18:48:18 UTC
513856,1,1684,closed,19,19,2020-06-29 22:17:49 UTC
152062,2,89,closed,27,27,2020-07-16 18:39:09 UTC
228266,3,32,closed,30,30,2020-07-07 19:55:17 UTC
335607,1,892,closed,12,12,2020-07-12 19:11:05 UTC
103018,2,533,closed,26,26,2020-07-11 20:42:52 UTC
885067,3,361,closed,32,32,2020-07-20 20:09:54 UTC
801395,1,1345,closed,16,16,2020-06-24 19:00:18 UTC
204104,2,48,closed,23,23,2020-06-24 17:28:38 UTC
342951,3,290,closed,30,30,2020-07-09 19:18:56 UTC
408752,1,1273,closed,12,12,2020-07-13 17:45:34 UTC
143319,2,1285,closed,22,22,2020-07-05 22:22:13 UTC
677497,3,147,closed,30,30,2020-06-25 19:43:11 UTC
248032,1,725,closed,11,11,2020-07-20 20:43:49 UTC
141503,2,1676,closed,25,25,2020-07-18 19:56:32 UTC
693847,3,1611,closed,38,38,2020-07-01 18:07:23 UTC
789152,1,1742,closed,13,13,2020-06-27 17:58:03 UTC
404480,2,1563,closed,27,27,2020-07-14 21:29:50 UTC
887248,3,969,closed,30,30,2020-07-19 19:12:06 UTC
899941,1,589,closed,19,19,2020-07-20 20:26:09 UTC
231487,2,1121,closed,27,27,2020-06-23 19:20:57 UTC
854224,3,633,closed,35,35,2020-06-29 21:19:05 UTC
731357,1,421,closed,16,16,2020-07-16 17:06:43 UTC
235060,2,2007,closed,26,26,2020-07-10 20:28:28 UTC
419160,3,1601,closed,38,38,2020-07-14 18:49:45 UTC
445631,1,876,closed,13,13,2020-06-23 19:51:35 UTC
682732,2,246,closed,23,23,2020-07-14 22:59:54 UTC
862463,3,1935,closed,37,37,2020-07-15 18:09:18 UTC
144442,1,1283,closed,17,17,2020-06-24 21:33:38 UTC
732013,2,117,closed,27,27,2020-07-16 17:59:17 UTC
235739,3,1348,closed,31,31,2020-07-12 22:50:01 UTC
710447,1,774,closed,13,13,2020-06-27 20:10:51 UTC
861846,2,65,closed,29,29,2020-06-25 22:18:15 UTC
420555,3,1176,closed,32,32,2020-07-08 19:59:19 UTC
473800,1,1504,closed,16,16,2020-07-18 21:30:42 UTC
474483,2,1583,closed,22,22,2020-06-22 17:34:11 UTC
873411,3,536,closed,38,38,2020-06-28 19:19:06 UTC
195140,1,271,closed,17,17,2020-07-02 19:33:59 UTC
659654,2,1304,closed,24,24,2020-07-05 19:49:11 UTC
637705,3,616,closed,30,30,2020-06-23 22:59:08 UTC
620063,1,927,closed,14,14,2020-06-26 22:26:06 UTC
836661,2,1489,closed,21,21,2020-06-22 17:35:27 UTC
164402,3,1513,closed,37,37,2020-06-30 20:41:28 UTC
489784,1,1183,closed,14,14,2020-06-26 21:33:39 UTC
891716,2,629,closed,29,29,2020-06-23 19:27:20 UTC
875922,3,1978,closed,35,35,2020-07-02 17:22:01 UTC
594518,1,783,closed,18,18,2020-07-05 21:24:35 UTC
613744,2,966,closed,26,26,2020-06-23 18:41:29 UTC
562510,3,1329,closed,30,30,2020-07-04 17:09:30 UTC
731028,1,1813,closed,15,15,2020-07-05 22:45:40 UTC
462754,2,1293,closed,29,29,2020-07-02 18:14:09 UTC
416695,3,822,closed,33,33,2020-06-27 20:47:06 UTC
184503,1,1246,closed,11,11,2020-07-12 19:11:13 UTC
400379,2,628,closed,20,20,2020-07-14 17:13:20 UTC
156881,3,634,closed,32,32,2020-06-30 19:30:21 UTC
592830,1,1528,closed,12,12,2020-07-20 19:17:19 UTC
425818,2,1680,closed,25,25,2020-07-13 19:59:39 UTC
614582,3,69,closed,30,30,2020-07-18 22:40:25 UTC
502218,1,996,closed,18,18,2020-06-24 21:38:29 UTC
666746,2,1871,closed,28,28,2020-07-16 17:16:57 UTC
510762,3,1506,closed,35,35,2020-07-08 20:35:42 UTC
856396,1,823,closed,18,18,2020-07-21 17:25:44 UTC
814003,2,1669,closed,26,26,2020-07-09 19:19:51 UTC
355927,3,1396,closed,30,30,2020-07-05 21:16:53 UTC
734232,1,771,closed,12,12,2020-06-24 19:11:55 UTC
373575,2,1899,closed,23,23,2020-06-26 17:22:18 UTC
341243,3,1463,closed,34,34,2020-07-16 18:29:06 UTC
101577,1,1991,closed,18,18,2020-06-24 17:52:27 UTC
413955,2,398,closed,27,27,2020-06-26 19:53:44 UTC
457831,3,791,closed,30,30,2020-07-13 17:41:29 UTC
468588,1,280,closed,17,17,2020-07-19 20:39:42 UTC
797666,2,251,closed,28,28,2020-07-06 21:46:04 UTC
431902,3,2,closed,35,35,2020-06-22 20:27:14 UTC
668656,1,224,closed,19,19,2020-07-02 17:57:42 UTC
273737,2,414,closed,26,26,2020-07-06 22:01:34 UTC
583317,3,622,closed,30,30,2020-07-09 17:46:13 UTC
162829,1,553,closed,16,16,2020-07-04 20:17:27 UTC
191222,2,480,closed,20,20,2020-07-01 17:50:03 UTC
555059,3,933,closed,33,33,2020-07-07 19:18:43 UTC
555124,1,1285,closed,14,14,2020-07-04 21:30:39 UTC
812562,2,1645,closed,21,21,2020-07-06 17:25:22 UTC
899310,3,54,closed,39,39,2020-06-22 18:35:04 UTC
138096,1,1322,closed,19,19,2020-07-18 18:30:55 UTC
617878,2,1540,closed,21,21,2020-06-28 21:06:29 UTC
771945,3,1865,closed,37,37,2020-07-13 21:11:21 UTC
375318,1,1499,closed,12,12,2020-06-23 22:48:39 UTC
764916,2,629,closed,21,21,2020-06-24 19:43:09 UTC
830919,3,139,closed,34,34,2020-07-13 22:31:45 UTC
209688,1,1377,closed,16,16,2020-07-21 21:09:45 UTC
884175,2,590,closed,25,25,2020-07-12 21:34:42 UTC
861005,3,1907,closed,35,35,2020-07-16 22:34:17 UTC
728290,1,1988,closed,15,15,2020-07-04 17:17:24 UTC
451662,2,1358,closed,29,29,2020-07-08 17:43:31 UTC
197545,3,1646,closed,32,32,2020-07-08 18:23:43 UTC
601192,1,1191,closed,10,10,2020-07-12 17:40:02 UTC
284232,2,556,closed,21,21,2020-06-30 20:03:39 UTC
471957,3,1717,closed,38,38,2020-06-26 19:23:17 UTC
591850,1,427,closed,11,11,2020-06-26 17:30:57 UTC
538456,2,767,closed,27,27,2020-07-03 17:42:06 UTC
636194,3,1935,closed,36,36,2020-07-16 19:23:12 UTC
808449,1,68,closed,19,19,2020-07-16 19:11:22 UTC
178828,2,489,closed,20,20,2020-06-22 17:49:53 UTC
586072,3,285,closed,31,31,2020-07-02 17:51:30 UTC
421713,1,380,closed,11,11,2020-07-17 19:37:25 UTC
445408,2,1214,closed,27,27,2020-07-18 19:43:52 UTC
609497,3,584,closed,39,39,2020-07-05 17:00:33 UTC
521158,1,1748,closed,11,11,2020-07-15 19:24:00 UTC
862873,2,1659,closed,21,21,2020-07-15 19:59:05 UTC
809040,3,1748,closed,34,34,2020-07-04 20:30:04 UTC
629402,1,36,closed,14,14,2020-07-16 20:12:26 UTC
497577,2,566,closed,23,23,2020-07-15 17:45:38 UTC
569098,3,1844,closed,38,38,2020-07-21 19:58:27 UTC
783244,1,441,closed,17,17,2020-06-27 20:07:19 UTC
315002,2,895,closed,26,26,2020-06-22 21:31:14 UTC
478238,3,1942,closed,30,30,2020-07-14 20:10:25 UTC
545839,1,1642,closed,12,12,2020-06-25 21:37:53 UTC
259258,2,986,closed,23,23,2020-07-10 18:07:19 UTC
666892,3,1975,closed,31,31,2020-06-23 19:05:37 UTC
860512,1,997,closed,13,13,2020-06-27 17:23:44 UTC
734035,2,946,closed,24,24,2020-07-09 20:31:01 UTC
597022,3,573,closed,35,35,2020-06-25 19:25:33 UTC
636873,1,97,closed,11,11,2020-07-06 18:32:15 UTC
544027,2,1670,closed,24,24,2020-06-24 19:41:04 UTC
703562,3,1383,closed,34,34,2020-07-05 20:42:17 UTC
205561,1,270,closed,16,16,2020-06-30 22:08:31 UTC
817402,2,1188,closed,20,20,2020-06-26 21:01:21 UTC
459252,3,396,closed,39,39,2020-07-01 20:43:25 UTC
594642,1,463,closed,15,15,2020-07-14 21:03:12 UTC
344904,2,1354,closed,23,23,2020-06-29 22:27:30 UTC
383046,3,1902,closed,34,34,2020-07-14 21:32:50 UTC
661247,1,1179,closed,11,11,2020-06-28 20:57:18 UTC
134178,2,1819,closed,29,29,2020-06-23 22:26:12 UTC
581900,3,1336,closed,36,36,2020-07-16 22:18:09 UTC
754827,1,747,closed,15,15,2020-06-27 20:51:11 UTC
535741,2,1462,closed,29,29,2020-06-26 21:19:31 UTC
311109,3,721,closed,34,34,2020-06-25 22:48:19 UTC
605858,1,734,closed,12,12,2020-06-25 17:12:01 UTC
781808,2,1426,closed,28,28,2020-06-28 21:44:14 UTC
168073,3,1148,closed,30,30,2020-07-09 17:43:21 UTC
305053,1,783,closed,17,17,2020-07-19 17:45:04 UTC
240203,2,874,closed,23,23,2020-07-06 20:51:59 UTC
814338,3,843,closed,30,30,2020-07-16 17:16:26 UTC
608792,1,1263,closed,13,13,2020-06-22 22:24:55 UTC
657475,2,544,closed,23,23,2020-07-01 18:46:06 UTC
847538,3,937,closed,32,32,2020-06-29 19:35:40 UTC
712435,1,1604,closed,18,18,2020-07-16 22:38:29 UTC
578501,2,1479,closed,25,25,2020-07-09 22:49:36 UTC
212656,3,1425,closed,33,33,2020-07-10 20:07:28 UTC
256538,1,172,closed,10,10,2020-07-09 20:42:06 UTC
163707,2,360,closed,28,28,2020-07-20 19:56:27 UTC
718734,3,622,closed,38,38,2020-07-17 22:50:01 UTC
819317,1,861,closed,14,14,2020-07-09 20:23:49 UTC
702532,2,1333,closed,25,25,2020-07-17 21:30:11 UTC
291440,3,1059,closed,32,32,2020-06-26 22:22:10 UTC
420634,1,308,closed,17,17,2020-07-06 22:45:54 UTC
452784,2,792,closed,28,28,2020-07-20 19:08:41 UTC
640833,3,814,closed,30,30,2020-07-05 17:13:36 UTC
413060,1,293,closed,11,11,2020-07-17 17:56:56 UTC
333154,2,1729,closed,25,25,2020-07-08 18:40:04 UTC
839548,3,1588,closed,32,32,2020-07-12 17:54:22 UTC
167705,1,1843,closed,10,10,2020-06-28 18:38:51 UTC
558882,2,547,closed,29,29,2020-06-24 21:55:13 UTC
838809,3,492,closed,39,39,2020-07-18 22:14:58 UTC
181960,1,1797,closed,12,12,2020-06-27 21:31:09 UTC
335518,2,739,closed,21,21,2020-07-09 21:13:39 UTC
762902,3,1564,closed,39,39,2020-06-23 21:40:30 UTC
772697,1,322,closed,19,19,2020-06-28 21:24:10 UTC
430304,2,510,closed,25,25,2020-07-20 22:31:39 UTC
514210,3,1337,closed,31,31,2020-07-19 19:49:14 UTC
280283,1,1867,closed,12,12,2020-06-27 17:49:17 UTC
822836,2,627,closed,22,22,2020-07-09 18:21:36 UTC
257091,3,400,closed,31,31,2020-06-25 20:13:18 UTC
184398,1,722,closed,14,14,2020-07-19 20:38:44 UTC
523564,2,522,closed,26,26,2020-07-18 21:44:33 UTC
347102,3,1524,closed,36,36,2020-06-30 21:08:52 UTC
701015,1,451,closed,15,15,2020-07-20 18:32:03 UTC
487207,2,1200,closed,21,21,2020-06-26 20:16:33 UTC
840868,3,841,closed,37,37,2020-07-13 17:46:35 UTC
879345,1,899,closed,19,19,2020-07-14 21:10:20 UTC
785693,2,876,closed,20,20,2020-07-10 20:49:44 UTC
131500,3,870,closed,30,30,2020-06-29 22:10:28 UTC
528711,1,945,closed,12,12,2020-07-17 20:46:59 UTC
874729,2,376,closed,21,21,2020-07-14 20:43:50 UTC
592795,3,1669,closed,30,30,2020-06-30 20:08:25 UTC
779577,1,1859,closed,16,16,2020-07-16 20:14:21 UTC
571199,2,81,closed,28,28,2020-06-29 18:36:09 UTC
193475,3,1222,closed,32,32,2020-07-18 17:32:27 UTC
719168,1,643,closed,11,11,2020-07-21 17:10:19 UTC
217945,2,1257,closed,29,29,2020-06-22 19:04:02 UTC
314216,3,1983,closed,35,35,2020-06-27 20:15:06 UTC
580272,1,1290,closed,13,13,2020-06-28 19:46:43 UTC
628457,2,1902,closed,25,25,2020-07-05 22:37:23 UTC
865861,3,143,closed,30,30,2020-06-24 22:25:49 UTC
846532,1,549,closed,17,17,2020-07-14 18:41:53 UTC
233398,2,1313,closed,27,27,2020-07-12 19:27:53 UTC
103498,3,123,closed,37,37,2020-07-05 18:43:57 UTC
785189,1,1109,closed,17,17,2020-07-05 22:06:04 UTC
273522,2,215,closed,27,27,2020-07-01 21:46:16 UTC
604994,3,1167,closed,32,32,2020-06-22 19:51:17 UTC
862345,1,938,closed,12,12,2020-06-23 21:58:50 UTC
403329,2,105,closed,25,25,2020-07-07 19:41:17 UTC
676673,3,1228,closed,34,34,2020-06-30 21:17:21 UTC
222918,1,1989,closed,10,10,2020-07-05 17:32:11 UTC
822038,2,1337,closed,24,24,2020-07-05 21:15:00 UTC
209666,3,439,closed,32,32,2020-06-24 20:56:30 UTC
691100,1,865,closed,12,12,2020-07-03 19:00:16 UTC
381847,2,123,closed,22,22,2020-07-05 18:44:21 UTC
767792,3,510,closed,30,30,2020-07-08 18:55:27 UTC
266379,1,1218,closed,19,19,2020-07-20 22:11:28 UTC
818186,2,598,closed,24,24,2020-06-24 17:00:58 UTC
242376,3,610,closed,35,35,2020-07-15 20:19:41 UTC
556140,1,1606,closed,13,13,2020-06-24 20:16:47 UTC
207428,2,1583,closed,28,28,2020-06-27 22:13:54 UTC
822239,3,825,closed,30,30,2020-06-26 21:12:02 UTC
126391,1,1940,closed,16,16,2020-06-29 20:21:36 UTC
153170,2,984,closed,28,28,2020-07-20 18:46:10 UTC
731576,3,1281,closed,30,30,2020-06-29 20:10:36 UTC
816205,1,1132,closed,13,13,2020-07-16 22:26:35 UTC
516113,2,935,closed,28,28,2020-07-03 18:05:48 UTC
818592,3,1586,closed,30,30,2020-06-25 20:00:35 UTC
843276,1,689,closed,18,18,2020-06-23 17:33:28 UTC
100127,2,1425,closed,28,28,2020-06-25 21:53:12 UTC
696094,3,199,closed,30,30,2020-07-12 18:14:48 UTC
388165,1,1532,closed,12,12,2020-06-28 17:56:07 UTC
434197,2,920,closed,21,21,2020-06-25 17:22:41 UTC
479533,3,890,closed,34,34,2020-07-15 21:01:37 UTC
612007,1,693,closed,15,15,2020-06-26 18:15:49 UTC
142448,2,1359,closed,23,23,2020-06-22 19:32:43 UTC
418226,3,1413,closed,36,36,2020-07-21 20:21:33 UTC
130166,1,640,closed,12,12,2020-06-24 17:41:03 UTC
768292,2,1616,closed,26,26,2020-07-19 22:43:36 UTC
364073,3,1680,closed,32,32,2020-07-16 19:38:43 UTC
103401,1,15,closed,15,15,2020-06-23 17:06:44 UTC
432065,2,953,closed,21,21,2020-07-19 18:55:01 UTC
518033,3,1087,closed,32,32,2020-07-20 20:06:23 UTC
337072,1,1179,closed,17,17,2020-07-19 20:27:13 UTC
105752,2,1932,closed,20,20,2020-07-03 22:44:49 UTC
397143,3,1759,closed,39,39,2020-06-30 19:10:57 UTC
282813,1,1084,closed,15,15,2020-06-29 19:59:25 UTC
338305,2,1831,closed,22,22,2020-07-02 18:56:09 UTC
159574,3,1883,closed,33,33,2020-07-11 19:39:01 UTC
755261,1,616,closed,19,19,2020-07-10 21:51:37 UTC
366030,2,1364,closed,24,24,2020-07-16 20:45:10 UTC
877250,3,1180,closed,33,33,2020-07-17 21:22:26 UTC
169169,1,1047,closed,13,13,2020-07-14 19:30:21 UTC
338490,2,1141,closed,20,20,2020-07-14 17:29:08 UTC
247965,3,255,closed,38,38,2020-07-10 19:51:49 UTC
423135,1,288,closed,15,15,2020-06-22 20:52:04 UTC
494374,2,1776,closed,26,26,2020-07-12 21:43:05 UTC
288238,3,1832,closed,32,32,2020-06-28 20:26:19 UTC
106744,1,142,closed,10,10,2020-07-21 17:31:42 UTC
808450,2,1782,closed,21,21,2020-07-17 17:26:31 UTC
770286,3,219,closed,34,34,2020-06-23 19:11:34 UTC
825056,1,1380,closed,18,18,2020-07-11 18:16:23 UTC
222163,2,1063,closed,26,26,2020-07-05 19:09:17 UTC
216200,3,1173,closed,33,33,2020-06-23 17:44:42 UTC
424342,1,213,closed,10,10,2020-07-08 17:54:01 UTC
849470,2,1013,closed,29,29,2020-07-18 22:54:08 UTC
507810,3,41,closed,38,38,2020-07-07 22:15:32 UTC
301257,1,1841,closed,19,19,2020-06-28 21:39:15 UTC
713349,2,1910,closed,27,27,2020-06-29 18:12:03 UTC
234706,3,935,closed,32,32,2020-06-30 18:22:08 UTC
153920,1,1139,closed,18,18,2020-07-02 22:53:15 UTC
309857,2,1233,closed,20,20,2020-07-13 21:25:34 UTC
401283,3,1276,closed,35,35,2020-07-01 21:12:45 UTC
143783,1,761,closed,15,15,2020-07-20 18:27:15 UTC
421252,2,1566,closed,22,22,2020-07-18 21:38:52 UTC
755863,3,313,closed,32,32,2020-06-26 17:39:50 UTC
482659,1,560,closed,17,17,2020-06-29 22:04:38 UTC
406986,2,184,closed,28,28,2020-07-09 17:51:05 UTC
756577,3,567,closed,39,39,2020-06-24 20:21:52 UTC
304826,1,1593,closed,18,18,2020-07-10 22:24:35 UTC
286040,2,1263,closed,25,25,2020-07-08 19:59:51 UTC
811099,3,421,closed,35,35,2020-07-13 18:10:19 UTC
133350,1,1502,closed,18,18,2020-07-17 20:07:27 UTC
333438,2,1152,closed,20,20,2020-06-24 18:22:00 UTC
274492,3,51,closed,30,30,2020-06-27 22:27:53 UTC
436142,1,1196,closed,12,12,2020-07-03 22:51:01 UTC
625445,2,1029,closed,24,24,2020-07-17 17:21:50 UTC
395402,3,1134,closed,37,37,2020-07-15 20:32:50 UTC
678109,1,1216,closed,19,19,2020-07-02 18:32:18 UTC
361892,2,314,closed,24,24,2020-07-08 22:38:00 UTC
713816,3,908,closed,31,31,2020-07-12 18:04:31 UTC
686324,1,1578,closed,11,11,2020-07-21 20:16:50 UTC
322486,2,290,closed,29,29,2020-07-14 22:45:15 UTC
194921,3,813,closed,39,39,2020-06-29 17:40:56 UTC
302517,1,411,closed,16,16,2020-07-04 18:52:27 UTC
822846,2,101,closed,20,20,2020-07-19 20:05:36 UTC
786834,3,124,closed,38,38,2020-06-22 19:21:11 UTC
162373,1,1569,closed,17,17,2020-06-23 17:39:05 UTC
415786,2,306,closed,24,24,2020-06-28 18:29:57 UTC
717954,3,1747,closed,37,37,2020-06-29 18:51:39 UTC
882789,1,1857,closed,19,19,2020-06-30 18:14:03 UTC
270725,2,614,closed,23,23,2020-07-17 20:29:51 UTC
589980,3,1712,closed,33,33,2020-06-30 18:56:23 UTC
582297,1,696,closed,11,11,2020-07-15 18:20:56 UTC
246024,2,201,closed,27,27,2020-06-22 19:23:13 UTC
501325,3,1441,closed,33,33,2020-06-30 19:30:10 UTC
388265,1,294,closed,12,12,2020-07-18 21:31:41 UTC
729459,2,381,closed,26,26,2020-07-05 21:13:26 UTC
320383,3,102,closed,32,32,2020-06-29 22:30:02 UTC
717917,1,1869,closed,19,19,2020-07-03 18:22:11 UTC
243680,2,530,closed,27,27,2020-07-04 21:23:08 UTC
562170,3,1524,closed,35,35,2020-07-04 18:24:43 UTC
376949,1,882,closed,16,16,2020-06-23 22:00:41 UTC
193655,2,554,closed,29,29,2020-07-15 17:50:13 UTC
129684,3,209,closed,38,38,2020-06-30 18:43:34 UTC
826575,1,1236,closed,11,11,2020-07-06 19:38:30 UTC
240700,2,1869,closed,20,20,2020-07-07 20:24:21 UTC
258197,3,35,closed,36,36,2020-07-09 22:52:46 UTC
858387,1,131,closed,17,17,2020-06-23 18:36:13 UTC
316415,2,1451,closed,20,20,2020-07-17 17:51:06 UTC
185744,3,1343,closed,31,31,2020-06-22 22:28:49 UTC
572352,1,1976,closed,13,13,2020-07-08 17:28:20 UTC
473704,2,155,closed,27,27,2020-07-09 22:30:08 UTC
434343,3,1042,closed,33,33,2020-07-21 19:15:26 UTC
845827,1,898,closed,13,13,2020-06-25 17:10:42 UTC
880777,2,1818,closed,20,20,2020-06-26 21:54:33 UTC
872036,3,1145,closed,35,35,2020-07-15 17:40:09 UTC
134862,1,248,closed,17,17,2020-07-08 21:44:53 UTC
769006,2,1193,closed,21,21,2020-06-29 19:03:37 UTC
192839,3,8,closed,38,38,2020-07-10 21:47:02 UTC
661950,1,766,closed,16,16,2020-07-06 17:04:01 UTC
133090,2,960,closed,29,29,2020-07-06 21:25:04 UTC
286995,3,184,closed,36,36,2020-07-20 19:00:38 UTC
777645,1,1613,closed,12,12,2020-07-15 20:45:16 UTC
466829,2,337,closed,20,20,2020-07-04 17:30:59 UTC
563213,3,1547,closed,36,36,2020-07-16 19:07:44 UTC
455145,1,618,closed,19,19,2020-07-05 20:42:06 UTC
786929,2,124,closed,24,24,2020-07-04 20:48:46 UTC
783161,3,509,closed,33,33,2020-07-03 18:03:40 UTC
868049,1,566,closed,12,12,2020-07-16 18:33:57 UTC
123281,2,595,closed,28,28,2020-07-21 22:37:47 UTC
269101,3,238,closed,30,30,2020-06-28 17:43:24 UTC
361732,1,404,closed,16,16,2020-07-08 17:38:57 UTC
239291,2,1667,closed,28,28,2020-07-17 21:36:51 UTC
603460,3,902,closed,31,31,2020-06-23 21:23:21 UTC
490221,1,1835,closed,10,10,2020-07-14 19:25:57 UTC
778404,2,1677,closed,24,24,2020-07-06 19:14:30 UTC
683500,3,1199,closed,33,33,2020-07-01 19:55:44 UTC
324732,1,1966,closed,15,15,2020-06-24 18:04:10 UTC
634049,2,1598,closed,28,28,2020-07-03 21:10:06 UTC
194838,3,683,closed,31,31,2020-07-03 20:32:39 UTC
210913,1,423,closed,10,10,2020-07-11 21:35:50 UTC
269013,2,1783,closed,22,22,2020-06-23 17:11:05 UTC
647066,3,1572,closed,34,34,2020-07-01 22:32:40 UTC
157319,1,1623,closed,10,10,2020-07-13 19:21:17 UTC
344316,2,1567,closed,25,25,2020-06-30 18:00:16 UTC
363413,3,1695,closed,36,36,2020-07-19 20:38:05 UTC
260911,1,209,closed,16,16,2020-06-28 17:19:34 UTC
805173,2,1365,closed,28,28,2020-07-08 17:04:55 UTC
664564,3,621,closed,38,38,2020-06-28 19:49:41 UTC
447828,1,644,closed,12,12,2020-07-15 17:04:01 UTC
880421,2,859,closed,24,24,2020-07-12 20:44:27 UTC
319926,3,928,closed,36,36,2020-07-11 18:14:55 UTC
533132,1,1230,closed,16,16,2020-06-27 22:57:26 UTC
172771,2,748,closed,26,26,2020-07-14 21:02:17 UTC
569141,3,1945,closed,32,32,2020-06-26 21:54:33 UTC
285621,1,1159,closed,19,19,2020-07-02 21:23:20 UTC
687801,2,1067,closed,21,21,2020-07-14 18:02:56 UTC
453987,3,1584,closed,30,30,2020-06-29 19:34:09 UTC
334006,1,1504,closed,15,15,2020-07-12 18:41:59 UTC
759008,2,253,closed,23,23,2020-07-14 17:35:53 UTC
183575,3,1413,closed,31,31,2020-07-01 18:14:34 UTC
657277,1,121,closed,13,13,2020-06-25 18:24:48 UTC
332102,2,1228,closed,27,27,2020-06-24 19:27:07 UTC
101395,3,692,closed,32,32,2020-06-23 20:19:07 UTC
695179,1,1436,closed,18,18,2020-07-12 20:04:27 UTC
615247,2,1513,closed,24,24,2020-07-02 20:04:03 UTC
370422,3,718,closed,33,33,2020-07-16 18:22:54 UTC
318925,1,135,closed,18,18,2020-07-13 18:41:27 UTC
592477,2,1828,closed,22,22,2020-07-19 22:11:46 UTC
237949,3,1444,closed,39,39,2020-07-16 18:44:13 UTC
241159,1,769,closed,13,13,2020-07-04 21:49:49 UTC
131798,2,529,closed,27,27,2020-06-29 21:27:11 UTC
610764,3,1793,closed,35,35,2020-07-06 17:33:42 UTC
419422,1,1419,closed,15,15,2020-06-22 18:41:13 UTC
802337,2,1622,closed,27,27,2020-06-23 20:35:50 UTC
834689,3,1741,closed,39,39,2020-06-22 17:45:19 UTC
792320,1,1527,closed,13,13,2020-06-23 22:18:52 UTC
197062,2,1139,closed,24,24,2020-07-15 18:35:38 UTC
188575,3,808,closed,38,38,2020-06-28 22:55:49 UTC
258402,1,401,closed,18,18,2020-06-23 17:36:14 UTC
193954,2,1464,closed,28,28,2020-07-19 22:18:37 UTC
873086,3,643,closed,33,33,2020-07-01 20:28:45 UTC
490882,1,1888,closed,17,17,2020-07-07 21:59:01 UTC
570777,2,368,closed,28,28,2020-07-13 17:04:25 UTC
677881,3,581,closed,37,37,2020-07-18 18:04:10 UTC
210978,1,1727,closed,11,11,2020-07-11 21:15:02 UTC
517387,2,657,closed,24,24,2020-07-02 22:00:39 UTC
248323,3,1046,closed,39,39,2020-06-30 21:59:17 UTC
168624,1,639,closed,15,15,2020-07-18 22:05:15 UTC
295936,2,766,closed,25,25,2020-07-15 17:33:17 UTC
655232,3,1504,closed,33,33,2020-06-27 19:13:53 UTC
662297,1,312,closed,12,12,2020-06-22 18:16:57 UTC
509506,2,1354,closed,25,25,2020-06-22 17:59:56 UTC
795510,3,502,closed,38,38,2020-06-25 21:03:23 UTC
161373,1,166,closed,11,11,2020-07-20 19:01:25 UTC
570336,2,596,closed,27,27,2020-06-23 21:55:50 UTC
238641,3,1319,closed,34,34,2020-07-09 19:32:09 UTC
886547,1,1597,closed,11,11,2020-07-19 22:49:15 UTC
674409,2,1811,closed,28,28,2020-06-29 21:27:25 UTC
770976,3,681,closed,30,30,2020-07-21 22:52:21 UTC
504352,1,1874,closed,19,19,2020-07-12 20:44:46 UTC
729694,2,1155,closed,20,20,2020-07-03 22:09:24 UTC
898207,3,1167,closed,31,31,2020-07-09 22:18:19 UTC
129901,1,1290,closed,12,12,2020-07-17 19:22:37 UTC
700373,2,1312,closed,27,27,2020-06-27 19:57:26 UTC
622076,3,274,closed,34,34,2020-07-09 21:00:59 UTC
320058,1,5,closed,12,12,2020-07-03 17:28:58 UTC
449107,2,411,closed,25,25,2020-07-21 22:23:12 UTC
230066,3,962,closed,32,32,2020-06-24 22:26:08 UTC
622438,1,578,closed,10,10,2020-06-26 18:26:59 UTC
351510,2,299,closed,21,21,2020-07-10 20:00:26 UTC
653895,3,1416,closed,36,36,2020-07-11 20:07:02 UTC
455021,1,1243,closed,19,19,2020-07-16 17:05:59 UTC
765749,2,1385,closed,25,25,2020-07-04 20:26:44 UTC
665926,3,381,closed,35,35,2020-06-23 20:26:35 UTC
774355,1,531,closed,13,13,2020-06-27 18:21:30 UTC
240930,2,1628,closed,22,22,2020-07-05 22:29:28 UTC
773205,3,1458,closed,33,33,2020-07-09 18:17:07 UTC
101802,1,1854,closed,17,17,2020-07-06 19:32:26 UTC
152905,2,659,closed,20,20,2020-06-25 18:45:46 UTC
756147,3,1483,closed,32,32,2020-07-19 20:07:59 UTC
734171,1,1586,closed,17,17,2020-07-19 21:27:14 UTC
281818,2,534,closed,29,29,2020-06-25 19:42:25 UTC
413917,3,1839,closed,34,34,2020-07-14 17:33:45 UTC
644606,1,1453,closed,12,12,2020-07-09 21:02:53 UTC
272810,2,486,closed,22,22,2020-06-28 19:25:36 UTC
697918,3,1990,closed,37,37,2020-07-19 20:03:49 UTC
304187,1,1846,closed,18,18,2020-07-11 20:47:32 UTC
752207,2,163,closed,26,26,2020-07-16 22:29:05 UTC
149341,3,519,closed,37,37,2020-06-28 17:13:32 UTC
248558,1,1625,closed,16,16,2020-06-25 21:20:21 UTC
259251,2,78,closed,26,26,2020-06-28 22:24:31 UTC
221160,3,1251,closed,39,39,2020-06-29 19:25:40 UTC
214075,1,1291,closed,18,18,2020-06-24 17:54:30 UTC
251995,2,199,closed,25,25,2020-07-15 20:07:22 UTC
429692,3,321,closed,31,31,2020-07-13 21:45:53 UTC
520570,1,609,closed,16,16,2020-07-05 21:53:44 UTC
873100,2,1132,closed,27,27,2020-07-02 19:14:45 UTC
433968,3,966,closed,32,32,2020-06-30 19:42:14 UTC
506703,1,1292,closed,15,15,2020-07-18 22:42:44 UTC
883130,2,1669,closed,29,29,2020-07-17 18:28:53 UTC
474045,3,748,closed,32,32,2020-07-11 17:32:03 UTC
804030,1,771,closed,10,10,2020-06-24 18:16:13 UTC
420979,2,1804,closed,26,26,2020-07-11 21:18:28 UTC
209557,3,50,closed,35,35,2020-07-10 20:52:14 UTC
496165,1,527,closed,13,13,2020-07-04 18:36:22 UTC
728424,2,184,closed,27,27,2020-07-13 21:01:54 UTC
308406,3,1415,closed,39,39,2020-07-10 22:19:28 UTC
212973,1,1124,closed,18,18,2020-07-01 18:33:31 UTC
681197,2,1897,closed,20,20,2020-07-05 19:54:23 UTC
353745,3,641,closed,39,39,2020-07-21 21:43:22 UTC
829168,1,212,closed,14,14,2020-06-28 21:10:10 UTC
815227,2,1820,closed,20,20,2020-07-04 17:11:38 UTC
406086,3,555,closed,38,38,2020-07-12 21:28:10 UTC
862409,1,766,closed,11,11,2020-07-10 20:28:37 UTC
275487,2,672,closed,27,27,2020-06-27 18:08:14 UTC
747383,3,759,closed,39,39,2020-06-28 20:11:12 UTC
354396,1,772,closed,18,18,2020-07-14 19:27:12 UTC
861361,2,171,closed,22,22,2020-07-12 17:06:58 UTC
820985,3,675,closed,38,38,2020-07-08 18:15:20 UTC
272227,1,1972,closed,15,15,2020-06-23 21:59:57 UTC
213692,2,283,closed,20,20,2020-06-28 18:17:31 UTC
827342,3,2006,closed,37,37,2020-06-28 21:38:47 UTC
838949,1,985,closed,15,15,2020-07-09 19:59:40 UTC
842971,2,359,closed,23,23,2020-07-21 19:25:29 UTC
683708,3,1929,closed,33,33,2020-06-23 18:35:17 UTC
720342,1,79,closed,18,18,2020-06-25 19:27:41 UTC
494751,2,403,closed,23,23,2020-07-04 20:55:20 UTC
360886,3,554,closed,36,36,2020-07-21 21:57:57 UTC
226912,1,1159,closed,11,11,2020-06-26 18:43:06 UTC
238146,2,1869,closed,22,22,2020-07-21 18:20:20 UTC
386679,3,638,closed,37,37,2020-07-12 22:49:12 UTC
178082,1,289,closed,12,12,2020-06-27 17:18:09 UTC
256465,2,833,closed,23,23,2020-07-10 19:38:12 UTC
657412,3,1639,closed,38,38,2020-07-02 20:27:39 UTC
353281,1,1882,closed,12,12,2020-07-06 18:12:57 UTC
447776,2,1915,closed,25,25,2020-07-07 20:22:04 UTC
368238,3,1423,closed,33,33,2020-07-19 19:58:10 UTC
317071,1,1578,closed,16,16,2020-06-30 20:01:54 UTC
569625,2,1087,closed,22,22,2020-06-27 20:15:49 UTC
875904,3,212,closed,38,38,2020-07-08 17:56:00 UTC
574248,1,1508,closed,19,19,2020-07-20 22:56:52 UTC
466665,2,846,closed,24,24,2020-07-15 17:43:16 UTC
147101,3,1346,closed,30,30,2020-06-24 18:44:04 UTC
584060,1,1949,closed,15,15,2020-07-14 20:00:02 UTC
496916,2,1132,closed,26,26,2020-07-10 22:36:25 UTC
790109,3,962,closed,33,33,2020-07-07 19:20:36 UTC
722939,1,1128,closed,18,18,2020-07-17 19:22:35 UTC
671112,2,1022,closed,28,28,2020-07-13 20:01:15 UTC
807755,3,1812,closed,31,31,2020-06-30 22:52:12 UTC
334870,1,542,closed,13,13,2020-07-01 18:39:19 UTC
828782,2,1958,closed,23,23,2020-07-17 18:38:22 UTC
650874,3,707,closed,32,32,2020-07-20 19:21:31 UTC
385162,1,1841,closed,13,13,2020-06-23 19:33:50 UTC
513888,2,1301,closed,23,23,2020-06-26 21:29:02 UTC
141003,3,947,closed,38,38,2020-07-01 21:50:50 UTC
460052,1,331,closed,17,17,2020-07-21 20:59:55 UTC
408614,2,1185,closed,26,26,2020-06-25 19:52:08 UTC
809406,3,1573,closed,38,38,2020-07-15 21:49:59 UTC
644542,1,1574,closed,12,12,2020-07-20 19:47:27 UTC
651875,2,214,closed,22,22,2020-06-30 20:45:46 UTC
226254,3,749,closed,34,34,2020-07-18 21:50:34 UTC
205217,1,301,closed,10,10,2020-07-19 18:35:59 UTC
776021,2,420,closed,20,20,2020-07-19 22:15:06 UTC
107571,3,960,closed,32,32,2020-07-08 19:55:36 UTC
724187,1,1450,closed,10,10,2020-07-01 17:11:41 UTC
440627,2,1933,closed,20,20,2020-07-16 17:18:22 UTC
718333,3,1459,closed,34,34,2020-06-30 17:20:05 UTC
535795,1,1699,closed,18,18,2020-06-25 20:35:32 UTC
623109,2,101,closed,26,26,2020-07-11 18:03:14 UTC
620614,3,515,closed,37,37,2020-07-10 19:14:50 UTC
209410,1,912,closed,12,12,2020-07-10 22:12:53 UTC
541740,2,305,closed,29,29,2020-07-07 17:19:07 UTC
860712,3,1475,closed,33,33,2020-07-10 20:34:48 UTC
812498,1,1863,closed,16,16,2020-07-01 20:51:15 UTC
387523,2,669,closed,25,25,2020-07-12 22:48:24 UTC
720034,3,266,closed,34,34,2020-07-04 22:26:45 UTC
193775,1,1355,closed,11,11,2020-06-30 17:35:20 UTC
105502,2,880,closed,23,23,2020-07-20 17:01:05 UTC
846181,3,754,closed,30,30,2020-07-20 17:12:30 UTC
127242,1,1003,closed,12,12,2020-07-11 19:34:34 UTC
360454,2,243,closed,21,21,2020-06-25 21:20:06 UTC
825500,3,1109,closed,33,33,2020-07-05 19:15:26 UTC
197635,1,2005,closed,13,13,2020-07-03 21:48:37 UTC
267995,2,1176,closed,26,26,2020-07-01 18:31:46 UTC
650395,3,771,closed,35,35,2020-07-18 18:32:09 UTC
883198,1,31,closed,10,10,2020-06-24 22:30:30 UTC
467324,2,1864,closed,21,21,2020-06-23 21:26:05 UTC
587612,3,1399,closed,34,34,2020-07-21 21:16:55 UTC
547326,1,805,closed,12,12,2020-07-21 20:00:30 UTC
573628,2,706,closed,21,21,2020-06-27 19:21:47 UTC
505993,3,1671,closed,31,31,2020-06-26 19:05:01 UTC
693515,1,877,closed,10,10,2020-06-22 22:03:13 UTC
408971,2,421,closed,20,20,2020-07-20 21:06:26 UTC
578202,3,921,closed,32,32,2020-07-03 19:18:01 UTC
197229,1,1426,closed,11,11,2020-07-04 21:35:39 UTC
789633,2,1070,closed,28,28,2020-07-15 21:05:02 UTC
502955,3,488,closed,37,37,2020-07-12 17:40:34 UTC
777562,1,758,closed,18,18,2020-07-07 19:04:18 UTC
702796,2,1200,closed,25,25,2020-06-27 19:18:52 UTC
577586,3,780,closed,37,37,2020-06-28 17:24:10 UTC
284006,1,1577,closed,19,19,2020-07-03 18:17:00 UTC
885880,2,684,closed,27,27,2020-07-06 19:35:00 UTC
744074,3,1062,closed,30,30,2020-07-09 18:16:30 UTC
542568,1,1146,closed,16,16,2020-06-27 21:18:10 UTC
286494,2,499,closed,27,27,2020-07-08 19:48:46 UTC
767463,3,275,closed,30,30,2020-07-04 20:54:40 UTC
869697,1,1584,closed,14,14,2020-07-04 22:29:43 UTC
883464,2,776,closed,23,23,2020-07-02 21:01:23 UTC
788181,3,1572,closed,31,31,2020-06-28 18:31:40 UTC
206356,1,630,closed,17,17,2020-06-26 22:49:30 UTC
425594,2,46,closed,29,29,2020-06-23 17:58:49 UTC
296638,3,337,closed,37,37,2020-07-11 21:46:04 UTC
816646,1,889,closed,17,17,2020-07-20 20:50:24 UTC
844593,2,1507,closed,22,22,2020-06-27 20:29:55 UTC
879133,3,1137,closed,39,39,2020-07-05 20:04:27 UTC
369152,1,971,closed,14,14,2020-06-27 19:51:45 UTC
832757,2,609,closed,23,23,2020-06-25 19:10:02 UTC
482336,3,861,closed,37,37,2020-07-19 20:39:52 UTC
310212,1,1866,closed,14,14,2020-06-23 20:53:48 UTC
210481,2,927,closed,27,27,2020-07-15 18:06:54 UTC
457119,3,1864,closed,39,39,2020-07-11 20:52:13 UTC
847388,1,527,closed,17,17,2020-06-30 22:31:09 UTC
518650,2,595,closed,21,21,2020-07-01 18:12:47 UTC
403285,3,705,closed,36,36,2020-07-02 21:45:15 UTC
440281,1,820,closed,17,17,2020-07-04 18:20:12 UTC
244223,2,1142,closed,20,20,2020-06-22 19:27:34 UTC
346106,3,1023,closed,35,35,2020-07-08 18:53:59 UTC
785719,1,907,closed,19,19,2020-07-21 21:14:36 UTC
230824,2,1296,closed,21,21,2020-07-21 21:13:03 UTC
322215,3,871,closed,30,30,2020-07-14 18:31:46 UTC
879072,1,308,closed,16,16,2020-07-21 21:12:19 UTC
190077,2,1074,closed,26,26,2020-07-21 20:30:23 UTC
621299,3,75,closed,37,37,2020-06-22 22:39:35 UTC
147087,1,325,closed,19,19,2020-07-09 18:51:47 UTC
238480,2,1968,closed,27,27,2020-07-07 18:03:41 UTC
501625,3,849,closed,30,30,2020-06-25 18:58:30 UTC
634407,1,1992,closed,13,13,2020-07-13 20:24:45 UTC
584526,2,1957,closed,25,25,2020-06-30 20:19:46 UTC
756482,3,599,closed,38,38,2020-07-16 21:18:57 UTC
872761,1,457,closed,15,15,2020-07-02 20:51:45 UTC
636262,2,1977,closed,26,26,2020-06-27 22:37:39 UTC
353119,3,1286,closed,31,31,2020-06-25 17:51:39 UTC
687596,1,1624,closed,15,15,2020-07-09 18:08:45 UTC
413517,2,1526,closed,25,25,2020-07-03 19:33:29 UTC
220555,3,1557,closed,33,33,2020-06-29 18:23:09 UTC
360173,1,1306,closed,16,16,2020-07-13 22:17:15 UTC
318566,2,1567,closed,29,29,2020-06-30 22:27:56 UTC
469796,3,870,closed,34,34,2020-07-07 18:34:56 UTC
242460,1,350,closed,12,12,2020-06-29 19:10:52 UTC
873153,2,55,closed,22,22,2020-06-22 17:50:11 UTC
851014,3,223,closed,37,37,2020-07-02 21:00:44 UTC
841179,1,373,closed,13,13,2020-07-15 21:51:00 UTC
363377,2,579,closed,21,21,2020-07-16 22:26:03 UTC
790589,3,1870,closed,31,31,2020-07-03 17:04:43 UTC
378490,1,305,closed,18,18,2020-06-26 21:19:51 UTC
312661,2,1920,closed,24,24,2020-07-03 18:13:25 UTC
513946,3,8,closed,38,38,2020-06-28 19:00:04 UTC
670792,1,1401,closed,11,11,2020-07-15 17:20:16 UTC
870746,2,65,closed,21,21,2020-07-02 21:45:46 UTC
346840,3,1959,closed,32,32,2020-07-19 22:24:51 UTC
101911,1,1021,closed,11,11,2020-07-02 17:40:55 UTC
766514,2,685,closed,23,23,2020-07-04 19:04:16 UTC
286204,3,1460,closed,37,37,2020-06-25 20:23:25 UTC
715228,1,1785,closed,10,10,2020-07-08 17:46:33 UTC
342800,2,388,closed,22,22,2020-07-21 18:14:23 UTC
327612,3,1212,closed,35,35,2020-07-01 17:28:33 UTC
415495,1,106,closed,18,18,2020-07-17 18:53:29 UTC
594232,2,594,closed,29,29,2020-07-21 20:12:25 UTC
367029,3,102,closed,36,36,2020-07-11 18:13:23 UTC
775290,1,531,closed,11,11,2020-06-23 18:55:24 UTC
812361,2,498,closed,27,27,2020-07-17 18:58:56 UTC
467874,3,230,closed,37,37,2020-06-24 17:33:14 UTC
360529,1,19,closed,16,16,2020-07-15 21:37:13 UTC
337129,2,733,closed,22,22,2020-07-13 21:50:14 UTC
624661,3,455,closed,31,31,2020-07-07 18:05:51 UTC
203976,1,205,closed,18,18,2020-07-02 21:11:41 UTC
577720,2,1314,closed,29,29,2020-07-10 20:18:05 UTC
865211,3,641,closed,33,33,2020-07-02 21:51:31 UTC
622369,1,1920,closed,14,14,2020-07-17 20:01:14 UTC
721902,2,1311,closed,28,28,2020-07-16 18:15:14 UTC
167157,3,1796,closed,39,39,2020-07-07 20:53:19 UTC
740427,1,235,closed,15,15,2020-07-17 20:04:22 UTC
255659,2,1272,closed,29,29,2020-07-02 19:00:55 UTC
700189,3,474,closed,38,38,2020-07-07 21:04:38 UTC
265764,1,109,closed,11,11,2020-07-14 18:32:26 UTC
727016,2,1367,closed,29,29,2020-07-20 17:38:37 UTC
324624,3,114,closed,32,32,2020-07-21 19:19:11 UTC
113333,1,832,closed,17,17,2020-06-28 17:32:18 UTC
117058,2,788,closed,27,27,2020-07-09 19:12:16 UTC
216885,3,977,closed,30,30,2020-07-03 21:45:36 UTC
269882,1,1992,closed,19,19,2020-07-01 19:17:13 UTC
801059,2,1156,closed,26,26,2020-07-19 22:07:40 UTC
392734,3,925,closed,31,31,2020-07-12 22:12:44 UTC
649815,1,1909,closed,10,10,2020-07-12 20:59:23 UTC
408176,2,1772,closed,22,22,2020-07-16 21:14:04 UTC
782518,3,1918,closed,34,34,2020-07-12 18:55:59 UTC
891546,1,1964,closed,16,16,2020-07-15 17:55:50 UTC
828228,2,1342,closed,23,23,2020-06-22 20:25:36 UTC
334214,3,125,closed,35,35,2020-06-25 22:47:59 UTC
429091,1,1930,closed,10,10,2020-06-22 19:07:08 UTC
698696,2,504,closed,27,27,2020-07-01 18:24:57 UTC
642387,3,1027,closed,37,37,2020-07-05 17:24:39 UTC
318999,1,1286,closed,17,17,2020-07-03 20:57:31 UTC
311284,2,1958,closed,21,21,2020-07-06 22:19:10 UTC
653238,3,1624,closed,32,32,2020-06-26 21:46:39 UTC
356236,1,665,closed,10,10,2020-07-03 17:49:43 UTC
588039,2,431,closed,28,28,2020-07-20 18:50:30 UTC
742507,3,729,closed,36,36,2020-06-23 20:00:58 UTC
414989,1,225,closed,14,14,2020-06-27 20:13:56 UTC
560675,2,439,closed,28,28,2020-07-20 18:57:25 UTC
327827,3,1908,closed,39,39,2020-07-02 22:45:46 UTC
817090,1,1271,closed,18,18,2020-06-29 20:48:53 UTC
398123,2,1559,closed,23,23,2020-07-13 21:30:56 UTC
301264,3,1196,closed,39,39,2020-07-19 20:28:59 UTC
143027,1,1553,closed,10,10,2020-06-22 19:29:57 UTC
743121,2,375,closed,25,25,2020-06-23 21:26:10 UTC
360868,3,889,closed,31,31,2020-06-22 18:39:14 UTC
770537,1,441,closed,13,13,2020-07-17 19:54:52 UTC
609883,2,1068,closed,25,25,2020-07-17 22:56:03 UTC
238655,3,1901,closed,39,39,2020-06-24 17:17:51 UTC
802495,1,81,closed,10,10,2020-07-01 20:52:27 UTC
190355,2,1748,closed,24,24,2020-07-17 21:52:01 UTC
847632,3,758,closed,36,36,2020-07-12 20:22:10 UTC
615406,1,1297,closed,15,15,2020-06-23 19:18:04 UTC
570272,2,1750,closed,24,24,2020-07-16 22:34:37 UTC
437395,3,1661,closed,30,30,2020-07-07 17:34:56 UTC
856793,1,1404,closed,18,18,2020-07-01 17:09:10 UTC
765276,2,725,closed,23,23,2020-07-03 20:55:41 UTC
199080,3,1907,closed,38,38,2020-07-12 19:03:01 UTC
226831,1,183,closed,13,13,2020-06-24 21:19:54 UTC
256697,2,249,closed,22,22,2020-07-10 21:38:14 UTC
874439,3,1494,closed,30,30,2020-07-08 18:10:29 UTC
358785,1,1196,closed,12,12,2020-07-13 20:48:30 UTC
412615,2,244,closed,20,20,2020-07-07 19:51:38 UTC
668712,3,705,closed,35,35,2020-07-12 20:54:18 UTC
710656,1,52,closed,10,10,2020-06-22 21:45:18 UTC
693974,2,740,closed,25,25,2020-07-11 20:46:42 UTC
535953,3,1374,closed,34,34,2020-06-23 20:49:59 UTC
199806,1,1004,closed,13,13,2020-06-29 22:41:46 UTC
470839,2,123,closed,28,28,2020-07-08 20:17:00 UTC
504922,3,1888,closed,34,34,2020-07-04 22:53:37 UTC
157118,1,1142,closed,19,19,2020-07-05 17:17:24 UTC
777528,2,126,closed,26,26,2020-07-09 21:48:13 UTC
631852,3,656,closed,32,32,2020-07-13 17:31:11 UTC
433616,1,478,closed,19,19,2020-07-11 22:15:19 UTC
276105,2,1084,closed,21,21,2020-07-16 22:38:21 UTC
682467,3,792,closed,37,37,2020-06-25 17:01:11 UTC
131585,1,1469,closed,17,17,2020-07-15 21:56:27 UTC
842494,2,1782,closed,20,20,2020-07-07 22:13:42 UTC
862717,3,1702,closed,39,39,2020-06-22 18:46:53 UTC
569395,1,1681,closed,13,13,2020-07-19 19:08:55 UTC
898696,2,1885,closed,21,21,2020-07-19 21:37:13 UTC
252019,3,929,closed,37,37,2020-07-19 22:23:58 UTC
291298,1,866,closed,19,19,2020-07-16 20:18:29 UTC
819548,2,855,closed,26,26,2020-07-20 21:50:25 UTC
498033,3,64,closed,38,38,2020-07-10 22:06:41 UTC
429425,1,322,closed,14,14,2020-06-28 20:49:30 UTC
399056,2,1166,closed,28,28,2020-07-13 21:26:22 UTC
287692,3,1041,closed,31,31,2020-07-13 18:30:52 UTC
854897,1,1865,closed,11,11,2020-07-18 18:41:29 UTC
212044,2,873,closed,20,20,2020-07-07 20:12:49 UTC
266079,3,1743,closed,35,35,2020-07-21 20:00:44 UTC
433351,1,699,closed,11,11,2020-06-26 20:21:50 UTC
432674,2,1693,closed,22,22,2020-06-24 22:33:10 UTC
174290,3,1195,closed,34,34,2020-07-10 20:28:56 UTC
761850,1,1791,closed,16,16,2020-06-30 19:55:29 UTC
317780,2,1224,closed,21,21,2020-07-07 19:52:13 UTC
570106,3,1919,closed,39,39,2020-06-28 20:19:13 UTC
604395,1,1526,closed,14,14,2020-06-29 19:48:28 UTC
521015,2,1975,closed,24,24,2020-07-09 20:33:25 UTC
596364,3,605,closed,30,30,2020-07-21 17:41:56 UTC
690204,1,673,closed,15,15,2020-06-28 22:38:21 UTC
587689,2,810,closed,21,21,2020-07-11 19:51:51 UTC
652165,3,1474,closed,34,34,2020-07-19 19:42:31 UTC
560735,1,247,closed,14,14,2020-07-08 20:20:19 UTC
431404,2,1177,closed,26,26,2020-07-21 21:16:22 UTC
365454,3,1755,closed,34,34,2020-06-26 17:13:55 UTC
228770,1,1242,closed,10,10,2020-06-25 19:35:25 UTC
883565,2,512,closed,25,25,2020-06-29 20:54:47 UTC
742929,3,1065,closed,35,35,2020-07-17 18:01:01 UTC
150250,1,1216,closed,12,12,2020-07-02 20:42:12 UTC
394556,2,1022,closed,29,29,2020-07-14 17:21:06 UTC
780592,3,1070,closed,32,32,2020-06-28 17:53:12 UTC
546643,1,249,closed,12,12,2020-07-16 22:47:43 UTC
200063,2,132,closed,21,21,2020-07-02 21:39:35 UTC
858084,3,1249,closed,37,37,2020-07-02 21:29:06 UTC
889034,1,1221,closed,16,16,2020-07-15 19:08:06 UTC
