class_id,category_id,name,description,instructions,what_to_bring,hide_prices
11,1,Error,Solutio usus terminatio animi.,Tricesimus ex velut est architecto vox.,Cui canto quis cito aqua.,
12,1,Tenetur,Tam suffoco aut contabesco.,Occaecati quod avoco arbor vesica comitatus.,Velut desparatus conforto vir debitis.,
13,1,Error,Velociter curo sulum.,Tantillus spargo concido tactus.,Acceptus ambitus antea.,
14,1,Recusandae,Commemoro despecto cura.,Adipiscor blanditiis celer valens.,Libero tollo tremo.,
15,1,Quod,Acquiro in aduro nulla cuppedia angelus.,Tendo laborum usus.,Admitto commodo solvo ab molestias.,
21,2,Earum,Carus via cras quidem.,Defendo dolore theatrum.,Alias bellicus aspernatur.,
22,2,Dolorem,Autem crebro antepono.,Debeo absens sophismata et quia.,Acies armarium amet repellendus quo bellicus.,
23,2,Eos,Repellat cumque adfectus accedo totus bestia.,Deduco tripudio tabula magni quis totus.,Sublime tum decerno teres cum.,
24,2,Voluptas,Volutabrum certo texo laboriosam comis vilicus.,Sto corona adhaero caelum.,Ipsa velut volup nemo dedecor caritas.,
25,2,Labore,Audacia mollitia distinctio explicabo ipsam advoco.,Tardus sumo denique tener.,Natus adiuvo tripudio necessitatibus ancilla.,
31,3,Quibusdam,A tego creo atqui.,Commodi illo vinco.,Consequatur torrens ea turpis arca quod.,
32,3,Assumenda,Custodia ab antiquus vero audentia tersus.,Fuga bellicus amiculum clementia truculenter.,Vicinus adipisci abbas in vinco.,
33,3,Id,Curo sortitus thalassinus deludo tergiversatio curiositas.,Aedificium suscipio accusamus.,Deserunt tot corporis vultuosus.,
34,3,Tenetur,Voro aegre crastinus curvo accedo.,Sperno beneficium illo surculus calco vita.,Quisquam ventus vis.,
35,3,Velit,Voluntarius aggero coaegresco inventore.,Quia maxime adversus.,Velociter denique theatrum sequi demitto occaecati.,
