class_id,category_id,name,description,instructions,what_to_bring,hide_prices
11,1,Amet,Itaque audio surculus alius veritas.,Aetas hic aperio conventus bene libero.,Ante soleo cultellus.,
12,1,Dolores,Qui combibo beatae caries adfero.,Viduo tabgo aequitas voluptas vesica a.,Sto carmen comis.,
13,1,Id,Tui casso solutio statim vulgivagus.,Villa dens voveo crastinus capillus desolo.,Virgo denuo tenus coruscus.,
14,1,Sit,Harum vomer depereo.,Testimonium suspendo capio aiunt paens.,Quis dolor avaritia iusto creator baiulus.,
15,1,Quam,Ulciscor viriliter suppono.,Voluptatem deludo cornu deinde.,Decerno et valens.,
21,2,Facere,Tres corona capto dicta.,Vitiosus appositus volutabrum.,Tempore consequuntur carus sint surculus.,
22,2,Itaque,Unde defungo aduro cupressus ascisco.,Patria admoveo tripudio stabilis cubicularis.,Vox confero aut ultio.,
23,2,Dignissimos,Terga exercitationem clam eos depopulo carpo.,Vere vis ipsum.,Velit catena aiunt benevolentia.,
24,2,Placeat,Ubi addo sollicito creber abduco.,Terga verto coadunatio fugiat officia stips.,Spiculum capto aurum certus conservo.,
25,2,Dolores,Vere turbo usque cupressus bardus varietas.,Summa solio compello.,Adeptio capio civis.,
31,3,Incidunt,Tamquam cubitum cunabula adficio territo verecundia.,Tolero thalassinus varietas distinctio cupressus.,Acerbitas degusto stillicidium et.,
32,3,Non,Verbum cado defessus tam pax sulum.,Dolorem canis vix.,Valetudo coma statim.,
33,3,Debitis,Attero aspicio delego assumenda vobis.,Similique unus acer.,Natus qui tam audacia deleo vulgivagus.,
34,3,Consequatur,Eligendi trans annus umquam decens defungo.,Facere cimentarius denique textilis cur.,Cohors comis amo defaeco.,
35,3,Ea,Sortitus studio vultuosus.,Sint atque eos caelestis sunt tergiversatio.,Velociter vigor tubineus animus civitas bellicus.,
