class_id,category_id,name,description,instructions,what_to_bring,hide_prices
11,1,Et,Statim tyrannus tristis verbera.,Talio amplus vapulus confido.,Bellicus administratio sto patrocinor.,
12,1,Rerum,Verto cupressus nisi benigne.,Labore adipisci mollitia.,Defendo coma adduco umerus vociferor.,
13,1,Temporibus,Qui molestiae certe sollicito ascit aranea.,Urbanus demum quo bellicus.,Admoveo contigo vobis sol suasoria audeo.,
14,1,Eos,Et vesper creator eos terreo.,Astrum vos occaecati accedo tertius.,Caterva animus recusandae utor.,
15,1,Commodi,Appositus campana beatus ut vesper.,Demo supellex uredo tricesimus terror vel.,Culpa ipsa conicio.,
21,2,Molestiae,Denique vero decet custodia arguo cunctatio.,Solium uterque vulpes deinde eum.,Adficio auxilium administratio sursum vos aestivus.,
22,2,Aliquam,Suspendo acervus amplus.,Patruus abstergo benigne amo autem voro.,Aggero aut benevolentia peccatus eos.,
23,2,Blanditiis,Arbustum bibo appono tollo caterva deporto.,Cupio pectus credo nihil cogito ut.,Audeo antepono curatio sodalitas.,
24,2,Ratione,Depulso inventore debitis subito.,Depereo vix corrupti curatio.,Iste venia delego delectatio ipsam.,
25,2,Quia,Deporto nihil damnatio.,Adultus accusator eos viridis aegrus ventito.,Communis tabula celo deserunt tergo.,
31,3,Quaerat,Aut delibero confero.,Cupiditas certus animi amplitudo.,Adopto crux avoco clamo verumtamen.,
32,3,Ipsa,Decimus ab charisma accipio.,Assumenda clibanus suffragium.,Aeternus corrupti attero curtus deduco.,
33,3,Aliquam,Qui chirographum communis subito civitas amplitudo.,Comis titulus tolero alienus vobis corpus.,Tonsor depulso dolor ventito debitis.,
34,3,Et,Admoveo verecundia patior ademptio eaque arbustum.,Ante deserunt taceo tondeo consequuntur vinum.,Spoliatio qui degusto.,
35,3,Itaque,Sustineo odit alo circumvenio.,Tergiversatio quis caveo ex expedita virtus.,Altus eos pel nemo cernuus.,
