class_id,category_id,name,description,instructions,what_to_bring,hide_prices
11,1,Dolore,Thorax talio trado in.,Spiculum qui spoliatio arma argumentum arto.,Omnis pecto caute sol.,
12,1,Doloremque,Cena strenuus ipsa subiungo.,Tener cognatus sortitus synagoga volaticus a.,Curto occaecati denique.,
13,1,Eius,Aedificium ascisco brevis ager capillus.,Necessitatibus armarium collum nam taceo deleniti.,Libero neque id suscipio depono.,
14,1,Recusandae,Repellendus viscus appono desidero casso.,Sapiente textus assentator tendo.,Recusandae qui ultio ambitus.,
15,1,Qui,Acies pariatur torqueo tubineus.,Neque ea veritas tego.,Sit certus animus.,
21,2,Voluptatibus,Crinis distinctio triginta vorax.,Cultellus ut sono.,Caput chirographum sub teneo.,
22,2,Exercitationem,Defessus attonbitus comburo amet cupressus.,Tot sponte argentum aspicio certo.,Stipes thermae truculenter sed colo.,
23,2,Repudiandae,Tametsi auctus dolores ante.,A arca comminor.,Bellicus qui cognatus numquam.,
24,2,Consequatur,Tamquam spero patior.,Capto credo degero voco consequuntur.,Pel auxilium nihil deripio.,
25,2,Non,Cupiditas tredecim aut avarus eum conitor.,Corporis varietas ademptio.,Cohaero vindico accendo alioqui aut.,
31,3,Ex,Utilis denuncio sapiente vis spiritus sponte.,Stultus vesper quibusdam depulso culpa terga.,Acceptus paulatim voluptas sed universe tristis.,
32,3,Et,Voco auris cotidie cenaculum.,Quod tamen celebrer sapiente turpe apostolus.,Vulgus libero commodo adultus.,
33,3,Deserunt,Optio autem acquiro aequus.,Torrens pauci delinquo tui abscido.,Subiungo templum pecco suadeo sum denuo.,
34,3,Sed,Argumentum abscido coerceo vesper.,Caelestis deserunt cultura nam suggero aegrus.,Sit caecus dens.,
35,3,Soluta,Argumentum conventus ascisco ubi centum sordeo.,Placeat cur iusto rerum eveniet.,Ciminatio averto terror summisse.,
