class_id,category_id,name,description,instructions,what_to_bring,hide_prices
11,1,Qui,Urbanus colloco peior vestrum aliqua.,Deleo argumentum crur earum sunt avaritia.,Decimus spectaculum velociter.,
12,1,Placeat,Stultus approbo stipes voro comprehendo aestivus.,Suasoria atavus calamitas.,Aequus sed aliquam usus et.,
13,1,Dolorum,Tamen dedecor cras volubilis.,Combibo tripudio depono callide.,Absconditus adeo beatae deinde teres aureus.,
14,1,Corporis,Caries blandior ars explicabo ut.,Circumvenio derideo baiulus correptius totam altus.,Curriculum debilito ara vicinus.,
15,1,Provident,Corrupti vehemens ullus nesciunt.,Ea pecto adsuesco tantillus.,Est vinculum atque in rerum damno.,
21,2,Beatae,Et suppellex usque.,Cupio villa debeo et crinis culpa.,Debitis at tondeo magni ultra eos.,
22,2,Ducimus,Eveniet tui crux amplitudo eos sponte.,Vulnero autem tantillus deleo vinculum suffoco.,Et comis est convoco avoco.,
23,2,Vero,Auditor uredo pax arx certus.,Vacuus audeo consectetur sit adstringo alo.,Aliqua vesica callide dicta.,
24,2,Expedita,Magnam vorax aeneus arx.,Adhaero concedo pariatur.,Vitae aer unde sumo comitatus vinitor.,
25,2,Quia,Vociferor celer bis et thorax.,Undique suspendo speciosus decens clam thorax.,Vel color ancilla.,
31,3,Consequatur,Umerus ocer vita sonitus.,Tot conicio animi.,Vereor vado acies tepesco cunabula autem.,
32,3,Ratione,Molestiae defungo altus.,Ut animi aedificium delectus delectatio vesper.,Eaque decumbo vilis tener.,
33,3,Modi,Benevolentia velociter supplanto adulatio tenax.,Spectaculum depono qui cunae territo ademptio.,Bos delinquo iste una.,
34,3,Voluptatem,Absconditus desolo surgo aqua.,Et recusandae appono aequitas subvenio demitto.,Paulatim beatae aut.,
35,3,Totam,Absconditus acies vigilo.,Vulnus cenaculum vindico caveo trepide.,Distinctio comburo sufficio appono.,
