class_setting_attendee_id,class_setting_id,attendee_id,price,capacity,hide_price,book_from_interval,book_from_datatype,book_upto_interval,book_upto_datatype,members_only
111,11,1,40.0,9,false,,,,,false
112,11,2,40.0,9,false,,,,,false
113,11,3,31.0,5,false,,,,,false
121,12,1,37.0,9,false,,,,,false
122,12,2,40.0,5,false,,,,,false
123,12,3,38.0,8,false,,,,,false
131,13,1,37.0,5,false,,,,,false
132,13,2,41.0,9,false,,,,,false
133,13,3,31.0,10,false,,,,,false
141,14,1,37.0,8,false,,,,,false
142,14,2,47.0,8,false,,,,,false
143,14,3,44.0,9,false,,,,,false
151,15,1,34.0,6,false,,,,,false
152,15,2,38.0,9,false,,,,,false
153,15,3,37.0,7,false,,,,,false
211,21,1,43.0,10,false,,,,,false
212,21,2,35.0,7,false,,,,,false
213,21,3,40.0,5,false,,,,,false
221,22,1,47.0,9,false,,,,,false
222,22,2,37.0,10,false,,,,,false
223,22,3,44.0,10,false,,,,,false
231,23,1,43.0,6,false,,,,,false
232,23,2,38.0,7,false,,,,,false
233,23,3,45.0,10,false,,,,,false
241,24,1,47.0,9,false,,,,,false
242,24,2,38.0,7,false,,,,,false
243,24,3,38.0,9,false,,,,,false
251,25,1,49.0,6,false,,,,,false
252,25,2,44.0,8,false,,,,,false
253,25,3,30.0,7,false,,,,,false
311,31,1,47.0,8,false,,,,,false
312,31,2,40.0,5,false,,,,,false
313,31,3,31.0,10,false,,,,,false
321,32,1,45.0,8,false,,,,,false
322,32,2,46.0,8,false,,,,,false
323,32,3,30.0,8,false,,,,,false
331,33,1,32.0,8,false,,,,,false
332,33,2,46.0,5,false,,,,,false
333,33,3,41.0,7,false,,,,,false
341,34,1,49.0,9,false,,,,,false
342,34,2,46.0,6,false,,,,,false
343,34,3,44.0,10,false,,,,,false
351,35,1,37.0,7,false,,,,,false
352,35,2,32.0,10,false,,,,,false
353,35,3,41.0,9,false,,,,,false
