class_id,category_id,name,description,instructions,what_to_bring,hide_prices
11,1,Aliquam,Audio ambitus aut ascisco vinum.,Velit sufficio ventito facilis spiritus.,Cicuta depopulo cresco.,
12,1,Provident,Sollicito subvenio dolorem.,Assumenda utroque qui odio.,Cohors vigor ut arx dolorum.,
13,1,Numquam,Armarium patrocinor centum assentator corrigo velociter.,Adamo canonicus ad comptus delego ullus.,Terreo commemoro censura apud.,
14,1,Possimus,Virgo suppellex est quibusdam copiose defetiscor.,Attero textus consectetur vero fugiat.,Quasi sollers corporis.,
15,1,Quaerat,Amo non neque sunt vulnus sit.,Tubineus capillus alter harum vinculum.,Vulariter quis temperantia suasoria contigo.,
21,2,Nihil,In vero vicinus ultra.,Dolor alii ocer tempore deduco.,Tredecim caries amiculum creta carcer molestiae.,
22,2,Libero,Defaeco accedo currus.,Spes arbitro claudeo denuncio valeo ago.,Tabella desipio desparatus demitto credo aut.,
23,2,Consequatur,Fuga cotidie varietas aiunt absque.,Adipisci depulso deficio vinum.,Conscendo labore celo considero sit vitiosus.,
24,2,Esse,Patria cometes desipio sortitus.,Conculco qui colligo crastinus causa.,Summisse laudantium iste damno.,
25,2,Accusamus,Adhaero velit adduco.,Exercitationem tollo amoveo cavus venustas.,Adnuo varius vito certus tergo.,
31,3,Doloremque,Omnis absorbeo ait chirographum error.,Illum cruentus despecto.,Exercitationem sumptus aegre tutamen varius admiratio.,
32,3,Dicta,Cunae pecco temperantia.,Curso amita celo bibo.,Minima crebro avarus cenaculum subito.,
33,3,Consequatur,Depulso testimonium adeo conitor tametsi.,Argentum vulgo cogo ceno.,Qui validus peior.,
34,3,Et,Deserunt cum tripudio triduana aduro.,Colo arx pectus omnis.,Urbs ambulo curso teres.,
35,3,Laudantium,Vesica tempora sponte ago.,Bonus possimus uberrime.,Carcer peior voveo.,
