class_id,category_id,name,description,instructions,what_to_bring,hide_prices
11,1,Iusto,Thesis demonstro credo ventosus tergo.,Stabilis cursim quo suus verbum.,Civis suffoco tepesco agnosco.,
12,1,Ea,Caterva angustus tamdiu tremo volutabrum.,Spargo censura autem capillus.,Asper curriculum titulus.,
13,1,Incidunt,Dedico suscipit beneficium alius sollicito molestias.,Cruciamentum veritatis teres depopulo titulus creo.,Antiquus argentum adipisci.,
14,1,Sit,Testimonium stabilis sol valens clibanus.,Antepono verbum tyrannus comptus subvenio.,Ratione amplitudo defetiscor.,
15,1,Et,Allatus conturbo sulum verecundia aestus.,Cubo via avarus.,Sumptus vulgus animi catena cubo communis.,
21,2,Deleniti,Usus volup tenus.,Voluptatem tredecim succurro.,Coepi depulso non officiis debilito.,
22,2,Voluptatem,Aut denego qui.,Acervus considero crastinus alienus demitto cupressus.,Veniam uter viscus odit aut non.,
23,2,Alias,Cupio damnatio audeo nulla.,Thymum umquam nisi stella condico.,Cultura despecto dolorum abbas sint.,
24,2,Non,Arceo curo pauper tamdiu.,Textus adipiscor comburo colloco.,Tempora paulatim virgo eos sulum.,
25,2,Eveniet,Caveo animi apud peccatus aegrotatio.,Sollicito brevis conscendo et celebrer audeo.,Capillus usque caterva eos.,
31,3,Veniam,Studio terra amet stillicidium vestigium cilicium.,Triduana tendo sunt cultura exercitationem.,Amissio carmen dolores praesentium beatus inventore.,
32,3,Distinctio,Bardus cuppedia qui.,Denuncio demoror apto crudelis.,Amor undique beatae veritas.,
33,3,Dignissimos,Territo trepide utor complectus alii.,Attonbitus arma pel cultellus.,Deduco rem sollers sapiente.,
34,3,Dolore,Argumentum molestias demo cibo creptio speciosus.,Vomito bardus velum theca triginta.,Comptus vitiosus enim laboriosam vesica cauda.,
35,3,Reprehenderit,Libero demergo ancilla coruscus.,Et amitto commodi.,Umbra eos canis tero aspernatur voluntarius.,
