class_id,category_id,name,description,instructions,what_to_bring,hide_prices
11,1,Nihil,Amor deprimo aegre despecto sol.,Bestia vado sit et suscipit.,Congregatio quisquam volaticus summisse vulnero.,
12,1,Optio,Ceno unde curia ademptio desolo.,Incidunt eius atrocitas culpo caecus damnatio.,Delectatio angelus vesper demonstro.,
13,1,Excepturi,Inflammatio spero demo.,Via aggredior vallum verto vinum necessitatibus.,Cena maiores titulus spero terra vinco.,
14,1,Eos,Careo absens sub crastinus cum aufero.,Amor spes desolo demens comparo suppellex.,Viridis vulpes aiunt.,
15,1,Beatae,Optio admitto caterva sto subseco.,Cedo tardus temperantia.,Culpa derideo tribuo.,
21,2,Et,Vel tabesco advenio.,Omnis et demergo vulgivagus sophismata.,Pariatur ventus vel modi.,
22,2,Occaecati,Usitas distinctio adfero sonitus.,Tersus cum admoveo culpo admiratio.,Cetera dignissimos curriculum acervus.,
23,2,Impedit,Pax velit unde quis vehemens virga.,Candidus viscus confero.,Temporibus denique vicissitudo ager aperte.,
24,2,Voluptas,Capio stella stillicidium timidus.,Caute veniam tener teres suspendo.,Celo armarium adficio.,
25,2,Non,Ago thesis clam.,Inflammatio sulum aliqua denique infit.,Repellat accendo adulatio.,
31,3,Quis,Cerno quia crebro vinculum advenio.,Et admitto sed.,Absconditus cena viridis totam.,
32,3,Quo,Solium voluptatibus clarus pel tandem summa.,Alienus repellendus est amplexus.,Tondeo adeptio una synagoga.,
33,3,Corrupti,Truculenter vociferor bellicus creator bestia.,Cohors contabesco aureus.,Aegrotatio adiuvo aiunt.,
34,3,Officiis,Cibus temptatio comis.,Toties considero volup vel corrupti expedita.,Tepesco trado cultellus animi dolore curtus.,
35,3,Dolorem,Degusto campana vester abbas possimus.,Vorax comburo sint tam cariosus aut.,Corpus aro allatus quia censura maxime.,
