class_id,category_id,name,description,instructions,what_to_bring,hide_prices
11,1,Sint,Una voro armo temporibus harum admoneo.,Defluo admoveo bellicus pecto sapiente.,Basium supra molestiae.,
12,1,Et,Cinis venio sublime adfectus ustilo.,Cometes vere abstergo quia.,Audentia curso nihil tumultus delinquo uterque.,
13,1,Repellat,Stips comptus cuppedia abduco civitas.,Altus ut accusantium.,Nam sponte incidunt aurum tendo.,
14,1,Autem,Qui agnosco modi depulso cupiditate vivo.,Ademptio casso cupiditate vomer tamen.,Casso ambitus cubitum.,
15,1,Consequatur,Accusamus carbo curriculum atavus.,Sortitus amplitudo consuasor substantia alias copiose.,Corrigo aestus vero.,
21,2,Asperiores,Adaugeo absorbeo condico.,Valde caste harum.,Theatrum arguo tertius talis.,
22,2,Non,Despecto cubo chirographum deinde.,Animadverto atrocitas placeat verus omnis ratione.,Arbustum culpa adsidue cohaero.,
23,2,Sequi,Vehemens ea cauda.,Auctor abutor paens.,Summisse cibus tempore certe.,
24,2,Qui,Sublime vulnus blanditiis earum.,Thesis ab perferendis clam suppellex vir.,Incidunt vesper odit aut.,
25,2,Labore,Creber utique depereo vel.,Repellendus claro tabernus.,Ipsa vero appositus centum condico conitor.,
31,3,Et,Coniuratio spiritus cupiditas.,Antepono tantillus contabesco molestias confero natus.,Subvenio ager talus coniecto adversus via.,
32,3,Veniam,Absens cibo dedecor.,Timidus adhaero trado.,Recusandae vivo strues vigilo.,
33,3,Id,Patrocinor coniuratio testimonium.,Ultio adultus templum summa caritas.,Currus vix certo aut.,
34,3,Repellat,Stips temptatio defessus.,Et commemoro victoria ipsa benevolentia tripudio.,Patria denique tum virga vos.,
35,3,Itaque,Eveniet conservo volaticus bellum.,Et arx voluptatibus utroque volva absconditus.,Somnus summa curtus antiquus sollers.,
