segment_template_id,class_setting_id,position,kind,duration
11,11,0,service,30
11,11,0,service,30
11,11,0,service,60
11,11,0,service,30
11,11,0,service,90
12,12,0,service,90
12,12,0,service,90
12,12,0,service,90
12,12,0,service,120
12,12,0,service,120
13,13,0,service,120
13,13,0,service,30
13,13,0,service,30
13,13,0,service,60
13,13,0,service,30
14,14,0,service,30
14,14,0,service,120
14,14,0,service,30
14,14,0,service,60
14,14,0,service,120
15,15,0,service,90
15,15,0,service,120
15,15,0,service,60
15,15,0,service,30
15,15,0,service,60
21,21,0,service,60
21,21,0,service,60
21,21,0,service,60
21,21,0,service,120
21,21,0,service,60
22,22,0,service,120
22,22,0,service,120
22,22,0,service,90
22,22,0,service,60
22,22,0,service,120
23,23,0,service,120
23,23,0,service,60
23,23,0,service,120
23,23,0,service,90
23,23,0,service,90
24,24,0,service,30
24,24,0,service,120
24,24,0,service,30
24,24,0,service,60
24,24,0,service,120
25,25,0,service,90
25,25,0,service,30
25,25,0,service,120
25,25,0,service,120
25,25,0,service,60
31,31,0,service,30
31,31,0,service,30
31,31,0,service,120
31,31,0,service,60
31,31,0,service,30
32,32,0,service,60
32,32,0,service,120
32,32,0,service,30
32,32,0,service,30
32,32,0,service,60
33,33,0,service,30
33,33,0,service,120
33,33,0,service,90
33,33,0,service,120
33,33,0,service,90
34,34,0,service,90
34,34,0,service,60
34,34,0,service,90
34,34,0,service,90
34,34,0,service,120
35,35,0,service,120
35,35,0,service,90
35,35,0,service,90
35,35,0,service,60
35,35,0,service,120
